filename,extension,filesize_kb,file_path,date_modified,sensitivity
statement_profile_0000.pdf,.pdf,1451,C:/Finance/Customers/,2022-02-16T06:55:15,low
announcement_profile_0001.pdf,.pdf,111,C:/Finance/Customers/,2025-09-12T09:51:54,medium
analysis_account_0002.pdf,.pdf,1366,C:/Finance/Accounts/,2023-07-12T15:43:16,low
memo_0003.xlsx,.xlsx,30,C:/Finance/Reports/,2025-07-12T10:26:49,low
guidelines_procedure_0004_v2.xlsx,.xlsx,1166,C:/Finance/Internal/Policies/,2023-08-14T12:07:58,low
salary_0005.pdf,.pdf,681,C:/Finance/HR/,2024-10-03T16:30:37,medium
statement_profile_0006.docx,.docx,240,C:/Finance/Customers/,2023-05-19T18:08:11,low
loan_contract_audit_0007.xlsx,.xlsx,942,C:/Finance/Accounts/,2024-10-15T04:31:28,low
schedule_0008.txt,.txt,125,C:/Finance/PublicInfo/Announcements/,2023-10-28T13:10:14,medium
invoice_guideline_0009_final.pdf,.pdf,466,C:/Finance/Internal/Policies/,2024-07-15T11:44:25,medium
contract_0010.docx,.docx,727,C:/Finance/Customers/,2025-01-24T14:27:25,low
policy_info_0011_archived.docx,.docx,407,C:/Finance/Customers/,2024-02-17T15:12:10,high
transaction_agreement_0012.docx,.docx,151,C:/Finance/Loans/,2022-01-01T21:19:18,medium
loan_contract_protocol_0013.docx,.docx,22,C:/Finance/Internal/Policies/,2025-06-21T15:33:07,low
profile_0014.csv,.csv,532,C:/Finance/Customers/,2022-11-26T00:24:33,high
info_0015.csv,.csv,167,C:/Finance/PublicInfo/Guidelines/,2023-12-03T08:37:24,low
confidential_profile_0016.pdf,.pdf,1927,C:/Finance/Customers/,2022-02-18T19:09:35,low
ledger_analysis_0017.pdf,.pdf,721,C:/Finance/Reports/,2024-01-05T17:42:33,low
analysis_audit_0018.pdf,.pdf,351,C:/Finance/Compliance/,2022-06-02T21:17:03,low
info_ledger_0019.csv,.csv,318,C:/Finance/Accounts/,2023-01-24T01:27:33,medium
customer_0020_confidential.docx,.docx,572,C:/Finance/Customers/,2025-08-11T09:40:13,low
guidelines_summary_0021.csv,.csv,200,C:/Finance/Transactions/,2025-05-04T15:44:38,high
schedule_0022.pdf,.pdf,2323,C:/Finance/PublicInfo/Announcements/,2024-04-22T06:30:08,medium
tax_info_audit_0023.pdf,.pdf,664,C:/Finance/Accounts/,2022-10-16T16:03:24,high
profile_0024.docx,.docx,266,C:/Finance/Customers/,2022-03-03T17:40:35,low
protocol_0025.docx,.docx,201,C:/Finance/Internal/Policies/,2023-09-07T19:57:57,medium
loan_0026_confidential.xls,.xls,111,C:/Finance/Loans/,2023-02-16T23:23:17,low
agreement_0027.xlsx,.xlsx,1124,C:/Finance/Loans/,2024-08-08T04:59:59,high
info_0028.pdf,.pdf,431,C:/Finance/PublicInfo/Guidelines/,2025-10-14T02:53:38,medium
transaction_profile_0029.csv,.csv,137,C:/Finance/Customers/,2025-11-07T09:23:26,low
policy_ledger_0030_v2.xlsx,.xlsx,1612,C:/Finance/Accounts/,2023-10-27T09:19:26,medium
bank_statement_notice_0031.pdf,.pdf,297,C:/Finance/PublicInfo/Guidelines/,2023-04-24T20:42:15,low
report_0032.csv,.csv,404,C:/Finance/Reports/,2025-04-26T20:50:29,medium
menu_notice_0033.csv,.csv,422,C:/Finance/PublicInfo/Guidelines/,2023-10-03T11:26:59,medium
audit_0034.xlsx,.xlsx,196,C:/Finance/Accounts/,2025-05-08T03:26:57,low
profile_0035.docx,.docx,171,C:/Finance/Customers/,2022-12-13T07:11:32,high
policy_ledger_0036.csv,.csv,97,C:/Finance/Accounts/,2024-04-12T23:34:17,low
analysis_0037.csv,.csv,795,C:/Finance/Reports/,2025-05-06T16:10:03,high
report_0038.xlsx,.xlsx,235,C:/Finance/Reports/,2022-01-03T15:03:19,low
schedule_notice_0039.csv,.csv,559,C:/Finance/PublicInfo/Guidelines/,2025-08-10T08:18:04,low
policy_contract_0040.csv,.csv,442,C:/Finance/Customers/,2023-08-12T23:33:37,low
menu_loan_0041.xls,.xls,1408,C:/Finance/Loans/,2023-11-18T06:58:35,low
info_notice_0042.txt,.txt,68,C:/Finance/PublicInfo/Announcements/,2022-05-26T01:43:37,low
transfer_0043_v2.xlsx,.xlsx,593,C:/Finance/Transactions/,2025-10-08T13:34:42,low
guideline_0044.docx,.docx,123,C:/Finance/Internal/Policies/,2025-08-29T15:32:57,high
customer_0045.csv,.csv,579,C:/Finance/Customers/,2024-04-05T02:01:54,high
schedule_0046.txt,.txt,85,C:/Finance/PublicInfo/Guidelines/,2023-11-24T16:51:51,low
policy_agreement_0047.xls,.xls,1144,C:/Finance/Loans/,2023-11-15T07:38:20,low
memo_info_0048.csv,.csv,357,C:/Finance/Customers/,2022-11-29T08:44:29,high
public_notice_contract_0049_archived.docx,.docx,464,C:/Finance/Customers/,2025-09-30T01:15:37,low
loan_contract_protocol_0050.pdf,.pdf,521,C:/Finance/Internal/Policies/,2024-04-28T09:17:17,low
policy_guideline_0051.xlsx,.xlsx,1208,C:/Finance/Internal/Policies/,2025-07-29T16:19:20,low
announcement_0052.csv,.csv,68,C:/Finance/PublicInfo/Announcements/,2023-10-28T19:50:32,low
transaction_contract_0053.xlsx,.xlsx,432,C:/Finance/Loans/,2025-07-16T08:23:07,medium
report_policy_0054.pdf,.pdf,264,C:/Finance/Compliance/,2025-03-17T15:51:07,low
report_balance_0055.pdf,.pdf,579,C:/Finance/Accounts/,2023-02-03T01:27:26,high
report_0056.pdf,.pdf,456,C:/Finance/Reports/,2025-12-13T23:25:25,medium
report_0057.pdf,.pdf,1870,C:/Finance/HR/,2024-09-01T09:17:29,low
transaction_0058.csv,.csv,460,C:/Finance/Transactions/,2024-10-24T15:18:11,low
report_0059.pdf,.pdf,1137,C:/Finance/Reports/,2024-09-14T08:19:48,low
info_0060.csv,.csv,461,C:/Finance/PublicInfo/Announcements/,2024-07-09T09:03:17,low
summary_roster_0061.docx,.docx,510,C:/Finance/HR/,2022-02-14T14:00:48,medium
statement_info_0062.csv,.csv,118,C:/Finance/PublicInfo/Announcements/,2022-01-16T18:27:39,low
analysis_schedule_0063.csv,.csv,89,C:/Finance/PublicInfo/Guidelines/,2022-01-27T18:52:31,low
guidelines_info_0064.pdf,.pdf,101,C:/Finance/Customers/,2024-05-04T23:58:10,low
policy_summary_0065.pdf,.pdf,3295,C:/Finance/Reports/,2024-12-08T03:09:44,medium
repayment_0066.pdf,.pdf,1082,C:/Finance/Loans/,2022-06-06T03:53:05,low
policy_transaction_0067.csv,.csv,318,C:/Finance/Transactions/,2022-07-16T04:02:26,high
pin_schedule_0068.pdf,.pdf,890,C:/Finance/PublicInfo/Announcements/,2022-06-27T05:28:36,low
credit_report_customer_0069.docx,.docx,1002,C:/Finance/Customers/,2024-05-16T22:28:14,low
guideline_0070.docx,.docx,564,C:/Finance/Compliance/,2024-07-03T05:48:26,medium
policy_0071.pdf,.pdf,399,C:/Finance/Compliance/,2022-09-01T23:30:46,medium
confidential_summary_0072.csv,.csv,665,C:/Finance/Transactions/,2024-12-28T01:16:32,medium
transaction_notice_0073.pdf,.pdf,2215,C:/Finance/PublicInfo/Announcements/,2022-04-21T22:21:06,high
schedule_account_0074.xlsx,.xlsx,108,C:/Finance/Accounts/,2024-04-18T19:58:18,medium
schedule_0075.txt,.txt,6,C:/Finance/PublicInfo/Announcements/,2022-05-22T20:54:47,low
transaction_0076.pdf,.pdf,674,C:/Finance/Transactions/,2025-03-20T19:44:44,low
repayment_0077.docx,.docx,99,C:/Finance/Loans/,2022-05-22T17:45:48,low
schedule_announcement_0078.pdf,.pdf,307,C:/Finance/PublicInfo/Announcements/,2025-06-17T19:56:24,low
transaction_info_0079_archived.pdf,.pdf,2226,C:/Finance/PublicInfo/Guidelines/,2023-12-19T15:43:35,low
menu_review_0080.pdf,.pdf,1099,C:/Finance/Compliance/,2023-11-12T14:09:06,medium
notice_0081.pdf,.pdf,1730,C:/Finance/PublicInfo/Announcements/,2022-12-16T01:26:51,medium
invoice_contract_0082.docx,.docx,48,C:/Finance/Customers/,2024-01-04T13:37:46,low
statement_transfer_0083.xlsx,.xlsx,877,C:/Finance/Transactions/,2024-02-28T17:49:57,low
policy_report_0084.xlsx,.xlsx,26,C:/Finance/HR/,2023-08-09T23:24:36,low
notice_0085.csv,.csv,303,C:/Finance/PublicInfo/Announcements/,2025-03-02T20:37:13,medium
schedule_0086.csv,.csv,174,C:/Finance/PublicInfo/Announcements/,2022-02-27T12:11:28,high
loan_0087.docx,.docx,17,C:/Finance/Loans/,2025-01-27T06:39:29,medium
agreement_0088_draft.docx,.docx,197,C:/Finance/Loans/,2025-08-16T04:06:42,medium
memo_0089.csv,.csv,402,C:/Finance/Reports/,2024-04-20T10:32:20,low
transaction_balance_0090.csv,.csv,40,C:/Finance/Accounts/,2023-11-21T05:32:07,high
loan_0091.xls,.xls,196,C:/Finance/Loans/,2023-01-15T08:20:24,high
notice_0092.txt,.txt,110,C:/Finance/PublicInfo/Guidelines/,2025-11-19T00:43:56,high
policy_guideline_0093.docx,.docx,215,C:/Finance/Internal/Policies/,2022-09-03T09:45:29,low
menu_info_0094.docx,.docx,95,C:/Finance/Customers/,2023-08-21T14:24:13,medium
policy_info_0095.pdf,.pdf,245,C:/Finance/PublicInfo/Announcements/,2024-05-29T03:21:46,low
account_0096.pdf,.pdf,226,C:/Finance/Accounts/,2022-10-23T08:38:03,high
policy_0097.docx,.docx,132,C:/Finance/Internal/Policies/,2023-11-16T19:04:47,low
ledger_0098.csv,.csv,123,C:/Finance/Accounts/,2025-05-06T19:19:22,medium
menu_info_0099.csv,.csv,257,C:/Finance/PublicInfo/Guidelines/,2025-03-05T17:44:59,low
announcement_analysis_0100.csv,.csv,282,C:/Finance/Reports/,2025-08-06T19:38:22,low
announcement_0101.pdf,.pdf,4,C:/Finance/PublicInfo/Guidelines/,2023-02-12T06:05:08,medium
protocol_0102_v2.pdf,.pdf,1281,C:/Finance/Internal/Policies/,2023-05-25T12:57:37,low
audit_protocol_0103.docx,.docx,225,C:/Finance/Internal/Policies/,2022-06-30T09:17:07,high
contract_0104.pdf,.pdf,1075,C:/Finance/Customers/,2025-02-02T17:34:47,low
contract_0105.xlsx,.xlsx,356,C:/Finance/Loans/,2022-12-04T12:24:03,low
memo_announcement_0106.txt,.txt,92,C:/Finance/PublicInfo/Announcements/,2022-04-05T01:28:15,low
review_0107_v2.pdf,.pdf,541,C:/Finance/Compliance/,2025-05-07T05:49:42,low
statement_report_0108.pdf,.pdf,823,C:/Finance/Reports/,2025-04-17T22:33:11,low
repayment_0109.xls,.xls,1314,C:/Finance/Loans/,2022-09-29T01:43:27,high
confidential_info_0110.docx,.docx,526,C:/Finance/Customers/,2025-02-26T05:15:12,high
review_0111.docx,.docx,76,C:/Finance/Compliance/,2022-12-11T03:58:24,medium
protocol_0112.docx,.docx,687,C:/Finance/Internal/Policies/,2023-09-16T21:22:35,low
public_notice_policy_0113.docx,.docx,802,C:/Finance/Compliance/,2024-06-28T07:58:38,medium
menu_info_0114.csv,.csv,130,C:/Finance/PublicInfo/Guidelines/,2024-10-08T03:55:55,medium
ledger_notice_0115.csv,.csv,253,C:/Finance/PublicInfo/Guidelines/,2023-05-01T11:43:23,medium
ledger_payroll_0116_final.pdf,.pdf,724,C:/Finance/HR/,2024-05-14T07:00:16,high
account_0117.csv,.csv,619,C:/Finance/Accounts/,2023-10-20T00:13:43,medium
account_0118_confidential.pdf,.pdf,498,C:/Finance/Accounts/,2022-06-18T02:40:25,high
info_summary_0119.csv,.csv,619,C:/Finance/Reports/,2024-08-11T03:40:11,low
info_0120_draft.pdf,.pdf,469,C:/Finance/PublicInfo/Guidelines/,2022-01-10T11:38:25,low
contract_0121_final.xlsx,.xlsx,70,C:/Finance/Loans/,2023-12-06T17:08:27,high
policy_report_0122.pdf,.pdf,994,C:/Finance/Reports/,2023-11-20T08:26:56,low
policy_guideline_0123.docx,.docx,289,C:/Finance/Compliance/,2024-01-26T22:59:02,low
announcement_0124_draft.txt,.txt,55,C:/Finance/PublicInfo/Guidelines/,2024-02-12T15:52:08,low
schedule_guideline_0125.pdf,.pdf,1276,C:/Finance/Compliance/,2022-03-07T17:08:33,low
audit_0126.pdf,.pdf,1304,C:/Finance/Compliance/,2022-06-28T21:58:28,low
review_0127.pdf,.pdf,122,C:/Finance/Compliance/,2024-07-03T18:42:46,high
policy_audit_0128.docx,.docx,202,C:/Finance/Compliance/,2022-10-29T05:15:14,high
analysis_0129.pdf,.pdf,22,C:/Finance/Reports/,2025-03-26T22:52:49,medium
contract_0130.pdf,.pdf,1402,C:/Finance/Customers/,2025-10-02T05:08:19,low
protocol_0131.pdf,.pdf,129,C:/Finance/Internal/Policies/,2023-11-18T22:42:41,low
roster_0132.xlsx,.xlsx,919,C:/Finance/HR/,2025-07-15T23:53:52,medium
payroll_0133.docx,.docx,315,C:/Finance/HR/,2025-05-15T01:06:25,low
balance_0134.csv,.csv,379,C:/Finance/Accounts/,2022-06-10T18:49:46,medium
invoice_report_0135.csv,.csv,354,C:/Finance/Reports/,2023-08-03T04:55:45,low
payroll_0136.pdf,.pdf,644,C:/Finance/HR/,2024-11-19T19:48:54,low
guideline_0137.pdf,.pdf,873,C:/Finance/Compliance/,2024-10-16T03:29:33,low
policy_0138.pdf,.pdf,1502,C:/Finance/Compliance/,2024-11-06T23:45:00,medium
info_0139_draft.pdf,.pdf,826,C:/Finance/PublicInfo/Guidelines/,2024-01-26T09:29:38,medium
summary_statement_0140.csv,.csv,851,C:/Finance/Transactions/,2022-02-28T15:19:42,low
memo_0141.csv,.csv,140,C:/Finance/Reports/,2025-11-03T05:27:15,medium
loan_contract_agreement_0142.xls,.xls,301,C:/Finance/Loans/,2023-01-07T12:50:52,low
salary_0143.xlsx,.xlsx,122,C:/Finance/HR/,2023-03-14T17:12:41,low
guidelines_guideline_0144.docx,.docx,323,C:/Finance/Compliance/,2024-05-11T10:46:38,medium
announcement_info_0145_v2.csv,.csv,85,C:/Finance/Customers/,2025-11-15T10:05:06,medium
transaction_0146.pdf,.pdf,1483,C:/Finance/Transactions/,2022-05-07T18:28:16,medium
announcement_summary_0147.pdf,.pdf,1516,C:/Finance/Reports/,2022-08-04T14:33:59,medium
customer_announcement_0148.txt,.txt,97,C:/Finance/PublicInfo/Announcements/,2023-10-20T12:04:52,low
summary_customer_0149.csv,.csv,682,C:/Finance/Customers/,2024-02-16T10:59:02,low
policy_0150.pdf,.pdf,1640,C:/Finance/Internal/Policies/,2024-06-05T11:53:07,medium
audit_0151_confidential.pdf,.pdf,764,C:/Finance/Compliance/,2022-02-01T14:07:04,low
salary_audit_0152.xlsx,.xlsx,28,C:/Finance/Compliance/,2024-09-02T23:07:02,high
info_0153.csv,.csv,120,C:/Finance/Customers/,2025-07-13T22:56:47,medium
guidelines_notice_0154_archived.csv,.csv,363,C:/Finance/PublicInfo/Announcements/,2023-05-06T06:15:53,medium
report_0155.pdf,.pdf,1036,C:/Finance/HR/,2025-04-27T23:53:01,low
announcement_account_0156.pdf,.pdf,1556,C:/Finance/Accounts/,2022-10-18T05:03:02,medium
info_info_0157.txt,.txt,43,C:/Finance/PublicInfo/Announcements/,2022-05-05T09:11:07,medium
menu_memo_0158.xlsx,.xlsx,409,C:/Finance/Reports/,2024-08-13T03:19:28,low
policy_0159_archived.pdf,.pdf,1205,C:/Finance/Compliance/,2022-02-18T09:00:23,medium
contract_0160_final.xlsx,.xlsx,498,C:/Finance/Loans/,2024-05-31T04:24:47,high
account_0161.csv,.csv,82,C:/Finance/Accounts/,2023-09-11T07:47:05,low
summary_report_0162.xlsx,.xlsx,244,C:/Finance/Reports/,2023-02-09T08:18:21,medium
schedule_0163.pdf,.pdf,558,C:/Finance/PublicInfo/Announcements/,2025-01-13T04:21:26,medium
info_0164.csv,.csv,284,C:/Finance/PublicInfo/Announcements/,2023-04-11T23:11:43,low
agreement_0165.xls,.xls,514,C:/Finance/Loans/,2022-08-04T17:42:18,medium
statement_0166.pdf,.pdf,1415,C:/Finance/Transactions/,2023-09-11T12:28:47,high
announcement_0167.txt,.txt,18,C:/Finance/PublicInfo/Announcements/,2023-12-01T00:15:54,medium
info_notice_0168.txt,.txt,13,C:/Finance/PublicInfo/Announcements/,2023-04-18T10:35:05,low
agreement_0169.pdf,.pdf,148,C:/Finance/Loans/,2023-01-25T07:14:35,low
transfer_0170.xlsx,.xlsx,240,C:/Finance/Transactions/,2024-07-08T08:13:04,low
protocol_0171.docx,.docx,582,C:/Finance/Internal/Policies/,2022-03-12T14:56:19,low
analysis_procedure_0172.docx,.docx,353,C:/Finance/Internal/Policies/,2025-06-04T00:56:55,medium
confidential_guideline_0173.pdf,.pdf,581,C:/Finance/Compliance/,2025-01-20T22:30:34,low
memo_0174.csv,.csv,154,C:/Finance/Reports/,2023-12-26T15:21:28,medium
summary_customer_0175.pdf,.pdf,426,C:/Finance/Customers/,2022-09-06T02:02:05,low
analysis_0176.csv,.csv,586,C:/Finance/Reports/,2023-04-25T07:13:22,low
schedule_0177.pdf,.pdf,691,C:/Finance/PublicInfo/Announcements/,2024-02-08T18:59:35,medium
guideline_0178.xlsx,.xlsx,1059,C:/Finance/Internal/Policies/,2023-02-15T20:15:51,high
public_notice_report_0179.csv,.csv,366,C:/Finance/Reports/,2025-04-02T11:03:03,low
announcement_0180.pdf,.pdf,1065,C:/Finance/PublicInfo/Guidelines/,2024-05-16T13:28:41,medium
analysis_report_0181_v2.csv,.csv,654,C:/Finance/Reports/,2025-10-19T10:21:46,low
info_0182.pdf,.pdf,623,C:/Finance/PublicInfo/Guidelines/,2023-06-07T12:54:40,low
schedule_info_0183.csv,.csv,82,C:/Finance/PublicInfo/Guidelines/,2023-04-23T23:03:39,low
statement_ledger_0184.csv,.csv,329,C:/Finance/Accounts/,2022-08-18T13:28:39,low
transaction_0185.csv,.csv,25,C:/Finance/Transactions/,2022-11-13T17:37:58,low
review_0186.docx,.docx,518,C:/Finance/Compliance/,2022-11-19T02:15:32,low
schedule_0187.pdf,.pdf,1048,C:/Finance/PublicInfo/Guidelines/,2023-07-05T08:46:34,medium
statement_roster_0188.pdf,.pdf,303,C:/Finance/HR/,2022-11-18T23:52:34,low
info_info_0189.pdf,.pdf,1403,C:/Finance/PublicInfo/Announcements/,2023-06-21T03:33:11,low
schedule_loan_0190.pdf,.pdf,236,C:/Finance/Loans/,2024-04-16T15:38:25,medium
salary_0191_confidential.xlsx,.xlsx,896,C:/Finance/HR/,2022-12-17T13:38:55,medium
schedule_summary_0192_v2.csv,.csv,442,C:/Finance/Transactions/,2025-12-23T12:31:23,low
transaction_info_0193.txt,.txt,118,C:/Finance/PublicInfo/Announcements/,2022-12-27T17:47:47,low
announcement_0194.csv,.csv,400,C:/Finance/PublicInfo/Guidelines/,2025-11-29T14:28:15,medium
balance_0195.pdf,.pdf,745,C:/Finance/Accounts/,2024-06-01T07:09:11,low
protocol_0196.docx,.docx,265,C:/Finance/Internal/Policies/,2022-07-28T11:20:11,low
summary_info_0197.txt,.txt,51,C:/Finance/PublicInfo/Guidelines/,2023-04-04T07:18:05,medium
analysis_guideline_0198.pdf,.pdf,760,C:/Finance/Internal/Policies/,2023-05-18T16:44:40,low
public_notice_statement_0199.csv,.csv,423,C:/Finance/Transactions/,2024-12-12T04:17:06,low
transaction_transfer_0200.csv,.csv,269,C:/Finance/Transactions/,2022-07-02T09:34:34,low
invoice_report_0201.docx,.docx,81,C:/Finance/HR/,2024-01-02T09:44:34,low
notice_0202.csv,.csv,403,C:/Finance/PublicInfo/Guidelines/,2024-03-31T11:43:16,low
report_0203.pdf,.pdf,237,C:/Finance/Reports/,2022-09-13T14:23:23,low
schedule_analysis_0204.csv,.csv,487,C:/Finance/Reports/,2022-07-24T23:14:29,low
schedule_0205.txt,.txt,6,C:/Finance/PublicInfo/Guidelines/,2023-09-08T02:02:16,medium
payroll_0206_draft.xlsx,.xlsx,359,C:/Finance/HR/,2025-10-21T02:52:48,low
policy_contract_0207.csv,.csv,128,C:/Finance/Customers/,2023-08-05T16:54:53,low
review_0208.docx,.docx,126,C:/Finance/Compliance/,2024-10-12T05:31:01,low
memo_0209.pdf,.pdf,696,C:/Finance/Reports/,2022-02-05T07:38:03,low
report_0210.pdf,.pdf,765,C:/Finance/HR/,2023-03-05T04:58:00,low
transaction_0211_archived.pdf,.pdf,1948,C:/Finance/Transactions/,2023-01-09T20:41:23,low
summary_0212.csv,.csv,621,C:/Finance/Transactions/,2023-09-17T21:32:21,low
report_notice_0213.pdf,.pdf,540,C:/Finance/PublicInfo/Announcements/,2024-07-17T19:59:11,low
analysis_0214.pdf,.pdf,315,C:/Finance/Reports/,2025-02-16T02:41:38,medium
loan_0215.xls,.xls,654,C:/Finance/Loans/,2023-10-09T17:42:26,low
info_review_0216.pdf,.pdf,1329,C:/Finance/Compliance/,2022-03-31T12:22:33,low
menu_notice_0217.txt,.txt,21,C:/Finance/PublicInfo/Guidelines/,2022-05-24T15:18:27,medium
transaction_schedule_0218.csv,.csv,65,C:/Finance/PublicInfo/Guidelines/,2025-01-30T04:03:23,low
memo_info_0219.pdf,.pdf,1985,C:/Finance/PublicInfo/Guidelines/,2025-03-17T19:29:18,low
notice_0220.csv,.csv,262,C:/Finance/PublicInfo/Announcements/,2023-12-26T07:04:37,medium
policy_schedule_0221.txt,.txt,75,C:/Finance/PublicInfo/Guidelines/,2025-11-21T08:42:42,low
menu_transfer_0222.xlsx,.xlsx,309,C:/Finance/Transactions/,2023-04-04T13:33:58,low
contract_0223.pdf,.pdf,805,C:/Finance/Loans/,2025-01-29T00:11:43,medium
info_0224.txt,.txt,117,C:/Finance/PublicInfo/Announcements/,2024-09-24T00:23:27,low
ledger_0225.csv,.csv,670,C:/Finance/Accounts/,2025-08-01T20:20:37,low
statement_summary_0226.csv,.csv,32,C:/Finance/Transactions/,2024-01-28T20:31:47,low
ledger_0227_draft.xlsx,.xlsx,69,C:/Finance/Accounts/,2024-12-20T02:04:19,low
policy_0228.xlsx,.xlsx,1388,C:/Finance/Compliance/,2023-01-28T02:49:56,low
policy_memo_0229.pdf,.pdf,1622,C:/Finance/Reports/,2022-05-06T05:36:59,low
menu_audit_0230_final.xlsx,.xlsx,2532,C:/Finance/Accounts/,2023-05-30T14:39:49,high
procedure_0231.xlsx,.xlsx,201,C:/Finance/Internal/Policies/,2023-02-26T03:09:22,high
account_0232.pdf,.pdf,309,C:/Finance/Accounts/,2023-05-04T12:50:21,low
audit_0233.pdf,.pdf,1107,C:/Finance/Accounts/,2025-08-12T13:30:32,medium
public_notice_guideline_0234.docx,.docx,255,C:/Finance/Compliance/,2022-06-01T17:59:24,high
tax_info_review_0235.pdf,.pdf,24,C:/Finance/Compliance/,2022-12-21T09:36:56,low
guidelines_memo_0236_confidential.xlsx,.xlsx,164,C:/Finance/Reports/,2023-08-14T07:25:35,high
announcement_loan_0237_draft.xls,.xls,867,C:/Finance/Loans/,2023-11-01T12:04:51,low
announcement_announcement_0238_confidential.txt,.txt,73,C:/Finance/PublicInfo/Announcements/,2025-09-03T17:44:51,low
info_policy_0239.pdf,.pdf,824,C:/Finance/Compliance/,2024-11-30T14:25:55,low
transaction_review_0240.pdf,.pdf,358,C:/Finance/Compliance/,2023-07-15T23:42:45,medium
report_0241.xlsx,.xlsx,1285,C:/Finance/HR/,2023-09-07T16:27:58,medium
info_summary_0242.csv,.csv,77,C:/Finance/Reports/,2023-04-12T17:02:21,low
memo_0243.xlsx,.xlsx,1126,C:/Finance/Reports/,2024-12-15T13:54:12,low
info_0244.csv,.csv,178,C:/Finance/PublicInfo/Announcements/,2024-05-25T21:52:14,low
schedule_transaction_0245.xlsx,.xlsx,74,C:/Finance/Transactions/,2024-12-12T06:46:17,low
contract_0246.csv,.csv,281,C:/Finance/Customers/,2022-08-28T10:52:34,high
tax_info_review_0247.xlsx,.xlsx,981,C:/Finance/Compliance/,2022-02-27T02:42:16,low
report_0248_v2.xlsx,.xlsx,6,C:/Finance/Reports/,2022-03-10T19:30:01,low
guideline_0249.xlsx,.xlsx,778,C:/Finance/Internal/Policies/,2022-06-03T04:19:08,medium
salary_0250.docx,.docx,415,C:/Finance/HR/,2024-02-17T10:43:00,medium
repayment_0251.docx,.docx,661,C:/Finance/Loans/,2023-04-30T12:06:53,high
ledger_summary_0252.xlsx,.xlsx,385,C:/Finance/Reports/,2025-06-12T13:55:15,low
announcement_profile_0253.pdf,.pdf,28,C:/Finance/Customers/,2023-10-25T08:12:09,low
guidelines_notice_0254.pdf,.pdf,394,C:/Finance/PublicInfo/Announcements/,2024-07-08T22:56:02,high
guideline_0255.docx,.docx,383,C:/Finance/Compliance/,2025-05-26T23:36:29,low
public_notice_announcement_0256.pdf,.pdf,15,C:/Finance/PublicInfo/Guidelines/,2024-08-07T15:13:47,low
info_review_0257.docx,.docx,253,C:/Finance/Compliance/,2022-05-12T15:46:56,low
summary_agreement_0258.docx,.docx,21,C:/Finance/Loans/,2023-10-20T04:01:44,medium
schedule_agreement_0259.docx,.docx,297,C:/Finance/Loans/,2022-03-25T06:46:21,medium
guidelines_memo_0260.csv,.csv,147,C:/Finance/Reports/,2025-07-28T17:26:09,low
report_notice_0261.txt,.txt,38,C:/Finance/PublicInfo/Announcements/,2025-04-15T02:39:48,low
summary_info_0262.txt,.txt,9,C:/Finance/PublicInfo/Announcements/,2025-03-26T15:00:27,high
announcement_0263.txt,.txt,47,C:/Finance/PublicInfo/Announcements/,2023-11-30T15:14:13,low
report_0264.docx,.docx,1949,C:/Finance/HR/,2025-02-19T20:12:18,high
guideline_0265.pdf,.pdf,264,C:/Finance/Internal/Policies/,2022-04-03T05:01:13,high
menu_policy_0266.docx,.docx,618,C:/Finance/Internal/Policies/,2025-10-30T08:13:17,medium
contract_0267.pdf,.pdf,2271,C:/Finance/Customers/,2025-09-07T09:45:28,low
agreement_0268.pdf,.pdf,325,C:/Finance/Loans/,2023-02-22T10:30:05,low
customer_review_0269.docx,.docx,293,C:/Finance/Compliance/,2023-05-24T10:13:43,low
procedure_0270.docx,.docx,824,C:/Finance/Internal/Policies/,2022-04-09T09:08:20,high
notice_0271.txt,.txt,68,C:/Finance/PublicInfo/Guidelines/,2023-06-09T16:25:29,medium
schedule_0272.txt,.txt,12,C:/Finance/PublicInfo/Guidelines/,2025-07-23T18:31:05,low
notice_0273.pdf,.pdf,1370,C:/Finance/PublicInfo/Announcements/,2024-12-05T16:33:57,high
info_repayment_0274_draft.xlsx,.xlsx,581,C:/Finance/Loans/,2023-09-08T16:41:04,medium
report_0275.xlsx,.xlsx,410,C:/Finance/HR/,2022-07-26T03:24:24,low
procedure_0276_draft.docx,.docx,383,C:/Finance/Internal/Policies/,2022-07-25T07:50:48,low
schedule_announcement_0277_draft.pdf,.pdf,743,C:/Finance/PublicInfo/Announcements/,2022-07-26T20:03:04,medium
agreement_0278.pdf,.pdf,558,C:/Finance/Loans/,2023-10-02T13:39:26,low
procedure_0279.pdf,.pdf,516,C:/Finance/Internal/Policies/,2023-07-01T02:11:54,high
transaction_policy_0280.pdf,.pdf,1450,C:/Finance/Compliance/,2022-02-11T16:05:10,low
salary_0281.docx,.docx,1408,C:/Finance/HR/,2023-01-07T19:16:55,medium
announcement_0282.txt,.txt,154,C:/Finance/PublicInfo/Announcements/,2023-10-16T18:55:47,medium
ledger_report_0283_final.xlsx,.xlsx,2202,C:/Finance/Reports/,2023-09-11T05:35:03,medium
schedule_0284.pdf,.pdf,67,C:/Finance/PublicInfo/Guidelines/,2022-08-26T04:20:22,low
account_number_salary_0285.docx,.docx,480,C:/Finance/HR/,2022-04-13T16:56:56,low
salary_0286_final.pdf,.pdf,1623,C:/Finance/HR/,2022-03-27T11:36:56,low
salary_0287_v2.pdf,.pdf,2067,C:/Finance/HR/,2024-03-23T11:03:11,low
notice_0288.csv,.csv,428,C:/Finance/PublicInfo/Guidelines/,2022-07-03T09:28:24,low
ledger_0289.xlsx,.xlsx,218,C:/Finance/Accounts/,2022-03-28T02:55:11,low
invoice_info_0290.csv,.csv,582,C:/Finance/PublicInfo/Announcements/,2022-01-04T23:45:39,low
audit_0291.pdf,.pdf,1185,C:/Finance/Accounts/,2025-06-01T14:18:55,high
memo_audit_0292.pdf,.pdf,751,C:/Finance/Compliance/,2022-12-13T16:56:31,high
announcement_0293.csv,.csv,253,C:/Finance/PublicInfo/Guidelines/,2022-05-15T04:41:08,low
policy_info_0294.txt,.txt,129,C:/Finance/PublicInfo/Guidelines/,2025-02-11T20:12:44,low
report_schedule_0295_confidential.csv,.csv,300,C:/Finance/PublicInfo/Guidelines/,2022-01-03T06:30:31,low
policy_0296.xlsx,.xlsx,419,C:/Finance/Compliance/,2022-08-10T04:04:05,low
report_0297.docx,.docx,857,C:/Finance/HR/,2022-05-29T11:22:08,medium
announcement_0298.pdf,.pdf,839,C:/Finance/PublicInfo/Guidelines/,2023-03-30T02:28:13,high
report_0299.xlsx,.xlsx,276,C:/Finance/HR/,2022-04-27T00:32:57,low
transaction_0300.csv,.csv,442,C:/Finance/Transactions/,2024-04-12T12:42:55,medium
transaction_memo_0301.csv,.csv,333,C:/Finance/Reports/,2024-12-18T13:29:39,medium
protocol_0302.docx,.docx,191,C:/Finance/Internal/Policies/,2022-03-18T01:00:40,low
payroll_0303.docx,.docx,241,C:/Finance/HR/,2022-05-28T03:36:51,low
announcement_0304_v2.pdf,.pdf,422,C:/Finance/PublicInfo/Announcements/,2024-09-06T03:11:44,medium
summary_customer_0305.docx,.docx,84,C:/Finance/Customers/,2025-08-09T04:43:03,low
report_0306.pdf,.pdf,385,C:/Finance/Reports/,2022-02-15T19:10:46,low
statement_guideline_0307.docx,.docx,76,C:/Finance/Compliance/,2024-10-02T12:17:16,medium
report_0308_draft.pdf,.pdf,17,C:/Finance/HR/,2025-05-23T09:41:36,medium
announcement_0309.pdf,.pdf,1099,C:/Finance/PublicInfo/Guidelines/,2024-01-23T22:09:39,low
public_notice_summary_0310.csv,.csv,601,C:/Finance/Reports/,2022-04-02T00:26:21,medium
notice_0311.txt,.txt,56,C:/Finance/PublicInfo/Announcements/,2023-02-19T00:50:48,medium
announcement_0312.csv,.csv,238,C:/Finance/PublicInfo/Guidelines/,2023-08-27T09:26:28,low
analysis_0313.csv,.csv,305,C:/Finance/Reports/,2025-11-20T19:38:39,low
policy_0314.docx,.docx,1107,C:/Finance/Internal/Policies/,2024-02-04T15:32:32,medium
announcement_announcement_0315.pdf,.pdf,2392,C:/Finance/PublicInfo/Guidelines/,2022-11-09T23:08:11,low
memo_loan_0316_confidential.docx,.docx,865,C:/Finance/Loans/,2023-07-21T20:04:46,high
contract_0317.docx,.docx,23,C:/Finance/Customers/,2025-02-11T16:03:44,medium
audit_0318.xlsx,.xlsx,38,C:/Finance/Compliance/,2025-05-07T13:10:50,high
analysis_0319.pdf,.pdf,586,C:/Finance/Reports/,2022-01-03T19:01:50,low
procedure_0320.pdf,.pdf,1118,C:/Finance/Internal/Policies/,2024-09-20T15:45:36,medium
procedure_0321.docx,.docx,501,C:/Finance/Internal/Policies/,2025-01-06T08:09:40,medium
statement_report_0322.xlsx,.xlsx,1340,C:/Finance/Reports/,2023-10-14T21:48:22,low
public_notice_repayment_0323.xlsx,.xlsx,1082,C:/Finance/Loans/,2024-12-03T11:11:48,low
statement_0324_draft.csv,.csv,496,C:/Finance/Transactions/,2025-02-11T02:22:55,high
customer_0325.docx,.docx,623,C:/Finance/Customers/,2023-11-02T00:53:57,low
loan_0326.xls,.xls,957,C:/Finance/Loans/,2024-04-19T01:20:08,medium
announcement_payroll_0327.pdf,.pdf,745,C:/Finance/HR/,2022-05-17T03:01:19,low
report_0328.xlsx,.xlsx,1206,C:/Finance/HR/,2022-05-08T06:47:56,high
public_notice_schedule_0329.csv,.csv,143,C:/Finance/PublicInfo/Announcements/,2025-10-07T13:33:37,medium
policy_review_0330.pdf,.pdf,2302,C:/Finance/Compliance/,2024-11-02T21:01:40,medium
menu_contract_0331.pdf,.pdf,1178,C:/Finance/Customers/,2023-10-13T07:44:05,low
notice_0332.txt,.txt,9,C:/Finance/PublicInfo/Guidelines/,2025-05-28T10:57:05,high
procedure_0333.pdf,.pdf,809,C:/Finance/Internal/Policies/,2022-11-26T03:50:15,medium
schedule_summary_0334.csv,.csv,237,C:/Finance/Transactions/,2025-02-03T12:21:53,medium
info_0335.pdf,.pdf,358,C:/Finance/Customers/,2024-12-24T01:15:23,medium
procedure_0336.pdf,.pdf,786,C:/Finance/Internal/Policies/,2025-12-30T16:41:26,high
customer_0337.csv,.csv,77,C:/Finance/Customers/,2023-02-15T07:43:38,low
review_0338_draft.docx,.docx,81,C:/Finance/Compliance/,2023-09-17T01:12:12,medium
balance_0339_archived.csv,.csv,38,C:/Finance/Accounts/,2025-06-23T18:21:21,low
payroll_0340.docx,.docx,342,C:/Finance/HR/,2025-04-17T09:57:48,medium
schedule_report_0341.pdf,.pdf,1858,C:/Finance/Reports/,2025-09-09T03:08:53,low
guidelines_report_0342.csv,.csv,132,C:/Finance/Reports/,2022-02-14T23:15:56,medium
loan_0343.pdf,.pdf,762,C:/Finance/Loans/,2023-03-02T14:37:17,medium
schedule_report_0344.csv,.csv,65,C:/Finance/Reports/,2024-01-08T05:42:36,low
info_protocol_0345.pdf,.pdf,1503,C:/Finance/Internal/Policies/,2024-06-07T23:19:36,medium
transfer_0346.pdf,.pdf,1308,C:/Finance/Transactions/,2025-04-07T09:11:07,medium
invoice_ledger_0347.csv,.csv,287,C:/Finance/Accounts/,2023-03-04T18:51:24,low
review_0348.xlsx,.xlsx,401,C:/Finance/Compliance/,2023-09-09T22:55:11,low
schedule_protocol_0349.docx,.docx,178,C:/Finance/Internal/Policies/,2023-06-07T09:33:47,medium
roster_0350.pdf,.pdf,117,C:/Finance/HR/,2024-03-14T14:06:09,low
summary_0351.pdf,.pdf,268,C:/Finance/Transactions/,2023-04-05T04:56:22,low
payroll_0352.xlsx,.xlsx,341,C:/Finance/HR/,2024-12-02T03:47:37,low
schedule_info_0353.txt,.txt,140,C:/Finance/PublicInfo/Guidelines/,2022-10-09T09:14:03,low
transaction_salary_0354.docx,.docx,407,C:/Finance/HR/,2025-09-15T17:20:54,low
roster_0355.pdf,.pdf,1300,C:/Finance/HR/,2025-09-07T21:29:09,medium
guideline_0356.pdf,.pdf,1083,C:/Finance/Internal/Policies/,2023-04-09T11:30:31,low
guideline_0357.pdf,.pdf,2659,C:/Finance/Compliance/,2023-12-12T19:29:58,medium
loan_0358.docx,.docx,605,C:/Finance/Loans/,2022-01-08T07:43:55,low
notice_0359.pdf,.pdf,987,C:/Finance/PublicInfo/Announcements/,2022-07-21T00:36:13,high
public_notice_guideline_0360.pdf,.pdf,700,C:/Finance/Internal/Policies/,2023-05-16T12:58:34,medium
notice_0361.pdf,.pdf,571,C:/Finance/PublicInfo/Guidelines/,2024-02-21T21:44:38,low
confidential_protocol_0362.docx,.docx,30,C:/Finance/Internal/Policies/,2024-12-02T21:01:11,high
repayment_0363.docx,.docx,1025,C:/Finance/Loans/,2022-01-30T17:01:18,high
transfer_0364.csv,.csv,388,C:/Finance/Transactions/,2024-10-07T13:54:11,low
ledger_0365.csv,.csv,809,C:/Finance/Accounts/,2022-03-16T22:19:59,high
menu_info_0366.docx,.docx,155,C:/Finance/Customers/,2024-10-24T20:38:36,low
invoice_contract_0367.docx,.docx,465,C:/Finance/Customers/,2022-06-15T01:47:53,low
transaction_notice_0368.pdf,.pdf,1029,C:/Finance/PublicInfo/Announcements/,2024-12-05T02:06:05,medium
credit_report_announcement_0369.pdf,.pdf,912,C:/Finance/PublicInfo/Announcements/,2024-03-05T21:45:29,low
profile_0370.csv,.csv,768,C:/Finance/Customers/,2025-09-19T22:19:05,medium
schedule_account_0371.pdf,.pdf,753,C:/Finance/Accounts/,2022-08-03T23:43:07,low
repayment_0372.docx,.docx,546,C:/Finance/Loans/,2023-09-15T14:04:07,high
analysis_review_0373.xlsx,.xlsx,1555,C:/Finance/Compliance/,2022-04-02T02:29:45,low
contract_0374.pdf,.pdf,1096,C:/Finance/Loans/,2023-07-12T01:32:11,high
policy_0375.docx,.docx,535,C:/Finance/Internal/Policies/,2022-04-09T09:20:20,low
credit_report_salary_0376.pdf,.pdf,572,C:/Finance/HR/,2022-05-28T22:53:03,medium
memo_review_0377.docx,.docx,301,C:/Finance/Compliance/,2025-12-22T11:53:29,low
public_notice_agreement_0378_archived.docx,.docx,356,C:/Finance/Loans/,2024-05-05T03:57:44,medium
ledger_review_0379.docx,.docx,201,C:/Finance/Compliance/,2024-02-12T15:25:20,low
menu_ledger_0380.xlsx,.xlsx,269,C:/Finance/Accounts/,2024-05-23T13:16:40,low
policy_statement_0381.xlsx,.xlsx,25,C:/Finance/Transactions/,2024-07-20T23:48:00,low
public_notice_announcement_0382_v2.csv,.csv,1,C:/Finance/PublicInfo/Announcements/,2024-04-30T19:23:05,low
invoice_schedule_0383.txt,.txt,23,C:/Finance/PublicInfo/Guidelines/,2022-07-07T13:43:47,low
guideline_0384.pdf,.pdf,1466,C:/Finance/Compliance/,2025-07-24T23:00:15,high
guideline_0385.docx,.docx,750,C:/Finance/Internal/Policies/,2024-04-03T21:24:57,low
menu_audit_0386.csv,.csv,429,C:/Finance/Accounts/,2025-06-20T10:30:18,low
repayment_0387.pdf,.pdf,329,C:/Finance/Loans/,2025-03-30T07:23:14,medium
statement_0388.csv,.csv,247,C:/Finance/Transactions/,2025-03-08T15:22:33,high
info_0389.pdf,.pdf,1229,C:/Finance/PublicInfo/Guidelines/,2024-08-27T14:39:15,low
salary_0390.pdf,.pdf,340,C:/Finance/HR/,2024-12-14T13:49:35,low
memo_0391.csv,.csv,181,C:/Finance/Reports/,2025-10-20T13:44:23,low
announcement_0392.pdf,.pdf,603,C:/Finance/PublicInfo/Guidelines/,2022-11-07T12:54:08,high
transaction_roster_0393.xlsx,.xlsx,1455,C:/Finance/HR/,2023-07-12T04:39:01,low
notice_0394.pdf,.pdf,1620,C:/Finance/PublicInfo/Announcements/,2025-05-25T22:14:00,low
salary_report_0395.pdf,.pdf,2092,C:/Finance/HR/,2025-03-01T06:01:33,low
report_0396.docx,.docx,303,C:/Finance/HR/,2025-03-19T00:27:20,low
policy_0397.pdf,.pdf,437,C:/Finance/Internal/Policies/,2022-09-27T23:33:07,medium
pin_info_0398.pdf,.pdf,254,C:/Finance/PublicInfo/Guidelines/,2022-08-29T11:34:29,medium
announcement_account_0399.xlsx,.xlsx,1826,C:/Finance/Accounts/,2022-12-08T16:46:41,medium
agreement_0400.docx,.docx,90,C:/Finance/Loans/,2022-11-28T10:24:23,low
info_memo_0401.pdf,.pdf,1145,C:/Finance/Reports/,2023-11-24T07:40:45,low
transfer_0402.pdf,.pdf,658,C:/Finance/Transactions/,2022-06-26T02:53:24,low
policy_0403.pdf,.pdf,1883,C:/Finance/Compliance/,2023-11-24T03:33:54,low
notice_0404.pdf,.pdf,2453,C:/Finance/PublicInfo/Announcements/,2025-04-16T07:24:14,high
notice_0405.txt,.txt,109,C:/Finance/PublicInfo/Guidelines/,2025-07-22T03:51:08,low
contract_0406.pdf,.pdf,625,C:/Finance/Customers/,2023-12-15T09:09:27,low
ssn_summary_0407.pdf,.pdf,900,C:/Finance/Reports/,2024-09-06T00:12:09,high
credit_report_policy_0408.docx,.docx,299,C:/Finance/Compliance/,2024-12-24T18:46:33,low
policy_info_0409.pdf,.pdf,418,C:/Finance/Customers/,2022-02-17T21:01:16,low
analysis_info_0410.pdf,.pdf,1649,C:/Finance/PublicInfo/Announcements/,2025-02-06T23:11:27,low
passwords_analysis_0411.csv,.csv,229,C:/Finance/Reports/,2023-04-19T07:42:34,low
statement_0412.pdf,.pdf,882,C:/Finance/Transactions/,2022-10-13T19:44:45,low
summary_transfer_0413.xlsx,.xlsx,713,C:/Finance/Transactions/,2024-05-02T14:39:09,high
credit_report_announcement_0414.txt,.txt,64,C:/Finance/PublicInfo/Announcements/,2022-12-31T08:01:06,low
account_number_info_0415.pdf,.pdf,1534,C:/Finance/Customers/,2024-05-30T14:08:35,low
analysis_0416_v2.csv,.csv,134,C:/Finance/Reports/,2023-03-06T19:22:18,low
memo_0417.pdf,.pdf,435,C:/Finance/Reports/,2022-10-01T01:11:11,medium
info_policy_0418.docx,.docx,601,C:/Finance/Internal/Policies/,2025-10-17T20:05:31,low
audit_0419.pdf,.pdf,280,C:/Finance/Accounts/,2025-10-20T18:12:40,high
info_0420.txt,.txt,65,C:/Finance/PublicInfo/Guidelines/,2022-07-27T23:27:18,low
memo_announcement_0421.txt,.txt,36,C:/Finance/PublicInfo/Announcements/,2022-09-05T08:14:31,low
agreement_0422.xls,.xls,250,C:/Finance/Loans/,2024-01-28T12:37:01,medium
announcement_transfer_0423.csv,.csv,498,C:/Finance/Transactions/,2022-03-03T23:45:17,medium
summary_0424.pdf,.pdf,110,C:/Finance/Reports/,2024-10-12T10:46:55,medium
policy_0425.pdf,.pdf,699,C:/Finance/Compliance/,2023-07-03T04:59:28,medium
menu_report_0426.xlsx,.xlsx,186,C:/Finance/Reports/,2022-11-25T13:55:45,medium
schedule_loan_0427.pdf,.pdf,1528,C:/Finance/Loans/,2024-01-15T03:12:12,medium
summary_0428_final.xlsx,.xlsx,1673,C:/Finance/Transactions/,2024-03-07T08:42:34,high
invoice_account_0429.pdf,.pdf,593,C:/Finance/Accounts/,2025-09-26T17:11:19,medium
ledger_report_0430.xlsx,.xlsx,433,C:/Finance/HR/,2022-10-10T13:07:57,low
memo_guideline_0431.pdf,.pdf,809,C:/Finance/Internal/Policies/,2024-03-23T00:05:28,medium
announcement_0432.txt,.txt,8,C:/Finance/PublicInfo/Guidelines/,2025-09-25T12:59:24,low
ledger_notice_0433.txt,.txt,122,C:/Finance/PublicInfo/Guidelines/,2022-03-09T11:29:47,high
schedule_0434.txt,.txt,123,C:/Finance/PublicInfo/Guidelines/,2022-06-01T19:09:01,low
guidelines_policy_0435.pdf,.pdf,1322,C:/Finance/Compliance/,2025-05-11T07:48:12,medium
report_audit_0436.csv,.csv,213,C:/Finance/Accounts/,2024-10-09T04:30:41,medium
guideline_0437.docx,.docx,634,C:/Finance/Internal/Policies/,2022-11-13T10:15:00,low
guideline_0438.docx,.docx,366,C:/Finance/Compliance/,2023-06-19T22:32:00,low
policy_0439.xlsx,.xlsx,437,C:/Finance/Compliance/,2022-11-30T03:34:44,low
announcement_0440.txt,.txt,28,C:/Finance/PublicInfo/Guidelines/,2024-07-21T10:46:19,high
memo_policy_0441.pdf,.pdf,80,C:/Finance/Compliance/,2023-03-22T00:20:49,low
policy_0442.docx,.docx,722,C:/Finance/Internal/Policies/,2025-06-02T19:56:01,medium
tax_info_notice_0443.pdf,.pdf,1804,C:/Finance/PublicInfo/Guidelines/,2022-05-15T21:44:04,low
public_notice_report_0444.xlsx,.xlsx,981,C:/Finance/HR/,2023-03-18T22:41:49,low
info_0445.csv,.csv,290,C:/Finance/PublicInfo/Guidelines/,2022-09-29T21:46:11,low
audit_0446.docx,.docx,465,C:/Finance/Compliance/,2024-04-15T14:29:30,high
public_notice_guideline_0447.docx,.docx,279,C:/Finance/Internal/Policies/,2024-06-30T14:28:41,low
analysis_balance_0448.csv,.csv,405,C:/Finance/Accounts/,2022-01-16T02:30:24,high
memo_payroll_0449.docx,.docx,288,C:/Finance/HR/,2022-10-11T22:41:53,medium
statement_statement_0450.xlsx,.xlsx,1664,C:/Finance/Transactions/,2022-06-15T17:39:54,medium
contract_0451.csv,.csv,165,C:/Finance/Customers/,2024-01-20T05:09:07,low
summary_0452.xlsx,.xlsx,534,C:/Finance/Reports/,2024-06-14T19:38:11,low
contract_0453.pdf,.pdf,1558,C:/Finance/Loans/,2025-04-20T07:47:47,high
ledger_repayment_0454.docx,.docx,1075,C:/Finance/Loans/,2024-08-09T22:01:23,high
transaction_report_0455.docx,.docx,229,C:/Finance/HR/,2025-03-14T11:53:26,medium
analysis_0456.pdf,.pdf,1123,C:/Finance/Reports/,2025-06-03T02:33:28,low
transfer_0457.xlsx,.xlsx,454,C:/Finance/Transactions/,2022-10-02T08:23:47,low
audit_0458.docx,.docx,823,C:/Finance/Compliance/,2023-09-11T21:29:58,medium
pin_contract_0459.docx,.docx,191,C:/Finance/Customers/,2024-05-16T00:47:20,low
policy_salary_0460.docx,.docx,679,C:/Finance/HR/,2023-05-21T00:14:39,low
announcement_0461.txt,.txt,37,C:/Finance/PublicInfo/Guidelines/,2025-09-10T18:59:29,medium
contract_0462.xls,.xls,719,C:/Finance/Loans/,2022-09-09T15:46:43,low
policy_summary_0463.pdf,.pdf,748,C:/Finance/Reports/,2025-03-07T19:33:54,low
guidelines_policy_0464.pdf,.pdf,887,C:/Finance/Internal/Policies/,2025-03-10T16:19:24,medium
announcement_customer_0465.pdf,.pdf,1027,C:/Finance/Customers/,2022-05-10T07:49:47,high
analysis_info_0466.pdf,.pdf,1680,C:/Finance/Customers/,2022-09-23T00:43:36,medium
policy_audit_0467.xlsx,.xlsx,240,C:/Finance/Accounts/,2024-12-19T17:15:57,low
schedule_0468.pdf,.pdf,463,C:/Finance/PublicInfo/Guidelines/,2024-04-18T08:17:09,low
policy_summary_0469.pdf,.pdf,1588,C:/Finance/Transactions/,2023-06-19T04:57:32,high
audit_report_0470.pdf,.pdf,386,C:/Finance/HR/,2024-05-01T14:49:55,low
memo_0471.pdf,.pdf,669,C:/Finance/Reports/,2023-08-11T18:12:39,medium
guidelines_statement_0472.csv,.csv,112,C:/Finance/Transactions/,2022-10-11T08:37:57,low
contract_0473.pdf,.pdf,752,C:/Finance/Loans/,2022-03-19T02:25:03,low
info_0474.pdf,.pdf,549,C:/Finance/PublicInfo/Guidelines/,2022-08-23T01:53:43,low
policy_audit_0475.csv,.csv,68,C:/Finance/Accounts/,2022-08-15T22:32:56,low
menu_audit_0476.xlsx,.xlsx,611,C:/Finance/Accounts/,2025-04-08T06:32:46,medium
transfer_0477.xlsx,.xlsx,740,C:/Finance/Transactions/,2024-03-20T13:28:28,high
statement_0478.xlsx,.xlsx,451,C:/Finance/Transactions/,2024-05-03T17:49:31,medium
policy_notice_0479.pdf,.pdf,1215,C:/Finance/PublicInfo/Guidelines/,2023-11-06T10:43:10,low
report_0480.pdf,.pdf,1923,C:/Finance/Reports/,2024-12-09T01:04:45,medium
summary_notice_0481.txt,.txt,15,C:/Finance/PublicInfo/Announcements/,2024-12-25T11:24:29,low
statement_info_0482.csv,.csv,382,C:/Finance/PublicInfo/Guidelines/,2022-10-27T18:16:04,low
guidelines_account_0483.csv,.csv,45,C:/Finance/Accounts/,2022-10-22T19:21:21,medium
schedule_guideline_0484.docx,.docx,748,C:/Finance/Internal/Policies/,2022-08-29T19:46:07,low
memo_schedule_0485_confidential.pdf,.pdf,792,C:/Finance/PublicInfo/Announcements/,2025-04-20T11:59:40,medium
guideline_0486.docx,.docx,410,C:/Finance/Internal/Policies/,2023-03-16T19:49:02,low
announcement_report_0487_v2.xlsx,.xlsx,280,C:/Finance/Reports/,2022-02-19T10:13:45,high
public_notice_protocol_0488_v2.pdf,.pdf,1375,C:/Finance/Internal/Policies/,2024-02-03T08:55:29,high
info_0489.docx,.docx,228,C:/Finance/Customers/,2025-01-05T12:19:33,low
report_ledger_0490.pdf,.pdf,1391,C:/Finance/Accounts/,2022-12-25T20:58:31,high
statement_notice_0491.txt,.txt,124,C:/Finance/PublicInfo/Guidelines/,2023-07-11T01:50:29,low
announcement_notice_0492.txt,.txt,29,C:/Finance/PublicInfo/Announcements/,2025-12-21T04:08:49,low
summary_0493.csv,.csv,205,C:/Finance/Reports/,2023-05-18T11:07:27,medium
public_notice_protocol_0494.docx,.docx,75,C:/Finance/Internal/Policies/,2023-03-18T22:15:50,low
transaction_procedure_0495.docx,.docx,413,C:/Finance/Internal/Policies/,2024-12-07T10:35:41,low
menu_salary_0496_archived.xlsx,.xlsx,838,C:/Finance/HR/,2022-12-28T22:39:05,medium
analysis_salary_0497.xlsx,.xlsx,1389,C:/Finance/HR/,2024-12-07T05:58:07,low
transaction_procedure_0498.xlsx,.xlsx,2489,C:/Finance/Internal/Policies/,2023-06-25T11:46:41,high
guideline_0499.docx,.docx,592,C:/Finance/Compliance/,2024-09-09T01:53:11,low
policy_guideline_0500.pdf,.pdf,215,C:/Finance/Compliance/,2023-11-24T05:46:38,medium
analysis_protocol_0501.pdf,.pdf,1695,C:/Finance/Internal/Policies/,2024-05-01T12:36:10,medium
public_notice_guideline_0502.pdf,.pdf,939,C:/Finance/Compliance/,2024-05-21T17:50:41,medium
guidelines_procedure_0503.xlsx,.xlsx,1077,C:/Finance/Internal/Policies/,2023-10-05T11:27:23,low
memo_policy_0504.pdf,.pdf,634,C:/Finance/Compliance/,2024-08-26T01:54:53,medium
agreement_0505.docx,.docx,168,C:/Finance/Loans/,2022-06-24T13:31:19,medium
balance_0506.xlsx,.xlsx,866,C:/Finance/Accounts/,2022-06-22T20:44:39,low
account_number_salary_0507.pdf,.pdf,982,C:/Finance/HR/,2022-08-08T13:48:49,high
ledger_0508.csv,.csv,402,C:/Finance/Accounts/,2023-02-26T10:06:20,high
ledger_0509.csv,.csv,713,C:/Finance/Accounts/,2025-09-04T14:46:43,medium
contract_0510.pdf,.pdf,268,C:/Finance/Customers/,2023-05-06T01:03:03,medium
guidelines_notice_0511.csv,.csv,261,C:/Finance/PublicInfo/Announcements/,2024-04-02T10:02:07,low
guidelines_payroll_0512.docx,.docx,380,C:/Finance/HR/,2024-02-18T16:00:32,low
report_0513.xlsx,.xlsx,2832,C:/Finance/HR/,2023-03-12T06:23:01,low
transfer_0514_archived.csv,.csv,272,C:/Finance/Transactions/,2024-12-02T11:26:39,low
summary_0515.xlsx,.xlsx,600,C:/Finance/Transactions/,2022-11-18T04:28:11,low
agreement_0516.xls,.xls,1535,C:/Finance/Loans/,2022-07-30T02:34:42,medium
guideline_0517.xlsx,.xlsx,205,C:/Finance/Compliance/,2024-04-07T22:14:47,low
profile_0518.pdf,.pdf,1001,C:/Finance/Customers/,2023-10-01T20:34:37,medium
roster_0519.pdf,.pdf,165,C:/Finance/HR/,2024-08-08T16:19:39,medium
policy_0520.docx,.docx,473,C:/Finance/Internal/Policies/,2025-04-26T10:01:47,medium
schedule_0521.pdf,.pdf,789,C:/Finance/PublicInfo/Announcements/,2022-08-02T14:50:45,low
confidential_repayment_0522.pdf,.pdf,33,C:/Finance/Loans/,2022-10-03T01:57:13,low
policy_schedule_0523.csv,.csv,324,C:/Finance/PublicInfo/Announcements/,2025-01-23T19:02:10,low
report_0524.xlsx,.xlsx,203,C:/Finance/Reports/,2023-01-17T17:10:01,low
announcement_0525.txt,.txt,10,C:/Finance/PublicInfo/Guidelines/,2022-10-22T22:08:01,low
roster_0526.pdf,.pdf,561,C:/Finance/HR/,2024-03-14T02:01:31,medium
loan_0527.docx,.docx,566,C:/Finance/Loans/,2024-12-17T09:00:58,high
public_notice_announcement_0528.pdf,.pdf,1044,C:/Finance/PublicInfo/Guidelines/,2023-01-24T11:44:37,low
analysis_0529.xlsx,.xlsx,1610,C:/Finance/Reports/,2023-07-18T19:30:37,high
info_profile_0530.docx,.docx,613,C:/Finance/Customers/,2024-10-21T13:04:23,low
report_contract_0531.pdf,.pdf,603,C:/Finance/Loans/,2025-10-27T20:04:14,low
pin_loan_0532.xlsx,.xlsx,2369,C:/Finance/Loans/,2023-01-05T12:44:52,medium
public_notice_summary_0533_confidential.xlsx,.xlsx,496,C:/Finance/Transactions/,2025-06-28T00:20:29,low
memo_transaction_0534.csv,.csv,96,C:/Finance/Transactions/,2022-05-17T05:47:35,low
balance_0535.xlsx,.xlsx,226,C:/Finance/Accounts/,2025-05-08T00:57:14,low
menu_info_0536.pdf,.pdf,215,C:/Finance/PublicInfo/Guidelines/,2022-04-16T02:47:47,medium
audit_guideline_0537.xlsx,.xlsx,235,C:/Finance/Compliance/,2022-11-21T17:59:07,medium
procedure_0538.docx,.docx,978,C:/Finance/Internal/Policies/,2023-03-23T03:07:07,low
menu_audit_0539.docx,.docx,253,C:/Finance/Compliance/,2025-06-09T03:41:28,low
transaction_agreement_0540_final.xlsx,.xlsx,513,C:/Finance/Loans/,2024-08-13T20:20:40,medium
menu_guideline_0541_v2.docx,.docx,687,C:/Finance/Compliance/,2024-05-04T09:14:51,medium
memo_summary_0542.csv,.csv,301,C:/Finance/Reports/,2025-07-19T07:15:37,low
public_notice_report_0543.csv,.csv,417,C:/Finance/Reports/,2023-06-05T13:47:36,low
schedule_announcement_0544.csv,.csv,169,C:/Finance/PublicInfo/Announcements/,2022-11-20T12:35:15,low
protocol_0545_v2.pdf,.pdf,3479,C:/Finance/Internal/Policies/,2024-08-31T06:01:02,medium
schedule_0546.csv,.csv,319,C:/Finance/PublicInfo/Guidelines/,2025-08-25T13:49:41,medium
summary_memo_0547.csv,.csv,193,C:/Finance/Reports/,2022-09-29T20:56:53,low
account_number_customer_0548.docx,.docx,171,C:/Finance/Customers/,2025-12-05T19:40:28,medium
info_info_0549.csv,.csv,513,C:/Finance/PublicInfo/Announcements/,2022-07-26T04:03:15,low
schedule_transaction_0550_final.pdf,.pdf,1509,C:/Finance/Transactions/,2022-03-13T16:12:55,low
info_0551_draft.docx,.docx,418,C:/Finance/Customers/,2023-03-22T04:00:22,low
payroll_0552.pdf,.pdf,2838,C:/Finance/HR/,2024-05-19T08:21:38,medium
info_0553.pdf,.pdf,252,C:/Finance/PublicInfo/Guidelines/,2023-04-29T16:59:48,low
announcement_policy_0554_final.xlsx,.xlsx,290,C:/Finance/Internal/Policies/,2024-07-15T01:00:54,high
guideline_0555.pdf,.pdf,1224,C:/Finance/Internal/Policies/,2024-11-08T03:51:22,medium
schedule_0556.pdf,.pdf,1103,C:/Finance/PublicInfo/Guidelines/,2022-06-01T02:13:38,low
schedule_0557.pdf,.pdf,2017,C:/Finance/PublicInfo/Announcements/,2023-02-05T20:54:15,low
summary_0558.xlsx,.xlsx,437,C:/Finance/Reports/,2024-01-09T09:44:58,low
guidelines_info_0559.pdf,.pdf,2560,C:/Finance/Customers/,2025-05-22T17:16:58,high
info_0560.pdf,.pdf,287,C:/Finance/Customers/,2024-05-01T05:01:12,medium
policy_agreement_0561.xlsx,.xlsx,545,C:/Finance/Loans/,2024-04-25T21:26:00,low
summary_0562_confidential.csv,.csv,107,C:/Finance/Transactions/,2022-10-01T16:14:34,low
customer_report_0563.xlsx,.xlsx,927,C:/Finance/HR/,2024-06-21T04:35:46,high
audit_0564.pdf,.pdf,268,C:/Finance/Accounts/,2024-11-24T16:47:14,medium
summary_0565.pdf,.pdf,251,C:/Finance/Reports/,2022-05-19T16:52:32,low
guideline_0566.docx,.docx,1020,C:/Finance/Internal/Policies/,2022-03-24T12:43:47,low
account_0567_draft.csv,.csv,337,C:/Finance/Accounts/,2023-09-05T11:23:18,low
public_notice_analysis_0568.csv,.csv,140,C:/Finance/Reports/,2025-07-28T20:04:43,medium
guideline_0569.pdf,.pdf,2583,C:/Finance/Compliance/,2024-01-27T01:32:27,high
invoice_review_0570.xlsx,.xlsx,1353,C:/Finance/Compliance/,2023-12-07T21:02:58,low
schedule_0571.txt,.txt,1,C:/Finance/PublicInfo/Guidelines/,2023-01-03T18:40:42,medium
info_0572_final.pdf,.pdf,15,C:/Finance/PublicInfo/Guidelines/,2024-01-19T00:50:52,low
info_0573.pdf,.pdf,438,C:/Finance/Customers/,2024-01-04T22:16:16,high
info_0574.docx,.docx,290,C:/Finance/Customers/,2025-11-08T12:10:54,low
policy_info_0575.txt,.txt,66,C:/Finance/PublicInfo/Announcements/,2025-02-03T07:28:11,low
policy_0576.docx,.docx,252,C:/Finance/Internal/Policies/,2022-02-12T09:44:47,low
summary_roster_0577.pdf,.pdf,831,C:/Finance/HR/,2024-07-27T00:05:55,medium
contract_0578.xlsx,.xlsx,912,C:/Finance/Loans/,2022-10-08T21:03:18,high
announcement_notice_0579.csv,.csv,227,C:/Finance/PublicInfo/Guidelines/,2023-08-19T05:30:03,low
transfer_0580.xlsx,.xlsx,52,C:/Finance/Transactions/,2025-03-19T14:28:56,low
info_0581.pdf,.pdf,939,C:/Finance/Customers/,2023-08-29T22:52:54,low
public_notice_announcement_0582.pdf,.pdf,342,C:/Finance/PublicInfo/Announcements/,2022-03-05T17:14:51,low
contract_0583.csv,.csv,251,C:/Finance/Customers/,2025-05-31T08:31:19,low
contract_0584.pdf,.pdf,488,C:/Finance/Customers/,2022-10-30T19:21:22,low
notice_0585.pdf,.pdf,1308,C:/Finance/PublicInfo/Guidelines/,2023-10-01T20:27:55,high
info_0586.docx,.docx,432,C:/Finance/Customers/,2022-05-23T19:49:10,medium
balance_0587.pdf,.pdf,545,C:/Finance/Accounts/,2025-08-23T10:25:41,low
policy_0588.docx,.docx,376,C:/Finance/Internal/Policies/,2025-12-25T07:23:49,low
info_0589.docx,.docx,71,C:/Finance/Customers/,2023-02-04T18:12:13,low
contract_0590.xls,.xls,850,C:/Finance/Loans/,2022-04-18T19:21:46,medium
analysis_notice_0591.csv,.csv,11,C:/Finance/PublicInfo/Announcements/,2022-06-15T01:16:34,low
summary_announcement_0592.csv,.csv,336,C:/Finance/PublicInfo/Announcements/,2024-09-21T17:25:45,low
account_0593.pdf,.pdf,742,C:/Finance/Accounts/,2025-01-04T05:27:02,medium
schedule_announcement_0594.txt,.txt,116,C:/Finance/PublicInfo/Announcements/,2023-07-12T13:26:42,low
schedule_report_0595.xlsx,.xlsx,1484,C:/Finance/Reports/,2023-03-27T10:26:33,medium
salary_transfer_0596.csv,.csv,62,C:/Finance/Transactions/,2025-10-07T03:10:32,high
statement_announcement_0597.csv,.csv,30,C:/Finance/PublicInfo/Announcements/,2023-04-24T01:02:19,low
schedule_0598.txt,.txt,102,C:/Finance/PublicInfo/Announcements/,2022-03-29T01:51:41,high
customer_analysis_0599.csv,.csv,65,C:/Finance/Reports/,2022-08-20T09:23:37,medium
bank_statement_policy_0600.docx,.docx,165,C:/Finance/Internal/Policies/,2024-10-04T20:30:39,low
repayment_0601.pdf,.pdf,553,C:/Finance/Loans/,2022-04-10T08:30:45,high
profile_0602_v2.pdf,.pdf,1392,C:/Finance/Customers/,2024-11-19T20:30:16,medium
guideline_0603.pdf,.pdf,758,C:/Finance/Compliance/,2022-09-27T10:35:49,low
analysis_analysis_0604.pdf,.pdf,1020,C:/Finance/Reports/,2022-06-05T07:04:17,medium
procedure_0605_v2.pdf,.pdf,151,C:/Finance/Internal/Policies/,2024-12-13T07:41:07,low
schedule_0606.txt,.txt,7,C:/Finance/PublicInfo/Announcements/,2024-08-08T18:52:15,low
info_0607.docx,.docx,79,C:/Finance/Customers/,2022-05-29T15:21:09,low
policy_0608.docx,.docx,1167,C:/Finance/Internal/Policies/,2022-06-25T00:58:55,low
contract_0609.xls,.xls,1112,C:/Finance/Loans/,2023-07-20T18:06:06,high
payroll_0610_final.docx,.docx,352,C:/Finance/HR/,2022-06-30T07:13:12,medium
info_0611.csv,.csv,17,C:/Finance/Customers/,2022-06-21T02:03:03,low
analysis_analysis_0612.pdf,.pdf,263,C:/Finance/Reports/,2022-08-14T03:48:08,low
public_notice_statement_0613.pdf,.pdf,902,C:/Finance/Transactions/,2022-07-17T14:47:54,low
ssn_ledger_0614.csv,.csv,299,C:/Finance/Accounts/,2024-07-26T17:10:50,high
agreement_0615.xls,.xls,1802,C:/Finance/Loans/,2024-03-21T12:57:00,low
ledger_schedule_0616.csv,.csv,472,C:/Finance/PublicInfo/Announcements/,2024-06-19T04:05:48,low
transfer_0617.pdf,.pdf,1318,C:/Finance/Transactions/,2024-01-02T03:12:06,low
public_notice_announcement_0618.pdf,.pdf,943,C:/Finance/PublicInfo/Guidelines/,2022-12-05T15:52:15,low
summary_loan_0619.docx,.docx,423,C:/Finance/Loans/,2022-02-07T22:12:00,low
analysis_notice_0620.txt,.txt,1,C:/Finance/PublicInfo/Announcements/,2025-08-29T13:23:24,low
customer_0621.docx,.docx,176,C:/Finance/Customers/,2024-06-12T14:06:18,low
transaction_0622.pdf,.pdf,1678,C:/Finance/Transactions/,2023-12-24T21:36:45,medium
schedule_procedure_0623.docx,.docx,193,C:/Finance/Internal/Policies/,2024-10-05T05:54:19,medium
notice_0624.csv,.csv,74,C:/Finance/PublicInfo/Announcements/,2024-02-22T06:18:00,low
loan_contract_review_0625.pdf,.pdf,496,C:/Finance/Compliance/,2024-04-07T18:17:29,high
schedule_payroll_0626.pdf,.pdf,424,C:/Finance/HR/,2022-04-30T12:48:13,high
invoice_contract_0627.pdf,.pdf,1490,C:/Finance/Customers/,2024-11-26T01:50:30,low
public_notice_schedule_0628.csv,.csv,759,C:/Finance/PublicInfo/Guidelines/,2025-07-21T01:05:58,medium
policy_info_0629.txt,.txt,108,C:/Finance/PublicInfo/Guidelines/,2022-07-24T23:36:39,low
ledger_roster_0630.docx,.docx,558,C:/Finance/HR/,2022-09-16T10:27:53,high
protocol_0631.xlsx,.xlsx,1339,C:/Finance/Internal/Policies/,2025-05-19T03:30:51,medium
memo_agreement_0632.pdf,.pdf,1225,C:/Finance/Loans/,2023-06-19T03:32:45,high
guidelines_repayment_0633.docx,.docx,86,C:/Finance/Loans/,2025-12-12T07:18:43,low
summary_0634.pdf,.pdf,1602,C:/Finance/Reports/,2025-03-17T13:11:03,medium
guideline_0635.pdf,.pdf,733,C:/Finance/Internal/Policies/,2024-11-19T05:58:58,high
tax_info_notice_0636.pdf,.pdf,923,C:/Finance/PublicInfo/Guidelines/,2022-12-12T02:07:23,high
ledger_payroll_0637.docx,.docx,30,C:/Finance/HR/,2022-03-29T01:36:23,low
memo_0638.xlsx,.xlsx,119,C:/Finance/Reports/,2023-11-24T04:16:43,medium
schedule_0639.pdf,.pdf,1283,C:/Finance/PublicInfo/Guidelines/,2025-02-04T21:49:55,low
info_policy_0640.xlsx,.xlsx,661,C:/Finance/Compliance/,2025-12-20T14:27:54,low
analysis_protocol_0641.xlsx,.xlsx,498,C:/Finance/Internal/Policies/,2022-10-16T22:49:18,low
info_audit_0642.pdf,.pdf,257,C:/Finance/Compliance/,2022-01-04T19:13:07,low
contract_0643.pdf,.pdf,707,C:/Finance/Loans/,2025-11-09T15:42:02,low
summary_0644.csv,.csv,518,C:/Finance/Transactions/,2024-05-28T14:08:56,high
review_0645.xlsx,.xlsx,260,C:/Finance/Compliance/,2022-01-28T06:07:40,low
loan_contract_report_0646.docx,.docx,920,C:/Finance/HR/,2025-11-17T21:43:29,high
schedule_report_0647.pdf,.pdf,1920,C:/Finance/Reports/,2024-04-24T15:03:54,low
summary_0648.csv,.csv,410,C:/Finance/Reports/,2023-07-01T05:41:34,low
contract_0649.pdf,.pdf,1912,C:/Finance/Loans/,2025-07-15T19:18:33,high
transaction_0650.pdf,.pdf,1639,C:/Finance/Transactions/,2022-01-27T23:57:03,low
notice_0651.pdf,.pdf,795,C:/Finance/PublicInfo/Announcements/,2023-06-16T08:22:00,low
customer_agreement_0652.xls,.xls,67,C:/Finance/Loans/,2022-05-03T02:36:19,low
policy_0653_archived.docx,.docx,559,C:/Finance/Compliance/,2025-05-16T23:14:24,low
policy_announcement_0654_final.txt,.txt,45,C:/Finance/PublicInfo/Guidelines/,2024-07-01T19:25:45,low
transfer_0655.csv,.csv,192,C:/Finance/Transactions/,2024-02-17T17:00:13,low
procedure_0656.docx,.docx,119,C:/Finance/Internal/Policies/,2023-03-14T20:22:58,low
loan_0657.xlsx,.xlsx,456,C:/Finance/Loans/,2022-10-15T13:59:21,medium
memo_schedule_0658.txt,.txt,71,C:/Finance/PublicInfo/Announcements/,2022-07-31T03:10:49,low
announcement_0659_archived.csv,.csv,375,C:/Finance/PublicInfo/Announcements/,2023-04-30T16:27:38,medium
info_schedule_0660.pdf,.pdf,1395,C:/Finance/PublicInfo/Announcements/,2022-10-06T12:41:14,low
announcement_audit_0661.pdf,.pdf,1188,C:/Finance/Accounts/,2024-07-06T09:34:09,low
profile_0662_v2.csv,.csv,397,C:/Finance/Customers/,2022-07-10T16:54:19,medium
statement_0663.pdf,.pdf,529,C:/Finance/Transactions/,2025-05-29T06:51:23,low
review_0664.pdf,.pdf,35,C:/Finance/Compliance/,2022-07-09T19:34:32,low
invoice_payroll_0665_final.pdf,.pdf,1451,C:/Finance/HR/,2024-07-28T04:31:20,low
report_0666.pdf,.pdf,656,C:/Finance/Reports/,2023-12-25T22:33:11,low
menu_statement_0667.csv,.csv,267,C:/Finance/Transactions/,2023-10-31T14:42:49,low
public_notice_contract_0668.docx,.docx,420,C:/Finance/Customers/,2025-01-01T19:47:42,low
analysis_contract_0669.docx,.docx,154,C:/Finance/Loans/,2023-12-31T20:05:55,medium
report_schedule_0670.txt,.txt,87,C:/Finance/PublicInfo/Announcements/,2025-04-05T16:06:04,medium
confidential_salary_0671.docx,.docx,997,C:/Finance/HR/,2023-06-15T02:57:55,low
policy_review_0672.pdf,.pdf,72,C:/Finance/Compliance/,2025-11-15T05:45:45,medium
invoice_customer_0673.csv,.csv,30,C:/Finance/Customers/,2023-10-17T06:27:13,low
announcement_roster_0674.docx,.docx,368,C:/Finance/HR/,2024-11-14T17:58:24,low
info_statement_0675.csv,.csv,400,C:/Finance/Transactions/,2025-05-07T19:03:52,low
policy_info_0676_confidential.csv,.csv,284,C:/Finance/Customers/,2025-08-04T09:34:05,medium
announcement_guideline_0677.docx,.docx,641,C:/Finance/Internal/Policies/,2023-04-11T21:25:07,high
public_notice_review_0678.docx,.docx,228,C:/Finance/Compliance/,2024-09-02T07:43:06,medium
notice_0679.csv,.csv,395,C:/Finance/PublicInfo/Guidelines/,2024-09-17T23:37:06,low
schedule_0680.csv,.csv,397,C:/Finance/PublicInfo/Guidelines/,2023-12-20T10:45:12,low
repayment_0681.pdf,.pdf,1784,C:/Finance/Loans/,2024-09-11T18:31:47,medium
transaction_transfer_0682.pdf,.pdf,1286,C:/Finance/Transactions/,2023-01-17T12:07:56,medium
report_0683.pdf,.pdf,938,C:/Finance/HR/,2022-02-15T06:29:15,low
invoice_payroll_0684.xlsx,.xlsx,1034,C:/Finance/HR/,2024-07-23T13:15:50,high
report_0685.xlsx,.xlsx,1022,C:/Finance/HR/,2025-07-28T14:24:13,low
loan_0686.pdf,.pdf,2162,C:/Finance/Loans/,2023-01-27T04:05:05,low
summary_info_0687.csv,.csv,280,C:/Finance/PublicInfo/Announcements/,2023-10-19T21:41:56,medium
transaction_summary_0688.csv,.csv,89,C:/Finance/Transactions/,2022-06-25T11:30:15,high
summary_0689.xlsx,.xlsx,326,C:/Finance/Reports/,2022-02-02T17:42:12,medium
procedure_0690.docx,.docx,417,C:/Finance/Internal/Policies/,2023-04-26T10:21:55,low
analysis_0691.csv,.csv,488,C:/Finance/Reports/,2025-11-26T22:47:15,medium
salary_0692.docx,.docx,565,C:/Finance/HR/,2023-05-08T17:29:23,low
summary_review_0693.xlsx,.xlsx,237,C:/Finance/Compliance/,2025-06-28T04:48:45,low
customer_0694.csv,.csv,320,C:/Finance/Customers/,2023-12-06T02:49:22,low
balance_0695.pdf,.pdf,1294,C:/Finance/Accounts/,2024-09-03T00:34:58,low
salary_0696.docx,.docx,299,C:/Finance/HR/,2024-12-01T06:44:20,low
public_notice_guideline_0697.xlsx,.xlsx,678,C:/Finance/Compliance/,2023-10-06T21:32:48,low
analysis_0698_final.pdf,.pdf,28,C:/Finance/Reports/,2025-11-09T17:37:26,low
invoice_customer_0699.csv,.csv,522,C:/Finance/Customers/,2024-05-31T04:20:53,medium
info_contract_0700.pdf,.pdf,1695,C:/Finance/Customers/,2025-06-17T14:12:47,medium
guidelines_report_0701.docx,.docx,290,C:/Finance/HR/,2023-10-12T20:30:35,low
transaction_repayment_0702.docx,.docx,35,C:/Finance/Loans/,2022-05-14T04:34:10,medium
audit_0703.csv,.csv,134,C:/Finance/Accounts/,2023-02-03T00:46:57,low
loan_contract_profile_0704.pdf,.pdf,22,C:/Finance/Customers/,2025-01-07T06:32:11,medium
public_notice_account_0705.xlsx,.xlsx,1004,C:/Finance/Accounts/,2022-10-06T15:28:52,high
policy_report_0706.docx,.docx,452,C:/Finance/HR/,2022-03-10T14:29:04,low
repayment_0707.docx,.docx,264,C:/Finance/Loans/,2024-08-10T03:44:42,low
guidelines_roster_0708.pdf,.pdf,859,C:/Finance/HR/,2024-09-16T00:06:50,low
statement_notice_0709_draft.pdf,.pdf,2206,C:/Finance/PublicInfo/Announcements/,2024-02-08T19:36:40,low
audit_0710.csv,.csv,306,C:/Finance/Accounts/,2023-06-28T02:11:35,high
info_profile_0711.pdf,.pdf,377,C:/Finance/Customers/,2022-01-07T09:49:05,low
summary_notice_0712.csv,.csv,588,C:/Finance/PublicInfo/Guidelines/,2024-11-23T08:04:35,low
customer_0713.docx,.docx,1166,C:/Finance/Customers/,2024-10-21T13:24:29,high
announcement_0714.txt,.txt,129,C:/Finance/PublicInfo/Announcements/,2025-02-14T17:25:02,high
protocol_0715.docx,.docx,1141,C:/Finance/Internal/Policies/,2023-08-16T11:17:04,high
analysis_customer_0716_v2.docx,.docx,626,C:/Finance/Customers/,2024-10-13T01:17:04,low
public_notice_repayment_0717.pdf,.pdf,2410,C:/Finance/Loans/,2022-11-07T11:44:26,medium
policy_schedule_0718_archived.txt,.txt,101,C:/Finance/PublicInfo/Announcements/,2024-09-06T17:41:16,high
public_notice_guideline_0719.pdf,.pdf,396,C:/Finance/Compliance/,2022-05-11T10:37:56,low
audit_roster_0720.pdf,.pdf,1043,C:/Finance/HR/,2023-04-05T00:21:13,low
confidential_procedure_0721.docx,.docx,240,C:/Finance/Internal/Policies/,2023-07-07T04:25:16,medium
payroll_0722_archived.pdf,.pdf,1256,C:/Finance/HR/,2022-05-10T09:17:50,medium
menu_review_0723.xlsx,.xlsx,281,C:/Finance/Compliance/,2025-06-12T07:12:46,low
tax_info_repayment_0724.pdf,.pdf,1249,C:/Finance/Loans/,2022-09-24T18:45:28,medium
schedule_schedule_0725.txt,.txt,88,C:/Finance/PublicInfo/Announcements/,2022-07-29T21:24:47,low
balance_0726.xlsx,.xlsx,417,C:/Finance/Accounts/,2023-11-08T23:22:18,high
public_notice_notice_0727.pdf,.pdf,265,C:/Finance/PublicInfo/Guidelines/,2024-01-24T11:51:24,low
guidelines_notice_0728.pdf,.pdf,1608,C:/Finance/PublicInfo/Announcements/,2025-08-09T17:55:09,low
audit_0729_archived.xlsx,.xlsx,749,C:/Finance/Compliance/,2024-11-20T06:34:25,low
confidential_schedule_0730.pdf,.pdf,116,C:/Finance/PublicInfo/Announcements/,2022-07-01T15:52:00,medium
schedule_0731.txt,.txt,78,C:/Finance/PublicInfo/Announcements/,2025-02-02T03:02:20,high
menu_transfer_0732.xlsx,.xlsx,1061,C:/Finance/Transactions/,2023-12-29T17:43:34,low
contract_0733.xlsx,.xlsx,66,C:/Finance/Loans/,2025-05-21T12:00:42,low
notice_0734.csv,.csv,188,C:/Finance/PublicInfo/Announcements/,2022-11-06T21:18:39,low
analysis_contract_0735.xls,.xls,2717,C:/Finance/Loans/,2023-07-09T15:33:37,high
loan_0736.pdf,.pdf,1334,C:/Finance/Loans/,2024-05-23T00:11:13,medium
statement_0737.xlsx,.xlsx,693,C:/Finance/Transactions/,2025-08-18T17:21:42,low
schedule_0738.txt,.txt,24,C:/Finance/PublicInfo/Guidelines/,2025-08-26T11:00:07,low
customer_profile_0739.csv,.csv,32,C:/Finance/Customers/,2023-11-17T20:58:50,low
notice_0740.txt,.txt,37,C:/Finance/PublicInfo/Guidelines/,2022-07-11T01:09:21,medium
info_transaction_0741.xlsx,.xlsx,361,C:/Finance/Transactions/,2023-08-02T13:26:01,medium
guideline_0742.pdf,.pdf,727,C:/Finance/Compliance/,2023-10-29T03:40:28,low
audit_0743.xlsx,.xlsx,595,C:/Finance/Compliance/,2024-03-14T16:09:26,low
info_profile_0744.pdf,.pdf,1426,C:/Finance/Customers/,2024-06-11T13:02:50,high
account_0745.pdf,.pdf,159,C:/Finance/Accounts/,2025-01-25T21:22:21,low
pin_analysis_0746.csv,.csv,138,C:/Finance/Reports/,2024-10-09T21:42:16,high
schedule_0747.txt,.txt,20,C:/Finance/PublicInfo/Announcements/,2025-01-31T09:38:17,low
guidelines_loan_0748.docx,.docx,466,C:/Finance/Loans/,2025-10-15T01:30:38,medium
transaction_schedule_0749.txt,.txt,109,C:/Finance/PublicInfo/Guidelines/,2023-02-08T12:25:21,high
credit_report_announcement_0750.pdf,.pdf,530,C:/Finance/PublicInfo/Guidelines/,2025-03-04T11:52:33,high
policy_0751.pdf,.pdf,971,C:/Finance/Internal/Policies/,2024-11-10T14:08:57,medium
guidelines_loan_0752.xls,.xls,412,C:/Finance/Loans/,2025-01-10T11:52:40,low
report_review_0753.xlsx,.xlsx,35,C:/Finance/Compliance/,2024-07-02T19:09:23,medium
schedule_0754.txt,.txt,105,C:/Finance/PublicInfo/Guidelines/,2022-09-10T23:13:07,low
public_notice_agreement_0755.docx,.docx,30,C:/Finance/Loans/,2022-02-20T15:41:29,low
announcement_contract_0756_draft.xlsx,.xlsx,150,C:/Finance/Loans/,2023-08-05T16:52:18,high
ssn_salary_0757.docx,.docx,555,C:/Finance/HR/,2022-10-12T09:36:36,low
announcement_announcement_0758.pdf,.pdf,1477,C:/Finance/PublicInfo/Announcements/,2024-01-09T05:46:01,medium
ledger_guideline_0759.docx,.docx,40,C:/Finance/Internal/Policies/,2024-08-26T17:06:02,low
audit_0760.docx,.docx,644,C:/Finance/Compliance/,2024-09-30T09:30:49,low
info_0761.csv,.csv,44,C:/Finance/Customers/,2024-08-19T02:57:32,high
tax_info_notice_0762.txt,.txt,155,C:/Finance/PublicInfo/Guidelines/,2022-10-07T05:19:10,high
ledger_ledger_0763.xlsx,.xlsx,2326,C:/Finance/Accounts/,2022-02-06T03:19:00,medium
info_summary_0764.xlsx,.xlsx,54,C:/Finance/Reports/,2022-10-11T18:23:28,low
analysis_salary_0765_draft.xlsx,.xlsx,528,C:/Finance/HR/,2022-08-10T07:18:51,low
summary_policy_0766.xlsx,.xlsx,544,C:/Finance/Compliance/,2023-08-22T03:39:18,low
menu_contract_0767_final.pdf,.pdf,1282,C:/Finance/Customers/,2024-06-29T14:06:07,medium
profile_0768.pdf,.pdf,2013,C:/Finance/Customers/,2022-11-13T01:25:23,medium
agreement_0769.docx,.docx,691,C:/Finance/Loans/,2022-01-02T13:19:19,medium
notice_0770_archived.csv,.csv,332,C:/Finance/PublicInfo/Announcements/,2023-06-30T21:48:34,medium
announcement_transfer_0771.xlsx,.xlsx,384,C:/Finance/Transactions/,2022-08-05T22:32:21,medium
notice_0772.csv,.csv,140,C:/Finance/PublicInfo/Guidelines/,2023-06-17T06:22:05,low
roster_0773.xlsx,.xlsx,203,C:/Finance/HR/,2024-07-20T07:29:22,low
report_0774.pdf,.pdf,1559,C:/Finance/Reports/,2024-05-13T09:22:38,high
info_announcement_0775.csv,.csv,155,C:/Finance/PublicInfo/Announcements/,2025-06-16T14:40:52,medium
guidelines_policy_0776.xlsx,.xlsx,2031,C:/Finance/Compliance/,2025-03-24T03:59:03,medium
salary_0777_confidential.pdf,.pdf,805,C:/Finance/HR/,2024-02-07T02:31:17,low
schedule_analysis_0778_archived.pdf,.pdf,248,C:/Finance/Reports/,2022-10-29T00:16:43,medium
policy_0779_v2.pdf,.pdf,2297,C:/Finance/Internal/Policies/,2025-08-21T22:34:02,low
statement_0780.pdf,.pdf,1836,C:/Finance/Transactions/,2024-04-07T21:29:59,low
guideline_0781_archived.docx,.docx,424,C:/Finance/Internal/Policies/,2025-12-29T07:29:04,low
summary_0782.xlsx,.xlsx,226,C:/Finance/Reports/,2022-03-09T12:28:49,low
summary_0783.csv,.csv,43,C:/Finance/Transactions/,2025-06-08T16:13:43,medium
analysis_ledger_0784.pdf,.pdf,2048,C:/Finance/Accounts/,2022-02-13T07:10:17,high
credit_report_info_0785.txt,.txt,94,C:/Finance/PublicInfo/Announcements/,2024-03-18T06:53:23,medium
summary_0786.pdf,.pdf,529,C:/Finance/Transactions/,2022-04-05T06:34:23,medium
ledger_0787.csv,.csv,287,C:/Finance/Accounts/,2024-08-06T17:59:12,high
policy_0788.pdf,.pdf,570,C:/Finance/Compliance/,2022-12-29T03:02:40,medium
guideline_0789.xlsx,.xlsx,1385,C:/Finance/Internal/Policies/,2023-06-12T13:49:11,low
guidelines_ledger_0790_confidential.csv,.csv,59,C:/Finance/Accounts/,2022-07-15T16:56:07,low
schedule_schedule_0791.pdf,.pdf,1005,C:/Finance/PublicInfo/Guidelines/,2024-03-08T02:42:50,high
analysis_0792.pdf,.pdf,1586,C:/Finance/Reports/,2022-01-13T13:18:46,medium
announcement_0793.txt,.txt,133,C:/Finance/PublicInfo/Guidelines/,2025-08-26T22:44:19,low
statement_balance_0794.csv,.csv,34,C:/Finance/Accounts/,2024-07-20T16:45:33,low
summary_0795.csv,.csv,477,C:/Finance/Reports/,2025-05-10T23:11:14,medium
balance_0796.csv,.csv,397,C:/Finance/Accounts/,2025-04-08T14:06:17,medium
public_notice_analysis_0797.csv,.csv,119,C:/Finance/Reports/,2022-08-10T05:07:49,high
roster_0798_final.pdf,.pdf,701,C:/Finance/HR/,2023-02-12T00:01:30,medium
agreement_0799.docx,.docx,455,C:/Finance/Loans/,2025-07-15T14:32:37,high
loan_0800.docx,.docx,88,C:/Finance/Loans/,2023-08-02T10:13:25,high
contract_0801.xlsx,.xlsx,2253,C:/Finance/Loans/,2025-05-19T19:56:59,high
statement_0802.csv,.csv,650,C:/Finance/Transactions/,2022-10-21T18:14:22,low
statement_announcement_0803.pdf,.pdf,387,C:/Finance/PublicInfo/Guidelines/,2024-01-30T14:53:32,medium
transaction_0804.pdf,.pdf,1737,C:/Finance/Transactions/,2023-08-05T09:39:04,medium
memo_schedule_0805.txt,.txt,93,C:/Finance/PublicInfo/Announcements/,2024-10-06T07:57:39,medium
audit_0806.xlsx,.xlsx,357,C:/Finance/Accounts/,2024-06-06T14:13:55,medium
menu_loan_0807.xlsx,.xlsx,2129,C:/Finance/Loans/,2023-12-24T17:53:35,medium
public_notice_schedule_0808.txt,.txt,106,C:/Finance/PublicInfo/Guidelines/,2022-02-08T09:33:40,medium
summary_repayment_0809.docx,.docx,261,C:/Finance/Loans/,2023-03-06T09:52:08,medium
confidential_transfer_0810.csv,.csv,305,C:/Finance/Transactions/,2025-08-06T08:35:41,high
salary_0811.docx,.docx,220,C:/Finance/HR/,2022-01-14T06:09:57,low
public_notice_report_0812.docx,.docx,202,C:/Finance/HR/,2022-08-20T21:36:15,high
guideline_0813.pdf,.pdf,781,C:/Finance/Compliance/,2025-01-27T09:08:17,low
statement_schedule_0814.pdf,.pdf,303,C:/Finance/PublicInfo/Announcements/,2023-08-06T01:50:05,medium
report_contract_0815.xls,.xls,384,C:/Finance/Loans/,2023-09-19T14:40:32,medium
announcement_0816.pdf,.pdf,1537,C:/Finance/PublicInfo/Guidelines/,2024-09-05T10:06:40,medium
guideline_0817.xlsx,.xlsx,68,C:/Finance/Internal/Policies/,2022-10-20T13:46:29,medium
schedule_0818.pdf,.pdf,1590,C:/Finance/PublicInfo/Announcements/,2022-10-03T22:45:13,medium
ledger_0819.pdf,.pdf,1727,C:/Finance/Accounts/,2022-12-29T00:20:22,high
confidential_roster_0820.pdf,.pdf,311,C:/Finance/HR/,2022-06-22T00:50:01,low
announcement_contract_0821.docx,.docx,602,C:/Finance/Loans/,2025-01-07T10:28:31,high
info_0822.pdf,.pdf,397,C:/Finance/PublicInfo/Announcements/,2022-01-12T13:30:23,low
agreement_0823.docx,.docx,527,C:/Finance/Loans/,2024-06-13T23:47:09,low
public_notice_account_0824.pdf,.pdf,400,C:/Finance/Accounts/,2022-09-30T01:10:52,medium
review_0825.pdf,.pdf,1232,C:/Finance/Compliance/,2023-09-04T08:39:23,low
account_0826.xlsx,.xlsx,450,C:/Finance/Accounts/,2025-02-02T15:17:26,low
info_transaction_0827.pdf,.pdf,975,C:/Finance/Transactions/,2023-12-02T12:06:43,high
public_notice_loan_0828_archived.pdf,.pdf,1046,C:/Finance/Loans/,2022-01-17T16:19:04,low
roster_0829.docx,.docx,221,C:/Finance/HR/,2024-10-17T15:34:41,low
public_notice_statement_0830.pdf,.pdf,1651,C:/Finance/Transactions/,2024-04-10T13:20:22,high
policy_0831.pdf,.pdf,421,C:/Finance/Compliance/,2022-02-23T12:11:48,medium
announcement_0832.pdf,.pdf,884,C:/Finance/PublicInfo/Guidelines/,2025-04-14T21:31:14,medium
audit_0833.xlsx,.xlsx,890,C:/Finance/Compliance/,2022-01-23T14:50:05,medium
report_0834.csv,.csv,292,C:/Finance/Reports/,2022-09-18T19:07:39,low
info_repayment_0835.pdf,.pdf,1316,C:/Finance/Loans/,2023-10-27T16:32:01,low
memo_profile_0836_draft.pdf,.pdf,1278,C:/Finance/Customers/,2023-03-09T13:39:09,high
account_number_guideline_0837.docx,.docx,691,C:/Finance/Internal/Policies/,2025-12-03T14:59:57,low
protocol_0838.docx,.docx,6,C:/Finance/Internal/Policies/,2024-12-13T15:47:02,low
repayment_0839.docx,.docx,394,C:/Finance/Loans/,2025-11-17T21:40:26,low
schedule_policy_0840.pdf,.pdf,2675,C:/Finance/Internal/Policies/,2022-07-12T17:08:56,high
guidelines_payroll_0841_draft.docx,.docx,46,C:/Finance/HR/,2023-01-05T19:40:04,medium
policy_policy_0842.xlsx,.xlsx,1208,C:/Finance/Internal/Policies/,2024-10-03T16:55:18,low
memo_roster_0843.xlsx,.xlsx,307,C:/Finance/HR/,2024-12-03T18:15:33,low
policy_transfer_0844.xlsx,.xlsx,1029,C:/Finance/Transactions/,2024-09-12T10:54:51,low
invoice_agreement_0845.xlsx,.xlsx,217,C:/Finance/Loans/,2023-01-16T11:27:51,low
transaction_review_0846.pdf,.pdf,1226,C:/Finance/Compliance/,2023-07-13T14:11:10,low
public_notice_review_0847.docx,.docx,638,C:/Finance/Compliance/,2025-08-19T17:00:05,low
profile_0848.csv,.csv,168,C:/Finance/Customers/,2023-03-16T23:25:16,high
policy_guideline_0849.docx,.docx,936,C:/Finance/Compliance/,2025-02-08T14:06:59,low
memo_0850.xlsx,.xlsx,445,C:/Finance/Reports/,2024-07-02T21:44:58,medium
customer_contract_0851.docx,.docx,787,C:/Finance/Customers/,2025-03-13T12:50:11,low
schedule_summary_0852.xlsx,.xlsx,501,C:/Finance/Reports/,2022-02-23T14:32:07,low
analysis_0853.xlsx,.xlsx,344,C:/Finance/Reports/,2024-07-24T09:45:14,low
procedure_0854_final.xlsx,.xlsx,1118,C:/Finance/Internal/Policies/,2024-06-29T13:38:40,low
analysis_profile_0855.docx,.docx,880,C:/Finance/Customers/,2023-08-18T15:23:37,medium
schedule_procedure_0856_confidential.docx,.docx,842,C:/Finance/Internal/Policies/,2025-12-15T17:32:30,medium
ssn_review_0857_final.docx,.docx,153,C:/Finance/Compliance/,2023-11-01T10:57:55,medium
invoice_agreement_0858.pdf,.pdf,263,C:/Finance/Loans/,2022-11-09T03:37:04,high
balance_0859.pdf,.pdf,241,C:/Finance/Accounts/,2024-08-28T00:07:09,low
transaction_customer_0860.csv,.csv,52,C:/Finance/Customers/,2024-11-11T03:58:23,medium
report_customer_0861_confidential.pdf,.pdf,1444,C:/Finance/Customers/,2023-02-17T23:04:36,medium
public_notice_info_0862.txt,.txt,61,C:/Finance/PublicInfo/Announcements/,2023-08-11T21:06:19,low
policy_procedure_0863_archived.docx,.docx,198,C:/Finance/Internal/Policies/,2025-09-11T22:51:54,low
notice_0864.pdf,.pdf,1368,C:/Finance/PublicInfo/Guidelines/,2023-10-04T18:28:32,low
statement_0865_draft.csv,.csv,61,C:/Finance/Transactions/,2024-11-19T03:02:26,low
announcement_0866.pdf,.pdf,367,C:/Finance/PublicInfo/Announcements/,2024-12-22T15:14:24,low
guidelines_profile_0867.csv,.csv,299,C:/Finance/Customers/,2024-02-13T11:59:29,low
contract_0868.pdf,.pdf,626,C:/Finance/Customers/,2023-01-10T05:27:47,medium
transaction_0869_final.csv,.csv,628,C:/Finance/Transactions/,2025-04-05T10:03:49,medium
payroll_0870.docx,.docx,49,C:/Finance/HR/,2023-06-01T23:43:29,low
transaction_0871.pdf,.pdf,856,C:/Finance/Transactions/,2023-08-16T20:57:43,medium
guidelines_notice_0872.csv,.csv,93,C:/Finance/PublicInfo/Guidelines/,2022-10-20T06:58:40,medium
memo_contract_0873.docx,.docx,839,C:/Finance/Customers/,2023-10-21T04:37:29,medium
analysis_0874.csv,.csv,166,C:/Finance/Reports/,2024-04-16T05:00:55,low
info_0875.pdf,.pdf,1214,C:/Finance/PublicInfo/Announcements/,2022-08-15T14:27:13,low
schedule_ledger_0876.csv,.csv,315,C:/Finance/Accounts/,2023-03-29T19:43:30,low
guideline_0877.pdf,.pdf,333,C:/Finance/Compliance/,2024-12-24T01:04:51,medium
audit_0878.pdf,.pdf,889,C:/Finance/Accounts/,2022-09-05T07:09:12,medium
schedule_audit_0879.csv,.csv,192,C:/Finance/Accounts/,2024-12-17T18:47:26,medium
announcement_transfer_0880.xlsx,.xlsx,627,C:/Finance/Transactions/,2023-04-18T08:42:02,low
schedule_0881.txt,.txt,40,C:/Finance/PublicInfo/Announcements/,2022-11-22T20:39:22,medium
report_statement_0882.pdf,.pdf,1105,C:/Finance/Transactions/,2023-10-26T11:51:16,low
ledger_agreement_0883.xlsx,.xlsx,267,C:/Finance/Loans/,2022-08-19T19:01:42,medium
analysis_review_0884.pdf,.pdf,648,C:/Finance/Compliance/,2025-05-20T11:52:22,medium
contract_0885.csv,.csv,190,C:/Finance/Customers/,2022-05-09T08:55:49,low
profile_0886_confidential.docx,.docx,115,C:/Finance/Customers/,2022-05-27T21:12:00,low
schedule_guideline_0887.docx,.docx,204,C:/Finance/Internal/Policies/,2024-04-14T23:51:54,medium
contract_0888.docx,.docx,411,C:/Finance/Loans/,2024-03-17T02:02:08,low
procedure_0889.pdf,.pdf,536,C:/Finance/Internal/Policies/,2025-09-01T01:49:03,medium
audit_protocol_0890.pdf,.pdf,1700,C:/Finance/Internal/Policies/,2025-08-15T16:21:38,high
transaction_account_0891.xlsx,.xlsx,291,C:/Finance/Accounts/,2022-03-13T17:12:10,low
menu_schedule_0892.csv,.csv,870,C:/Finance/PublicInfo/Guidelines/,2024-07-30T15:44:06,medium
announcement_0893.txt,.txt,79,C:/Finance/PublicInfo/Guidelines/,2022-07-28T11:38:13,medium
protocol_0894.pdf,.pdf,281,C:/Finance/Internal/Policies/,2023-08-17T01:52:34,low
transaction_contract_0895.docx,.docx,583,C:/Finance/Loans/,2024-09-10T12:25:06,high
transfer_0896.pdf,.pdf,304,C:/Finance/Transactions/,2022-02-10T05:59:22,medium
summary_guideline_0897_final.docx,.docx,373,C:/Finance/Internal/Policies/,2022-12-17T17:08:48,medium
guidelines_report_0898.docx,.docx,920,C:/Finance/HR/,2024-07-03T17:03:48,medium
menu_info_0899.pdf,.pdf,477,C:/Finance/PublicInfo/Announcements/,2023-08-29T03:58:25,low
contract_0900.docx,.docx,1384,C:/Finance/Loans/,2022-08-30T13:08:06,high
repayment_0901_draft.pdf,.pdf,735,C:/Finance/Loans/,2025-01-02T22:55:13,low
schedule_0902.pdf,.pdf,1683,C:/Finance/PublicInfo/Announcements/,2025-10-01T04:30:55,medium
statement_0903.csv,.csv,576,C:/Finance/Transactions/,2025-02-07T22:37:17,medium
report_transaction_0904.pdf,.pdf,1026,C:/Finance/Transactions/,2023-10-21T15:15:18,low
ledger_announcement_0905.csv,.csv,130,C:/Finance/PublicInfo/Guidelines/,2024-12-27T10:31:03,low
report_schedule_0906.csv,.csv,74,C:/Finance/PublicInfo/Guidelines/,2022-04-27T16:45:54,low
announcement_memo_0907.csv,.csv,210,C:/Finance/Reports/,2025-07-16T01:00:28,low
info_0908.csv,.csv,638,C:/Finance/PublicInfo/Guidelines/,2024-06-02T15:57:53,medium
schedule_policy_0909.pdf,.pdf,1920,C:/Finance/Compliance/,2023-12-17T03:14:11,low
memo_analysis_0910.pdf,.pdf,860,C:/Finance/Reports/,2025-10-27T18:52:45,medium
loan_0911.docx,.docx,697,C:/Finance/Loans/,2023-04-10T22:09:06,low
transaction_report_0912.xlsx,.xlsx,1619,C:/Finance/Reports/,2022-01-10T00:37:14,medium
report_0913.csv,.csv,671,C:/Finance/Reports/,2025-10-31T15:37:59,high
ledger_account_0914_archived.xlsx,.xlsx,1255,C:/Finance/Accounts/,2025-04-02T10:37:32,low
review_0915.docx,.docx,83,C:/Finance/Compliance/,2023-06-19T13:44:38,low
announcement_0916.pdf,.pdf,394,C:/Finance/PublicInfo/Guidelines/,2023-11-06T16:56:26,medium
info_schedule_0917.pdf,.pdf,495,C:/Finance/PublicInfo/Announcements/,2025-09-04T10:28:25,low
analysis_salary_0918.xlsx,.xlsx,2356,C:/Finance/HR/,2022-10-21T02:05:23,high
summary_policy_0919.pdf,.pdf,430,C:/Finance/Internal/Policies/,2022-11-07T03:14:56,medium
info_0920.csv,.csv,328,C:/Finance/Customers/,2023-10-26T10:25:44,medium
transaction_account_0921.xlsx,.xlsx,704,C:/Finance/Accounts/,2024-10-22T22:38:35,low
menu_report_0922.pdf,.pdf,681,C:/Finance/Reports/,2024-11-05T04:10:19,low
balance_0923.csv,.csv,298,C:/Finance/Accounts/,2024-04-01T13:24:24,medium
policy_0924.pdf,.pdf,2404,C:/Finance/Internal/Policies/,2024-07-23T22:02:23,high
profile_0925.pdf,.pdf,1831,C:/Finance/Customers/,2024-08-19T14:22:45,medium
info_analysis_0926.pdf,.pdf,1821,C:/Finance/Reports/,2025-10-17T00:45:34,medium
schedule_0927.csv,.csv,451,C:/Finance/PublicInfo/Guidelines/,2024-03-24T15:17:27,low
notice_0928.csv,.csv,486,C:/Finance/PublicInfo/Guidelines/,2025-06-19T08:00:36,high
menu_policy_0929.docx,.docx,365,C:/Finance/Compliance/,2023-02-26T18:02:13,medium
statement_transaction_0930.csv,.csv,49,C:/Finance/Transactions/,2023-04-17T07:57:03,low
summary_transfer_0931.csv,.csv,4,C:/Finance/Transactions/,2023-03-08T11:30:46,medium
agreement_0932.pdf,.pdf,1024,C:/Finance/Loans/,2024-09-09T20:07:38,high
schedule_protocol_0933.xlsx,.xlsx,1227,C:/Finance/Internal/Policies/,2025-06-21T11:46:58,low
transaction_balance_0934.pdf,.pdf,1085,C:/Finance/Accounts/,2024-06-25T01:33:15,high
info_0935.csv,.csv,91,C:/Finance/Customers/,2022-12-09T18:01:10,low
memo_0936.pdf,.pdf,274,C:/Finance/Reports/,2025-11-02T11:15:58,medium
invoice_notice_0937.pdf,.pdf,44,C:/Finance/PublicInfo/Announcements/,2022-09-11T02:02:50,low
agreement_0938_final.xlsx,.xlsx,505,C:/Finance/Loans/,2023-09-18T06:26:52,medium
report_customer_0939.csv,.csv,344,C:/Finance/Customers/,2022-03-09T22:44:49,low
invoice_loan_0940.pdf,.pdf,328,C:/Finance/Loans/,2025-08-17T15:42:49,low
menu_contract_0941.pdf,.pdf,309,C:/Finance/Customers/,2023-02-20T11:30:22,low
announcement_0942.pdf,.pdf,2046,C:/Finance/PublicInfo/Guidelines/,2022-01-02T21:07:39,medium
guidelines_statement_0943.csv,.csv,90,C:/Finance/Transactions/,2025-07-02T03:38:35,low
profile_0944_draft.docx,.docx,854,C:/Finance/Customers/,2025-12-05T07:50:59,low
profile_0945.csv,.csv,223,C:/Finance/Customers/,2025-10-19T09:50:08,medium
announcement_roster_0946.pdf,.pdf,1508,C:/Finance/HR/,2022-04-29T15:15:39,low
balance_0947.pdf,.pdf,503,C:/Finance/Accounts/,2024-01-14T05:14:17,medium
schedule_info_0948.pdf,.pdf,869,C:/Finance/Customers/,2024-02-07T17:21:10,high
audit_0949.docx,.docx,70,C:/Finance/Compliance/,2024-05-03T08:51:07,low
menu_notice_0950.txt,.txt,118,C:/Finance/PublicInfo/Announcements/,2025-04-21T09:28:08,low
report_transfer_0951.xlsx,.xlsx,1927,C:/Finance/Transactions/,2022-04-03T13:12:21,low
analysis_0952.pdf,.pdf,1869,C:/Finance/Reports/,2025-11-19T05:23:19,medium
policy_0953.pdf,.pdf,710,C:/Finance/Compliance/,2025-02-12T19:15:36,high
announcement_ledger_0954.csv,.csv,284,C:/Finance/Accounts/,2023-07-22T09:17:29,low
tax_info_contract_0955.pdf,.pdf,544,C:/Finance/Loans/,2023-04-11T06:27:22,low
info_announcement_0956.txt,.txt,7,C:/Finance/PublicInfo/Announcements/,2022-09-07T02:14:10,low
public_notice_account_0957.csv,.csv,164,C:/Finance/Accounts/,2022-05-23T19:38:31,low
notice_0958.txt,.txt,117,C:/Finance/PublicInfo/Guidelines/,2022-10-13T08:36:00,high
bank_statement_schedule_0959.txt,.txt,105,C:/Finance/PublicInfo/Guidelines/,2024-10-01T12:45:17,medium
summary_audit_0960.pdf,.pdf,2497,C:/Finance/Compliance/,2022-04-12T11:16:30,high
statement_0961.xlsx,.xlsx,1767,C:/Finance/Transactions/,2022-05-13T02:29:48,medium
guideline_0962_draft.pdf,.pdf,562,C:/Finance/Internal/Policies/,2025-03-13T16:38:25,high
report_0963.xlsx,.xlsx,2609,C:/Finance/HR/,2025-02-25T19:18:34,low
notice_0964_archived.pdf,.pdf,1153,C:/Finance/PublicInfo/Guidelines/,2022-09-08T10:49:45,low
credit_report_loan_0965.xls,.xls,611,C:/Finance/Loans/,2025-01-21T05:39:17,high
schedule_repayment_0966.xlsx,.xlsx,258,C:/Finance/Loans/,2022-03-04T03:47:20,medium
policy_0967.pdf,.pdf,622,C:/Finance/Compliance/,2022-01-24T05:04:08,low
info_loan_0968.xls,.xls,786,C:/Finance/Loans/,2024-06-14T13:54:40,high
bank_statement_memo_0969.pdf,.pdf,1350,C:/Finance/Reports/,2022-08-07T04:15:09,high
policy_info_0970.csv,.csv,42,C:/Finance/Customers/,2025-08-05T09:45:20,low
schedule_guideline_0971.xlsx,.xlsx,994,C:/Finance/Internal/Policies/,2024-09-27T05:05:37,low
report_balance_0972.pdf,.pdf,387,C:/Finance/Accounts/,2023-08-27T02:00:08,high
public_notice_schedule_0973_v2.txt,.txt,89,C:/Finance/PublicInfo/Announcements/,2025-04-08T09:11:33,medium
policy_audit_0974.pdf,.pdf,69,C:/Finance/Compliance/,2022-03-01T11:16:08,high
schedule_notice_0975.pdf,.pdf,749,C:/Finance/PublicInfo/Guidelines/,2023-07-16T13:25:36,low
statement_policy_0976.xlsx,.xlsx,467,C:/Finance/Compliance/,2022-04-18T14:09:52,medium
schedule_report_0977.pdf,.pdf,725,C:/Finance/HR/,2022-05-24T14:27:35,low
guideline_0978.pdf,.pdf,265,C:/Finance/Compliance/,2025-05-02T16:19:18,low
schedule_contract_0979.xlsx,.xlsx,1108,C:/Finance/Loans/,2024-06-17T15:38:47,low
protocol_0980_archived.docx,.docx,79,C:/Finance/Internal/Policies/,2025-05-15T08:31:37,low
review_0981.pdf,.pdf,39,C:/Finance/Compliance/,2024-06-17T11:27:29,low
profile_0982.pdf,.pdf,1158,C:/Finance/Customers/,2023-06-25T17:34:12,low
transaction_0983.pdf,.pdf,587,C:/Finance/Transactions/,2025-06-26T08:27:13,medium
contract_0984.docx,.docx,530,C:/Finance/Customers/,2025-04-03T12:17:32,medium
analysis_summary_0985.pdf,.pdf,468,C:/Finance/Reports/,2024-12-05T15:01:44,low
policy_0986.docx,.docx,752,C:/Finance/Compliance/,2024-08-15T07:51:06,low
policy_0987.pdf,.pdf,894,C:/Finance/Compliance/,2025-08-16T01:52:24,low
review_0988_archived.pdf,.pdf,143,C:/Finance/Compliance/,2023-12-22T17:12:09,low
review_0989_draft.xlsx,.xlsx,58,C:/Finance/Compliance/,2024-10-20T05:26:20,low
report_0990.docx,.docx,542,C:/Finance/HR/,2022-02-10T18:33:08,high
repayment_0991.xls,.xls,1095,C:/Finance/Loans/,2023-08-31T23:02:51,low
announcement_summary_0992.xlsx,.xlsx,1561,C:/Finance/Transactions/,2024-03-14T13:29:14,low
invoice_loan_0993.docx,.docx,166,C:/Finance/Loans/,2024-05-08T21:48:41,low
summary_loan_0994.xlsx,.xlsx,1697,C:/Finance/Loans/,2025-12-01T02:14:47,low
bank_statement_profile_0995.docx,.docx,587,C:/Finance/Customers/,2022-12-11T11:38:02,low
report_0996.docx,.docx,294,C:/Finance/HR/,2024-09-01T16:35:04,low
ledger_0997_confidential.csv,.csv,498,C:/Finance/Accounts/,2022-10-08T14:17:19,high
profile_0998.pdf,.pdf,1152,C:/Finance/Customers/,2024-08-29T23:08:38,medium
policy_contract_0999.pdf,.pdf,1575,C:/Finance/Customers/,2024-07-31T09:43:56,high
policy_audit_1000.xlsx,.xlsx,105,C:/Finance/Accounts/,2022-07-08T21:20:18,high
menu_transfer_1001.xlsx,.xlsx,971,C:/Finance/Transactions/,2022-05-10T14:58:17,low
announcement_repayment_1002.pdf,.pdf,1057,C:/Finance/Loans/,2023-09-14T06:55:26,medium
transaction_summary_1003_confidential.csv,.csv,471,C:/Finance/Transactions/,2025-10-03T11:18:25,low
info_1004.txt,.txt,96,C:/Finance/PublicInfo/Announcements/,2025-10-26T19:56:23,low
info_1005.docx,.docx,747,C:/Finance/Customers/,2024-04-04T02:24:21,medium
memo_memo_1006.xlsx,.xlsx,359,C:/Finance/Reports/,2025-04-25T22:24:32,high
announcement_summary_1007.pdf,.pdf,76,C:/Finance/Reports/,2023-03-17T13:54:20,high
transaction_procedure_1008.docx,.docx,359,C:/Finance/Internal/Policies/,2022-11-04T19:34:58,low
announcement_statement_1009.csv,.csv,463,C:/Finance/Transactions/,2024-06-14T10:15:53,medium
ledger_1010.xlsx,.xlsx,1457,C:/Finance/Accounts/,2025-10-23T14:56:43,medium
credit_report_announcement_1011_final.csv,.csv,85,C:/Finance/PublicInfo/Guidelines/,2023-06-22T05:16:14,medium
review_1012.pdf,.pdf,1501,C:/Finance/Compliance/,2025-08-11T08:47:49,medium
customer_1013_final.csv,.csv,42,C:/Finance/Customers/,2025-08-31T02:54:03,low
memo_policy_1014.pdf,.pdf,3012,C:/Finance/Compliance/,2023-04-18T16:45:25,medium
contract_1015.pdf,.pdf,443,C:/Finance/Customers/,2022-07-16T04:23:03,high
memo_1016.csv,.csv,396,C:/Finance/Reports/,2024-01-13T10:24:11,low
schedule_schedule_1017.csv,.csv,298,C:/Finance/PublicInfo/Announcements/,2025-09-17T23:02:21,medium
transfer_1018.xlsx,.xlsx,1347,C:/Finance/Transactions/,2024-11-07T14:00:46,high
public_notice_transaction_1019.xlsx,.xlsx,548,C:/Finance/Transactions/,2023-04-30T09:41:40,low
announcement_1020.txt,.txt,93,C:/Finance/PublicInfo/Announcements/,2023-08-22T23:18:20,medium
info_schedule_1021.csv,.csv,140,C:/Finance/PublicInfo/Announcements/,2024-10-04T05:28:08,medium
customer_1022.pdf,.pdf,770,C:/Finance/Customers/,2024-10-25T04:52:48,low
summary_info_1023.txt,.txt,104,C:/Finance/PublicInfo/Guidelines/,2023-07-29T10:25:22,low
public_notice_profile_1024.pdf,.pdf,1205,C:/Finance/Customers/,2023-11-05T12:29:15,low
customer_1025.docx,.docx,385,C:/Finance/Customers/,2022-04-13T06:58:06,high
analysis_schedule_1026.pdf,.pdf,773,C:/Finance/PublicInfo/Guidelines/,2022-09-23T16:25:39,low
menu_statement_1027.csv,.csv,22,C:/Finance/Transactions/,2023-04-20T07:18:38,low
transfer_1028.csv,.csv,24,C:/Finance/Transactions/,2024-01-08T06:23:46,low
transaction_policy_1029.pdf,.pdf,1017,C:/Finance/Compliance/,2022-01-02T13:31:26,high
announcement_1030.csv,.csv,415,C:/Finance/PublicInfo/Announcements/,2022-08-16T17:00:31,low
info_1031.pdf,.pdf,660,C:/Finance/Customers/,2024-01-26T17:47:07,low
loan_contract_roster_1032.docx,.docx,375,C:/Finance/HR/,2024-07-14T10:55:44,low
announcement_1033.pdf,.pdf,653,C:/Finance/PublicInfo/Announcements/,2023-07-09T21:10:21,low
schedule_1034.pdf,.pdf,3399,C:/Finance/PublicInfo/Announcements/,2024-09-19T05:43:13,low
contract_1035.csv,.csv,838,C:/Finance/Customers/,2023-06-26T21:53:10,low
policy_summary_1036.xlsx,.xlsx,1983,C:/Finance/Reports/,2025-05-20T12:09:35,low
info_1037.txt,.txt,103,C:/Finance/PublicInfo/Announcements/,2025-12-11T09:45:10,low
transaction_agreement_1038.docx,.docx,426,C:/Finance/Loans/,2023-03-16T15:38:58,low
announcement_guideline_1039.docx,.docx,1063,C:/Finance/Internal/Policies/,2025-05-04T20:44:15,high
notice_1040.txt,.txt,33,C:/Finance/PublicInfo/Guidelines/,2024-06-28T02:45:47,low
loan_contract_profile_1041.pdf,.pdf,811,C:/Finance/Customers/,2023-02-10T20:30:45,medium
analysis_roster_1042.pdf,.pdf,607,C:/Finance/HR/,2022-11-06T22:45:47,low
schedule_report_1043.docx,.docx,610,C:/Finance/HR/,2023-11-18T11:16:32,low
summary_1044.xlsx,.xlsx,805,C:/Finance/Reports/,2022-02-12T23:43:18,medium
announcement_1045.pdf,.pdf,1026,C:/Finance/PublicInfo/Guidelines/,2024-03-06T16:27:12,low
menu_summary_1046_archived.pdf,.pdf,982,C:/Finance/Reports/,2024-03-15T16:44:54,low
transaction_announcement_1047.csv,.csv,369,C:/Finance/PublicInfo/Announcements/,2022-04-05T13:12:11,medium
customer_1048.csv,.csv,262,C:/Finance/Customers/,2022-07-31T21:27:47,medium
transfer_1049.pdf,.pdf,94,C:/Finance/Transactions/,2024-01-24T08:26:17,medium
report_policy_1050.pdf,.pdf,924,C:/Finance/Internal/Policies/,2025-07-17T14:17:32,high
info_1051.txt,.txt,134,C:/Finance/PublicInfo/Guidelines/,2023-02-09T07:37:32,low
procedure_1052.pdf,.pdf,1490,C:/Finance/Internal/Policies/,2024-10-18T08:05:07,low
transfer_1053.csv,.csv,10,C:/Finance/Transactions/,2024-02-05T19:02:06,medium
schedule_report_1054.xlsx,.xlsx,639,C:/Finance/Reports/,2023-08-28T22:58:49,medium
audit_1055_draft.csv,.csv,249,C:/Finance/Accounts/,2022-09-03T22:23:36,medium
analysis_1056.xlsx,.xlsx,416,C:/Finance/Reports/,2024-10-15T22:26:31,low
repayment_1057.docx,.docx,779,C:/Finance/Loans/,2024-10-19T20:34:10,low
credit_report_report_1058.xlsx,.xlsx,690,C:/Finance/HR/,2025-04-19T12:55:57,low
info_1059.pdf,.pdf,860,C:/Finance/PublicInfo/Guidelines/,2025-02-12T11:39:13,low
contract_1060.pdf,.pdf,742,C:/Finance/Loans/,2025-06-10T01:07:59,medium
summary_1061.csv,.csv,642,C:/Finance/Transactions/,2022-06-27T19:53:31,medium
loan_contract_ledger_1062.pdf,.pdf,1206,C:/Finance/Accounts/,2024-06-10T08:03:22,low
ledger_info_1063.pdf,.pdf,625,C:/Finance/PublicInfo/Guidelines/,2022-05-14T14:59:40,low
procedure_1064.docx,.docx,520,C:/Finance/Internal/Policies/,2023-09-26T20:21:46,low
ssn_guideline_1065.pdf,.pdf,38,C:/Finance/Internal/Policies/,2025-10-29T17:19:33,low
schedule_1066.csv,.csv,339,C:/Finance/PublicInfo/Guidelines/,2025-04-30T09:30:53,medium
statement_announcement_1067.pdf,.pdf,2516,C:/Finance/PublicInfo/Guidelines/,2023-01-26T12:11:40,medium
ssn_audit_1068_confidential.docx,.docx,160,C:/Finance/Compliance/,2024-08-19T00:45:15,medium
audit_1069.csv,.csv,218,C:/Finance/Accounts/,2023-10-17T15:08:35,low
payroll_1070.docx,.docx,199,C:/Finance/HR/,2024-10-27T10:57:47,low
tax_info_ledger_1071.xlsx,.xlsx,470,C:/Finance/Accounts/,2025-10-10T17:05:34,medium
report_announcement_1072_confidential.txt,.txt,116,C:/Finance/PublicInfo/Guidelines/,2022-12-20T19:19:37,medium
account_number_audit_1073.pdf,.pdf,2770,C:/Finance/Accounts/,2024-12-16T07:54:08,medium
guidelines_loan_1074.docx,.docx,476,C:/Finance/Loans/,2023-11-10T02:49:30,medium
report_balance_1075.xlsx,.xlsx,891,C:/Finance/Accounts/,2025-05-30T12:02:38,low
report_ledger_1076_archived.pdf,.pdf,816,C:/Finance/Accounts/,2023-01-15T10:05:20,high
schedule_payroll_1077.docx,.docx,725,C:/Finance/HR/,2025-06-17T14:40:33,low
memo_1078.csv,.csv,584,C:/Finance/Reports/,2024-10-12T09:36:35,low
summary_transaction_1079.xlsx,.xlsx,37,C:/Finance/Transactions/,2025-11-17T19:39:33,low
policy_agreement_1080.xlsx,.xlsx,669,C:/Finance/Loans/,2023-11-15T22:43:53,low
confidential_info_1081.csv,.csv,312,C:/Finance/PublicInfo/Announcements/,2024-08-05T05:02:34,low
review_1082.docx,.docx,496,C:/Finance/Compliance/,2024-04-07T04:44:18,medium
loan_contract_ledger_1083.csv,.csv,644,C:/Finance/Accounts/,2025-03-16T05:44:39,high
bank_statement_guideline_1084.docx,.docx,135,C:/Finance/Internal/Policies/,2024-05-09T12:18:05,low
audit_1085.xlsx,.xlsx,542,C:/Finance/Compliance/,2024-06-01T19:52:24,low
schedule_1086.pdf,.pdf,918,C:/Finance/PublicInfo/Guidelines/,2025-05-27T02:50:08,low
transaction_roster_1087.docx,.docx,441,C:/Finance/HR/,2024-10-11T10:45:51,medium
schedule_protocol_1088.docx,.docx,572,C:/Finance/Internal/Policies/,2022-02-27T11:36:00,low
analysis_1089.xlsx,.xlsx,737,C:/Finance/Reports/,2024-05-06T15:28:00,low
policy_summary_1090.csv,.csv,596,C:/Finance/Reports/,2024-10-16T00:38:17,medium
balance_1091.xlsx,.xlsx,1764,C:/Finance/Accounts/,2025-01-19T09:02:00,low
statement_1092.csv,.csv,318,C:/Finance/Transactions/,2024-04-19T13:06:50,high
announcement_audit_1093_final.csv,.csv,91,C:/Finance/Accounts/,2023-10-09T04:28:24,medium
profile_1094_confidential.docx,.docx,694,C:/Finance/Customers/,2024-10-09T19:30:34,low
report_1095.xlsx,.xlsx,1755,C:/Finance/Reports/,2022-02-09T16:01:28,high
info_1096.docx,.docx,64,C:/Finance/Customers/,2022-08-22T03:11:23,medium
policy_1097.xlsx,.xlsx,62,C:/Finance/Compliance/,2024-09-06T04:11:45,low
announcement_announcement_1098.csv,.csv,40,C:/Finance/PublicInfo/Guidelines/,2024-06-12T14:38:27,low
info_roster_1099.xlsx,.xlsx,958,C:/Finance/HR/,2025-09-29T09:13:58,low
menu_policy_1100.pdf,.pdf,85,C:/Finance/Compliance/,2024-06-03T10:37:03,low
analysis_agreement_1101.xlsx,.xlsx,1020,C:/Finance/Loans/,2024-02-24T12:43:53,medium
agreement_1102.xls,.xls,1128,C:/Finance/Loans/,2023-02-14T03:22:24,low
announcement_notice_1103.csv,.csv,361,C:/Finance/PublicInfo/Guidelines/,2024-03-10T20:45:17,high
info_1104.csv,.csv,328,C:/Finance/PublicInfo/Guidelines/,2023-06-08T05:07:23,low
report_1105_draft.xlsx,.xlsx,1323,C:/Finance/Reports/,2025-02-24T15:12:12,low
guidelines_guideline_1106.pdf,.pdf,97,C:/Finance/Compliance/,2022-01-13T02:11:56,high
guideline_1107.pdf,.pdf,687,C:/Finance/Internal/Policies/,2025-04-15T19:45:52,medium
announcement_contract_1108.pdf,.pdf,644,C:/Finance/Customers/,2025-02-15T04:49:58,low
memo_transaction_1109.xlsx,.xlsx,596,C:/Finance/Transactions/,2022-09-21T00:44:09,medium
summary_salary_1110.xlsx,.xlsx,800,C:/Finance/HR/,2022-02-12T11:41:11,medium
policy_1111_final.xlsx,.xlsx,421,C:/Finance/Internal/Policies/,2023-10-25T13:10:04,medium
info_1112.txt,.txt,33,C:/Finance/PublicInfo/Announcements/,2023-11-22T08:37:17,low
invoice_audit_1113.docx,.docx,1010,C:/Finance/Compliance/,2025-02-03T22:00:20,medium
policy_contract_1114.pdf,.pdf,452,C:/Finance/Customers/,2025-12-07T12:25:57,low
account_1115.csv,.csv,352,C:/Finance/Accounts/,2024-09-12T15:46:06,low
balance_1116.xlsx,.xlsx,1736,C:/Finance/Accounts/,2025-02-13T13:07:28,medium
summary_notice_1117_final.pdf,.pdf,606,C:/Finance/PublicInfo/Announcements/,2024-12-04T17:48:55,low
salary_1118.pdf,.pdf,387,C:/Finance/HR/,2023-04-12T04:33:36,low
summary_1119.pdf,.pdf,168,C:/Finance/Transactions/,2022-05-30T23:01:11,medium
statement_1120.csv,.csv,329,C:/Finance/Transactions/,2022-10-01T17:00:17,medium
info_1121.csv,.csv,251,C:/Finance/PublicInfo/Announcements/,2025-06-04T02:11:05,low
announcement_1122.txt,.txt,105,C:/Finance/PublicInfo/Announcements/,2023-02-11T09:21:02,low
memo_1123.xlsx,.xlsx,1007,C:/Finance/Reports/,2023-06-12T22:12:41,low
menu_balance_1124.xlsx,.xlsx,2412,C:/Finance/Accounts/,2022-07-20T17:29:48,high
procedure_1125.pdf,.pdf,621,C:/Finance/Internal/Policies/,2025-04-06T05:56:37,high
info_1126.pdf,.pdf,800,C:/Finance/PublicInfo/Guidelines/,2023-03-27T18:58:24,low
guidelines_agreement_1127.xlsx,.xlsx,1729,C:/Finance/Loans/,2023-09-11T04:10:54,high
announcement_notice_1128.pdf,.pdf,742,C:/Finance/PublicInfo/Announcements/,2023-08-10T23:31:12,high
audit_1129.pdf,.pdf,909,C:/Finance/Compliance/,2025-02-12T02:45:19,high
guideline_1130_confidential.pdf,.pdf,681,C:/Finance/Compliance/,2023-04-30T23:16:32,low
summary_1131.xlsx,.xlsx,1706,C:/Finance/Reports/,2024-01-03T07:04:44,medium
audit_1132.pdf,.pdf,1793,C:/Finance/Compliance/,2024-02-12T02:48:13,low
policy_1133.xlsx,.xlsx,864,C:/Finance/Compliance/,2023-11-26T12:32:51,low
transaction_summary_1134.xlsx,.xlsx,1022,C:/Finance/Reports/,2024-01-31T21:29:41,high
ledger_policy_1135_archived.docx,.docx,302,C:/Finance/Internal/Policies/,2023-05-15T08:15:46,medium
protocol_1136.pdf,.pdf,1094,C:/Finance/Internal/Policies/,2023-05-02T06:05:19,low
transaction_1137.csv,.csv,1,C:/Finance/Transactions/,2022-01-22T03:57:32,medium
statement_contract_1138.docx,.docx,344,C:/Finance/Loans/,2024-03-25T22:05:56,low
schedule_1139.pdf,.pdf,786,C:/Finance/PublicInfo/Announcements/,2025-12-03T05:32:27,medium
roster_1140.pdf,.pdf,1062,C:/Finance/HR/,2025-06-01T03:03:54,high
menu_protocol_1141.xlsx,.xlsx,1866,C:/Finance/Internal/Policies/,2025-12-12T08:26:38,medium
contract_1142_archived.pdf,.pdf,2190,C:/Finance/Loans/,2022-01-09T16:52:25,high
summary_report_1143.pdf,.pdf,1194,C:/Finance/HR/,2024-05-18T14:50:59,low
statement_1144.csv,.csv,488,C:/Finance/Transactions/,2025-04-06T11:24:59,low
guideline_1145_v2.xlsx,.xlsx,67,C:/Finance/Compliance/,2024-05-25T14:45:33,high
schedule_contract_1146.pdf,.pdf,1106,C:/Finance/Customers/,2025-09-15T13:46:56,low
procedure_1147.pdf,.pdf,2792,C:/Finance/Internal/Policies/,2022-09-14T00:52:29,low
announcement_notice_1148.csv,.csv,132,C:/Finance/PublicInfo/Announcements/,2022-07-02T05:07:49,low
public_notice_summary_1149.xlsx,.xlsx,1681,C:/Finance/Transactions/,2022-11-29T06:44:46,low
agreement_1150.xlsx,.xlsx,818,C:/Finance/Loans/,2024-11-30T16:21:20,low
policy_profile_1151_draft.docx,.docx,346,C:/Finance/Customers/,2024-08-16T10:27:54,low
notice_1152.csv,.csv,515,C:/Finance/PublicInfo/Guidelines/,2023-11-18T17:57:29,medium
summary_1153_draft.xlsx,.xlsx,619,C:/Finance/Reports/,2024-10-02T10:02:25,medium
schedule_roster_1154.pdf,.pdf,863,C:/Finance/HR/,2024-01-02T09:02:32,low
public_notice_procedure_1155_final.pdf,.pdf,892,C:/Finance/Internal/Policies/,2025-08-14T21:27:31,low
loan_1156_final.pdf,.pdf,270,C:/Finance/Loans/,2025-08-17T10:19:56,medium
statement_1157.xlsx,.xlsx,154,C:/Finance/Transactions/,2025-11-07T23:51:57,low
announcement_guideline_1158.xlsx,.xlsx,2181,C:/Finance/Internal/Policies/,2022-08-18T03:43:06,high
policy_salary_1159.docx,.docx,935,C:/Finance/HR/,2023-04-29T09:03:15,medium
ledger_payroll_1160.pdf,.pdf,1208,C:/Finance/HR/,2022-10-16T09:51:54,low
analysis_1161.xlsx,.xlsx,1364,C:/Finance/Reports/,2025-01-30T02:59:41,medium
transfer_1162.csv,.csv,303,C:/Finance/Transactions/,2023-03-22T22:59:23,low
contract_1163.pdf,.pdf,1895,C:/Finance/Loans/,2023-04-04T03:52:29,high
ledger_roster_1164.pdf,.pdf,303,C:/Finance/HR/,2025-07-16T01:09:30,low
contract_1165.pdf,.pdf,1143,C:/Finance/Loans/,2024-09-30T12:55:23,low
roster_1166_v2.docx,.docx,377,C:/Finance/HR/,2022-06-29T02:37:40,medium
invoice_schedule_1167.txt,.txt,9,C:/Finance/PublicInfo/Guidelines/,2023-05-16T18:54:03,medium
customer_1168.docx,.docx,9,C:/Finance/Customers/,2022-10-18T16:01:22,medium
guidelines_report_1169.pdf,.pdf,210,C:/Finance/Reports/,2024-01-06T16:02:47,low
policy_summary_1170.csv,.csv,442,C:/Finance/Transactions/,2025-10-31T10:42:03,low
policy_schedule_1171.pdf,.pdf,463,C:/Finance/PublicInfo/Guidelines/,2024-12-19T17:35:15,medium
notice_1172.pdf,.pdf,2946,C:/Finance/PublicInfo/Guidelines/,2023-04-26T10:33:11,medium
guidelines_contract_1173_v2.xlsx,.xlsx,612,C:/Finance/Loans/,2025-08-25T11:41:33,high
transfer_1174.xlsx,.xlsx,53,C:/Finance/Transactions/,2023-06-20T11:47:23,low
profile_1175.docx,.docx,475,C:/Finance/Customers/,2025-03-31T08:47:45,low
guidelines_contract_1176.docx,.docx,263,C:/Finance/Customers/,2023-09-04T19:48:20,low
schedule_announcement_1177.pdf,.pdf,220,C:/Finance/PublicInfo/Guidelines/,2025-07-02T20:32:33,low
ledger_1178.csv,.csv,431,C:/Finance/Accounts/,2023-11-08T08:54:43,high
contract_1179.pdf,.pdf,305,C:/Finance/Customers/,2023-02-10T11:30:43,medium
menu_policy_1180.pdf,.pdf,2169,C:/Finance/Compliance/,2025-06-02T06:31:29,low
analysis_audit_1181_archived.xlsx,.xlsx,561,C:/Finance/Accounts/,2022-06-30T03:14:35,high
protocol_1182.xlsx,.xlsx,1188,C:/Finance/Internal/Policies/,2022-06-23T11:26:20,low
public_notice_loan_1183.xlsx,.xlsx,205,C:/Finance/Loans/,2025-06-16T16:41:21,low
announcement_guideline_1184.xlsx,.xlsx,428,C:/Finance/Internal/Policies/,2024-12-02T06:23:09,low
policy_report_1185.pdf,.pdf,1604,C:/Finance/Reports/,2024-09-14T23:09:13,medium
announcement_audit_1186.csv,.csv,267,C:/Finance/Accounts/,2023-11-01T16:35:35,high
salary_1187.docx,.docx,435,C:/Finance/HR/,2022-03-05T03:12:20,low
customer_1188.pdf,.pdf,2387,C:/Finance/Customers/,2023-10-19T09:03:24,high
audit_1189.pdf,.pdf,2430,C:/Finance/Compliance/,2022-06-30T20:39:16,low
transfer_1190.xlsx,.xlsx,228,C:/Finance/Transactions/,2025-12-24T05:09:27,low
guideline_1191.pdf,.pdf,545,C:/Finance/Compliance/,2024-11-19T13:26:10,low
announcement_report_1192.docx,.docx,373,C:/Finance/HR/,2022-05-31T21:55:43,low
transfer_1193_draft.csv,.csv,66,C:/Finance/Transactions/,2023-10-16T15:14:53,low
menu_procedure_1194.docx,.docx,805,C:/Finance/Internal/Policies/,2024-02-15T03:07:23,low
analysis_statement_1195.xlsx,.xlsx,1368,C:/Finance/Transactions/,2023-06-21T09:41:13,low
info_1196.pdf,.pdf,144,C:/Finance/Customers/,2022-08-31T04:23:30,low
guideline_1197.pdf,.pdf,619,C:/Finance/Internal/Policies/,2025-03-01T20:16:11,low
notice_1198.csv,.csv,168,C:/Finance/PublicInfo/Announcements/,2022-06-21T20:41:18,medium
guideline_1199.docx,.docx,643,C:/Finance/Internal/Policies/,2023-03-10T05:23:22,medium
summary_1200.csv,.csv,322,C:/Finance/Reports/,2025-03-21T16:35:59,low
notice_1201.pdf,.pdf,585,C:/Finance/PublicInfo/Announcements/,2023-06-03T22:28:02,medium
announcement_1202.txt,.txt,78,C:/Finance/PublicInfo/Announcements/,2024-08-19T09:22:06,low
transaction_1203.csv,.csv,456,C:/Finance/Transactions/,2023-01-24T06:28:00,low
announcement_repayment_1204_confidential.xls,.xls,304,C:/Finance/Loans/,2025-08-13T21:49:03,low
agreement_1205.docx,.docx,162,C:/Finance/Loans/,2023-04-01T03:09:27,low
ledger_contract_1206.csv,.csv,180,C:/Finance/Customers/,2024-02-17T01:21:52,low
profile_1207.csv,.csv,342,C:/Finance/Customers/,2024-11-25T11:40:57,low
review_1208_archived.xlsx,.xlsx,1191,C:/Finance/Compliance/,2025-01-16T22:45:58,low
announcement_guideline_1209.pdf,.pdf,45,C:/Finance/Internal/Policies/,2025-04-09T05:30:24,medium
audit_1210.xlsx,.xlsx,1861,C:/Finance/Accounts/,2025-07-05T22:45:06,high
invoice_protocol_1211.xlsx,.xlsx,1038,C:/Finance/Internal/Policies/,2022-05-31T21:06:31,low
bank_statement_memo_1212.xlsx,.xlsx,167,C:/Finance/Reports/,2023-12-01T15:14:24,medium
salary_1213.pdf,.pdf,51,C:/Finance/HR/,2023-07-18T11:20:22,medium
roster_1214.docx,.docx,587,C:/Finance/HR/,2024-12-15T18:33:16,low
public_notice_repayment_1215.pdf,.pdf,2148,C:/Finance/Loans/,2023-02-07T23:55:20,medium
memo_1216.csv,.csv,607,C:/Finance/Reports/,2024-07-01T01:59:42,low
info_schedule_1217.pdf,.pdf,433,C:/Finance/PublicInfo/Guidelines/,2024-11-04T20:36:49,low
guidelines_profile_1218.pdf,.pdf,705,C:/Finance/Customers/,2023-12-15T12:45:16,low
policy_1219.xlsx,.xlsx,102,C:/Finance/Internal/Policies/,2023-05-27T21:12:45,medium
announcement_1220.pdf,.pdf,1180,C:/Finance/PublicInfo/Guidelines/,2023-02-02T19:03:31,high
agreement_1221.xls,.xls,441,C:/Finance/Loans/,2023-02-17T20:22:31,low
announcement_1222.pdf,.pdf,2996,C:/Finance/PublicInfo/Guidelines/,2023-01-14T22:45:52,medium
announcement_procedure_1223.xlsx,.xlsx,1246,C:/Finance/Internal/Policies/,2022-11-03T15:27:55,medium
ledger_info_1224.docx,.docx,501,C:/Finance/Customers/,2025-04-22T15:25:06,low
summary_1225.xlsx,.xlsx,1681,C:/Finance/Transactions/,2024-09-07T10:09:52,medium
policy_repayment_1226.docx,.docx,530,C:/Finance/Loans/,2024-08-30T08:03:11,medium
notice_1227.pdf,.pdf,169,C:/Finance/PublicInfo/Announcements/,2022-09-11T09:57:35,medium
policy_loan_1228.pdf,.pdf,502,C:/Finance/Loans/,2025-04-24T19:27:45,low
transaction_info_1229.csv,.csv,237,C:/Finance/Customers/,2024-11-09T17:46:18,low
analysis_agreement_1230.docx,.docx,378,C:/Finance/Loans/,2024-10-12T03:53:47,high
protocol_1231.xlsx,.xlsx,107,C:/Finance/Internal/Policies/,2023-07-31T00:05:43,medium
repayment_1232.docx,.docx,124,C:/Finance/Loans/,2025-03-30T01:43:24,medium
schedule_guideline_1233.pdf,.pdf,1572,C:/Finance/Compliance/,2025-01-18T07:29:41,high
policy_report_1234.docx,.docx,148,C:/Finance/HR/,2024-02-21T07:05:23,low
statement_notice_1235.csv,.csv,273,C:/Finance/PublicInfo/Announcements/,2022-03-13T11:00:08,low
review_1236.docx,.docx,471,C:/Finance/Compliance/,2022-03-29T04:06:09,low
policy_report_1237.pdf,.pdf,783,C:/Finance/Reports/,2025-07-04T12:31:49,high
agreement_1238.xlsx,.xlsx,489,C:/Finance/Loans/,2024-10-23T08:20:16,medium
payroll_1239.pdf,.pdf,1720,C:/Finance/HR/,2025-02-22T02:05:18,low
info_memo_1240.csv,.csv,18,C:/Finance/Reports/,2022-11-06T02:42:18,medium
payroll_1241.docx,.docx,500,C:/Finance/HR/,2025-05-24T19:12:46,low
account_1242_archived.pdf,.pdf,1384,C:/Finance/Accounts/,2024-04-17T00:16:12,low
announcement_1243.pdf,.pdf,152,C:/Finance/PublicInfo/Announcements/,2025-08-07T16:19:34,low
schedule_profile_1244.docx,.docx,270,C:/Finance/Customers/,2025-09-29T20:55:56,medium
credit_report_repayment_1245.xls,.xls,1640,C:/Finance/Loans/,2023-09-16T15:44:23,low
guideline_1246_v2.docx,.docx,181,C:/Finance/Internal/Policies/,2024-06-26T19:08:03,medium
analysis_1247.xlsx,.xlsx,1430,C:/Finance/Reports/,2025-09-09T05:10:01,low
policy_1248.docx,.docx,1001,C:/Finance/Internal/Policies/,2022-03-03T06:53:56,high
repayment_1249.docx,.docx,182,C:/Finance/Loans/,2022-09-11T15:51:06,medium
statement_audit_1250_archived.xlsx,.xlsx,261,C:/Finance/Compliance/,2025-08-19T22:26:27,low
public_notice_transfer_1251.xlsx,.xlsx,861,C:/Finance/Transactions/,2025-11-19T17:39:57,low
statement_procedure_1252.xlsx,.xlsx,1053,C:/Finance/Internal/Policies/,2022-11-23T17:34:33,medium
policy_customer_1253.csv,.csv,239,C:/Finance/Customers/,2022-06-05T10:43:54,medium
announcement_memo_1254.pdf,.pdf,1839,C:/Finance/Reports/,2025-06-12T13:18:19,medium
pin_audit_1255_v2.xlsx,.xlsx,454,C:/Finance/Compliance/,2023-12-31T19:53:13,high
account_1256.xlsx,.xlsx,665,C:/Finance/Accounts/,2025-12-25T11:28:49,medium
notice_1257.csv,.csv,366,C:/Finance/PublicInfo/Guidelines/,2022-11-14T00:32:17,low
info_roster_1258.pdf,.pdf,702,C:/Finance/HR/,2025-02-15T16:57:11,high
salary_agreement_1259.xlsx,.xlsx,945,C:/Finance/Loans/,2022-06-24T14:58:13,low
menu_schedule_1260.txt,.txt,81,C:/Finance/PublicInfo/Announcements/,2024-01-10T19:38:36,low
memo_info_1261.csv,.csv,172,C:/Finance/PublicInfo/Announcements/,2024-06-06T09:21:12,medium
info_transfer_1262.csv,.csv,156,C:/Finance/Transactions/,2022-06-13T11:11:31,high
transaction_statement_1263.csv,.csv,356,C:/Finance/Transactions/,2023-02-19T08:15:40,low
guidelines_loan_1264.docx,.docx,388,C:/Finance/Loans/,2022-01-23T05:57:10,low
agreement_1265.xls,.xls,121,C:/Finance/Loans/,2023-06-19T05:35:14,medium
summary_1266.xlsx,.xlsx,25,C:/Finance/Transactions/,2022-07-03T00:36:55,medium
policy_roster_1267.pdf,.pdf,1687,C:/Finance/HR/,2023-12-10T20:41:37,medium
menu_info_1268_draft.docx,.docx,284,C:/Finance/Customers/,2023-12-12T14:21:16,high
profile_1269.pdf,.pdf,1730,C:/Finance/Customers/,2022-05-09T21:14:34,medium
notice_1270.pdf,.pdf,703,C:/Finance/PublicInfo/Guidelines/,2025-03-02T16:32:36,low
report_1271.xlsx,.xlsx,1118,C:/Finance/Reports/,2024-04-04T16:16:15,high
invoice_agreement_1272.docx,.docx,954,C:/Finance/Loans/,2025-08-26T07:33:51,high
summary_1273.csv,.csv,667,C:/Finance/Transactions/,2023-12-29T00:27:33,low
report_1274_confidential.pdf,.pdf,1183,C:/Finance/Reports/,2024-07-11T17:21:47,low
guidelines_contract_1275.pdf,.pdf,1190,C:/Finance/Customers/,2025-05-06T11:52:04,low
guidelines_agreement_1276.xls,.xls,446,C:/Finance/Loans/,2022-07-11T19:20:53,low
ledger_policy_1277.xlsx,.xlsx,1427,C:/Finance/Internal/Policies/,2022-06-09T09:39:37,high
protocol_1278.pdf,.pdf,324,C:/Finance/Internal/Policies/,2025-09-29T09:14:11,low
report_1279.csv,.csv,472,C:/Finance/Reports/,2024-06-27T17:34:55,low
contract_1280.xlsx,.xlsx,3658,C:/Finance/Loans/,2024-07-26T05:15:11,high
ledger_guideline_1281.xlsx,.xlsx,460,C:/Finance/Internal/Policies/,2023-03-05T13:00:58,low
schedule_roster_1282.pdf,.pdf,1149,C:/Finance/HR/,2024-02-08T22:02:45,high
transaction_1283.xlsx,.xlsx,334,C:/Finance/Transactions/,2024-05-28T15:50:42,low
review_1284_final.docx,.docx,388,C:/Finance/Compliance/,2024-06-13T04:52:30,low
info_1285.pdf,.pdf,379,C:/Finance/Customers/,2025-01-20T19:45:17,low
audit_1286.xlsx,.xlsx,1952,C:/Finance/Accounts/,2024-09-02T17:56:57,medium
tax_info_guideline_1287_draft.docx,.docx,404,C:/Finance/Compliance/,2025-08-12T13:02:55,low
roster_1288.docx,.docx,298,C:/Finance/HR/,2023-12-13T19:06:16,medium
memo_report_1289.xlsx,.xlsx,354,C:/Finance/HR/,2023-07-01T12:13:47,medium
policy_1290.pdf,.pdf,1115,C:/Finance/Internal/Policies/,2023-09-23T19:12:37,medium
memo_1291.xlsx,.xlsx,18,C:/Finance/Reports/,2023-11-12T01:12:53,low
summary_1292_v2.csv,.csv,479,C:/Finance/Reports/,2024-05-20T16:24:22,low
public_notice_payroll_1293.xlsx,.xlsx,999,C:/Finance/HR/,2023-02-14T03:08:49,low
public_notice_agreement_1294.xls,.xls,894,C:/Finance/Loans/,2023-04-02T13:50:35,low
statement_guideline_1295.pdf,.pdf,1006,C:/Finance/Internal/Policies/,2022-12-15T16:47:45,medium
transfer_1296_v2.csv,.csv,27,C:/Finance/Transactions/,2024-05-14T05:12:01,low
invoice_schedule_1297.csv,.csv,202,C:/Finance/PublicInfo/Guidelines/,2023-07-20T09:44:41,low
guidelines_roster_1298.pdf,.pdf,66,C:/Finance/HR/,2024-12-27T04:40:05,low
transaction_1299.pdf,.pdf,186,C:/Finance/Transactions/,2023-05-02T23:33:35,low
info_1300.csv,.csv,288,C:/Finance/Customers/,2023-12-24T19:08:08,low
tax_info_report_1301.pdf,.pdf,1296,C:/Finance/HR/,2024-05-18T08:52:58,low
schedule_balance_1302_draft.pdf,.pdf,879,C:/Finance/Accounts/,2025-02-04T12:52:41,low
schedule_balance_1303.pdf,.pdf,494,C:/Finance/Accounts/,2023-05-29T11:10:21,medium
summary_1304.xlsx,.xlsx,315,C:/Finance/Transactions/,2022-01-11T12:36:10,low
procedure_1305.docx,.docx,857,C:/Finance/Internal/Policies/,2022-09-08T10:14:26,high
transfer_1306.csv,.csv,740,C:/Finance/Transactions/,2023-05-31T10:01:55,high
schedule_contract_1307.pdf,.pdf,1081,C:/Finance/Customers/,2023-04-29T10:12:17,medium
policy_memo_1308_draft.pdf,.pdf,2047,C:/Finance/Reports/,2023-06-12T17:41:09,high
announcement_announcement_1309.csv,.csv,660,C:/Finance/PublicInfo/Announcements/,2024-04-01T23:03:34,low
account_1310.xlsx,.xlsx,374,C:/Finance/Accounts/,2022-12-06T05:34:02,high
analysis_1311.pdf,.pdf,1422,C:/Finance/Reports/,2025-09-28T12:32:49,low
contract_1312_final.docx,.docx,642,C:/Finance/Loans/,2022-07-06T20:28:41,low
invoice_salary_1313.xlsx,.xlsx,2113,C:/Finance/HR/,2025-12-27T20:23:56,low
public_notice_schedule_1314.csv,.csv,316,C:/Finance/PublicInfo/Announcements/,2025-06-24T01:47:48,medium
announcement_1315.pdf,.pdf,1523,C:/Finance/PublicInfo/Announcements/,2025-07-27T10:30:22,low
schedule_protocol_1316.docx,.docx,151,C:/Finance/Internal/Policies/,2024-09-26T04:10:42,low
statement_statement_1317.csv,.csv,350,C:/Finance/Transactions/,2022-06-12T01:16:32,medium
summary_1318.xlsx,.xlsx,417,C:/Finance/Reports/,2022-03-27T14:51:22,low
summary_info_1319.csv,.csv,370,C:/Finance/PublicInfo/Guidelines/,2022-03-16T11:55:49,low
schedule_1320.pdf,.pdf,2176,C:/Finance/PublicInfo/Guidelines/,2025-09-19T06:05:27,low
guidelines_audit_1321.xlsx,.xlsx,207,C:/Finance/Compliance/,2022-12-11T04:37:18,medium
statement_report_1322_archived.pdf,.pdf,741,C:/Finance/Reports/,2023-01-09T10:17:28,low
analysis_1323.csv,.csv,373,C:/Finance/Reports/,2023-01-18T10:00:02,low
guideline_1324.pdf,.pdf,1146,C:/Finance/Internal/Policies/,2025-12-31T15:54:37,low
report_1325.pdf,.pdf,356,C:/Finance/HR/,2024-08-31T06:59:45,low
guideline_1326.pdf,.pdf,494,C:/Finance/Compliance/,2025-11-02T13:05:34,medium
guidelines_info_1327.pdf,.pdf,594,C:/Finance/PublicInfo/Announcements/,2025-08-21T23:39:12,low
guideline_1328.docx,.docx,667,C:/Finance/Internal/Policies/,2024-02-13T13:33:48,low
summary_1329.csv,.csv,627,C:/Finance/Transactions/,2022-05-10T21:07:59,high
contract_1330.pdf,.pdf,846,C:/Finance/Customers/,2024-02-22T08:17:16,medium
transaction_1331.pdf,.pdf,419,C:/Finance/Transactions/,2025-12-03T00:40:40,low
contract_1332.docx,.docx,528,C:/Finance/Loans/,2023-06-06T18:50:08,medium
info_notice_1333.pdf,.pdf,46,C:/Finance/PublicInfo/Announcements/,2022-06-23T00:01:04,medium
menu_profile_1334.docx,.docx,920,C:/Finance/Customers/,2022-01-10T04:01:40,high
salary_policy_1335.pdf,.pdf,719,C:/Finance/Compliance/,2025-07-04T00:53:13,high
info_1336.csv,.csv,368,C:/Finance/PublicInfo/Announcements/,2024-02-02T01:29:22,low
guideline_1337.docx,.docx,263,C:/Finance/Internal/Policies/,2022-12-14T17:21:14,low
contract_1338.pdf,.pdf,583,C:/Finance/Loans/,2025-06-05T05:22:13,low
schedule_salary_1339.docx,.docx,466,C:/Finance/HR/,2025-10-04T15:48:29,low
public_notice_review_1340.docx,.docx,281,C:/Finance/Compliance/,2022-12-04T00:49:45,low
statement_1341.xlsx,.xlsx,576,C:/Finance/Transactions/,2024-09-27T10:03:43,low
summary_report_1342.docx,.docx,263,C:/Finance/HR/,2022-12-04T08:59:16,low
analysis_memo_1343.xlsx,.xlsx,183,C:/Finance/Reports/,2023-03-01T14:06:26,low
policy_1344.xlsx,.xlsx,831,C:/Finance/Internal/Policies/,2025-03-30T16:32:39,medium
announcement_1345.pdf,.pdf,771,C:/Finance/PublicInfo/Announcements/,2025-09-01T10:58:57,low
balance_1346.xlsx,.xlsx,1799,C:/Finance/Accounts/,2023-05-06T02:41:37,medium
policy_policy_1347.xlsx,.xlsx,876,C:/Finance/Internal/Policies/,2023-10-07T23:15:04,low
profile_1348.docx,.docx,240,C:/Finance/Customers/,2025-08-10T07:32:02,low
transfer_1349.pdf,.pdf,3052,C:/Finance/Transactions/,2024-01-05T11:44:58,high
audit_1350.docx,.docx,737,C:/Finance/Compliance/,2024-02-03T22:24:13,low
announcement_protocol_1351_v2.docx,.docx,451,C:/Finance/Internal/Policies/,2025-12-23T12:24:11,low
transaction_1352.pdf,.pdf,49,C:/Finance/Transactions/,2022-09-20T15:01:10,low
report_1353.csv,.csv,375,C:/Finance/Reports/,2023-11-29T09:21:47,high
ledger_policy_1354.pdf,.pdf,774,C:/Finance/Compliance/,2024-06-10T03:19:09,low
ledger_audit_1355.xlsx,.xlsx,166,C:/Finance/Accounts/,2024-03-07T06:31:28,medium
policy_audit_1356.docx,.docx,970,C:/Finance/Compliance/,2022-05-12T17:23:52,medium
report_1357.csv,.csv,328,C:/Finance/Reports/,2023-08-04T00:55:28,low
customer_1358.pdf,.pdf,2808,C:/Finance/Customers/,2025-09-13T17:54:03,high
guideline_1359.docx,.docx,139,C:/Finance/Internal/Policies/,2022-03-29T06:02:08,medium
loan_1360.pdf,.pdf,1456,C:/Finance/Loans/,2024-12-01T01:03:28,high
summary_1361.csv,.csv,116,C:/Finance/Transactions/,2024-02-09T10:08:11,low
schedule_procedure_1362.xlsx,.xlsx,1506,C:/Finance/Internal/Policies/,2025-09-26T04:47:54,high
summary_announcement_1363.txt,.txt,54,C:/Finance/PublicInfo/Guidelines/,2024-07-09T02:51:01,low
policy_salary_1364.pdf,.pdf,1335,C:/Finance/HR/,2024-11-27T19:53:01,low
payroll_1365.docx,.docx,347,C:/Finance/HR/,2024-11-13T01:50:49,high
announcement_1366.pdf,.pdf,150,C:/Finance/PublicInfo/Announcements/,2024-07-29T14:55:54,low
info_1367.docx,.docx,89,C:/Finance/Customers/,2025-03-31T22:04:48,low
notice_1368.pdf,.pdf,901,C:/Finance/PublicInfo/Announcements/,2025-09-28T23:49:58,medium
schedule_1369.pdf,.pdf,48,C:/Finance/PublicInfo/Announcements/,2025-03-11T22:36:35,low
ssn_audit_1370.docx,.docx,509,C:/Finance/Compliance/,2025-06-23T19:03:34,high
agreement_1371_archived.pdf,.pdf,1506,C:/Finance/Loans/,2024-02-12T13:31:27,medium
audit_1372.pdf,.pdf,1158,C:/Finance/Compliance/,2025-08-15T21:50:26,low
repayment_1373.docx,.docx,35,C:/Finance/Loans/,2023-03-26T10:42:02,high
agreement_1374.pdf,.pdf,1956,C:/Finance/Loans/,2024-09-06T09:12:59,high
announcement_salary_1375.pdf,.pdf,1273,C:/Finance/HR/,2024-05-28T04:56:37,medium
public_notice_notice_1376.pdf,.pdf,380,C:/Finance/PublicInfo/Announcements/,2025-11-23T13:11:01,low
info_1377.csv,.csv,145,C:/Finance/PublicInfo/Announcements/,2024-06-07T23:57:24,low
transfer_1378.pdf,.pdf,447,C:/Finance/Transactions/,2022-05-29T11:34:47,low
policy_1379.xlsx,.xlsx,853,C:/Finance/Compliance/,2025-02-04T15:21:03,low
guidelines_roster_1380.docx,.docx,75,C:/Finance/HR/,2022-01-05T17:49:57,low
analysis_1381.pdf,.pdf,691,C:/Finance/Reports/,2025-10-04T00:35:09,low
notice_1382.pdf,.pdf,847,C:/Finance/PublicInfo/Guidelines/,2025-02-16T13:14:11,low
guidelines_summary_1383.xlsx,.xlsx,1827,C:/Finance/Transactions/,2022-02-09T06:38:40,high
ledger_1384.csv,.csv,420,C:/Finance/Accounts/,2023-08-17T10:43:03,low
policy_announcement_1385.pdf,.pdf,717,C:/Finance/PublicInfo/Guidelines/,2024-06-30T01:34:18,medium
confidential_repayment_1386.docx,.docx,252,C:/Finance/Loans/,2024-09-03T22:43:52,high
policy_policy_1387.docx,.docx,32,C:/Finance/Compliance/,2025-01-27T19:04:02,low
agreement_1388.docx,.docx,529,C:/Finance/Loans/,2025-03-18T07:44:52,medium
public_notice_summary_1389.csv,.csv,164,C:/Finance/Reports/,2023-09-08T03:35:00,low
statement_contract_1390.docx,.docx,275,C:/Finance/Loans/,2024-11-27T19:32:41,low
notice_1391.pdf,.pdf,1275,C:/Finance/PublicInfo/Guidelines/,2025-09-14T05:57:49,high
info_contract_1392_draft.docx,.docx,367,C:/Finance/Loans/,2022-03-04T08:09:20,low
ledger_transaction_1393.xlsx,.xlsx,168,C:/Finance/Transactions/,2023-09-09T23:59:57,low
credit_report_statement_1394.csv,.csv,291,C:/Finance/Transactions/,2023-02-03T02:44:41,medium
memo_1395_draft.pdf,.pdf,300,C:/Finance/Reports/,2024-11-09T16:14:53,low
summary_announcement_1396.csv,.csv,465,C:/Finance/PublicInfo/Guidelines/,2025-02-16T20:58:41,low
roster_1397.xlsx,.xlsx,2206,C:/Finance/HR/,2025-10-05T20:05:31,high
confidential_salary_1398.docx,.docx,92,C:/Finance/HR/,2023-05-24T12:49:13,high
notice_1399.csv,.csv,153,C:/Finance/PublicInfo/Announcements/,2024-11-02T04:28:07,low
report_transaction_1400.csv,.csv,41,C:/Finance/Transactions/,2023-08-16T12:24:08,low
policy_1401.xlsx,.xlsx,325,C:/Finance/Internal/Policies/,2024-10-12T08:56:33,low
customer_account_1402.xlsx,.xlsx,1246,C:/Finance/Accounts/,2022-07-06T22:02:30,low
balance_1403_final.pdf,.pdf,383,C:/Finance/Accounts/,2024-12-15T12:26:32,low
tax_info_schedule_1404_v2.pdf,.pdf,1299,C:/Finance/PublicInfo/Guidelines/,2023-11-03T20:18:12,medium
announcement_1405.txt,.txt,62,C:/Finance/PublicInfo/Announcements/,2025-01-07T19:03:19,low
payroll_1406.xlsx,.xlsx,138,C:/Finance/HR/,2024-10-07T00:33:00,medium
audit_1407.pdf,.pdf,816,C:/Finance/Accounts/,2025-02-27T11:22:28,low
memo_audit_1408.xlsx,.xlsx,1619,C:/Finance/Accounts/,2024-04-20T01:15:20,medium
contract_1409.docx,.docx,84,C:/Finance/Loans/,2023-03-31T07:18:32,medium
contract_1410.xlsx,.xlsx,1021,C:/Finance/Loans/,2023-01-29T07:59:29,medium
public_notice_contract_1411.docx,.docx,932,C:/Finance/Loans/,2025-08-28T12:22:09,high
info_agreement_1412.xls,.xls,730,C:/Finance/Loans/,2023-09-08T17:00:20,medium
customer_1413.csv,.csv,283,C:/Finance/Customers/,2022-09-13T20:31:54,low
summary_1414_draft.xlsx,.xlsx,210,C:/Finance/Transactions/,2023-09-03T04:38:07,high
transaction_1415.xlsx,.xlsx,1356,C:/Finance/Transactions/,2025-03-16T05:45:55,low
transaction_1416.pdf,.pdf,413,C:/Finance/Transactions/,2025-03-20T02:17:15,low
summary_guideline_1417_final.pdf,.pdf,1283,C:/Finance/Compliance/,2022-04-15T02:45:20,medium
memo_report_1418_confidential.pdf,.pdf,1130,C:/Finance/HR/,2024-07-05T01:15:58,medium
schedule_1419.txt,.txt,90,C:/Finance/PublicInfo/Announcements/,2025-08-30T18:55:34,low
review_1420.xlsx,.xlsx,650,C:/Finance/Compliance/,2024-02-01T16:01:27,low
ledger_1421.csv,.csv,826,C:/Finance/Accounts/,2025-01-16T15:49:05,low
profile_1422.docx,.docx,648,C:/Finance/Customers/,2024-12-29T16:31:00,medium
announcement_notice_1423.pdf,.pdf,2061,C:/Finance/PublicInfo/Announcements/,2022-10-09T12:51:58,high
announcement_1424.pdf,.pdf,747,C:/Finance/PublicInfo/Announcements/,2023-12-03T17:33:48,medium
tax_info_roster_1425.xlsx,.xlsx,616,C:/Finance/HR/,2023-01-22T20:59:00,low
balance_1426.csv,.csv,506,C:/Finance/Accounts/,2024-11-27T01:19:15,high
ledger_procedure_1427_v2.xlsx,.xlsx,1136,C:/Finance/Internal/Policies/,2024-02-10T17:39:03,low
schedule_summary_1428.csv,.csv,219,C:/Finance/Reports/,2023-10-18T22:48:58,low
contract_1429.pdf,.pdf,1710,C:/Finance/Customers/,2022-09-09T15:37:24,low
contract_1430.docx,.docx,203,C:/Finance/Customers/,2025-05-12T05:15:58,low
report_agreement_1431.xls,.xls,293,C:/Finance/Loans/,2024-03-03T13:29:11,low
ledger_1432.xlsx,.xlsx,973,C:/Finance/Accounts/,2024-01-17T06:12:22,low
public_notice_transfer_1433_archived.csv,.csv,410,C:/Finance/Transactions/,2024-11-02T06:37:57,low
contract_1434.xlsx,.xlsx,393,C:/Finance/Loans/,2025-07-28T12:55:48,low
memo_1435_archived.csv,.csv,810,C:/Finance/Reports/,2022-10-27T04:51:38,high
analysis_1436.xlsx,.xlsx,1543,C:/Finance/Reports/,2025-10-12T14:46:59,high
guideline_1437.docx,.docx,6,C:/Finance/Compliance/,2024-07-20T18:58:37,low
balance_1438.csv,.csv,344,C:/Finance/Accounts/,2024-10-06T23:58:38,high
policy_summary_1439.pdf,.pdf,1304,C:/Finance/Reports/,2024-07-04T20:25:51,low
notice_1440.csv,.csv,164,C:/Finance/PublicInfo/Guidelines/,2024-03-14T03:04:00,medium
transaction_protocol_1441.pdf,.pdf,907,C:/Finance/Internal/Policies/,2023-01-07T22:01:49,medium
policy_1442.docx,.docx,205,C:/Finance/Internal/Policies/,2023-10-21T10:12:10,low
transfer_1443.pdf,.pdf,1060,C:/Finance/Transactions/,2025-01-12T00:26:16,low
ledger_notice_1444_draft.txt,.txt,96,C:/Finance/PublicInfo/Guidelines/,2022-10-12T09:38:10,medium
schedule_info_1445.txt,.txt,52,C:/Finance/PublicInfo/Announcements/,2023-08-08T23:14:58,low
account_number_info_1446.csv,.csv,142,C:/Finance/PublicInfo/Guidelines/,2024-05-31T12:12:18,low
salary_review_1447.pdf,.pdf,452,C:/Finance/Compliance/,2023-07-16T07:32:33,medium
customer_account_1448.xlsx,.xlsx,860,C:/Finance/Accounts/,2024-10-22T17:39:16,low
transaction_protocol_1449.docx,.docx,347,C:/Finance/Internal/Policies/,2024-05-08T11:00:36,low
analysis_1450.csv,.csv,211,C:/Finance/Reports/,2022-09-07T03:59:17,medium
info_1451.docx,.docx,439,C:/Finance/Customers/,2023-01-11T23:19:39,high
notice_1452.txt,.txt,94,C:/Finance/PublicInfo/Announcements/,2023-11-08T01:10:53,high
guideline_1453.xlsx,.xlsx,2138,C:/Finance/Internal/Policies/,2023-11-19T10:37:23,high
menu_contract_1454_draft.xls,.xls,746,C:/Finance/Loans/,2023-06-16T17:26:56,low
public_notice_memo_1455.pdf,.pdf,244,C:/Finance/Reports/,2023-08-10T16:20:40,low
memo_repayment_1456.xls,.xls,918,C:/Finance/Loans/,2023-12-31T16:10:14,medium
ledger_1457.csv,.csv,111,C:/Finance/Accounts/,2023-08-15T19:37:33,low
audit_1458_draft.csv,.csv,273,C:/Finance/Accounts/,2023-02-08T16:14:56,medium
statement_announcement_1459.pdf,.pdf,2413,C:/Finance/PublicInfo/Announcements/,2022-05-24T12:03:21,medium
customer_protocol_1460.pdf,.pdf,473,C:/Finance/Internal/Policies/,2022-12-22T21:02:40,low
guidelines_policy_1461.pdf,.pdf,1447,C:/Finance/Compliance/,2025-02-25T06:01:18,low
public_notice_agreement_1462.pdf,.pdf,816,C:/Finance/Loans/,2022-06-07T16:34:42,high
summary_report_1463.xlsx,.xlsx,193,C:/Finance/HR/,2025-05-07T10:04:12,medium
transaction_ledger_1464.xlsx,.xlsx,1237,C:/Finance/Accounts/,2025-08-08T01:11:28,medium
repayment_1465.pdf,.pdf,854,C:/Finance/Loans/,2022-06-20T16:28:51,medium
transaction_1466_archived.csv,.csv,275,C:/Finance/Transactions/,2024-02-01T02:54:10,high
review_1467.docx,.docx,104,C:/Finance/Compliance/,2025-01-20T22:14:50,low
public_notice_guideline_1468.xlsx,.xlsx,969,C:/Finance/Compliance/,2023-07-25T21:26:24,low
report_1469.docx,.docx,323,C:/Finance/HR/,2022-01-25T22:04:19,medium
transfer_1470.xlsx,.xlsx,575,C:/Finance/Transactions/,2025-05-18T01:32:14,low
statement_report_1471.pdf,.pdf,339,C:/Finance/HR/,2022-07-22T14:11:25,low
invoice_policy_1472.xlsx,.xlsx,194,C:/Finance/Compliance/,2023-11-05T05:39:52,medium
menu_contract_1473_archived.docx,.docx,266,C:/Finance/Customers/,2022-01-18T04:12:15,medium
info_1474_confidential.pdf,.pdf,691,C:/Finance/Customers/,2023-09-19T16:17:29,high
menu_summary_1475.csv,.csv,454,C:/Finance/Reports/,2024-01-28T07:56:40,low
passwords_policy_1476.xlsx,.xlsx,86,C:/Finance/Compliance/,2025-02-10T06:25:34,low
salary_1477_archived.docx,.docx,428,C:/Finance/HR/,2022-01-19T19:40:11,medium
contract_1478.pdf,.pdf,222,C:/Finance/Loans/,2025-11-24T01:36:43,low
confidential_statement_1479.csv,.csv,486,C:/Finance/Transactions/,2024-11-10T20:47:07,high
info_1480.pdf,.pdf,1379,C:/Finance/PublicInfo/Announcements/,2023-02-05T22:02:42,low
protocol_1481.pdf,.pdf,1717,C:/Finance/Internal/Policies/,2025-01-18T03:26:45,low
statement_policy_1482.pdf,.pdf,1469,C:/Finance/Internal/Policies/,2025-01-30T02:59:44,medium
audit_1483_v2.pdf,.pdf,912,C:/Finance/Compliance/,2023-01-22T09:37:31,low
info_1484.csv,.csv,87,C:/Finance/PublicInfo/Announcements/,2023-01-12T16:50:19,low
loan_1485.xls,.xls,1296,C:/Finance/Loans/,2023-11-03T08:22:48,low
repayment_1486.docx,.docx,581,C:/Finance/Loans/,2024-02-04T01:53:55,high
info_guideline_1487.docx,.docx,602,C:/Finance/Compliance/,2023-08-09T09:53:54,medium
report_profile_1488.pdf,.pdf,2726,C:/Finance/Customers/,2024-10-03T14:03:49,high
loan_1489.xlsx,.xlsx,94,C:/Finance/Loans/,2023-07-09T23:15:50,medium
transaction_protocol_1490_confidential.docx,.docx,1369,C:/Finance/Internal/Policies/,2025-05-11T12:17:05,high
contract_1491_confidential.xlsx,.xlsx,837,C:/Finance/Loans/,2024-08-09T20:29:23,medium
info_roster_1492.docx,.docx,127,C:/Finance/HR/,2023-03-17T16:59:30,low
guidelines_audit_1493.csv,.csv,194,C:/Finance/Accounts/,2023-09-16T01:52:09,low
transaction_audit_1494.xlsx,.xlsx,832,C:/Finance/Compliance/,2025-09-21T11:38:41,high
profile_1495.pdf,.pdf,1047,C:/Finance/Customers/,2024-06-18T20:45:44,high
announcement_statement_1496.pdf,.pdf,1132,C:/Finance/Transactions/,2022-10-25T11:12:45,low
pin_memo_1497.pdf,.pdf,312,C:/Finance/Reports/,2023-05-18T15:55:16,low
schedule_1498.pdf,.pdf,953,C:/Finance/PublicInfo/Announcements/,2025-09-12T05:09:40,low
public_notice_repayment_1499.xlsx,.xlsx,784,C:/Finance/Loans/,2025-11-10T10:51:10,medium
info_transaction_1500.pdf,.pdf,644,C:/Finance/Transactions/,2024-01-21T00:01:39,low
schedule_1501.pdf,.pdf,52,C:/Finance/PublicInfo/Guidelines/,2025-02-09T23:45:42,low
account_1502.csv,.csv,451,C:/Finance/Accounts/,2023-09-25T18:35:52,low
guideline_1503.pdf,.pdf,1058,C:/Finance/Internal/Policies/,2024-06-07T09:53:23,medium
transfer_1504.pdf,.pdf,641,C:/Finance/Transactions/,2022-12-23T11:22:14,medium
statement_procedure_1505.docx,.docx,509,C:/Finance/Internal/Policies/,2022-04-29T05:25:35,medium
report_1506_draft.pdf,.pdf,189,C:/Finance/HR/,2024-06-20T06:32:17,low
transaction_1507.xlsx,.xlsx,272,C:/Finance/Transactions/,2022-10-03T07:51:49,low
salary_announcement_1508.txt,.txt,25,C:/Finance/PublicInfo/Guidelines/,2023-02-06T02:08:27,low
contract_1509.xls,.xls,1652,C:/Finance/Loans/,2025-04-03T12:43:23,medium
menu_payroll_1510_v2.docx,.docx,65,C:/Finance/HR/,2025-04-24T14:43:49,low
ledger_roster_1511.xlsx,.xlsx,569,C:/Finance/HR/,2024-11-03T16:47:04,low
summary_protocol_1512.docx,.docx,372,C:/Finance/Internal/Policies/,2025-11-20T15:54:39,low
procedure_1513.xlsx,.xlsx,807,C:/Finance/Internal/Policies/,2024-12-07T03:32:03,medium
info_1514_archived.pdf,.pdf,1174,C:/Finance/PublicInfo/Guidelines/,2025-04-20T06:14:17,low
ledger_policy_1515.pdf,.pdf,1486,C:/Finance/Compliance/,2024-05-15T23:31:54,low
notice_1516.txt,.txt,54,C:/Finance/PublicInfo/Announcements/,2022-01-06T18:45:23,high
protocol_1517.docx,.docx,723,C:/Finance/Internal/Policies/,2025-09-01T01:56:40,medium
announcement_1518.pdf,.pdf,222,C:/Finance/PublicInfo/Announcements/,2025-03-29T01:54:32,low
summary_1519.pdf,.pdf,494,C:/Finance/Reports/,2022-06-15T13:22:33,low
balance_1520.pdf,.pdf,1299,C:/Finance/Accounts/,2025-08-13T00:29:29,low
audit_1521_draft.xlsx,.xlsx,471,C:/Finance/Compliance/,2023-03-19T23:21:25,low
invoice_report_1522.pdf,.pdf,168,C:/Finance/Reports/,2022-10-11T16:31:41,medium
policy_1523_draft.docx,.docx,12,C:/Finance/Internal/Policies/,2025-08-27T19:15:29,low
menu_info_1524.csv,.csv,212,C:/Finance/Customers/,2023-04-30T12:11:01,high
schedule_policy_1525.pdf,.pdf,2305,C:/Finance/Compliance/,2022-03-08T01:26:28,low
info_1526.csv,.csv,284,C:/Finance/PublicInfo/Announcements/,2022-10-15T14:07:01,low
report_guideline_1527.pdf,.pdf,2424,C:/Finance/Internal/Policies/,2024-03-02T18:24:49,medium
passwords_statement_1528.pdf,.pdf,116,C:/Finance/Transactions/,2023-10-30T13:14:20,low
info_statement_1529.xlsx,.xlsx,1013,C:/Finance/Transactions/,2023-01-22T20:32:11,low
analysis_protocol_1530.xlsx,.xlsx,236,C:/Finance/Internal/Policies/,2023-01-28T22:08:43,low
loan_1531.xls,.xls,527,C:/Finance/Loans/,2023-01-24T08:31:31,medium
balance_1532.pdf,.pdf,854,C:/Finance/Accounts/,2022-11-23T13:00:32,medium
customer_info_1533.csv,.csv,268,C:/Finance/Customers/,2023-05-21T01:02:21,low
policy_review_1534.docx,.docx,233,C:/Finance/Compliance/,2024-10-31T08:56:52,medium
summary_1535_final.xlsx,.xlsx,1627,C:/Finance/Transactions/,2025-07-19T02:13:03,medium
guidelines_audit_1536_draft.pdf,.pdf,668,C:/Finance/Accounts/,2025-05-05T12:50:27,medium
policy_notice_1537.pdf,.pdf,86,C:/Finance/PublicInfo/Guidelines/,2022-09-07T06:19:07,medium
announcement_1538.pdf,.pdf,1228,C:/Finance/PublicInfo/Announcements/,2024-05-07T02:36:09,low
transaction_info_1539.txt,.txt,138,C:/Finance/PublicInfo/Guidelines/,2022-02-01T12:49:21,medium
profile_1540.docx,.docx,153,C:/Finance/Customers/,2025-12-17T20:03:03,medium
notice_1541.csv,.csv,1022,C:/Finance/PublicInfo/Guidelines/,2023-05-24T13:29:13,low
public_notice_notice_1542.txt,.txt,93,C:/Finance/PublicInfo/Guidelines/,2023-01-26T04:12:39,low
roster_1543_archived.pdf,.pdf,1122,C:/Finance/HR/,2025-08-25T12:58:09,low
summary_1544.pdf,.pdf,449,C:/Finance/Reports/,2022-06-10T07:17:31,medium
report_policy_1545.xlsx,.xlsx,2719,C:/Finance/Internal/Policies/,2024-05-02T04:05:58,low
statement_notice_1546.csv,.csv,218,C:/Finance/PublicInfo/Announcements/,2023-03-12T14:28:32,high
procedure_1547.xlsx,.xlsx,1935,C:/Finance/Internal/Policies/,2025-05-13T22:19:43,medium
policy_1548_draft.pdf,.pdf,25,C:/Finance/Internal/Policies/,2022-01-10T20:59:28,low
analysis_info_1549_confidential.csv,.csv,242,C:/Finance/PublicInfo/Announcements/,2023-06-27T02:07:38,low
analysis_1550_final.csv,.csv,25,C:/Finance/Reports/,2022-10-27T02:35:02,low
report_agreement_1551.xlsx,.xlsx,516,C:/Finance/Loans/,2022-12-17T11:54:58,high
statement_protocol_1552.docx,.docx,307,C:/Finance/Internal/Policies/,2022-04-09T06:48:04,medium
loan_contract_loan_1553.docx,.docx,825,C:/Finance/Loans/,2022-11-25T23:55:25,low
statement_profile_1554.pdf,.pdf,142,C:/Finance/Customers/,2025-12-18T21:25:47,medium
protocol_1555.xlsx,.xlsx,1683,C:/Finance/Internal/Policies/,2024-05-31T06:14:21,medium
menu_summary_1556.pdf,.pdf,551,C:/Finance/Transactions/,2022-02-01T02:41:18,medium
menu_summary_1557.xlsx,.xlsx,93,C:/Finance/Transactions/,2022-12-23T21:14:48,medium
ledger_schedule_1558.csv,.csv,469,C:/Finance/PublicInfo/Guidelines/,2024-04-17T08:19:20,low
report_transaction_1559.pdf,.pdf,119,C:/Finance/Transactions/,2023-05-31T20:41:07,medium
analysis_schedule_1560.pdf,.pdf,1024,C:/Finance/PublicInfo/Guidelines/,2024-03-15T14:45:52,low
bank_statement_loan_1561.xls,.xls,553,C:/Finance/Loans/,2022-02-16T12:59:39,high
ledger_1562.pdf,.pdf,1115,C:/Finance/Accounts/,2025-02-26T23:08:54,low
guideline_1563.docx,.docx,534,C:/Finance/Internal/Policies/,2023-08-01T03:59:47,high
ledger_1564.pdf,.pdf,278,C:/Finance/Accounts/,2025-05-19T12:10:27,low
info_1565.txt,.txt,28,C:/Finance/PublicInfo/Guidelines/,2024-01-11T15:35:05,high
payroll_1566.pdf,.pdf,84,C:/Finance/HR/,2022-03-07T23:01:02,low
salary_memo_1567_confidential.xlsx,.xlsx,1645,C:/Finance/Reports/,2024-09-16T00:42:01,low
summary_1568.pdf,.pdf,210,C:/Finance/Reports/,2022-08-20T21:18:10,medium
roster_1569.pdf,.pdf,578,C:/Finance/HR/,2023-08-07T01:08:59,low
audit_ledger_1570.csv,.csv,87,C:/Finance/Accounts/,2023-07-06T14:13:57,medium
balance_1571.pdf,.pdf,168,C:/Finance/Accounts/,2025-09-06T02:54:27,high
menu_policy_1572.pdf,.pdf,892,C:/Finance/Compliance/,2024-01-06T18:38:42,low
statement_schedule_1573.csv,.csv,41,C:/Finance/PublicInfo/Announcements/,2024-11-11T11:15:03,low
schedule_info_1574.pdf,.pdf,964,C:/Finance/Customers/,2023-04-08T06:50:14,low
agreement_1575.pdf,.pdf,102,C:/Finance/Loans/,2023-04-26T22:09:59,low
report_1576.docx,.docx,277,C:/Finance/HR/,2025-03-11T12:56:57,low
report_1577.csv,.csv,373,C:/Finance/Reports/,2024-04-24T06:00:02,low
loan_1578.pdf,.pdf,46,C:/Finance/Loans/,2025-09-02T18:06:38,medium
payroll_1579.pdf,.pdf,1749,C:/Finance/HR/,2024-02-18T05:30:32,low
info_1580.pdf,.pdf,1487,C:/Finance/PublicInfo/Guidelines/,2024-11-12T12:31:41,medium
report_1581.pdf,.pdf,88,C:/Finance/Reports/,2025-04-03T10:59:53,medium
menu_summary_1582.pdf,.pdf,1280,C:/Finance/Reports/,2022-05-20T21:35:30,low
public_notice_customer_1583.csv,.csv,135,C:/Finance/Customers/,2022-11-04T13:36:28,high
policy_notice_1584_archived.pdf,.pdf,102,C:/Finance/PublicInfo/Announcements/,2024-08-08T12:21:34,low
schedule_1585_confidential.txt,.txt,112,C:/Finance/PublicInfo/Guidelines/,2025-01-23T22:12:39,low
notice_1586.csv,.csv,770,C:/Finance/PublicInfo/Guidelines/,2022-06-24T00:12:28,high
announcement_1587.pdf,.pdf,508,C:/Finance/PublicInfo/Guidelines/,2023-02-14T22:25:33,low
report_1588.xlsx,.xlsx,273,C:/Finance/HR/,2024-08-05T04:51:09,low
pin_report_1589.pdf,.pdf,343,C:/Finance/Reports/,2023-03-30T23:37:37,low
policy_transaction_1590.csv,.csv,486,C:/Finance/Transactions/,2022-12-01T21:36:49,low
statement_guideline_1591.pdf,.pdf,921,C:/Finance/Internal/Policies/,2025-03-04T21:28:48,high
schedule_payroll_1592.docx,.docx,177,C:/Finance/HR/,2023-09-07T09:10:48,low
policy_1593.docx,.docx,429,C:/Finance/Compliance/,2025-08-08T01:11:09,high
ledger_1594.pdf,.pdf,784,C:/Finance/Accounts/,2022-05-18T07:02:08,high
ledger_1595.csv,.csv,376,C:/Finance/Accounts/,2022-12-06T14:09:02,low
info_report_1596.xlsx,.xlsx,732,C:/Finance/HR/,2023-10-22T09:31:16,low
info_1597.txt,.txt,78,C:/Finance/PublicInfo/Guidelines/,2024-03-30T22:10:42,high
schedule_1598.csv,.csv,212,C:/Finance/PublicInfo/Announcements/,2022-11-26T06:28:10,low
transaction_1599_draft.xlsx,.xlsx,444,C:/Finance/Transactions/,2022-03-15T18:36:09,low
announcement_1600.pdf,.pdf,354,C:/Finance/PublicInfo/Guidelines/,2023-12-05T21:05:17,medium
analysis_report_1601.pdf,.pdf,702,C:/Finance/HR/,2025-03-04T21:36:16,low
guidelines_info_1602.pdf,.pdf,353,C:/Finance/PublicInfo/Announcements/,2023-04-03T08:18:26,low
balance_1603.pdf,.pdf,1723,C:/Finance/Accounts/,2025-06-07T18:01:36,low
summary_1604.csv,.csv,685,C:/Finance/Transactions/,2024-05-16T16:20:17,high
schedule_1605.pdf,.pdf,635,C:/Finance/PublicInfo/Announcements/,2025-03-09T23:03:17,low
transfer_1606.csv,.csv,332,C:/Finance/Transactions/,2023-07-17T00:56:44,medium
transaction_1607.pdf,.pdf,285,C:/Finance/Transactions/,2025-10-10T08:17:50,low
contract_1608.csv,.csv,71,C:/Finance/Customers/,2024-07-06T07:53:16,low
transaction_report_1609.xlsx,.xlsx,323,C:/Finance/Reports/,2025-07-12T03:21:52,medium
public_notice_transaction_1610.csv,.csv,365,C:/Finance/Transactions/,2024-06-06T19:19:33,medium
summary_1611.csv,.csv,470,C:/Finance/Reports/,2024-07-01T19:44:01,low
report_payroll_1612.xlsx,.xlsx,968,C:/Finance/HR/,2024-03-09T07:31:43,low
review_1613_final.docx,.docx,483,C:/Finance/Compliance/,2022-11-10T21:17:36,high
memo_customer_1614_final.pdf,.pdf,780,C:/Finance/Customers/,2024-09-05T10:57:29,high
procedure_1615.docx,.docx,264,C:/Finance/Internal/Policies/,2025-09-16T08:34:31,low
policy_1616_draft.xlsx,.xlsx,36,C:/Finance/Internal/Policies/,2024-02-09T08:57:32,medium
guidelines_announcement_1617.txt,.txt,105,C:/Finance/PublicInfo/Announcements/,2025-03-31T05:26:50,medium
audit_1618_final.docx,.docx,76,C:/Finance/Compliance/,2024-01-07T13:11:46,low
policy_1619.xlsx,.xlsx,82,C:/Finance/Compliance/,2024-04-08T19:39:53,medium
report_1620.docx,.docx,181,C:/Finance/HR/,2022-09-24T00:36:23,low
transaction_1621.csv,.csv,115,C:/Finance/Transactions/,2025-10-28T17:23:49,low
ssn_loan_1622.xls,.xls,1374,C:/Finance/Loans/,2023-05-09T14:48:00,medium
policy_contract_1623.docx,.docx,283,C:/Finance/Loans/,2023-02-16T00:57:12,high
protocol_1624_archived.docx,.docx,1062,C:/Finance/Internal/Policies/,2023-11-01T18:48:01,medium
audit_salary_1625.docx,.docx,368,C:/Finance/HR/,2025-11-06T22:26:27,medium
menu_notice_1626.csv,.csv,20,C:/Finance/PublicInfo/Announcements/,2025-10-21T04:39:41,low
protocol_1627.pdf,.pdf,581,C:/Finance/Internal/Policies/,2024-02-03T05:12:34,low
policy_1628.pdf,.pdf,1462,C:/Finance/Internal/Policies/,2022-10-03T07:06:50,low
announcement_info_1629.txt,.txt,4,C:/Finance/PublicInfo/Guidelines/,2024-04-26T00:05:54,low
policy_1630.docx,.docx,278,C:/Finance/Compliance/,2023-01-02T12:51:01,low
policy_1631.docx,.docx,987,C:/Finance/Compliance/,2025-07-29T22:50:48,high
repayment_1632.pdf,.pdf,753,C:/Finance/Loans/,2023-07-23T14:58:44,high
public_notice_ledger_1633.pdf,.pdf,2352,C:/Finance/Accounts/,2025-12-26T16:23:38,high
repayment_1634.pdf,.pdf,1181,C:/Finance/Loans/,2024-05-16T02:05:28,low
policy_1635.pdf,.pdf,1179,C:/Finance/Internal/Policies/,2022-01-26T02:43:21,low
repayment_1636.pdf,.pdf,1564,C:/Finance/Loans/,2025-07-31T15:13:56,low
info_1637.txt,.txt,32,C:/Finance/PublicInfo/Guidelines/,2023-04-09T03:21:46,medium
procedure_1638.docx,.docx,19,C:/Finance/Internal/Policies/,2023-12-13T07:12:24,medium
policy_balance_1639.csv,.csv,8,C:/Finance/Accounts/,2024-10-17T04:32:50,medium
repayment_1640.pdf,.pdf,309,C:/Finance/Loans/,2024-10-28T00:14:18,high
public_notice_notice_1641.txt,.txt,107,C:/Finance/PublicInfo/Announcements/,2025-07-19T17:03:29,low
contract_1642.docx,.docx,225,C:/Finance/Loans/,2024-03-25T14:33:20,high
statement_account_1643_draft.csv,.csv,123,C:/Finance/Accounts/,2023-08-30T02:00:41,low
public_notice_policy_1644_final.xlsx,.xlsx,268,C:/Finance/Compliance/,2025-08-17T06:49:03,low
analysis_memo_1645.pdf,.pdf,2188,C:/Finance/Reports/,2024-09-18T13:35:39,medium
transaction_summary_1646.xlsx,.xlsx,56,C:/Finance/Transactions/,2024-06-08T11:52:08,low
summary_info_1647.pdf,.pdf,222,C:/Finance/Customers/,2023-06-18T09:02:27,medium
review_1648.pdf,.pdf,552,C:/Finance/Compliance/,2024-08-02T09:33:19,medium
report_1649.pdf,.pdf,20,C:/Finance/Reports/,2024-01-31T14:48:29,medium
info_info_1650_draft.pdf,.pdf,2041,C:/Finance/PublicInfo/Guidelines/,2022-01-12T19:26:07,high
transaction_1651.csv,.csv,534,C:/Finance/Transactions/,2022-03-14T20:10:47,high
transfer_1652.xlsx,.xlsx,943,C:/Finance/Transactions/,2023-04-23T19:25:53,high
policy_info_1653.pdf,.pdf,309,C:/Finance/Customers/,2023-10-14T15:29:11,high
announcement_1654.csv,.csv,157,C:/Finance/PublicInfo/Announcements/,2024-08-22T08:00:46,low
summary_roster_1655.xlsx,.xlsx,561,C:/Finance/HR/,2024-08-14T11:39:33,high
ledger_announcement_1656.csv,.csv,490,C:/Finance/PublicInfo/Guidelines/,2023-01-01T01:48:19,low
info_1657.txt,.txt,72,C:/Finance/PublicInfo/Guidelines/,2024-05-15T21:37:25,low
review_1658.docx,.docx,109,C:/Finance/Compliance/,2022-09-18T08:12:10,low
policy_repayment_1659.docx,.docx,817,C:/Finance/Loans/,2023-05-08T22:49:06,low
policy_procedure_1660.docx,.docx,274,C:/Finance/Internal/Policies/,2025-08-15T00:04:10,low
pin_account_1661.pdf,.pdf,1229,C:/Finance/Accounts/,2024-09-25T07:44:49,low
customer_1662.csv,.csv,1,C:/Finance/Customers/,2024-09-10T23:31:44,medium
summary_audit_1663.docx,.docx,50,C:/Finance/Compliance/,2025-01-18T09:54:39,low
notice_1664.pdf,.pdf,796,C:/Finance/PublicInfo/Announcements/,2023-03-31T15:27:39,low
loan_contract_guideline_1665.pdf,.pdf,1206,C:/Finance/Compliance/,2025-06-17T19:59:07,low
loan_1666.xls,.xls,1387,C:/Finance/Loans/,2022-08-11T11:21:10,high
ledger_1667.csv,.csv,535,C:/Finance/Accounts/,2023-02-12T14:37:19,high
schedule_1668.pdf,.pdf,671,C:/Finance/PublicInfo/Announcements/,2025-01-01T23:48:09,low
invoice_info_1669.docx,.docx,74,C:/Finance/Customers/,2024-01-22T14:36:53,low
loan_1670.docx,.docx,170,C:/Finance/Loans/,2024-11-06T11:21:57,low
notice_1671.txt,.txt,135,C:/Finance/PublicInfo/Announcements/,2022-07-07T20:35:18,low
guidelines_notice_1672.pdf,.pdf,225,C:/Finance/PublicInfo/Announcements/,2022-10-17T04:07:00,medium
audit_1673.xlsx,.xlsx,253,C:/Finance/Accounts/,2024-06-28T00:58:12,low
invoice_profile_1674.docx,.docx,98,C:/Finance/Customers/,2025-08-22T06:46:12,medium
info_1675.pdf,.pdf,438,C:/Finance/PublicInfo/Guidelines/,2025-03-01T05:39:16,medium
info_1676.pdf,.pdf,210,C:/Finance/PublicInfo/Announcements/,2024-06-16T06:49:17,medium
notice_1677.txt,.txt,153,C:/Finance/PublicInfo/Announcements/,2023-11-13T15:30:02,low
summary_balance_1678_v2.xlsx,.xlsx,508,C:/Finance/Accounts/,2025-01-21T13:29:14,low
info_1679.pdf,.pdf,1478,C:/Finance/Customers/,2022-07-22T23:40:06,low
loan_1680.pdf,.pdf,533,C:/Finance/Loans/,2022-03-26T08:06:03,low
confidential_info_1681.pdf,.pdf,302,C:/Finance/PublicInfo/Guidelines/,2024-02-22T02:22:32,low
schedule_notice_1682.csv,.csv,140,C:/Finance/PublicInfo/Guidelines/,2023-01-03T20:23:21,low
confidential_notice_1683_draft.txt,.txt,22,C:/Finance/PublicInfo/Guidelines/,2024-06-10T10:45:54,medium
ssn_analysis_1684.pdf,.pdf,820,C:/Finance/Reports/,2024-09-25T17:29:03,low
protocol_1685.docx,.docx,856,C:/Finance/Internal/Policies/,2025-09-10T04:03:08,high
notice_1686.pdf,.pdf,1326,C:/Finance/PublicInfo/Guidelines/,2024-12-02T20:46:22,low
procedure_1687.pdf,.pdf,911,C:/Finance/Internal/Policies/,2022-11-18T22:40:36,high
contract_1688.pdf,.pdf,1074,C:/Finance/Loans/,2025-04-13T07:00:55,low
announcement_profile_1689.pdf,.pdf,1031,C:/Finance/Customers/,2023-06-17T17:41:24,low
notice_1690.csv,.csv,283,C:/Finance/PublicInfo/Guidelines/,2022-10-26T22:51:13,low
report_guideline_1691.docx,.docx,586,C:/Finance/Compliance/,2025-04-02T09:24:32,low
report_report_1692.docx,.docx,266,C:/Finance/HR/,2022-07-29T03:31:43,medium
announcement_agreement_1693.xls,.xls,623,C:/Finance/Loans/,2022-04-13T13:18:48,low
memo_balance_1694.pdf,.pdf,770,C:/Finance/Accounts/,2023-12-06T20:26:31,low
memo_info_1695.pdf,.pdf,157,C:/Finance/Customers/,2023-02-07T21:32:22,low
customer_1696.csv,.csv,678,C:/Finance/Customers/,2024-08-12T04:56:34,medium
repayment_1697_confidential.docx,.docx,321,C:/Finance/Loans/,2022-05-13T14:57:29,low
review_1698.docx,.docx,675,C:/Finance/Compliance/,2025-10-31T20:11:19,high
invoice_customer_1699.pdf,.pdf,2078,C:/Finance/Customers/,2024-08-15T03:15:35,medium
public_notice_memo_1700.csv,.csv,463,C:/Finance/Reports/,2024-11-17T18:56:31,medium
guidelines_analysis_1701.xlsx,.xlsx,1077,C:/Finance/Reports/,2022-01-05T05:51:26,medium
customer_customer_1702_final.pdf,.pdf,103,C:/Finance/Customers/,2023-11-30T00:04:44,low
review_1703.pdf,.pdf,836,C:/Finance/Compliance/,2025-06-15T22:05:14,low
report_report_1704.xlsx,.xlsx,437,C:/Finance/Reports/,2023-12-05T15:41:22,medium
guidelines_info_1705_final.pdf,.pdf,1253,C:/Finance/Customers/,2024-02-04T08:19:28,medium
announcement_salary_1706_confidential.docx,.docx,255,C:/Finance/HR/,2023-11-26T02:39:02,medium
review_1707_final.docx,.docx,3,C:/Finance/Compliance/,2025-06-02T10:22:16,low
ledger_statement_1708.xlsx,.xlsx,3679,C:/Finance/Transactions/,2022-04-10T12:52:20,medium
ledger_announcement_1709_draft.pdf,.pdf,1205,C:/Finance/PublicInfo/Guidelines/,2024-07-04T11:13:32,low
ledger_1710.pdf,.pdf,1279,C:/Finance/Accounts/,2022-02-28T00:32:11,medium
statement_ledger_1711.pdf,.pdf,975,C:/Finance/Accounts/,2024-06-10T22:33:59,low
ledger_1712.xlsx,.xlsx,563,C:/Finance/Accounts/,2022-02-28T20:55:57,high
guideline_1713.docx,.docx,711,C:/Finance/Internal/Policies/,2024-09-19T11:13:56,medium
ledger_transaction_1714.xlsx,.xlsx,654,C:/Finance/Transactions/,2023-08-17T10:08:31,low
announcement_contract_1715.pdf,.pdf,1746,C:/Finance/Customers/,2022-10-12T07:18:22,medium
statement_1716.pdf,.pdf,1442,C:/Finance/Transactions/,2022-01-23T18:34:56,low
profile_1717.csv,.csv,263,C:/Finance/Customers/,2022-11-29T23:15:29,low
menu_notice_1718_archived.pdf,.pdf,657,C:/Finance/PublicInfo/Announcements/,2025-06-01T19:18:43,medium
payroll_1719.docx,.docx,279,C:/Finance/HR/,2024-07-14T00:52:39,low
schedule_1720.csv,.csv,23,C:/Finance/PublicInfo/Guidelines/,2022-02-04T19:37:23,low
info_1721.txt,.txt,17,C:/Finance/PublicInfo/Guidelines/,2024-04-29T03:24:07,low
guidelines_guideline_1722.xlsx,.xlsx,100,C:/Finance/Compliance/,2025-12-11T04:52:43,low
menu_statement_1723.xlsx,.xlsx,881,C:/Finance/Transactions/,2022-03-14T17:39:46,high
announcement_guideline_1724.docx,.docx,310,C:/Finance/Compliance/,2024-10-03T13:24:04,high
public_notice_info_1725.csv,.csv,406,C:/Finance/Customers/,2025-02-02T02:54:04,medium
review_1726.docx,.docx,831,C:/Finance/Compliance/,2025-01-13T04:48:31,high
contract_1727_archived.pdf,.pdf,2040,C:/Finance/Customers/,2022-10-03T00:07:48,high
notice_1728.pdf,.pdf,2413,C:/Finance/PublicInfo/Announcements/,2024-06-21T14:30:29,low
review_1729.pdf,.pdf,111,C:/Finance/Compliance/,2023-01-22T06:31:38,medium
policy_report_1730.xlsx,.xlsx,1031,C:/Finance/HR/,2023-08-23T12:42:27,low
agreement_1731.pdf,.pdf,347,C:/Finance/Loans/,2024-02-20T15:46:56,medium
protocol_1732.xlsx,.xlsx,341,C:/Finance/Internal/Policies/,2025-09-29T13:14:26,low
ledger_guideline_1733.pdf,.pdf,39,C:/Finance/Compliance/,2024-08-26T04:02:10,medium
customer_profile_1734.pdf,.pdf,1534,C:/Finance/Customers/,2025-09-18T08:45:00,high
statement_summary_1735.pdf,.pdf,1063,C:/Finance/Transactions/,2023-01-31T08:54:53,medium
memo_report_1736.xlsx,.xlsx,514,C:/Finance/Reports/,2023-02-12T06:52:51,low
schedule_customer_1737.docx,.docx,445,C:/Finance/Customers/,2025-08-05T20:39:12,medium
customer_1738.docx,.docx,455,C:/Finance/Customers/,2025-03-15T18:10:44,high
schedule_announcement_1739.txt,.txt,20,C:/Finance/PublicInfo/Guidelines/,2023-10-05T15:50:03,low
info_1740.csv,.csv,549,C:/Finance/PublicInfo/Guidelines/,2024-08-15T15:35:56,low
schedule_1741.txt,.txt,64,C:/Finance/PublicInfo/Guidelines/,2025-12-16T04:27:46,low
info_announcement_1742.txt,.txt,12,C:/Finance/PublicInfo/Guidelines/,2025-01-27T04:20:15,low
credit_report_guideline_1743.pdf,.pdf,1392,C:/Finance/Internal/Policies/,2022-06-26T03:25:49,low
schedule_customer_1744.docx,.docx,250,C:/Finance/Customers/,2023-10-17T09:17:40,low
analysis_1745_confidential.pdf,.pdf,483,C:/Finance/Reports/,2024-01-25T05:03:18,medium
account_1746.xlsx,.xlsx,947,C:/Finance/Accounts/,2022-03-14T22:43:57,medium
roster_1747.xlsx,.xlsx,443,C:/Finance/HR/,2024-02-12T20:16:22,low
audit_1748.pdf,.pdf,431,C:/Finance/Compliance/,2025-09-06T00:11:16,low
menu_report_1749.xlsx,.xlsx,399,C:/Finance/Reports/,2025-04-28T15:27:54,medium
ssn_notice_1750.csv,.csv,448,C:/Finance/PublicInfo/Guidelines/,2025-08-20T02:10:24,low
policy_loan_1751_draft.xls,.xls,285,C:/Finance/Loans/,2025-12-18T16:19:29,medium
guideline_1752.pdf,.pdf,494,C:/Finance/Compliance/,2024-12-14T00:19:02,low
memo_announcement_1753.pdf,.pdf,1594,C:/Finance/PublicInfo/Announcements/,2023-08-02T16:09:07,medium
analysis_announcement_1754_confidential.csv,.csv,141,C:/Finance/PublicInfo/Guidelines/,2025-01-09T10:46:22,low
summary_notice_1755.csv,.csv,316,C:/Finance/PublicInfo/Announcements/,2025-12-17T05:39:00,medium
report_1756.pdf,.pdf,7,C:/Finance/HR/,2022-08-17T18:48:01,low
passwords_info_1757.csv,.csv,98,C:/Finance/Customers/,2024-07-03T13:54:00,medium
public_notice_audit_1758.xlsx,.xlsx,1416,C:/Finance/Compliance/,2023-04-27T04:47:59,medium
agreement_1759.pdf,.pdf,1391,C:/Finance/Loans/,2023-02-21T20:59:25,low
account_1760.xlsx,.xlsx,1646,C:/Finance/Accounts/,2022-08-15T05:55:37,medium
ssn_transfer_1761.pdf,.pdf,132,C:/Finance/Transactions/,2025-02-18T01:55:35,medium
announcement_1762.txt,.txt,72,C:/Finance/PublicInfo/Announcements/,2025-04-02T01:50:53,low
schedule_transfer_1763.csv,.csv,57,C:/Finance/Transactions/,2022-09-21T15:28:09,low
announcement_customer_1764.csv,.csv,608,C:/Finance/Customers/,2023-02-01T00:28:34,low
analysis_analysis_1765.csv,.csv,258,C:/Finance/Reports/,2023-05-30T05:28:19,low
bank_statement_transaction_1766.pdf,.pdf,70,C:/Finance/Transactions/,2025-11-06T20:57:24,medium
info_1767.csv,.csv,267,C:/Finance/Customers/,2025-07-06T21:59:18,low
policy_announcement_1768.pdf,.pdf,715,C:/Finance/PublicInfo/Guidelines/,2024-09-23T23:33:10,medium
analysis_1769.pdf,.pdf,92,C:/Finance/Reports/,2024-04-17T02:24:20,low
review_1770.xlsx,.xlsx,628,C:/Finance/Compliance/,2025-04-02T08:26:36,low
protocol_1771.docx,.docx,392,C:/Finance/Internal/Policies/,2025-07-28T11:59:16,low
statement_announcement_1772.txt,.txt,117,C:/Finance/PublicInfo/Announcements/,2023-01-28T10:50:58,low
agreement_1773.pdf,.pdf,93,C:/Finance/Loans/,2022-06-10T07:41:58,high
contract_1774_v2.xlsx,.xlsx,1019,C:/Finance/Loans/,2024-03-14T06:10:50,low
notice_1775.csv,.csv,9,C:/Finance/PublicInfo/Guidelines/,2022-12-24T07:44:47,medium
bank_statement_contract_1776.xlsx,.xlsx,712,C:/Finance/Loans/,2024-07-16T04:47:45,high
schedule_1777.csv,.csv,341,C:/Finance/PublicInfo/Guidelines/,2023-08-20T01:57:55,low
profile_1778.pdf,.pdf,262,C:/Finance/Customers/,2022-05-13T02:58:57,medium
audit_protocol_1779.pdf,.pdf,1139,C:/Finance/Internal/Policies/,2023-04-26T12:39:32,low
policy_1780_v2.xlsx,.xlsx,278,C:/Finance/Compliance/,2025-03-13T13:33:38,low
pin_audit_1781.xlsx,.xlsx,678,C:/Finance/Compliance/,2024-12-06T08:57:37,medium
audit_1782.csv,.csv,393,C:/Finance/Accounts/,2025-11-24T04:10:12,high
summary_analysis_1783.pdf,.pdf,873,C:/Finance/Reports/,2025-06-24T15:11:46,medium
procedure_1784.docx,.docx,830,C:/Finance/Internal/Policies/,2023-10-30T19:42:12,high
guidelines_review_1785.docx,.docx,170,C:/Finance/Compliance/,2025-05-04T07:37:37,low
ledger_1786.csv,.csv,418,C:/Finance/Accounts/,2023-07-20T14:02:56,low
balance_1787.csv,.csv,217,C:/Finance/Accounts/,2022-02-06T07:25:55,low
customer_policy_1788.docx,.docx,51,C:/Finance/Internal/Policies/,2024-03-21T20:41:56,low
guideline_1789_final.pdf,.pdf,1582,C:/Finance/Internal/Policies/,2025-10-25T22:36:06,low
summary_guideline_1790.docx,.docx,402,C:/Finance/Internal/Policies/,2023-03-28T17:20:14,low
transaction_contract_1791.docx,.docx,743,C:/Finance/Customers/,2024-05-06T14:38:40,high
contract_1792.pdf,.pdf,724,C:/Finance/Loans/,2024-01-12T19:31:55,medium
confidential_summary_1793.xlsx,.xlsx,1040,C:/Finance/Reports/,2024-11-23T22:05:20,low
payroll_1794.pdf,.pdf,1478,C:/Finance/HR/,2022-08-08T20:50:32,low
info_loan_1795.xlsx,.xlsx,1698,C:/Finance/Loans/,2025-12-08T11:12:15,low
memo_1796.xlsx,.xlsx,825,C:/Finance/Reports/,2022-10-03T22:21:07,low
info_1797.pdf,.pdf,2167,C:/Finance/PublicInfo/Guidelines/,2024-01-25T03:48:46,low
notice_1798.txt,.txt,119,C:/Finance/PublicInfo/Guidelines/,2023-01-09T09:39:39,medium
public_notice_info_1799_final.pdf,.pdf,462,C:/Finance/Customers/,2022-04-02T15:44:55,medium
announcement_profile_1800.pdf,.pdf,1078,C:/Finance/Customers/,2022-10-16T19:57:52,high
audit_1801.pdf,.pdf,720,C:/Finance/Compliance/,2024-06-03T16:56:30,medium
customer_contract_1802.pdf,.pdf,1331,C:/Finance/Loans/,2025-07-13T07:47:20,high
info_1803.csv,.csv,203,C:/Finance/Customers/,2022-08-07T19:14:25,medium
menu_policy_1804.pdf,.pdf,838,C:/Finance/Internal/Policies/,2025-04-04T22:13:06,medium
profile_1805.docx,.docx,286,C:/Finance/Customers/,2022-11-28T05:19:13,high
guidelines_info_1806.pdf,.pdf,645,C:/Finance/Customers/,2025-10-18T07:09:10,medium
roster_1807.docx,.docx,472,C:/Finance/HR/,2025-09-15T14:32:51,low
pin_contract_1808_archived.docx,.docx,570,C:/Finance/Loans/,2023-01-26T11:47:14,medium
menu_roster_1809.xlsx,.xlsx,1824,C:/Finance/HR/,2024-09-06T15:17:28,medium
report_roster_1810.pdf,.pdf,769,C:/Finance/HR/,2023-07-14T09:43:40,medium
policy_schedule_1811.txt,.txt,2,C:/Finance/PublicInfo/Announcements/,2023-06-02T18:34:00,low
schedule_summary_1812.pdf,.pdf,154,C:/Finance/Reports/,2022-05-10T10:56:28,low
public_notice_customer_1813.docx,.docx,349,C:/Finance/Customers/,2023-11-23T13:42:27,high
guideline_1814.pdf,.pdf,452,C:/Finance/Compliance/,2023-05-05T12:47:15,medium
invoice_payroll_1815.pdf,.pdf,658,C:/Finance/HR/,2025-10-30T06:04:42,medium
procedure_1816.docx,.docx,44,C:/Finance/Internal/Policies/,2022-05-03T15:05:35,low
invoice_summary_1817.pdf,.pdf,895,C:/Finance/Reports/,2024-08-17T11:06:34,low
info_memo_1818_archived.pdf,.pdf,1506,C:/Finance/Reports/,2025-12-16T20:53:14,low
summary_1819.csv,.csv,280,C:/Finance/Reports/,2022-03-16T18:57:25,low
schedule_balance_1820.pdf,.pdf,747,C:/Finance/Accounts/,2022-01-05T16:00:16,high
salary_1821.docx,.docx,22,C:/Finance/HR/,2022-04-11T01:21:32,low
customer_1822.docx,.docx,125,C:/Finance/Customers/,2025-10-17T12:41:56,low
info_agreement_1823.xlsx,.xlsx,1770,C:/Finance/Loans/,2022-02-21T15:56:08,medium
menu_ledger_1824.csv,.csv,417,C:/Finance/Accounts/,2022-04-02T07:50:35,medium
contract_1825.docx,.docx,71,C:/Finance/Customers/,2024-02-18T04:54:46,low
statement_salary_1826.pdf,.pdf,973,C:/Finance/HR/,2022-12-16T13:39:47,low
public_notice_balance_1827.xlsx,.xlsx,598,C:/Finance/Accounts/,2024-02-06T04:57:26,high
guidelines_summary_1828.pdf,.pdf,785,C:/Finance/Transactions/,2022-10-18T03:17:46,high
statement_protocol_1829.pdf,.pdf,1272,C:/Finance/Internal/Policies/,2024-09-26T02:24:30,high
policy_1830.xlsx,.xlsx,244,C:/Finance/Compliance/,2022-01-22T15:53:18,low
analysis_contract_1831.xlsx,.xlsx,1077,C:/Finance/Loans/,2023-06-04T15:30:04,low
schedule_1832.pdf,.pdf,767,C:/Finance/PublicInfo/Announcements/,2025-02-18T19:21:44,low
public_notice_procedure_1833.xlsx,.xlsx,1001,C:/Finance/Internal/Policies/,2022-01-14T03:50:10,low
loan_1834.docx,.docx,159,C:/Finance/Loans/,2025-11-10T11:44:52,low
notice_1835.pdf,.pdf,329,C:/Finance/PublicInfo/Announcements/,2024-12-24T01:42:02,low
agreement_1836_confidential.pdf,.pdf,520,C:/Finance/Loans/,2025-01-27T19:32:31,low
audit_1837_final.csv,.csv,227,C:/Finance/Accounts/,2024-05-04T18:21:44,medium
info_1838.pdf,.pdf,1492,C:/Finance/PublicInfo/Guidelines/,2024-12-09T00:21:07,low
schedule_customer_1839.docx,.docx,247,C:/Finance/Customers/,2024-12-22T10:11:15,low
salary_policy_1840.xlsx,.xlsx,772,C:/Finance/Internal/Policies/,2025-10-02T05:52:29,low
salary_1841.xlsx,.xlsx,80,C:/Finance/HR/,2024-05-06T06:13:10,low
transfer_1842.xlsx,.xlsx,1097,C:/Finance/Transactions/,2023-03-10T00:58:04,high
transaction_1843_draft.pdf,.pdf,961,C:/Finance/Transactions/,2024-11-11T15:57:57,low
agreement_1844_v2.xls,.xls,415,C:/Finance/Loans/,2022-08-20T21:06:11,low
summary_1845.pdf,.pdf,2043,C:/Finance/Transactions/,2022-10-29T07:28:33,low
ledger_1846.pdf,.pdf,1015,C:/Finance/Accounts/,2022-01-05T11:35:30,low
balance_1847.xlsx,.xlsx,1052,C:/Finance/Accounts/,2024-06-27T02:03:30,medium
customer_1848.docx,.docx,542,C:/Finance/Customers/,2025-02-27T02:48:50,high
menu_customer_1849.docx,.docx,147,C:/Finance/Customers/,2025-05-04T16:49:09,low
account_1850_archived.xlsx,.xlsx,633,C:/Finance/Accounts/,2025-09-11T09:02:11,medium
announcement_transaction_1851.pdf,.pdf,1191,C:/Finance/Transactions/,2025-11-10T14:44:26,medium
policy_1852.docx,.docx,145,C:/Finance/Compliance/,2024-03-06T14:08:56,low
tax_info_audit_1853.pdf,.pdf,768,C:/Finance/Compliance/,2023-09-01T04:47:00,medium
transfer_1854.xlsx,.xlsx,936,C:/Finance/Transactions/,2024-07-28T02:04:47,low
invoice_review_1855.pdf,.pdf,1637,C:/Finance/Compliance/,2022-12-03T05:32:52,high
audit_1856.docx,.docx,462,C:/Finance/Compliance/,2022-06-07T12:54:29,low
announcement_1857.csv,.csv,696,C:/Finance/PublicInfo/Guidelines/,2024-08-17T13:29:50,low
profile_1858.csv,.csv,242,C:/Finance/Customers/,2024-10-19T04:34:38,low
guidelines_policy_1859.pdf,.pdf,16,C:/Finance/Internal/Policies/,2023-03-14T15:47:06,medium
memo_announcement_1860.csv,.csv,390,C:/Finance/PublicInfo/Announcements/,2022-02-23T22:59:43,medium
statement_1861.csv,.csv,83,C:/Finance/Transactions/,2025-01-21T13:36:44,low
schedule_report_1862.docx,.docx,563,C:/Finance/HR/,2024-06-30T14:28:41,medium
roster_1863.xlsx,.xlsx,1475,C:/Finance/HR/,2024-01-04T12:26:58,medium
report_1864.pdf,.pdf,1930,C:/Finance/HR/,2022-05-03T20:15:57,high
loan_1865.docx,.docx,622,C:/Finance/Loans/,2022-05-16T23:39:59,low
guidelines_summary_1866.pdf,.pdf,404,C:/Finance/Reports/,2022-06-25T07:02:32,medium
statement_1867.csv,.csv,530,C:/Finance/Transactions/,2023-02-17T17:49:51,medium
repayment_1868_draft.docx,.docx,480,C:/Finance/Loans/,2025-10-25T20:18:02,high
repayment_1869.xlsx,.xlsx,353,C:/Finance/Loans/,2023-12-05T09:48:02,low
guideline_1870.pdf,.pdf,2017,C:/Finance/Internal/Policies/,2024-04-09T18:51:00,low
policy_profile_1871.docx,.docx,327,C:/Finance/Customers/,2025-12-19T15:18:46,medium
memo_info_1872.pdf,.pdf,501,C:/Finance/PublicInfo/Guidelines/,2023-02-19T20:41:30,low
notice_1873.pdf,.pdf,621,C:/Finance/PublicInfo/Announcements/,2023-06-15T09:41:55,medium
public_notice_agreement_1874.pdf,.pdf,66,C:/Finance/Loans/,2022-06-23T04:05:37,medium
payroll_1875.xlsx,.xlsx,1247,C:/Finance/HR/,2023-11-14T11:20:57,low
info_1876.pdf,.pdf,1056,C:/Finance/PublicInfo/Guidelines/,2025-12-01T08:58:30,low
agreement_1877_v2.docx,.docx,350,C:/Finance/Loans/,2022-07-06T06:45:31,medium
menu_policy_1878.pdf,.pdf,948,C:/Finance/Compliance/,2024-02-07T23:42:55,low
statement_contract_1879.xlsx,.xlsx,525,C:/Finance/Loans/,2025-01-24T19:04:51,high
ledger_balance_1880.csv,.csv,105,C:/Finance/Accounts/,2024-10-21T03:30:42,low
invoice_summary_1881.pdf,.pdf,1860,C:/Finance/Transactions/,2023-03-23T08:25:01,low
analysis_1882.csv,.csv,208,C:/Finance/Reports/,2024-02-28T00:36:59,medium
announcement_report_1883.csv,.csv,425,C:/Finance/Reports/,2022-07-07T15:29:44,low
notice_1884.csv,.csv,465,C:/Finance/PublicInfo/Guidelines/,2022-06-04T23:56:39,medium
analysis_1885.xlsx,.xlsx,444,C:/Finance/Reports/,2025-01-01T20:49:50,low
info_contract_1886.csv,.csv,53,C:/Finance/Customers/,2022-11-08T03:52:43,low
analysis_1887.xlsx,.xlsx,1366,C:/Finance/Reports/,2022-09-08T16:53:57,low
transaction_info_1888.pdf,.pdf,693,C:/Finance/PublicInfo/Guidelines/,2025-01-19T08:55:45,low
contract_1889_v2.pdf,.pdf,64,C:/Finance/Loans/,2022-11-24T21:01:08,low
analysis_1890.xlsx,.xlsx,816,C:/Finance/Reports/,2023-01-16T00:55:06,low
report_info_1891.csv,.csv,192,C:/Finance/Customers/,2024-11-05T06:13:00,medium
summary_1892.pdf,.pdf,598,C:/Finance/Reports/,2024-10-22T06:15:38,low
public_notice_customer_1893.pdf,.pdf,824,C:/Finance/Customers/,2024-10-17T09:10:45,medium
policy_memo_1894_draft.xlsx,.xlsx,176,C:/Finance/Reports/,2022-04-15T12:51:25,high
summary_1895_confidential.pdf,.pdf,1553,C:/Finance/Reports/,2023-02-26T22:41:50,low
audit_1896.csv,.csv,113,C:/Finance/Accounts/,2023-07-10T17:59:14,high
agreement_1897_v2.pdf,.pdf,1834,C:/Finance/Loans/,2024-08-25T09:46:43,medium
announcement_1898.pdf,.pdf,1079,C:/Finance/PublicInfo/Announcements/,2025-01-17T23:17:04,high
review_1899.xlsx,.xlsx,943,C:/Finance/Compliance/,2024-03-23T19:02:58,low
ledger_schedule_1900.pdf,.pdf,1292,C:/Finance/PublicInfo/Announcements/,2023-08-28T22:00:45,low
menu_audit_1901.csv,.csv,526,C:/Finance/Accounts/,2024-09-07T04:05:15,medium
protocol_1902.xlsx,.xlsx,222,C:/Finance/Internal/Policies/,2023-04-25T15:39:24,low
schedule_statement_1903.csv,.csv,140,C:/Finance/Transactions/,2025-08-01T06:11:00,high
public_notice_account_1904.pdf,.pdf,1118,C:/Finance/Accounts/,2025-01-09T10:45:01,medium
menu_audit_1905.xlsx,.xlsx,202,C:/Finance/Accounts/,2024-06-08T04:27:51,low
announcement_1906.txt,.txt,91,C:/Finance/PublicInfo/Announcements/,2023-10-25T17:56:04,medium
announcement_audit_1907.xlsx,.xlsx,1138,C:/Finance/Accounts/,2023-08-23T19:37:53,medium
report_1908.pdf,.pdf,67,C:/Finance/HR/,2022-08-02T08:53:52,high
statement_procedure_1909.pdf,.pdf,1082,C:/Finance/Internal/Policies/,2022-09-08T21:36:13,low
schedule_1910.pdf,.pdf,499,C:/Finance/PublicInfo/Guidelines/,2024-08-22T07:47:37,low
schedule_1911.csv,.csv,186,C:/Finance/PublicInfo/Guidelines/,2023-05-29T06:29:14,medium
roster_1912.xlsx,.xlsx,706,C:/Finance/HR/,2025-10-24T22:56:46,medium
menu_salary_1913.pdf,.pdf,985,C:/Finance/HR/,2023-12-02T10:24:45,low
report_1914.docx,.docx,122,C:/Finance/HR/,2024-05-22T00:54:53,low
loan_contract_contract_1915.pdf,.pdf,1008,C:/Finance/Loans/,2025-06-24T01:18:32,low
info_1916_v2.txt,.txt,3,C:/Finance/PublicInfo/Guidelines/,2023-11-24T03:02:57,medium
ledger_loan_1917.pdf,.pdf,624,C:/Finance/Loans/,2025-01-07T13:35:53,low
menu_guideline_1918.docx,.docx,674,C:/Finance/Compliance/,2023-11-04T09:20:39,medium
bank_statement_salary_1919.pdf,.pdf,1138,C:/Finance/HR/,2022-07-31T19:53:05,high
info_1920.pdf,.pdf,29,C:/Finance/Customers/,2022-10-23T15:26:31,low
memo_1921.xlsx,.xlsx,347,C:/Finance/Reports/,2025-12-04T08:40:12,low
protocol_1922.pdf,.pdf,1353,C:/Finance/Internal/Policies/,2023-09-09T00:24:35,low
passwords_audit_1923_v2.pdf,.pdf,2430,C:/Finance/Compliance/,2024-11-07T23:19:00,high
transaction_contract_1924.pdf,.pdf,397,C:/Finance/Loans/,2024-10-27T09:04:58,medium
schedule_schedule_1925.csv,.csv,452,C:/Finance/PublicInfo/Announcements/,2024-10-08T11:42:12,high
summary_1926.csv,.csv,132,C:/Finance/Reports/,2024-10-12T16:07:26,low
contract_1927.docx,.docx,710,C:/Finance/Customers/,2023-04-15T07:01:57,high
account_number_statement_1928.pdf,.pdf,2872,C:/Finance/Transactions/,2023-08-31T03:41:59,low
analysis_1929.pdf,.pdf,409,C:/Finance/Reports/,2022-12-30T03:41:37,high
analysis_ledger_1930.xlsx,.xlsx,760,C:/Finance/Accounts/,2023-12-29T16:56:01,high
schedule_1931.pdf,.pdf,1525,C:/Finance/PublicInfo/Announcements/,2023-10-26T02:47:54,low
repayment_1932.xls,.xls,86,C:/Finance/Loans/,2023-03-08T20:22:04,medium
ssn_analysis_1933.pdf,.pdf,687,C:/Finance/Reports/,2022-12-03T18:19:26,high
salary_1934_confidential.xlsx,.xlsx,890,C:/Finance/HR/,2024-06-22T08:55:23,medium
balance_1935.xlsx,.xlsx,1898,C:/Finance/Accounts/,2023-11-14T12:01:43,high
ledger_policy_1936.xlsx,.xlsx,628,C:/Finance/Compliance/,2023-10-06T00:03:18,low
profile_1937.docx,.docx,465,C:/Finance/Customers/,2024-04-13T22:12:34,high
notice_1938.pdf,.pdf,1506,C:/Finance/PublicInfo/Announcements/,2024-07-19T04:46:40,low
account_1939.pdf,.pdf,838,C:/Finance/Accounts/,2024-02-27T19:17:50,low
schedule_agreement_1940.xlsx,.xlsx,1509,C:/Finance/Loans/,2022-05-14T12:32:52,high
menu_ledger_1941.xlsx,.xlsx,714,C:/Finance/Accounts/,2024-08-12T02:41:26,low
ledger_1942.csv,.csv,679,C:/Finance/Accounts/,2022-02-26T00:10:40,high
menu_statement_1943.xlsx,.xlsx,117,C:/Finance/Transactions/,2024-02-07T09:20:50,medium
ledger_contract_1944.pdf,.pdf,207,C:/Finance/Customers/,2025-08-24T13:03:18,medium
invoice_report_1945.docx,.docx,492,C:/Finance/HR/,2022-10-26T19:36:45,medium
passwords_transfer_1946.pdf,.pdf,211,C:/Finance/Transactions/,2023-04-19T09:16:45,medium
menu_info_1947_archived.csv,.csv,32,C:/Finance/PublicInfo/Guidelines/,2023-08-10T11:05:00,low
loan_contract_notice_1948.txt,.txt,43,C:/Finance/PublicInfo/Guidelines/,2023-09-10T02:57:42,medium
memo_review_1949.docx,.docx,188,C:/Finance/Compliance/,2022-09-06T13:54:08,low
customer_memo_1950.xlsx,.xlsx,1415,C:/Finance/Reports/,2024-06-08T15:58:32,low
repayment_1951.pdf,.pdf,816,C:/Finance/Loans/,2023-05-09T14:26:01,low
memo_1952.csv,.csv,65,C:/Finance/Reports/,2024-09-30T03:24:07,medium
audit_1953.pdf,.pdf,1439,C:/Finance/Compliance/,2023-06-05T18:04:30,low
credit_report_roster_1954_v2.pdf,.pdf,1020,C:/Finance/HR/,2022-03-09T17:52:33,high
salary_1955.pdf,.pdf,927,C:/Finance/HR/,2025-08-14T05:04:38,medium
loan_1956.pdf,.pdf,147,C:/Finance/Loans/,2025-01-09T20:31:53,medium
memo_1957.xlsx,.xlsx,576,C:/Finance/Reports/,2025-04-01T04:10:24,low
procedure_1958.docx,.docx,485,C:/Finance/Internal/Policies/,2022-03-08T03:30:22,low
review_1959.pdf,.pdf,773,C:/Finance/Compliance/,2023-05-24T10:20:19,low
info_review_1960.docx,.docx,233,C:/Finance/Compliance/,2023-04-06T02:55:25,medium
analysis_agreement_1961.pdf,.pdf,793,C:/Finance/Loans/,2022-09-11T08:37:40,high
protocol_1962.docx,.docx,178,C:/Finance/Internal/Policies/,2025-09-07T00:53:45,low
contract_1963.pdf,.pdf,176,C:/Finance/Customers/,2024-08-10T05:02:18,medium
schedule_salary_1964.pdf,.pdf,1226,C:/Finance/HR/,2023-11-03T01:47:28,low
guideline_1965.docx,.docx,313,C:/Finance/Compliance/,2022-09-08T13:27:47,high
guidelines_announcement_1966_final.pdf,.pdf,921,C:/Finance/PublicInfo/Guidelines/,2022-12-31T23:19:17,medium
notice_1967.csv,.csv,18,C:/Finance/PublicInfo/Guidelines/,2024-05-27T00:08:41,low
menu_guideline_1968.docx,.docx,376,C:/Finance/Internal/Policies/,2025-08-03T20:30:09,low
analysis_notice_1969.csv,.csv,444,C:/Finance/PublicInfo/Guidelines/,2022-06-27T03:53:42,low
schedule_1970.csv,.csv,296,C:/Finance/PublicInfo/Guidelines/,2025-04-21T23:35:47,low
ssn_profile_1971.pdf,.pdf,1810,C:/Finance/Customers/,2024-02-29T07:24:30,medium
summary_1972.csv,.csv,166,C:/Finance/Transactions/,2025-10-23T08:21:57,low
report_schedule_1973.txt,.txt,45,C:/Finance/PublicInfo/Announcements/,2024-04-16T02:31:46,low
info_1974.pdf,.pdf,1047,C:/Finance/PublicInfo/Guidelines/,2023-09-29T12:38:43,high
announcement_info_1975.docx,.docx,573,C:/Finance/Customers/,2023-04-10T08:07:10,low
report_analysis_1976.xlsx,.xlsx,74,C:/Finance/Reports/,2025-04-01T09:31:18,low
info_loan_1977.xls,.xls,169,C:/Finance/Loans/,2022-09-10T10:43:27,medium
memo_1978.pdf,.pdf,829,C:/Finance/Reports/,2022-08-01T01:13:34,high
pin_guideline_1979.xlsx,.xlsx,993,C:/Finance/Internal/Policies/,2025-04-02T13:30:05,medium
announcement_announcement_1980.txt,.txt,127,C:/Finance/PublicInfo/Announcements/,2023-01-31T23:44:14,medium
info_1981.pdf,.pdf,936,C:/Finance/PublicInfo/Guidelines/,2025-05-30T20:04:50,high
ledger_notice_1982.csv,.csv,149,C:/Finance/PublicInfo/Guidelines/,2024-06-22T08:49:20,low
analysis_info_1983.csv,.csv,136,C:/Finance/PublicInfo/Guidelines/,2022-09-16T21:43:56,high
info_1984.csv,.csv,343,C:/Finance/PublicInfo/Guidelines/,2023-09-12T00:05:51,medium
repayment_1985.xlsx,.xlsx,101,C:/Finance/Loans/,2025-07-18T21:30:42,high
statement_payroll_1986.docx,.docx,610,C:/Finance/HR/,2023-05-28T10:49:06,low
notice_1987.pdf,.pdf,697,C:/Finance/PublicInfo/Announcements/,2022-06-14T15:27:21,low
notice_1988_archived.pdf,.pdf,868,C:/Finance/PublicInfo/Guidelines/,2022-11-27T15:46:29,low
audit_1989_confidential.csv,.csv,536,C:/Finance/Accounts/,2023-07-10T06:11:40,medium
guideline_1990.pdf,.pdf,117,C:/Finance/Compliance/,2023-04-03T00:11:14,low
audit_policy_1991.docx,.docx,929,C:/Finance/Compliance/,2022-02-18T12:20:20,high
customer_1992_draft.docx,.docx,577,C:/Finance/Customers/,2024-07-13T18:36:59,medium
audit_1993.csv,.csv,137,C:/Finance/Accounts/,2022-03-01T23:50:03,low
policy_1994.pdf,.pdf,629,C:/Finance/Compliance/,2022-08-01T17:00:33,medium
analysis_1995.csv,.csv,120,C:/Finance/Reports/,2022-12-01T16:44:20,medium
audit_roster_1996.pdf,.pdf,369,C:/Finance/HR/,2024-07-16T20:30:01,low
announcement_transfer_1997.xlsx,.xlsx,945,C:/Finance/Transactions/,2023-06-02T07:46:16,low
report_report_1998.pdf,.pdf,2137,C:/Finance/Reports/,2022-04-16T14:49:50,low
notice_1999.pdf,.pdf,1642,C:/Finance/PublicInfo/Announcements/,2024-04-12T18:12:06,low
info_2000.csv,.csv,238,C:/Finance/PublicInfo/Guidelines/,2024-11-04T14:58:05,medium
salary_2001.docx,.docx,450,C:/Finance/HR/,2023-05-25T01:14:00,medium
summary_announcement_2002.pdf,.pdf,1346,C:/Finance/PublicInfo/Announcements/,2022-05-25T01:49:36,medium
public_notice_salary_2003.pdf,.pdf,1503,C:/Finance/HR/,2024-04-01T15:43:50,medium
report_2004_confidential.docx,.docx,501,C:/Finance/HR/,2022-11-06T19:37:02,medium
salary_2005_v2.docx,.docx,131,C:/Finance/HR/,2022-07-13T21:19:11,low
summary_notice_2006.pdf,.pdf,1458,C:/Finance/PublicInfo/Guidelines/,2022-02-28T03:39:42,low
guidelines_announcement_2007.txt,.txt,52,C:/Finance/PublicInfo/Guidelines/,2023-11-07T10:19:48,low
ssn_loan_2008.docx,.docx,478,C:/Finance/Loans/,2025-02-06T08:47:55,high
transaction_2009_confidential.xlsx,.xlsx,641,C:/Finance/Transactions/,2022-10-20T00:49:55,low
announcement_report_2010.docx,.docx,849,C:/Finance/HR/,2022-04-12T10:43:28,medium
salary_2011.docx,.docx,32,C:/Finance/HR/,2023-10-30T23:59:43,low
menu_payroll_2012.xlsx,.xlsx,18,C:/Finance/HR/,2024-06-16T00:30:10,low
memo_balance_2013_final.csv,.csv,168,C:/Finance/Accounts/,2022-09-22T09:33:36,medium
roster_2014.pdf,.pdf,489,C:/Finance/HR/,2023-12-13T04:48:38,low
memo_guideline_2015.pdf,.pdf,203,C:/Finance/Internal/Policies/,2025-02-26T11:56:04,medium
ssn_customer_2016.csv,.csv,153,C:/Finance/Customers/,2025-08-06T19:02:17,low
profile_2017.csv,.csv,37,C:/Finance/Customers/,2023-05-25T18:55:21,medium
protocol_2018.pdf,.pdf,782,C:/Finance/Internal/Policies/,2022-11-17T04:21:47,low
review_2019.docx,.docx,236,C:/Finance/Compliance/,2022-02-16T02:44:01,high
public_notice_transaction_2020.xlsx,.xlsx,1257,C:/Finance/Transactions/,2022-05-04T22:39:05,low
announcement_payroll_2021.xlsx,.xlsx,568,C:/Finance/HR/,2024-09-06T02:21:24,low
menu_loan_2022.xlsx,.xlsx,415,C:/Finance/Loans/,2022-12-10T07:53:35,low
summary_2023.pdf,.pdf,257,C:/Finance/Reports/,2025-03-09T12:49:41,low
balance_2024.pdf,.pdf,985,C:/Finance/Accounts/,2024-06-13T06:39:18,medium
transfer_2025.pdf,.pdf,326,C:/Finance/Transactions/,2022-07-08T08:59:48,medium
confidential_statement_2026.pdf,.pdf,149,C:/Finance/Transactions/,2023-05-25T03:02:35,high
schedule_audit_2027.pdf,.pdf,514,C:/Finance/Accounts/,2024-02-10T19:16:47,medium
public_notice_transaction_2028.xlsx,.xlsx,497,C:/Finance/Transactions/,2023-07-03T17:21:48,low
statement_2029.pdf,.pdf,1082,C:/Finance/Transactions/,2023-07-24T16:14:23,low
memo_report_2030.pdf,.pdf,1,C:/Finance/HR/,2025-09-24T17:09:35,low
public_notice_customer_2031.pdf,.pdf,1231,C:/Finance/Customers/,2022-02-13T18:22:00,low
info_contract_2032.docx,.docx,445,C:/Finance/Loans/,2025-06-08T00:00:41,medium
report_2033_final.docx,.docx,406,C:/Finance/HR/,2023-05-18T06:36:32,low
statement_2034.csv,.csv,356,C:/Finance/Transactions/,2022-02-28T05:06:36,medium
guidelines_summary_2035.xlsx,.xlsx,353,C:/Finance/Transactions/,2025-12-21T08:08:04,medium
transaction_info_2036.csv,.csv,298,C:/Finance/PublicInfo/Guidelines/,2025-12-10T08:50:50,low
ledger_2037.csv,.csv,53,C:/Finance/Accounts/,2024-10-21T03:34:37,medium
procedure_2038.pdf,.pdf,745,C:/Finance/Internal/Policies/,2025-12-28T21:14:14,medium
protocol_2039.pdf,.pdf,408,C:/Finance/Internal/Policies/,2025-07-15T14:03:21,medium
analysis_2040.xlsx,.xlsx,270,C:/Finance/Reports/,2024-09-24T00:10:06,high
policy_2041.xlsx,.xlsx,1162,C:/Finance/Compliance/,2025-04-19T22:41:17,low
ledger_2042.xlsx,.xlsx,599,C:/Finance/Accounts/,2023-07-12T21:52:02,high
analysis_info_2043.pdf,.pdf,1026,C:/Finance/PublicInfo/Guidelines/,2024-07-28T21:37:57,low
memo_balance_2044.csv,.csv,572,C:/Finance/Accounts/,2023-09-08T00:08:50,medium
loan_2045.docx,.docx,558,C:/Finance/Loans/,2022-12-28T09:35:16,high
info_2046.docx,.docx,194,C:/Finance/Customers/,2022-01-31T13:44:00,high
menu_account_2047_v2.pdf,.pdf,1567,C:/Finance/Accounts/,2024-09-26T05:58:10,medium
menu_info_2048_v2.pdf,.pdf,907,C:/Finance/Customers/,2025-02-08T07:26:53,medium
info_2049.txt,.txt,44,C:/Finance/PublicInfo/Guidelines/,2022-10-12T19:07:17,low
repayment_2050.docx,.docx,1225,C:/Finance/Loans/,2024-12-13T22:21:47,high
report_transaction_2051.csv,.csv,221,C:/Finance/Transactions/,2024-01-08T17:13:30,medium
schedule_balance_2052_v2.xlsx,.xlsx,28,C:/Finance/Accounts/,2023-08-31T06:41:34,high
loan_contract_guideline_2053.xlsx,.xlsx,260,C:/Finance/Compliance/,2023-05-02T05:03:23,high
guidelines_account_2054.xlsx,.xlsx,968,C:/Finance/Accounts/,2023-12-18T21:11:20,high
contract_2055.pdf,.pdf,1568,C:/Finance/Customers/,2024-05-29T19:51:53,high
announcement_audit_2056.pdf,.pdf,1277,C:/Finance/Accounts/,2025-12-03T08:29:25,high
report_2057_v2.xlsx,.xlsx,848,C:/Finance/HR/,2025-07-19T22:31:11,low
public_notice_ledger_2058.csv,.csv,164,C:/Finance/Accounts/,2025-12-16T18:01:30,medium
analysis_loan_2059.pdf,.pdf,671,C:/Finance/Loans/,2025-02-12T00:07:43,low
info_audit_2060.csv,.csv,194,C:/Finance/Accounts/,2022-10-11T16:59:52,high
announcement_guideline_2061.docx,.docx,270,C:/Finance/Compliance/,2025-01-23T19:00:20,high
notice_2062.pdf,.pdf,337,C:/Finance/PublicInfo/Guidelines/,2023-06-29T21:06:56,medium
customer_2063.docx,.docx,412,C:/Finance/Customers/,2023-10-30T18:36:18,low
info_2064.csv,.csv,354,C:/Finance/PublicInfo/Guidelines/,2024-05-13T17:16:45,low
review_2065.xlsx,.xlsx,2076,C:/Finance/Compliance/,2024-02-17T00:48:12,low
announcement_notice_2066.pdf,.pdf,1035,C:/Finance/PublicInfo/Guidelines/,2022-02-20T12:46:08,low
notice_2067_draft.pdf,.pdf,489,C:/Finance/PublicInfo/Announcements/,2025-04-01T23:23:17,high
notice_2068.csv,.csv,24,C:/Finance/PublicInfo/Guidelines/,2025-05-05T02:41:37,low
memo_2069.csv,.csv,468,C:/Finance/Reports/,2024-03-30T21:12:58,high
policy_2070.pdf,.pdf,528,C:/Finance/Compliance/,2025-02-27T12:01:59,medium
policy_loan_2071.xlsx,.xlsx,1968,C:/Finance/Loans/,2023-08-09T11:58:33,high
summary_2072.pdf,.pdf,627,C:/Finance/Transactions/,2024-03-20T11:43:41,low
procedure_2073.xlsx,.xlsx,855,C:/Finance/Internal/Policies/,2025-08-22T13:17:38,high
profile_2074.docx,.docx,478,C:/Finance/Customers/,2025-02-26T21:54:00,high
guideline_2075.pdf,.pdf,53,C:/Finance/Internal/Policies/,2025-02-12T18:16:51,low
report_2076.pdf,.pdf,149,C:/Finance/Reports/,2023-02-05T19:25:48,low
tax_info_audit_2077.pdf,.pdf,2651,C:/Finance/Compliance/,2023-11-24T07:45:08,high
announcement_info_2078_confidential.csv,.csv,309,C:/Finance/Customers/,2025-03-25T10:07:49,medium
announcement_policy_2079.xlsx,.xlsx,1044,C:/Finance/Internal/Policies/,2025-03-30T17:14:52,low
public_notice_statement_2080.csv,.csv,200,C:/Finance/Transactions/,2023-03-01T14:47:17,low
report_policy_2081_v2.docx,.docx,504,C:/Finance/Compliance/,2025-04-11T03:20:45,low
notice_2082.csv,.csv,29,C:/Finance/PublicInfo/Guidelines/,2025-04-06T13:59:30,low
analysis_salary_2083_draft.xlsx,.xlsx,771,C:/Finance/HR/,2022-07-31T04:19:44,high
notice_2084.pdf,.pdf,1500,C:/Finance/PublicInfo/Announcements/,2023-12-07T22:31:12,low
summary_balance_2085.xlsx,.xlsx,26,C:/Finance/Accounts/,2024-09-03T02:16:47,medium
repayment_2086.xls,.xls,1162,C:/Finance/Loans/,2025-10-04T06:24:12,medium
balance_2087_archived.xlsx,.xlsx,1109,C:/Finance/Accounts/,2023-01-12T09:42:31,medium
notice_2088.pdf,.pdf,1734,C:/Finance/PublicInfo/Guidelines/,2022-04-17T15:13:32,low
pin_summary_2089_archived.pdf,.pdf,2200,C:/Finance/Reports/,2025-02-08T19:30:17,medium
roster_2090.docx,.docx,636,C:/Finance/HR/,2022-12-06T20:04:35,low
payroll_2091.pdf,.pdf,1864,C:/Finance/HR/,2025-03-01T00:29:51,medium
info_transfer_2092.pdf,.pdf,3880,C:/Finance/Transactions/,2024-04-10T17:13:31,low
announcement_agreement_2093.pdf,.pdf,833,C:/Finance/Loans/,2023-09-01T22:14:44,high
policy_review_2094.docx,.docx,1202,C:/Finance/Compliance/,2025-09-27T23:27:54,medium
menu_schedule_2095.csv,.csv,214,C:/Finance/PublicInfo/Announcements/,2022-05-06T01:59:17,low
repayment_2096_archived.xls,.xls,1332,C:/Finance/Loans/,2024-02-17T15:39:59,low
guidelines_policy_2097.pdf,.pdf,489,C:/Finance/Internal/Policies/,2023-10-14T07:44:50,low
guideline_2098_archived.docx,.docx,46,C:/Finance/Compliance/,2022-09-12T04:27:17,low
report_2099.pdf,.pdf,630,C:/Finance/Reports/,2025-06-25T06:41:04,low
ledger_profile_2100.csv,.csv,377,C:/Finance/Customers/,2023-10-29T11:33:55,high
menu_statement_2101.csv,.csv,182,C:/Finance/Transactions/,2023-03-07T15:47:17,low
public_notice_guideline_2102.xlsx,.xlsx,1021,C:/Finance/Internal/Policies/,2022-03-09T22:50:05,medium
repayment_2103.pdf,.pdf,519,C:/Finance/Loans/,2022-10-17T16:46:50,low
analysis_transaction_2104.pdf,.pdf,2545,C:/Finance/Transactions/,2024-02-11T13:14:48,low
contract_2105_final.pdf,.pdf,2463,C:/Finance/Loans/,2022-06-13T03:58:21,high
procedure_2106_draft.pdf,.pdf,1792,C:/Finance/Internal/Policies/,2025-12-26T05:56:33,high
ledger_announcement_2107.csv,.csv,69,C:/Finance/PublicInfo/Announcements/,2022-06-13T01:16:39,low
memo_policy_2108.xlsx,.xlsx,244,C:/Finance/Compliance/,2023-12-26T22:19:14,low
announcement_announcement_2109_archived.pdf,.pdf,919,C:/Finance/PublicInfo/Guidelines/,2024-01-05T01:52:31,low
contract_2110.docx,.docx,781,C:/Finance/Loans/,2025-03-27T07:44:06,high
public_notice_ledger_2111.pdf,.pdf,728,C:/Finance/Accounts/,2025-07-20T19:12:37,low
analysis_repayment_2112.pdf,.pdf,920,C:/Finance/Loans/,2022-03-04T15:10:41,medium
announcement_2113.csv,.csv,428,C:/Finance/PublicInfo/Announcements/,2024-11-12T14:42:50,high
info_announcement_2114_draft.pdf,.pdf,906,C:/Finance/PublicInfo/Guidelines/,2025-09-23T08:17:04,medium
summary_review_2115.xlsx,.xlsx,294,C:/Finance/Compliance/,2023-07-02T10:51:20,medium
announcement_2116.pdf,.pdf,541,C:/Finance/PublicInfo/Announcements/,2024-08-20T17:43:17,low
info_2117.pdf,.pdf,972,C:/Finance/Customers/,2022-03-27T07:31:04,low
profile_2118.csv,.csv,518,C:/Finance/Customers/,2023-07-20T10:06:31,high
account_2119.pdf,.pdf,1752,C:/Finance/Accounts/,2024-12-15T09:26:37,high
profile_2120.docx,.docx,129,C:/Finance/Customers/,2022-01-16T20:59:17,low
payroll_2121.xlsx,.xlsx,794,C:/Finance/HR/,2023-07-27T03:15:17,medium
contract_2122.docx,.docx,442,C:/Finance/Customers/,2025-09-09T23:32:28,medium
summary_procedure_2123_final.xlsx,.xlsx,527,C:/Finance/Internal/Policies/,2023-02-08T05:43:11,low
contract_2124.docx,.docx,41,C:/Finance/Loans/,2023-05-14T13:56:36,high
contract_2125.pdf,.pdf,1380,C:/Finance/Customers/,2023-08-02T01:29:25,medium
memo_protocol_2126.pdf,.pdf,619,C:/Finance/Internal/Policies/,2023-12-19T11:22:50,low
guidelines_repayment_2127.pdf,.pdf,1969,C:/Finance/Loans/,2023-10-19T21:02:47,low
customer_schedule_2128_archived.txt,.txt,109,C:/Finance/PublicInfo/Announcements/,2023-02-14T10:46:02,low
notice_2129.txt,.txt,51,C:/Finance/PublicInfo/Announcements/,2022-06-01T18:37:04,low
announcement_2130.pdf,.pdf,620,C:/Finance/PublicInfo/Announcements/,2023-04-14T16:43:02,low
notice_2131.csv,.csv,411,C:/Finance/PublicInfo/Guidelines/,2025-03-13T18:55:41,medium
guidelines_review_2132.docx,.docx,765,C:/Finance/Compliance/,2023-01-25T09:43:02,medium
contract_2133.pdf,.pdf,2769,C:/Finance/Loans/,2025-01-02T08:45:19,high
analysis_summary_2134.pdf,.pdf,990,C:/Finance/Transactions/,2025-01-26T15:26:12,low
schedule_2135.csv,.csv,285,C:/Finance/PublicInfo/Guidelines/,2025-12-25T05:19:34,low
notice_2136.csv,.csv,258,C:/Finance/PublicInfo/Guidelines/,2023-02-08T10:37:30,low
passwords_balance_2137.xlsx,.xlsx,1145,C:/Finance/Accounts/,2025-08-19T06:16:18,medium
report_info_2138.txt,.txt,125,C:/Finance/PublicInfo/Announcements/,2024-07-13T21:19:43,medium
policy_notice_2139.txt,.txt,7,C:/Finance/PublicInfo/Announcements/,2023-01-10T18:04:52,low
schedule_2140.pdf,.pdf,995,C:/Finance/PublicInfo/Guidelines/,2022-11-17T09:15:39,low
invoice_contract_2141_final.pdf,.pdf,145,C:/Finance/Loans/,2024-07-31T13:10:42,low
invoice_customer_2142.csv,.csv,141,C:/Finance/Customers/,2025-07-24T11:12:12,low
announcement_2143.txt,.txt,93,C:/Finance/PublicInfo/Guidelines/,2024-06-27T00:15:59,low
contract_2144.pdf,.pdf,656,C:/Finance/Loans/,2025-10-15T07:37:44,low
public_notice_payroll_2145_confidential.docx,.docx,359,C:/Finance/HR/,2022-01-31T00:33:19,high
statement_summary_2146.pdf,.pdf,1240,C:/Finance/Transactions/,2024-06-25T03:05:39,medium
public_notice_transfer_2147.csv,.csv,294,C:/Finance/Transactions/,2023-11-16T09:37:29,low
contract_2148.xls,.xls,527,C:/Finance/Loans/,2024-05-24T07:30:42,low
account_2149.pdf,.pdf,905,C:/Finance/Accounts/,2025-06-24T03:13:09,high
notice_2150.pdf,.pdf,1885,C:/Finance/PublicInfo/Guidelines/,2025-03-23T16:24:46,medium
notice_2151.pdf,.pdf,871,C:/Finance/PublicInfo/Announcements/,2022-03-16T04:32:50,medium
report_2152_archived.xlsx,.xlsx,840,C:/Finance/HR/,2025-07-04T03:17:17,low
transaction_repayment_2153.docx,.docx,547,C:/Finance/Loans/,2022-02-06T08:13:33,low
menu_schedule_2154.csv,.csv,32,C:/Finance/PublicInfo/Announcements/,2025-08-07T23:20:32,low
schedule_ledger_2155.xlsx,.xlsx,763,C:/Finance/Accounts/,2022-05-01T18:53:28,high
analysis_2156.csv,.csv,286,C:/Finance/Reports/,2024-06-27T10:14:15,medium
statement_transfer_2157.csv,.csv,151,C:/Finance/Transactions/,2025-06-11T15:36:34,medium
summary_2158.csv,.csv,388,C:/Finance/Reports/,2023-06-09T12:18:14,high
payroll_2159.docx,.docx,15,C:/Finance/HR/,2024-05-20T08:05:11,medium
statement_salary_2160.pdf,.pdf,617,C:/Finance/HR/,2023-10-25T22:34:11,low
policy_agreement_2161.pdf,.pdf,962,C:/Finance/Loans/,2025-09-28T13:44:08,low
guideline_2162.docx,.docx,199,C:/Finance/Internal/Policies/,2022-03-29T16:18:14,low
contract_2163.pdf,.pdf,498,C:/Finance/Customers/,2022-09-06T15:12:45,medium
menu_info_2164.csv,.csv,361,C:/Finance/Customers/,2022-06-01T21:50:05,low
announcement_policy_2165_draft.docx,.docx,1299,C:/Finance/Internal/Policies/,2023-03-02T18:03:02,low
schedule_2166.pdf,.pdf,211,C:/Finance/PublicInfo/Announcements/,2025-10-15T02:53:10,medium
info_policy_2167_confidential.pdf,.pdf,18,C:/Finance/Internal/Policies/,2023-05-05T23:09:08,low
summary_loan_2168.pdf,.pdf,552,C:/Finance/Loans/,2022-11-23T01:01:57,medium
repayment_2169.pdf,.pdf,611,C:/Finance/Loans/,2025-11-26T00:22:10,low
ledger_policy_2170.pdf,.pdf,606,C:/Finance/Internal/Policies/,2024-04-27T00:37:27,low
memo_transaction_2171.pdf,.pdf,912,C:/Finance/Transactions/,2024-02-05T06:52:56,low
balance_2172.csv,.csv,509,C:/Finance/Accounts/,2024-05-17T02:49:56,low
menu_policy_2173.pdf,.pdf,327,C:/Finance/Compliance/,2022-03-31T01:25:09,low
info_info_2174.pdf,.pdf,1021,C:/Finance/PublicInfo/Guidelines/,2023-05-14T02:17:19,low
public_notice_guideline_2175_confidential.xlsx,.xlsx,110,C:/Finance/Compliance/,2023-07-17T23:43:15,low
roster_2176.xlsx,.xlsx,523,C:/Finance/HR/,2022-09-05T00:50:37,high
info_loan_2177.pdf,.pdf,489,C:/Finance/Loans/,2025-03-21T20:30:21,low
salary_2178.pdf,.pdf,431,C:/Finance/HR/,2025-08-15T02:37:25,medium
transaction_loan_2179.xls,.xls,719,C:/Finance/Loans/,2024-10-14T16:48:09,low
review_2180_archived.docx,.docx,62,C:/Finance/Compliance/,2023-06-17T08:27:06,medium
guidelines_balance_2181_draft.pdf,.pdf,2871,C:/Finance/Accounts/,2025-02-19T09:25:29,high
statement_profile_2182.docx,.docx,586,C:/Finance/Customers/,2023-08-17T21:58:42,medium
announcement_balance_2183.csv,.csv,469,C:/Finance/Accounts/,2024-11-30T05:54:26,medium
salary_guideline_2184.xlsx,.xlsx,1091,C:/Finance/Compliance/,2024-06-08T06:13:06,medium
transaction_memo_2185_archived.pdf,.pdf,614,C:/Finance/Reports/,2025-09-09T09:01:40,low
statement_2186.pdf,.pdf,288,C:/Finance/Transactions/,2023-08-28T10:18:16,medium
report_2187.pdf,.pdf,273,C:/Finance/Reports/,2025-10-21T23:03:31,medium
public_notice_policy_2188.docx,.docx,604,C:/Finance/Compliance/,2022-03-11T21:49:46,low
report_2189.xlsx,.xlsx,358,C:/Finance/HR/,2022-05-15T10:32:39,medium
notice_2190.txt,.txt,43,C:/Finance/PublicInfo/Announcements/,2023-03-22T21:17:46,low
info_info_2191_archived.pdf,.pdf,69,C:/Finance/PublicInfo/Guidelines/,2022-11-02T01:13:38,medium
schedule_2192.csv,.csv,571,C:/Finance/PublicInfo/Guidelines/,2025-04-15T08:44:57,low
invoice_schedule_2193.pdf,.pdf,1247,C:/Finance/PublicInfo/Guidelines/,2025-02-14T03:20:55,low
confidential_roster_2194.docx,.docx,178,C:/Finance/HR/,2023-02-21T04:39:56,low
agreement_2195.pdf,.pdf,2083,C:/Finance/Loans/,2024-06-22T09:47:40,low
credit_report_summary_2196_archived.xlsx,.xlsx,494,C:/Finance/Transactions/,2023-12-09T18:23:52,low
policy_notice_2197.csv,.csv,28,C:/Finance/PublicInfo/Guidelines/,2024-10-09T13:48:16,low
analysis_memo_2198.csv,.csv,164,C:/Finance/Reports/,2025-11-01T03:58:50,low
schedule_customer_2199.pdf,.pdf,833,C:/Finance/Customers/,2022-08-20T16:48:58,low
announcement_2200_confidential.txt,.txt,10,C:/Finance/PublicInfo/Announcements/,2025-07-25T05:01:57,medium
guidelines_info_2201.txt,.txt,10,C:/Finance/PublicInfo/Guidelines/,2022-12-21T00:29:23,high
transfer_2202.xlsx,.xlsx,25,C:/Finance/Transactions/,2022-02-04T13:39:29,medium
policy_2203.docx,.docx,400,C:/Finance/Compliance/,2025-10-11T05:32:33,high
announcement_2204.csv,.csv,39,C:/Finance/PublicInfo/Announcements/,2023-11-01T09:24:40,low
report_2205.pdf,.pdf,207,C:/Finance/Reports/,2024-11-21T22:26:37,low
contract_2206.xls,.xls,1609,C:/Finance/Loans/,2024-09-17T14:27:03,high
summary_2207.csv,.csv,532,C:/Finance/Reports/,2023-02-12T13:33:17,medium
announcement_2208.txt,.txt,108,C:/Finance/PublicInfo/Guidelines/,2022-10-18T05:07:04,low
ledger_2209.pdf,.pdf,902,C:/Finance/Accounts/,2025-07-27T19:34:24,low
policy_2210.docx,.docx,771,C:/Finance/Internal/Policies/,2025-10-04T13:51:00,low
summary_2211.pdf,.pdf,1054,C:/Finance/Transactions/,2023-02-12T15:31:21,low
announcement_agreement_2212.docx,.docx,92,C:/Finance/Loans/,2022-05-16T07:15:00,high
schedule_transaction_2213_draft.pdf,.pdf,1057,C:/Finance/Transactions/,2023-08-14T21:38:41,low
guideline_2214.docx,.docx,482,C:/Finance/Internal/Policies/,2023-02-26T20:16:51,high
info_statement_2215.xlsx,.xlsx,818,C:/Finance/Transactions/,2024-11-19T16:39:11,high
contract_2216.docx,.docx,885,C:/Finance/Customers/,2024-10-27T10:29:57,medium
schedule_transaction_2217_draft.xlsx,.xlsx,1260,C:/Finance/Transactions/,2025-08-13T07:21:58,low
announcement_2218_final.pdf,.pdf,240,C:/Finance/PublicInfo/Guidelines/,2023-11-25T06:01:20,low
menu_ledger_2219.xlsx,.xlsx,950,C:/Finance/Accounts/,2022-08-22T08:42:21,low
notice_2220.pdf,.pdf,957,C:/Finance/PublicInfo/Guidelines/,2023-05-22T19:26:36,low
ssn_account_2221.csv,.csv,95,C:/Finance/Accounts/,2023-10-13T19:31:38,low
announcement_2222.pdf,.pdf,418,C:/Finance/PublicInfo/Guidelines/,2025-05-27T11:02:37,low
report_notice_2223.txt,.txt,15,C:/Finance/PublicInfo/Announcements/,2024-09-14T08:59:00,medium
schedule_repayment_2224.xlsx,.xlsx,145,C:/Finance/Loans/,2024-09-24T04:41:58,low
info_report_2225.docx,.docx,407,C:/Finance/HR/,2025-12-16T09:33:22,high
repayment_2226.docx,.docx,225,C:/Finance/Loans/,2022-08-31T15:56:04,low
invoice_statement_2227.xlsx,.xlsx,409,C:/Finance/Transactions/,2023-08-09T05:14:01,low
info_2228.pdf,.pdf,1600,C:/Finance/PublicInfo/Announcements/,2023-04-24T23:41:58,medium
analysis_account_2229.xlsx,.xlsx,10,C:/Finance/Accounts/,2023-03-09T10:48:32,low
account_2230.pdf,.pdf,305,C:/Finance/Accounts/,2025-09-20T03:27:27,low
menu_protocol_2231.pdf,.pdf,2621,C:/Finance/Internal/Policies/,2022-12-25T13:38:01,low
public_notice_review_2232.pdf,.pdf,210,C:/Finance/Compliance/,2025-11-16T18:22:28,medium
pin_agreement_2233.pdf,.pdf,307,C:/Finance/Loans/,2022-01-18T05:04:43,high
audit_review_2234.docx,.docx,1143,C:/Finance/Compliance/,2024-07-22T08:06:56,medium
agreement_2235.xls,.xls,355,C:/Finance/Loans/,2023-09-14T02:16:02,low
schedule_2236.txt,.txt,100,C:/Finance/PublicInfo/Guidelines/,2023-01-31T19:53:29,low
info_info_2237.pdf,.pdf,860,C:/Finance/PublicInfo/Guidelines/,2022-10-22T12:46:39,medium
guideline_2238_final.docx,.docx,679,C:/Finance/Internal/Policies/,2024-10-19T12:22:58,low
summary_info_2239.csv,.csv,362,C:/Finance/PublicInfo/Announcements/,2024-05-26T04:18:05,low
contract_2240.pdf,.pdf,212,C:/Finance/Customers/,2024-08-10T02:28:37,low
schedule_schedule_2241.txt,.txt,29,C:/Finance/PublicInfo/Guidelines/,2023-04-07T03:25:29,low
balance_2242_v2.xlsx,.xlsx,908,C:/Finance/Accounts/,2025-12-19T13:40:28,high
info_announcement_2243.csv,.csv,146,C:/Finance/PublicInfo/Announcements/,2024-06-01T22:55:47,low
announcement_2244.csv,.csv,168,C:/Finance/PublicInfo/Guidelines/,2022-01-07T16:49:54,low
schedule_customer_2245.docx,.docx,55,C:/Finance/Customers/,2024-01-17T02:34:47,high
repayment_2246.xls,.xls,918,C:/Finance/Loans/,2024-02-02T08:34:48,high
statement_payroll_2247.docx,.docx,401,C:/Finance/HR/,2022-03-22T12:21:18,low
announcement_2248.txt,.txt,130,C:/Finance/PublicInfo/Announcements/,2024-10-27T07:24:47,high
memo_loan_2249.xlsx,.xlsx,1385,C:/Finance/Loans/,2025-02-10T18:04:47,high
repayment_2250.xlsx,.xlsx,829,C:/Finance/Loans/,2023-02-25T21:08:13,medium
menu_schedule_2251.txt,.txt,16,C:/Finance/PublicInfo/Announcements/,2025-12-04T20:07:11,medium
policy_ledger_2252.csv,.csv,111,C:/Finance/Accounts/,2024-12-04T20:46:45,low
announcement_2253.csv,.csv,21,C:/Finance/PublicInfo/Guidelines/,2024-07-10T07:58:45,high
guidelines_summary_2254_final.pdf,.pdf,1630,C:/Finance/Reports/,2025-02-26T15:18:12,medium
info_2255.csv,.csv,274,C:/Finance/Customers/,2023-09-02T13:45:18,medium
memo_2256_archived.pdf,.pdf,1308,C:/Finance/Reports/,2024-07-02T03:58:23,low
statement_2257.pdf,.pdf,1623,C:/Finance/Transactions/,2025-03-28T09:20:15,medium
transfer_2258.xlsx,.xlsx,1067,C:/Finance/Transactions/,2023-08-18T09:04:07,low
policy_2259.xlsx,.xlsx,1032,C:/Finance/Compliance/,2024-11-29T07:44:15,medium
payroll_2260.pdf,.pdf,1453,C:/Finance/HR/,2022-09-02T14:04:51,low
analysis_protocol_2261.pdf,.pdf,1044,C:/Finance/Internal/Policies/,2025-01-24T18:36:02,medium
account_number_review_2262.pdf,.pdf,501,C:/Finance/Compliance/,2025-04-09T00:18:06,medium
menu_review_2263.docx,.docx,934,C:/Finance/Compliance/,2024-07-20T06:25:41,medium
protocol_2264.docx,.docx,763,C:/Finance/Internal/Policies/,2022-08-14T15:39:51,high
transaction_audit_2265.docx,.docx,427,C:/Finance/Compliance/,2022-06-23T02:43:26,low
audit_policy_2266.pdf,.pdf,592,C:/Finance/Internal/Policies/,2024-01-12T15:01:29,low
ledger_payroll_2267.docx,.docx,694,C:/Finance/HR/,2022-11-02T12:59:51,low
salary_customer_2268.docx,.docx,60,C:/Finance/Customers/,2025-05-16T08:57:37,low
notice_2269.csv,.csv,116,C:/Finance/PublicInfo/Announcements/,2023-08-07T23:34:17,medium
balance_2270.xlsx,.xlsx,639,C:/Finance/Accounts/,2023-08-04T22:37:23,high
announcement_2271.csv,.csv,105,C:/Finance/PublicInfo/Announcements/,2025-06-16T07:57:24,low
salary_balance_2272.csv,.csv,247,C:/Finance/Accounts/,2022-05-17T06:48:44,high
passwords_policy_2273_v2.pdf,.pdf,942,C:/Finance/Compliance/,2025-02-24T18:16:39,low
invoice_transaction_2274.xlsx,.xlsx,588,C:/Finance/Transactions/,2023-07-31T08:54:19,low
policy_2275.pdf,.pdf,1148,C:/Finance/Internal/Policies/,2022-03-06T17:11:54,low
announcement_balance_2276.csv,.csv,659,C:/Finance/Accounts/,2024-10-24T17:43:19,low
invoice_report_2277.pdf,.pdf,608,C:/Finance/Reports/,2023-05-27T16:05:22,low
report_transaction_2278.xlsx,.xlsx,390,C:/Finance/Transactions/,2025-10-08T20:13:08,medium
public_notice_salary_2279.xlsx,.xlsx,1181,C:/Finance/HR/,2024-02-09T00:29:14,low
announcement_balance_2280.xlsx,.xlsx,831,C:/Finance/Accounts/,2023-10-20T04:42:55,low
balance_2281.csv,.csv,483,C:/Finance/Accounts/,2022-04-08T16:37:41,medium
loan_contract_analysis_2282.xlsx,.xlsx,413,C:/Finance/Reports/,2023-10-20T08:33:53,high
announcement_info_2283.csv,.csv,362,C:/Finance/PublicInfo/Announcements/,2022-11-21T23:07:28,low
statement_2284_archived.xlsx,.xlsx,406,C:/Finance/Transactions/,2025-06-14T20:31:24,low
memo_2285.xlsx,.xlsx,317,C:/Finance/Reports/,2025-02-16T07:27:06,medium
contract_2286.csv,.csv,176,C:/Finance/Customers/,2024-06-21T03:25:27,low
announcement_transfer_2287.xlsx,.xlsx,595,C:/Finance/Transactions/,2023-12-16T14:16:09,low
review_2288_v2.docx,.docx,110,C:/Finance/Compliance/,2025-05-29T18:12:50,low
report_customer_2289.docx,.docx,142,C:/Finance/Customers/,2022-10-22T14:48:11,low
contract_2290.xls,.xls,1679,C:/Finance/Loans/,2023-09-21T22:44:28,low
invoice_roster_2291.docx,.docx,562,C:/Finance/HR/,2023-08-08T04:36:35,medium
protocol_2292.xlsx,.xlsx,923,C:/Finance/Internal/Policies/,2022-09-05T16:51:47,low
transfer_2293_v2.pdf,.pdf,1023,C:/Finance/Transactions/,2024-12-05T22:04:56,low
balance_2294.xlsx,.xlsx,730,C:/Finance/Accounts/,2023-04-07T06:04:14,low
notice_2295.txt,.txt,139,C:/Finance/PublicInfo/Announcements/,2022-05-11T15:36:48,high
analysis_2296.csv,.csv,584,C:/Finance/Reports/,2024-06-01T23:15:52,high
statement_procedure_2297_archived.pdf,.pdf,382,C:/Finance/Internal/Policies/,2025-04-16T12:33:36,low
guideline_2298.xlsx,.xlsx,899,C:/Finance/Compliance/,2025-12-30T01:09:39,low
customer_2299.docx,.docx,436,C:/Finance/Customers/,2025-12-08T17:37:45,medium
announcement_2300.pdf,.pdf,1432,C:/Finance/PublicInfo/Announcements/,2024-08-27T04:51:42,low
transaction_announcement_2301.csv,.csv,392,C:/Finance/PublicInfo/Guidelines/,2022-07-25T11:37:20,low
schedule_2302.pdf,.pdf,448,C:/Finance/PublicInfo/Announcements/,2023-10-15T19:58:51,low
contract_2303.docx,.docx,471,C:/Finance/Loans/,2022-10-24T13:39:02,high
info_schedule_2304.txt,.txt,16,C:/Finance/PublicInfo/Guidelines/,2023-03-16T04:44:00,low
policy_2305_v2.pdf,.pdf,108,C:/Finance/Internal/Policies/,2024-06-11T04:01:49,low
announcement_2306.csv,.csv,197,C:/Finance/PublicInfo/Guidelines/,2025-02-23T16:39:37,low
procedure_2307.xlsx,.xlsx,683,C:/Finance/Internal/Policies/,2025-07-03T08:01:20,low
guidelines_guideline_2308.xlsx,.xlsx,812,C:/Finance/Compliance/,2022-06-06T15:44:53,low
loan_2309.xls,.xls,353,C:/Finance/Loans/,2025-12-20T00:46:07,low
bank_statement_report_2310.pdf,.pdf,2195,C:/Finance/Reports/,2022-08-02T13:16:40,low
statement_2311.pdf,.pdf,1472,C:/Finance/Transactions/,2022-09-09T01:27:32,medium
menu_memo_2312_confidential.xlsx,.xlsx,865,C:/Finance/Reports/,2023-12-01T10:34:56,low
announcement_2313.txt,.txt,72,C:/Finance/PublicInfo/Guidelines/,2023-08-21T04:12:15,low
transaction_info_2314.csv,.csv,268,C:/Finance/Customers/,2023-02-26T00:18:23,low
review_2315.pdf,.pdf,419,C:/Finance/Compliance/,2022-10-27T12:01:15,low
tax_info_schedule_2316.pdf,.pdf,162,C:/Finance/PublicInfo/Guidelines/,2025-09-29T02:54:04,high
guidelines_loan_2317_draft.docx,.docx,269,C:/Finance/Loans/,2023-03-08T12:30:10,medium
memo_2318.xlsx,.xlsx,773,C:/Finance/Reports/,2022-06-05T03:39:03,low
announcement_loan_2319_confidential.pdf,.pdf,1479,C:/Finance/Loans/,2025-08-22T11:52:57,low
customer_contract_2320.pdf,.pdf,844,C:/Finance/Loans/,2023-04-15T23:22:53,high
menu_report_2321.docx,.docx,565,C:/Finance/HR/,2023-09-24T12:45:23,low
account_number_info_2322.csv,.csv,93,C:/Finance/PublicInfo/Guidelines/,2023-09-27T03:08:39,low
statement_2323.csv,.csv,475,C:/Finance/Transactions/,2022-03-12T06:00:15,medium
schedule_analysis_2324_confidential.csv,.csv,243,C:/Finance/Reports/,2024-06-17T11:48:29,medium
announcement_audit_2325.csv,.csv,387,C:/Finance/Accounts/,2022-07-29T14:32:06,low
transaction_payroll_2326.docx,.docx,40,C:/Finance/HR/,2022-03-07T14:43:22,medium
schedule_2327.pdf,.pdf,967,C:/Finance/PublicInfo/Announcements/,2022-01-22T23:57:00,low
policy_2328.docx,.docx,311,C:/Finance/Internal/Policies/,2024-09-02T11:11:59,low
schedule_2329_confidential.pdf,.pdf,31,C:/Finance/PublicInfo/Guidelines/,2025-08-23T16:51:50,medium
account_2330.pdf,.pdf,1933,C:/Finance/Accounts/,2023-03-12T12:49:37,low
account_number_protocol_2331.xlsx,.xlsx,11,C:/Finance/Internal/Policies/,2023-03-20T19:46:14,low
policy_announcement_2332.txt,.txt,61,C:/Finance/PublicInfo/Guidelines/,2025-11-13T03:58:03,low
invoice_info_2333.csv,.csv,281,C:/Finance/PublicInfo/Guidelines/,2022-06-14T16:45:23,medium
statement_policy_2334.pdf,.pdf,69,C:/Finance/Internal/Policies/,2025-01-17T22:30:09,low
analysis_guideline_2335.xlsx,.xlsx,1397,C:/Finance/Internal/Policies/,2022-01-04T20:45:12,high
guideline_2336.docx,.docx,197,C:/Finance/Compliance/,2025-06-15T08:11:54,low
announcement_2337.csv,.csv,235,C:/Finance/PublicInfo/Guidelines/,2023-08-16T14:47:03,low
memo_2338.csv,.csv,482,C:/Finance/Reports/,2022-08-26T07:24:02,low
transfer_2339.csv,.csv,135,C:/Finance/Transactions/,2022-02-11T21:41:45,high
report_loan_2340.xlsx,.xlsx,407,C:/Finance/Loans/,2025-05-26T21:46:32,low
info_2341.txt,.txt,67,C:/Finance/PublicInfo/Guidelines/,2023-10-16T13:33:04,low
summary_announcement_2342.pdf,.pdf,1439,C:/Finance/PublicInfo/Announcements/,2023-05-13T17:35:11,low
info_2343.txt,.txt,90,C:/Finance/PublicInfo/Announcements/,2022-09-18T10:22:49,low
transaction_review_2344.xlsx,.xlsx,1523,C:/Finance/Compliance/,2023-09-12T04:38:58,low
customer_2345.pdf,.pdf,772,C:/Finance/Customers/,2024-09-08T19:57:59,low
info_report_2346.csv,.csv,45,C:/Finance/Reports/,2024-10-15T12:53:53,low
report_contract_2347_archived.docx,.docx,416,C:/Finance/Customers/,2022-07-03T23:04:51,low
ledger_balance_2348.csv,.csv,423,C:/Finance/Accounts/,2025-11-07T07:37:22,medium
info_2349.txt,.txt,10,C:/Finance/PublicInfo/Guidelines/,2023-10-16T13:41:42,low
public_notice_notice_2350.pdf,.pdf,1077,C:/Finance/PublicInfo/Announcements/,2023-11-19T00:37:03,low
transfer_2351_draft.pdf,.pdf,1534,C:/Finance/Transactions/,2023-05-10T10:46:34,high
ssn_announcement_2352.txt,.txt,51,C:/Finance/PublicInfo/Announcements/,2024-03-13T11:26:04,low
announcement_roster_2353.xlsx,.xlsx,1363,C:/Finance/HR/,2023-04-25T08:16:39,medium
announcement_2354.csv,.csv,609,C:/Finance/PublicInfo/Announcements/,2025-08-14T17:18:27,low
public_notice_ledger_2355.xlsx,.xlsx,629,C:/Finance/Accounts/,2025-03-01T05:27:08,low
info_audit_2356.csv,.csv,502,C:/Finance/Accounts/,2023-04-15T23:59:57,low
policy_report_2357.docx,.docx,1149,C:/Finance/HR/,2025-06-26T21:32:58,medium
policy_2358_v2.xlsx,.xlsx,555,C:/Finance/Compliance/,2024-02-26T02:14:14,low
statement_2359.pdf,.pdf,519,C:/Finance/Transactions/,2023-11-14T05:54:03,low
menu_transfer_2360.csv,.csv,169,C:/Finance/Transactions/,2024-12-31T12:32:09,low
salary_2361.pdf,.pdf,1418,C:/Finance/HR/,2023-08-03T04:47:30,medium
info_2362.docx,.docx,349,C:/Finance/Customers/,2023-12-26T18:45:28,low
summary_2363.csv,.csv,247,C:/Finance/Transactions/,2024-09-09T01:43:59,medium
guideline_2364.docx,.docx,432,C:/Finance/Internal/Policies/,2022-01-05T13:30:49,low
invoice_report_2365.pdf,.pdf,2177,C:/Finance/Reports/,2023-03-22T08:10:38,low
info_2366.pdf,.pdf,1729,C:/Finance/Customers/,2023-02-01T08:30:54,medium
public_notice_info_2367_v2.pdf,.pdf,1334,C:/Finance/PublicInfo/Guidelines/,2024-10-29T04:02:27,low
transaction_2368.pdf,.pdf,1223,C:/Finance/Transactions/,2025-12-20T02:10:57,medium
audit_2369.csv,.csv,168,C:/Finance/Accounts/,2023-08-09T19:44:19,high
schedule_2370.txt,.txt,23,C:/Finance/PublicInfo/Announcements/,2025-03-05T19:28:12,low
report_guideline_2371.xlsx,.xlsx,825,C:/Finance/Compliance/,2024-08-11T09:05:10,high
account_number_guideline_2372.pdf,.pdf,140,C:/Finance/Internal/Policies/,2022-01-26T01:56:39,low
announcement_info_2373.docx,.docx,396,C:/Finance/Customers/,2024-08-16T03:16:38,low
repayment_2374_draft.pdf,.pdf,1234,C:/Finance/Loans/,2023-04-23T04:07:25,low
announcement_loan_2375.xlsx,.xlsx,191,C:/Finance/Loans/,2024-06-27T01:50:47,low
summary_2376.csv,.csv,281,C:/Finance/Reports/,2023-11-13T10:51:50,low
summary_audit_2377.xlsx,.xlsx,8,C:/Finance/Compliance/,2024-04-30T15:00:16,low
memo_summary_2378_v2.pdf,.pdf,340,C:/Finance/Reports/,2024-11-27T12:59:08,low
guidelines_salary_2379.xlsx,.xlsx,1079,C:/Finance/HR/,2022-12-29T14:43:13,low
public_notice_customer_2380.pdf,.pdf,1965,C:/Finance/Customers/,2022-06-27T19:15:19,low
report_2381.pdf,.pdf,1841,C:/Finance/HR/,2022-01-13T13:08:27,medium
guidelines_report_2382.docx,.docx,796,C:/Finance/HR/,2025-06-03T13:52:34,high
bank_statement_memo_2383.xlsx,.xlsx,2177,C:/Finance/Reports/,2022-04-11T20:30:06,high
salary_2384.docx,.docx,551,C:/Finance/HR/,2023-12-10T12:55:26,high
info_2385.pdf,.pdf,525,C:/Finance/Customers/,2023-09-24T13:08:20,high
salary_notice_2386.txt,.txt,71,C:/Finance/PublicInfo/Guidelines/,2022-10-06T09:16:42,high
ssn_transfer_2387_confidential.csv,.csv,50,C:/Finance/Transactions/,2025-11-14T13:31:46,medium
balance_2388.csv,.csv,629,C:/Finance/Accounts/,2022-02-12T10:08:04,low
loan_contract_policy_2389.docx,.docx,1230,C:/Finance/Compliance/,2023-09-17T04:00:57,low
invoice_guideline_2390.xlsx,.xlsx,1469,C:/Finance/Compliance/,2024-07-01T00:54:21,high
memo_contract_2391.pdf,.pdf,474,C:/Finance/Loans/,2025-08-13T22:50:17,low
transaction_profile_2392.pdf,.pdf,1248,C:/Finance/Customers/,2023-08-12T11:53:48,high
transaction_info_2393.csv,.csv,470,C:/Finance/Customers/,2024-02-17T15:37:12,medium
review_2394.pdf,.pdf,855,C:/Finance/Compliance/,2023-10-30T01:08:47,low
statement_2395.csv,.csv,87,C:/Finance/Transactions/,2025-11-06T17:31:02,low
statement_2396.csv,.csv,311,C:/Finance/Transactions/,2025-04-17T23:36:50,low
analysis_contract_2397.pdf,.pdf,643,C:/Finance/Customers/,2023-08-29T23:29:13,low
report_contract_2398.docx,.docx,643,C:/Finance/Loans/,2023-09-21T02:08:02,medium
ledger_protocol_2399.pdf,.pdf,302,C:/Finance/Internal/Policies/,2024-05-21T18:47:31,low
guideline_2400.pdf,.pdf,661,C:/Finance/Internal/Policies/,2023-06-11T17:57:48,low
analysis_summary_2401.csv,.csv,178,C:/Finance/Transactions/,2023-12-12T23:02:47,high
guideline_2402.xlsx,.xlsx,238,C:/Finance/Compliance/,2023-05-26T08:14:53,medium
report_schedule_2403.csv,.csv,209,C:/Finance/PublicInfo/Guidelines/,2024-09-19T12:29:44,low
transaction_2404.xlsx,.xlsx,1199,C:/Finance/Transactions/,2022-05-10T09:44:21,medium
profile_2405.docx,.docx,499,C:/Finance/Customers/,2022-11-20T10:58:35,high
bank_statement_notice_2406.pdf,.pdf,605,C:/Finance/PublicInfo/Announcements/,2025-06-19T07:26:27,low
announcement_2407.csv,.csv,234,C:/Finance/PublicInfo/Announcements/,2022-07-03T00:49:14,medium
contract_2408.xlsx,.xlsx,295,C:/Finance/Loans/,2023-09-09T12:02:05,low
invoice_agreement_2409.docx,.docx,271,C:/Finance/Loans/,2022-10-25T02:30:00,medium
transaction_procedure_2410.docx,.docx,468,C:/Finance/Internal/Policies/,2024-11-03T08:15:14,high
public_notice_info_2411.pdf,.pdf,1002,C:/Finance/Customers/,2024-11-25T08:07:11,medium
menu_announcement_2412_archived.pdf,.pdf,686,C:/Finance/PublicInfo/Guidelines/,2023-09-16T11:29:27,low
report_transaction_2413.xlsx,.xlsx,1159,C:/Finance/Transactions/,2023-10-14T07:13:20,low
transaction_announcement_2414.txt,.txt,59,C:/Finance/PublicInfo/Announcements/,2022-04-21T12:59:28,high
summary_audit_2415.docx,.docx,514,C:/Finance/Compliance/,2025-01-08T12:46:57,medium
report_procedure_2416.pdf,.pdf,538,C:/Finance/Internal/Policies/,2024-04-02T18:17:33,low
public_notice_announcement_2417.csv,.csv,319,C:/Finance/PublicInfo/Guidelines/,2024-07-24T12:27:13,high
statement_account_2418.xlsx,.xlsx,287,C:/Finance/Accounts/,2022-04-04T01:44:43,medium
confidential_summary_2419.csv,.csv,139,C:/Finance/Transactions/,2022-11-16T02:11:55,medium
audit_announcement_2420.txt,.txt,24,C:/Finance/PublicInfo/Guidelines/,2022-11-12T18:45:34,low
transaction_loan_2421.xls,.xls,983,C:/Finance/Loans/,2025-12-20T03:15:31,medium
info_2422_v2.txt,.txt,106,C:/Finance/PublicInfo/Guidelines/,2022-08-01T09:11:43,low
tax_info_notice_2423.csv,.csv,99,C:/Finance/PublicInfo/Announcements/,2023-10-28T23:13:01,low
summary_transaction_2424.xlsx,.xlsx,792,C:/Finance/Transactions/,2022-07-09T16:44:54,low
invoice_procedure_2425.xlsx,.xlsx,2550,C:/Finance/Internal/Policies/,2022-12-05T07:59:08,high
memo_2426.pdf,.pdf,3075,C:/Finance/Reports/,2025-06-18T17:39:56,medium
analysis_2427.pdf,.pdf,1051,C:/Finance/Reports/,2022-08-04T19:42:40,low
report_2428.pdf,.pdf,788,C:/Finance/Reports/,2023-03-05T14:56:24,low
schedule_2429.txt,.txt,141,C:/Finance/PublicInfo/Guidelines/,2024-07-17T18:44:31,medium
customer_statement_2430.pdf,.pdf,89,C:/Finance/Transactions/,2025-04-24T01:00:46,low
invoice_schedule_2431.pdf,.pdf,488,C:/Finance/PublicInfo/Guidelines/,2023-07-16T18:22:05,medium
report_review_2432_final.pdf,.pdf,305,C:/Finance/Compliance/,2025-07-27T01:55:55,low
summary_2433.csv,.csv,334,C:/Finance/Transactions/,2025-04-23T15:02:10,medium
credit_report_contract_2434.csv,.csv,627,C:/Finance/Customers/,2022-06-05T19:06:17,low
ledger_schedule_2435.pdf,.pdf,164,C:/Finance/PublicInfo/Announcements/,2022-09-08T15:06:28,medium
agreement_2436.pdf,.pdf,1756,C:/Finance/Loans/,2023-05-23T13:49:49,high
menu_repayment_2437_draft.docx,.docx,30,C:/Finance/Loans/,2025-05-31T16:37:39,low
customer_2438.pdf,.pdf,585,C:/Finance/Customers/,2025-08-18T01:55:08,low
memo_2439.pdf,.pdf,45,C:/Finance/Reports/,2025-12-05T15:54:31,medium
announcement_account_2440.pdf,.pdf,939,C:/Finance/Accounts/,2022-02-15T09:03:07,high
customer_loan_2441.xlsx,.xlsx,2102,C:/Finance/Loans/,2023-01-12T20:13:01,high
info_salary_2442.docx,.docx,528,C:/Finance/HR/,2023-12-31T09:23:01,low
schedule_notice_2443.txt,.txt,130,C:/Finance/PublicInfo/Guidelines/,2023-08-22T21:26:48,low
menu_transaction_2444.pdf,.pdf,447,C:/Finance/Transactions/,2022-06-01T05:21:17,low
summary_2445.pdf,.pdf,448,C:/Finance/Transactions/,2024-07-15T06:13:58,low
protocol_2446.docx,.docx,840,C:/Finance/Internal/Policies/,2023-04-21T10:46:59,low
report_audit_2447.csv,.csv,22,C:/Finance/Accounts/,2022-08-27T00:41:11,low
announcement_schedule_2448_final.txt,.txt,47,C:/Finance/PublicInfo/Guidelines/,2022-12-29T18:33:47,high
announcement_announcement_2449.csv,.csv,427,C:/Finance/PublicInfo/Announcements/,2024-05-20T03:29:13,low
customer_2450.pdf,.pdf,1760,C:/Finance/Customers/,2024-01-14T23:04:56,high
analysis_audit_2451.docx,.docx,432,C:/Finance/Compliance/,2025-05-31T23:05:58,high
balance_2452.csv,.csv,367,C:/Finance/Accounts/,2022-01-08T09:44:32,low
guidelines_account_2453_draft.xlsx,.xlsx,344,C:/Finance/Accounts/,2024-04-10T10:28:55,low
menu_report_2454.pdf,.pdf,367,C:/Finance/Reports/,2022-09-13T14:34:43,low
statement_analysis_2455.xlsx,.xlsx,85,C:/Finance/Reports/,2025-12-17T03:07:08,medium
menu_transfer_2456.pdf,.pdf,1190,C:/Finance/Transactions/,2023-11-07T21:04:59,medium
policy_2457.pdf,.pdf,766,C:/Finance/Compliance/,2022-08-04T16:07:38,high
ledger_agreement_2458.pdf,.pdf,1299,C:/Finance/Loans/,2024-07-27T11:21:38,medium
transaction_2459.xlsx,.xlsx,882,C:/Finance/Transactions/,2022-12-01T16:30:53,medium
customer_2460.csv,.csv,262,C:/Finance/Customers/,2022-08-23T22:01:49,low
ledger_2461_v2.csv,.csv,376,C:/Finance/Accounts/,2024-01-31T06:29:27,low
procedure_2462_final.pdf,.pdf,80,C:/Finance/Internal/Policies/,2022-06-04T11:45:55,medium
review_2463.pdf,.pdf,569,C:/Finance/Compliance/,2025-02-23T11:46:51,low
report_2464.pdf,.pdf,413,C:/Finance/Reports/,2022-12-19T11:36:46,low
balance_2465.xlsx,.xlsx,2071,C:/Finance/Accounts/,2023-12-30T03:15:47,high
announcement_info_2466.csv,.csv,334,C:/Finance/PublicInfo/Announcements/,2025-04-30T08:55:02,low
info_2467.docx,.docx,783,C:/Finance/Customers/,2024-11-06T22:23:36,low
public_notice_schedule_2468.csv,.csv,33,C:/Finance/PublicInfo/Announcements/,2022-04-14T22:04:52,low
loan_2469.pdf,.pdf,427,C:/Finance/Loans/,2024-10-25T15:53:31,low
profile_2470.csv,.csv,611,C:/Finance/Customers/,2024-04-29T21:09:36,high
schedule_2471.pdf,.pdf,849,C:/Finance/PublicInfo/Announcements/,2024-11-28T11:42:13,medium
guidelines_announcement_2472.pdf,.pdf,396,C:/Finance/PublicInfo/Announcements/,2023-07-26T02:23:57,low
announcement_audit_2473.pdf,.pdf,2995,C:/Finance/Compliance/,2023-01-16T08:20:31,medium
notice_2474.csv,.csv,342,C:/Finance/PublicInfo/Announcements/,2023-01-13T22:29:52,low
memo_contract_2475.pdf,.pdf,605,C:/Finance/Customers/,2023-02-05T13:31:12,low
contract_2476.docx,.docx,501,C:/Finance/Customers/,2022-11-23T16:53:57,low
transaction_announcement_2477.pdf,.pdf,129,C:/Finance/PublicInfo/Guidelines/,2023-11-01T15:55:24,medium
info_2478_v2.csv,.csv,437,C:/Finance/PublicInfo/Announcements/,2023-06-21T14:25:22,low
summary_2479.pdf,.pdf,913,C:/Finance/Transactions/,2023-08-23T11:30:04,medium
menu_guideline_2480.pdf,.pdf,581,C:/Finance/Internal/Policies/,2023-03-24T08:38:16,medium
analysis_2481.csv,.csv,461,C:/Finance/Reports/,2023-08-19T02:09:52,low
notice_2482.csv,.csv,215,C:/Finance/PublicInfo/Guidelines/,2023-11-26T20:55:41,high
statement_audit_2483.xlsx,.xlsx,959,C:/Finance/Compliance/,2023-02-23T07:53:30,low
repayment_2484.pdf,.pdf,634,C:/Finance/Loans/,2022-08-17T21:23:32,low
menu_transaction_2485.csv,.csv,115,C:/Finance/Transactions/,2022-08-01T17:30:20,low
schedule_report_2486.pdf,.pdf,342,C:/Finance/Reports/,2023-12-05T08:59:39,low
notice_2487.txt,.txt,37,C:/Finance/PublicInfo/Guidelines/,2024-12-21T10:02:58,medium
report_2488.docx,.docx,263,C:/Finance/HR/,2023-09-25T05:54:57,low
summary_2489.xlsx,.xlsx,1215,C:/Finance/Transactions/,2025-07-06T06:40:58,high
loan_2490.pdf,.pdf,486,C:/Finance/Loans/,2023-02-21T23:29:20,low
statement_agreement_2491.docx,.docx,284,C:/Finance/Loans/,2025-05-12T04:43:19,low
schedule_2492.pdf,.pdf,10,C:/Finance/PublicInfo/Guidelines/,2022-01-14T13:22:06,low
transaction_memo_2493.xlsx,.xlsx,1234,C:/Finance/Reports/,2023-03-11T20:36:41,high
account_number_policy_2494.xlsx,.xlsx,559,C:/Finance/Internal/Policies/,2023-08-05T07:12:10,low
ledger_2495_draft.pdf,.pdf,352,C:/Finance/Accounts/,2025-10-29T12:38:49,medium
announcement_2496.csv,.csv,547,C:/Finance/PublicInfo/Guidelines/,2024-06-15T10:59:33,low
ledger_2497.xlsx,.xlsx,333,C:/Finance/Accounts/,2025-10-20T04:44:52,medium
info_2498.pdf,.pdf,1095,C:/Finance/PublicInfo/Guidelines/,2022-12-04T11:20:58,low
menu_announcement_2499.pdf,.pdf,1747,C:/Finance/PublicInfo/Announcements/,2023-05-09T14:59:40,high
ledger_audit_2500_confidential.pdf,.pdf,257,C:/Finance/Compliance/,2023-09-21T19:58:47,low
policy_2501.pdf,.pdf,563,C:/Finance/Internal/Policies/,2025-12-12T08:29:40,high
review_2502_confidential.docx,.docx,523,C:/Finance/Compliance/,2023-07-08T09:52:56,low
schedule_policy_2503.xlsx,.xlsx,1,C:/Finance/Internal/Policies/,2023-06-02T01:09:15,low
memo_announcement_2504.pdf,.pdf,876,C:/Finance/PublicInfo/Guidelines/,2023-07-21T14:43:03,low
transfer_2505.pdf,.pdf,1470,C:/Finance/Transactions/,2025-11-07T12:33:41,medium
credit_report_info_2506.pdf,.pdf,413,C:/Finance/PublicInfo/Announcements/,2022-11-20T03:27:15,medium
ledger_2507.pdf,.pdf,456,C:/Finance/Accounts/,2023-12-19T17:34:27,medium
menu_agreement_2508.docx,.docx,1119,C:/Finance/Loans/,2023-05-13T00:02:55,medium
policy_contract_2509_v2.xlsx,.xlsx,394,C:/Finance/Loans/,2022-01-12T21:21:51,low
notice_2510.csv,.csv,178,C:/Finance/PublicInfo/Guidelines/,2022-12-14T14:23:16,low
schedule_2511.csv,.csv,27,C:/Finance/PublicInfo/Guidelines/,2022-06-30T03:03:52,low
guidelines_info_2512.csv,.csv,3,C:/Finance/Customers/,2025-04-27T01:11:08,low
announcement_policy_2513_v2.docx,.docx,301,C:/Finance/Internal/Policies/,2024-01-30T10:00:54,medium
statement_2514.pdf,.pdf,1887,C:/Finance/Transactions/,2023-12-31T13:51:38,low
contract_2515.csv,.csv,23,C:/Finance/Customers/,2023-08-08T09:41:09,low
info_memo_2516.csv,.csv,143,C:/Finance/Reports/,2023-08-10T14:58:47,medium
transaction_announcement_2517_draft.csv,.csv,47,C:/Finance/PublicInfo/Guidelines/,2024-11-13T17:50:52,low
review_2518.docx,.docx,329,C:/Finance/Compliance/,2025-03-26T23:45:58,medium
payroll_2519.docx,.docx,6,C:/Finance/HR/,2023-10-17T12:26:56,medium
info_ledger_2520_draft.pdf,.pdf,1998,C:/Finance/Accounts/,2025-07-11T12:03:17,low
confidential_agreement_2521.docx,.docx,374,C:/Finance/Loans/,2025-11-14T05:22:53,low
analysis_2522.xlsx,.xlsx,614,C:/Finance/Reports/,2024-02-04T06:57:46,medium
analysis_contract_2523.docx,.docx,448,C:/Finance/Customers/,2025-12-06T13:57:29,medium
policy_guideline_2524.xlsx,.xlsx,551,C:/Finance/Compliance/,2024-12-12T00:43:53,medium
policy_agreement_2525.xlsx,.xlsx,6,C:/Finance/Loans/,2024-07-09T00:28:49,medium
guidelines_repayment_2526_final.xlsx,.xlsx,1736,C:/Finance/Loans/,2023-08-31T14:07:16,low
audit_2527.xlsx,.xlsx,513,C:/Finance/Accounts/,2023-06-09T22:35:12,medium
summary_report_2528.docx,.docx,177,C:/Finance/HR/,2022-12-31T05:44:29,high
analysis_2529.csv,.csv,15,C:/Finance/Reports/,2022-01-20T23:35:06,low
confidential_customer_2530.csv,.csv,168,C:/Finance/Customers/,2025-02-03T12:56:24,low
info_ledger_2531.pdf,.pdf,319,C:/Finance/Accounts/,2022-04-11T03:34:37,low
analysis_2532.xlsx,.xlsx,2746,C:/Finance/Reports/,2023-02-12T19:09:38,high
announcement_transfer_2533.xlsx,.xlsx,344,C:/Finance/Transactions/,2025-06-13T11:51:51,low
customer_2534.pdf,.pdf,34,C:/Finance/Customers/,2024-12-19T09:14:19,low
roster_2535.xlsx,.xlsx,1782,C:/Finance/HR/,2022-05-18T03:12:11,medium
balance_2536.pdf,.pdf,716,C:/Finance/Accounts/,2024-02-12T08:45:39,low
statement_2537.xlsx,.xlsx,853,C:/Finance/Transactions/,2023-04-25T02:54:27,high
contract_2538.xls,.xls,409,C:/Finance/Loans/,2025-02-05T15:27:08,low
public_notice_customer_2539.docx,.docx,436,C:/Finance/Customers/,2025-06-13T01:18:29,low
memo_transaction_2540_archived.xlsx,.xlsx,1355,C:/Finance/Transactions/,2022-09-25T00:48:20,low
public_notice_guideline_2541.docx,.docx,1225,C:/Finance/Internal/Policies/,2024-09-26T18:27:08,high
info_audit_2542.pdf,.pdf,184,C:/Finance/Compliance/,2024-08-04T08:28:46,low
balance_2543.csv,.csv,48,C:/Finance/Accounts/,2024-08-24T23:59:35,medium
memo_schedule_2544.txt,.txt,129,C:/Finance/PublicInfo/Announcements/,2023-07-28T18:38:45,low
customer_info_2545.pdf,.pdf,727,C:/Finance/PublicInfo/Guidelines/,2024-05-06T15:01:34,low
ssn_protocol_2546.docx,.docx,296,C:/Finance/Internal/Policies/,2022-06-27T07:50:54,high
credit_report_roster_2547.pdf,.pdf,697,C:/Finance/HR/,2024-09-19T00:37:09,low
info_contract_2548.docx,.docx,470,C:/Finance/Loans/,2022-08-08T11:53:33,high
invoice_protocol_2549.docx,.docx,370,C:/Finance/Internal/Policies/,2023-03-04T13:34:51,low
contract_2550.xls,.xls,900,C:/Finance/Loans/,2022-12-19T17:28:56,low
summary_transaction_2551.xlsx,.xlsx,2020,C:/Finance/Transactions/,2022-01-31T18:40:50,high
contract_2552.xlsx,.xlsx,701,C:/Finance/Loans/,2023-12-02T23:09:35,medium
summary_2553.pdf,.pdf,67,C:/Finance/Reports/,2024-12-08T11:12:55,low
info_2554.csv,.csv,101,C:/Finance/Customers/,2024-11-19T16:27:33,low
schedule_2555.pdf,.pdf,106,C:/Finance/PublicInfo/Announcements/,2022-12-07T00:03:28,medium
report_2556.docx,.docx,287,C:/Finance/HR/,2024-03-09T15:32:04,low
transfer_2557.xlsx,.xlsx,1048,C:/Finance/Transactions/,2025-12-10T18:41:32,low
analysis_2558.xlsx,.xlsx,1313,C:/Finance/Reports/,2025-07-13T03:48:38,low
report_report_2559.pdf,.pdf,494,C:/Finance/HR/,2023-01-14T13:54:48,high
agreement_2560.xls,.xls,200,C:/Finance/Loans/,2025-02-06T03:38:26,low
policy_2561.xlsx,.xlsx,670,C:/Finance/Compliance/,2022-04-03T13:03:24,low
ssn_summary_2562.csv,.csv,398,C:/Finance/Reports/,2022-09-25T12:39:10,low
guideline_2563.xlsx,.xlsx,220,C:/Finance/Internal/Policies/,2024-07-05T23:37:28,low
summary_2564.pdf,.pdf,1670,C:/Finance/Reports/,2022-02-14T09:26:27,low
policy_customer_2565.docx,.docx,161,C:/Finance/Customers/,2023-06-18T14:29:04,low
ledger_2566.csv,.csv,390,C:/Finance/Accounts/,2023-12-22T18:59:43,medium
policy_2567.docx,.docx,58,C:/Finance/Internal/Policies/,2023-05-29T14:05:57,low
transaction_2568_v2.csv,.csv,99,C:/Finance/Transactions/,2025-09-11T20:19:45,low
ledger_repayment_2569.docx,.docx,693,C:/Finance/Loans/,2023-06-19T07:14:12,low
public_notice_profile_2570.docx,.docx,197,C:/Finance/Customers/,2022-05-05T15:49:32,low
announcement_payroll_2571.pdf,.pdf,243,C:/Finance/HR/,2023-06-19T09:59:46,high
memo_2572.pdf,.pdf,78,C:/Finance/Reports/,2024-04-24T18:56:23,low
info_2573.docx,.docx,775,C:/Finance/Customers/,2024-01-09T20:41:09,high
analysis_2574.csv,.csv,686,C:/Finance/Reports/,2022-02-14T15:46:44,medium
ledger_schedule_2575.pdf,.pdf,190,C:/Finance/PublicInfo/Guidelines/,2024-07-26T12:23:04,low
guideline_2576.pdf,.pdf,1400,C:/Finance/Compliance/,2024-02-07T12:19:57,low
loan_contract_balance_2577.xlsx,.xlsx,414,C:/Finance/Accounts/,2024-11-17T05:09:31,low
profile_2578.csv,.csv,404,C:/Finance/Customers/,2024-04-04T05:55:39,high
announcement_account_2579.xlsx,.xlsx,949,C:/Finance/Accounts/,2023-07-23T23:27:09,medium
invoice_balance_2580_draft.pdf,.pdf,204,C:/Finance/Accounts/,2022-10-15T02:02:35,medium
memo_protocol_2581.pdf,.pdf,827,C:/Finance/Internal/Policies/,2025-08-14T17:35:48,low
memo_transfer_2582.xlsx,.xlsx,486,C:/Finance/Transactions/,2024-06-28T03:54:58,high
announcement_2583.txt,.txt,144,C:/Finance/PublicInfo/Announcements/,2023-12-28T13:06:00,low
protocol_2584.docx,.docx,643,C:/Finance/Internal/Policies/,2022-06-23T06:36:49,low
policy_2585.pdf,.pdf,1154,C:/Finance/Compliance/,2022-06-02T03:50:56,low
announcement_protocol_2586.pdf,.pdf,221,C:/Finance/Internal/Policies/,2023-07-12T15:55:32,low
contract_2587_draft.xls,.xls,760,C:/Finance/Loans/,2025-02-06T10:55:42,medium
transaction_info_2588.docx,.docx,129,C:/Finance/Customers/,2023-08-10T02:09:24,low
menu_announcement_2589.pdf,.pdf,843,C:/Finance/PublicInfo/Guidelines/,2024-07-12T10:31:42,medium
public_notice_report_2590.xlsx,.xlsx,828,C:/Finance/Reports/,2022-11-16T13:37:39,medium
roster_2591.pdf,.pdf,85,C:/Finance/HR/,2025-05-10T08:52:54,high
summary_guideline_2592.docx,.docx,239,C:/Finance/Compliance/,2023-05-03T02:48:51,medium
announcement_customer_2593.pdf,.pdf,1842,C:/Finance/Customers/,2022-09-20T14:58:31,high
statement_report_2594.csv,.csv,548,C:/Finance/Reports/,2022-12-12T06:35:18,low
summary_review_2595.xlsx,.xlsx,310,C:/Finance/Compliance/,2025-01-02T09:39:02,low
guidelines_payroll_2596_draft.pdf,.pdf,998,C:/Finance/HR/,2024-01-07T03:52:08,medium
policy_account_2597.csv,.csv,90,C:/Finance/Accounts/,2022-06-11T20:50:28,low
loan_contract_loan_2598.pdf,.pdf,574,C:/Finance/Loans/,2024-09-25T05:11:57,medium
report_2599.docx,.docx,502,C:/Finance/HR/,2025-07-02T00:34:32,medium
public_notice_customer_2600.docx,.docx,579,C:/Finance/Customers/,2024-02-18T07:35:47,low
analysis_notice_2601.txt,.txt,112,C:/Finance/PublicInfo/Guidelines/,2025-04-03T06:00:04,medium
guidelines_policy_2602.xlsx,.xlsx,1257,C:/Finance/Compliance/,2024-03-26T04:12:23,low
announcement_2603.csv,.csv,66,C:/Finance/PublicInfo/Announcements/,2025-03-28T19:58:28,medium
roster_2604.pdf,.pdf,29,C:/Finance/HR/,2022-11-15T03:15:21,medium
transaction_2605_archived.csv,.csv,490,C:/Finance/Transactions/,2024-08-30T18:46:51,medium
customer_2606.docx,.docx,651,C:/Finance/Customers/,2023-02-11T21:31:41,low
memo_schedule_2607.pdf,.pdf,1783,C:/Finance/PublicInfo/Announcements/,2022-12-03T05:51:49,low
guideline_2608_draft.docx,.docx,63,C:/Finance/Compliance/,2024-09-22T06:53:43,low
summary_statement_2609.xlsx,.xlsx,647,C:/Finance/Transactions/,2024-07-11T12:40:22,low
report_contract_2610.docx,.docx,562,C:/Finance/Customers/,2025-02-27T22:35:24,high
ledger_agreement_2611.xls,.xls,536,C:/Finance/Loans/,2024-04-13T09:11:02,medium
contract_2612.docx,.docx,105,C:/Finance/Customers/,2024-03-27T20:00:03,low
protocol_2613.xlsx,.xlsx,452,C:/Finance/Internal/Policies/,2024-08-27T18:55:28,low
invoice_procedure_2614.docx,.docx,119,C:/Finance/Internal/Policies/,2023-10-11T13:51:39,low
summary_report_2615.xlsx,.xlsx,63,C:/Finance/Reports/,2025-01-02T14:41:05,low
analysis_analysis_2616.xlsx,.xlsx,2062,C:/Finance/Reports/,2023-11-28T22:11:18,medium
loan_2617.xls,.xls,87,C:/Finance/Loans/,2024-05-20T18:57:25,medium
notice_2618.pdf,.pdf,157,C:/Finance/PublicInfo/Guidelines/,2024-06-28T03:36:19,low
balance_2619.csv,.csv,524,C:/Finance/Accounts/,2024-02-16T02:06:20,high
guidelines_profile_2620_v2.docx,.docx,212,C:/Finance/Customers/,2025-07-25T03:11:32,low
statement_2621.csv,.csv,472,C:/Finance/Transactions/,2024-07-24T06:05:56,high
account_2622.xlsx,.xlsx,776,C:/Finance/Accounts/,2023-06-15T21:13:41,medium
guideline_2623.xlsx,.xlsx,586,C:/Finance/Compliance/,2022-08-26T21:47:36,low
notice_2624.csv,.csv,616,C:/Finance/PublicInfo/Announcements/,2025-10-17T15:16:50,medium
report_2625.pdf,.pdf,1219,C:/Finance/Reports/,2025-09-26T04:27:22,low
info_2626.docx,.docx,726,C:/Finance/Customers/,2022-06-15T02:54:56,low
announcement_loan_2627.xls,.xls,608,C:/Finance/Loans/,2025-07-05T07:19:02,low
statement_2628.pdf,.pdf,881,C:/Finance/Transactions/,2023-01-12T11:53:21,medium
audit_2629.pdf,.pdf,710,C:/Finance/Accounts/,2024-10-07T16:34:48,low
protocol_2630.pdf,.pdf,384,C:/Finance/Internal/Policies/,2025-11-21T21:14:12,low
balance_2631.csv,.csv,40,C:/Finance/Accounts/,2023-05-26T11:55:03,medium
announcement_profile_2632.docx,.docx,373,C:/Finance/Customers/,2024-12-11T14:56:15,high
repayment_2633.pdf,.pdf,900,C:/Finance/Loans/,2022-09-24T15:36:27,low
loan_2634.xls,.xls,905,C:/Finance/Loans/,2025-06-13T11:15:50,medium
balance_2635.csv,.csv,287,C:/Finance/Accounts/,2025-10-16T23:46:09,medium
info_2636.pdf,.pdf,2524,C:/Finance/PublicInfo/Guidelines/,2023-02-25T14:20:05,medium
agreement_2637.xls,.xls,1025,C:/Finance/Loans/,2024-12-19T20:23:22,medium
schedule_procedure_2638_confidential.docx,.docx,186,C:/Finance/Internal/Policies/,2022-01-13T12:39:42,high
policy_guideline_2639.xlsx,.xlsx,1033,C:/Finance/Internal/Policies/,2022-03-02T11:28:04,low
summary_2640.pdf,.pdf,212,C:/Finance/Reports/,2024-03-01T00:53:46,low
customer_loan_2641.docx,.docx,415,C:/Finance/Loans/,2024-07-11T04:12:59,high
agreement_2642.pdf,.pdf,375,C:/Finance/Loans/,2023-10-20T18:29:07,medium
memo_policy_2643.docx,.docx,441,C:/Finance/Internal/Policies/,2025-07-02T01:13:47,low
report_notice_2644.csv,.csv,196,C:/Finance/PublicInfo/Guidelines/,2022-01-04T10:02:40,medium
statement_audit_2645.docx,.docx,72,C:/Finance/Compliance/,2023-01-05T22:07:45,medium
schedule_report_2646.docx,.docx,171,C:/Finance/HR/,2023-07-17T07:16:08,low
report_2647.docx,.docx,175,C:/Finance/HR/,2022-11-14T05:13:05,medium
loan_contract_analysis_2648.csv,.csv,558,C:/Finance/Reports/,2023-08-03T18:33:39,low
guideline_2649.docx,.docx,384,C:/Finance/Internal/Policies/,2025-11-05T19:00:51,low
policy_policy_2650.xlsx,.xlsx,432,C:/Finance/Internal/Policies/,2023-12-13T08:00:13,low
announcement_customer_2651.csv,.csv,530,C:/Finance/Customers/,2023-12-09T07:54:20,medium
summary_2652.pdf,.pdf,88,C:/Finance/Transactions/,2024-04-17T03:25:15,low
public_notice_procedure_2653.pdf,.pdf,1449,C:/Finance/Internal/Policies/,2023-11-04T23:59:42,low
guideline_2654.docx,.docx,727,C:/Finance/Internal/Policies/,2024-03-24T09:12:11,high
report_2655_archived.xlsx,.xlsx,152,C:/Finance/HR/,2023-05-22T02:25:12,low
bank_statement_audit_2656.csv,.csv,187,C:/Finance/Accounts/,2025-10-09T14:59:13,medium
repayment_2657.pdf,.pdf,176,C:/Finance/Loans/,2022-01-29T23:11:36,low
roster_2658.docx,.docx,203,C:/Finance/HR/,2022-12-23T05:53:54,medium
bank_statement_info_2659.pdf,.pdf,592,C:/Finance/PublicInfo/Announcements/,2024-07-02T03:47:35,medium
loan_2660.xlsx,.xlsx,1028,C:/Finance/Loans/,2025-09-01T09:18:27,high
summary_2661.xlsx,.xlsx,414,C:/Finance/Transactions/,2024-03-09T17:21:27,medium
profile_2662.docx,.docx,475,C:/Finance/Customers/,2025-08-28T02:40:15,medium
notice_2663.csv,.csv,789,C:/Finance/PublicInfo/Guidelines/,2022-02-03T18:21:51,medium
analysis_info_2664_confidential.csv,.csv,183,C:/Finance/Customers/,2025-08-28T10:14:18,low
memo_2665.pdf,.pdf,667,C:/Finance/Reports/,2022-12-02T21:49:15,low
statement_review_2666.pdf,.pdf,305,C:/Finance/Compliance/,2024-03-01T04:35:36,medium
policy_2667.pdf,.pdf,450,C:/Finance/Internal/Policies/,2022-12-12T09:49:14,low
public_notice_report_2668.xlsx,.xlsx,88,C:/Finance/Reports/,2023-07-10T02:09:18,medium
schedule_schedule_2669.txt,.txt,79,C:/Finance/PublicInfo/Announcements/,2024-03-02T09:18:32,low
guideline_2670.xlsx,.xlsx,350,C:/Finance/Internal/Policies/,2023-08-05T12:10:29,medium
guidelines_protocol_2671.docx,.docx,401,C:/Finance/Internal/Policies/,2025-03-10T22:28:08,medium
announcement_2672.csv,.csv,316,C:/Finance/PublicInfo/Announcements/,2024-05-16T03:48:54,low
invoice_announcement_2673.pdf,.pdf,919,C:/Finance/PublicInfo/Announcements/,2023-06-29T20:14:48,low
audit_transfer_2674.csv,.csv,404,C:/Finance/Transactions/,2025-01-19T19:04:49,low
report_audit_2675.csv,.csv,323,C:/Finance/Accounts/,2023-02-14T03:56:56,medium
summary_2676.pdf,.pdf,1551,C:/Finance/Reports/,2025-11-20T12:29:22,medium
analysis_summary_2677.pdf,.pdf,2552,C:/Finance/Transactions/,2022-02-27T04:43:04,low
payroll_2678_v2.pdf,.pdf,472,C:/Finance/HR/,2023-07-16T20:09:03,low
review_2679.pdf,.pdf,30,C:/Finance/Compliance/,2025-10-09T11:44:42,high
memo_2680.xlsx,.xlsx,836,C:/Finance/Reports/,2023-04-21T23:53:30,medium
schedule_2681.txt,.txt,63,C:/Finance/PublicInfo/Announcements/,2025-01-24T07:56:48,low
schedule_schedule_2682.csv,.csv,191,C:/Finance/PublicInfo/Announcements/,2023-07-28T00:06:05,low
audit_2683_confidential.pdf,.pdf,561,C:/Finance/Compliance/,2024-12-10T10:47:00,high
invoice_summary_2684.csv,.csv,300,C:/Finance/Transactions/,2023-01-11T21:15:48,high
invoice_procedure_2685.pdf,.pdf,1623,C:/Finance/Internal/Policies/,2022-02-20T01:40:41,medium
guidelines_salary_2686.pdf,.pdf,623,C:/Finance/HR/,2022-09-18T10:48:12,medium
salary_2687_draft.pdf,.pdf,664,C:/Finance/HR/,2025-10-25T17:43:14,low
agreement_2688.xlsx,.xlsx,597,C:/Finance/Loans/,2025-08-28T00:48:38,medium
review_2689.docx,.docx,699,C:/Finance/Compliance/,2023-07-24T06:57:01,high
invoice_info_2690.docx,.docx,810,C:/Finance/Customers/,2024-04-10T08:02:29,high
info_2691.pdf,.pdf,360,C:/Finance/Customers/,2023-06-18T23:04:43,medium
tax_info_protocol_2692.xlsx,.xlsx,1823,C:/Finance/Internal/Policies/,2024-05-10T14:38:16,low
policy_2693.pdf,.pdf,331,C:/Finance/Compliance/,2022-11-16T06:51:48,medium
info_customer_2694.docx,.docx,716,C:/Finance/Customers/,2024-04-07T18:48:54,high
profile_2695.csv,.csv,381,C:/Finance/Customers/,2025-11-21T23:31:40,low
repayment_2696.pdf,.pdf,892,C:/Finance/Loans/,2022-03-22T19:31:30,low
protocol_2697.xlsx,.xlsx,1362,C:/Finance/Internal/Policies/,2023-09-16T19:53:27,medium
memo_info_2698.pdf,.pdf,1059,C:/Finance/Customers/,2025-06-09T21:50:51,high
menu_payroll_2699.docx,.docx,1120,C:/Finance/HR/,2023-07-15T02:44:47,high
protocol_2700.pdf,.pdf,1215,C:/Finance/Internal/Policies/,2025-03-10T00:23:23,medium
payroll_2701.docx,.docx,572,C:/Finance/HR/,2022-08-08T14:14:53,low
audit_2702.xlsx,.xlsx,682,C:/Finance/Compliance/,2024-08-18T05:19:11,high
contract_2703.pdf,.pdf,667,C:/Finance/Customers/,2025-10-22T14:24:50,medium
transaction_notice_2704.txt,.txt,101,C:/Finance/PublicInfo/Guidelines/,2022-08-25T00:55:07,low
schedule_contract_2705.docx,.docx,236,C:/Finance/Customers/,2022-08-15T19:40:11,low
audit_2706.csv,.csv,168,C:/Finance/Accounts/,2023-06-21T08:19:32,low
protocol_2707.docx,.docx,309,C:/Finance/Internal/Policies/,2024-12-28T18:51:34,low
credit_report_summary_2708.csv,.csv,203,C:/Finance/Transactions/,2025-06-04T14:52:01,medium
transfer_2709.xlsx,.xlsx,785,C:/Finance/Transactions/,2025-06-14T11:15:39,high
ledger_2710.xlsx,.xlsx,2420,C:/Finance/Accounts/,2022-01-25T18:07:19,high
guideline_2711.pdf,.pdf,1,C:/Finance/Compliance/,2023-07-12T02:01:50,low
analysis_roster_2712_confidential.xlsx,.xlsx,1029,C:/Finance/HR/,2024-06-26T20:53:34,low
schedule_info_2713.pdf,.pdf,785,C:/Finance/PublicInfo/Guidelines/,2025-06-04T22:14:12,low
contract_2714.pdf,.pdf,156,C:/Finance/Loans/,2024-08-10T19:03:46,medium
salary_procedure_2715.xlsx,.xlsx,1487,C:/Finance/Internal/Policies/,2022-05-17T23:44:46,high
contract_2716_draft.csv,.csv,229,C:/Finance/Customers/,2023-11-26T17:26:24,medium
profile_2717.csv,.csv,124,C:/Finance/Customers/,2023-02-03T05:27:21,high
info_2718.txt,.txt,140,C:/Finance/PublicInfo/Guidelines/,2023-03-27T06:19:36,low
payroll_2719.docx,.docx,177,C:/Finance/HR/,2022-12-29T12:13:59,low
roster_2720.pdf,.pdf,242,C:/Finance/HR/,2022-03-29T10:50:47,low
analysis_guideline_2721_confidential.docx,.docx,197,C:/Finance/Internal/Policies/,2024-04-01T08:07:48,low
schedule_guideline_2722.xlsx,.xlsx,1300,C:/Finance/Compliance/,2022-10-16T06:35:58,low
report_loan_2723.docx,.docx,1171,C:/Finance/Loans/,2024-03-09T20:13:40,medium
memo_2724.xlsx,.xlsx,545,C:/Finance/Reports/,2023-09-13T04:08:13,high
report_2725.docx,.docx,143,C:/Finance/HR/,2024-01-08T19:11:29,low
statement_report_2726.pdf,.pdf,917,C:/Finance/Reports/,2024-09-03T08:29:07,medium
contract_2727.xlsx,.xlsx,868,C:/Finance/Loans/,2024-12-01T09:38:29,low
contract_2728.csv,.csv,113,C:/Finance/Customers/,2025-07-27T09:19:22,high
contract_2729.csv,.csv,136,C:/Finance/Customers/,2023-05-10T10:50:37,high
contract_2730.csv,.csv,55,C:/Finance/Customers/,2023-10-25T23:03:41,high
confidential_transfer_2731.pdf,.pdf,1394,C:/Finance/Transactions/,2022-10-25T18:01:20,high
audit_2732.xlsx,.xlsx,1243,C:/Finance/Accounts/,2024-03-25T12:16:20,high
salary_2733.xlsx,.xlsx,1018,C:/Finance/HR/,2024-05-09T12:24:55,low
policy_audit_2734.csv,.csv,111,C:/Finance/Accounts/,2022-02-22T04:10:45,high
transaction_payroll_2735_draft.docx,.docx,492,C:/Finance/HR/,2024-03-29T15:22:16,medium
policy_2736.docx,.docx,346,C:/Finance/Compliance/,2023-06-21T00:24:29,medium
transaction_2737.xlsx,.xlsx,1573,C:/Finance/Transactions/,2025-07-05T02:52:23,medium
invoice_policy_2738.docx,.docx,168,C:/Finance/Compliance/,2024-08-27T10:18:11,medium
policy_2739.docx,.docx,166,C:/Finance/Internal/Policies/,2024-08-31T07:00:22,low
announcement_agreement_2740.xlsx,.xlsx,1605,C:/Finance/Loans/,2025-08-13T02:31:23,low
summary_2741.xlsx,.xlsx,309,C:/Finance/Transactions/,2022-09-04T13:19:09,low
memo_review_2742.pdf,.pdf,26,C:/Finance/Compliance/,2024-08-04T20:11:28,medium
ledger_2743.pdf,.pdf,65,C:/Finance/Accounts/,2024-08-01T04:11:16,high
policy_announcement_2744.pdf,.pdf,1489,C:/Finance/PublicInfo/Guidelines/,2025-04-27T20:33:52,medium
contract_2745.docx,.docx,659,C:/Finance/Loans/,2025-03-26T13:08:13,low
summary_2746.xlsx,.xlsx,135,C:/Finance/Transactions/,2024-06-23T15:32:28,medium
policy_account_2747.csv,.csv,58,C:/Finance/Accounts/,2023-11-02T22:44:55,low
policy_schedule_2748.txt,.txt,1,C:/Finance/PublicInfo/Guidelines/,2024-08-09T11:20:21,medium
balance_2749.csv,.csv,148,C:/Finance/Accounts/,2023-12-26T20:53:58,high
customer_2750.csv,.csv,624,C:/Finance/Customers/,2022-12-22T07:09:26,medium
summary_roster_2751.pdf,.pdf,1941,C:/Finance/HR/,2024-02-17T11:18:12,medium
memo_summary_2752.xlsx,.xlsx,363,C:/Finance/Reports/,2025-09-22T02:21:21,low
summary_2753.xlsx,.xlsx,748,C:/Finance/Reports/,2023-06-27T22:58:46,low
info_2754.pdf,.pdf,239,C:/Finance/PublicInfo/Guidelines/,2024-02-19T04:26:54,low
guidelines_info_2755.docx,.docx,130,C:/Finance/Customers/,2025-02-17T10:22:54,high
public_notice_payroll_2756.pdf,.pdf,939,C:/Finance/HR/,2023-01-31T07:54:15,low
info_notice_2757.txt,.txt,74,C:/Finance/PublicInfo/Announcements/,2024-06-07T10:11:14,low
guidelines_memo_2758.csv,.csv,499,C:/Finance/Reports/,2022-10-24T15:38:07,low
summary_guideline_2759.xlsx,.xlsx,917,C:/Finance/Internal/Policies/,2025-03-10T15:00:57,low
info_account_2760.pdf,.pdf,862,C:/Finance/Accounts/,2023-05-01T14:36:47,medium
schedule_analysis_2761_draft.xlsx,.xlsx,1,C:/Finance/Reports/,2025-12-05T08:51:15,low
guidelines_protocol_2762.pdf,.pdf,964,C:/Finance/Internal/Policies/,2025-05-20T21:30:27,low
report_2763.xlsx,.xlsx,1287,C:/Finance/Reports/,2023-02-24T13:42:30,low
memo_customer_2764.csv,.csv,516,C:/Finance/Customers/,2025-11-15T20:10:27,high
salary_2765.docx,.docx,540,C:/Finance/HR/,2025-01-11T11:15:22,low
procedure_2766.pdf,.pdf,1361,C:/Finance/Internal/Policies/,2025-04-07T11:50:22,medium
balance_2767.csv,.csv,70,C:/Finance/Accounts/,2025-06-18T03:08:27,low
repayment_2768.docx,.docx,675,C:/Finance/Loans/,2024-07-07T13:10:02,medium
salary_2769.xlsx,.xlsx,115,C:/Finance/HR/,2024-06-25T02:01:46,low
invoice_profile_2770.pdf,.pdf,342,C:/Finance/Customers/,2022-09-05T02:26:10,medium
ledger_guideline_2771.pdf,.pdf,375,C:/Finance/Compliance/,2023-05-10T17:32:29,low
info_2772.csv,.csv,333,C:/Finance/PublicInfo/Announcements/,2025-06-26T05:29:28,low
report_2773.pdf,.pdf,206,C:/Finance/Reports/,2025-04-02T15:09:39,low
public_notice_analysis_2774.pdf,.pdf,1933,C:/Finance/Reports/,2024-10-03T17:43:24,medium
schedule_2775.pdf,.pdf,636,C:/Finance/PublicInfo/Guidelines/,2024-04-14T06:58:02,low
roster_2776.xlsx,.xlsx,1163,C:/Finance/HR/,2024-10-25T04:31:12,high
transaction_announcement_2777.pdf,.pdf,882,C:/Finance/PublicInfo/Guidelines/,2022-01-18T17:41:27,low
info_summary_2778.csv,.csv,246,C:/Finance/Transactions/,2023-10-18T05:23:29,low
notice_2779.txt,.txt,91,C:/Finance/PublicInfo/Announcements/,2024-01-20T23:21:18,low
summary_contract_2780.docx,.docx,363,C:/Finance/Customers/,2024-10-17T06:11:09,medium
menu_salary_2781_v2.docx,.docx,340,C:/Finance/HR/,2024-08-12T23:50:59,medium
summary_review_2782_v2.docx,.docx,823,C:/Finance/Compliance/,2025-05-24T00:49:12,high
guideline_2783.docx,.docx,154,C:/Finance/Internal/Policies/,2022-06-27T20:35:45,medium
passwords_procedure_2784.pdf,.pdf,1949,C:/Finance/Internal/Policies/,2022-08-09T21:39:23,low
guideline_2785.pdf,.pdf,3891,C:/Finance/Internal/Policies/,2024-07-18T12:31:09,high
guidelines_statement_2786.xlsx,.xlsx,1435,C:/Finance/Transactions/,2025-02-15T17:41:12,high
policy_account_2787.csv,.csv,424,C:/Finance/Accounts/,2023-07-26T18:10:03,low
policy_notice_2788.pdf,.pdf,405,C:/Finance/PublicInfo/Guidelines/,2025-10-07T09:42:47,medium
policy_summary_2789.csv,.csv,375,C:/Finance/Reports/,2022-09-11T02:15:39,low
customer_2790.pdf,.pdf,871,C:/Finance/Customers/,2023-07-26T02:44:13,low
schedule_2791.csv,.csv,702,C:/Finance/PublicInfo/Guidelines/,2025-09-01T13:43:35,high
public_notice_procedure_2792.pdf,.pdf,2279,C:/Finance/Internal/Policies/,2025-11-10T20:05:27,medium
guidelines_account_2793.pdf,.pdf,1995,C:/Finance/Accounts/,2024-04-20T05:07:06,high
statement_2794.pdf,.pdf,1248,C:/Finance/Transactions/,2024-05-15T19:36:26,medium
public_notice_schedule_2795.csv,.csv,237,C:/Finance/PublicInfo/Announcements/,2024-10-16T03:30:20,medium
schedule_policy_2796.xlsx,.xlsx,2116,C:/Finance/Internal/Policies/,2022-10-03T00:47:36,low
info_report_2797.pdf,.pdf,1689,C:/Finance/HR/,2023-06-13T14:46:35,low
policy_customer_2798.csv,.csv,166,C:/Finance/Customers/,2022-07-01T20:35:53,low
announcement_info_2799.pdf,.pdf,189,C:/Finance/PublicInfo/Guidelines/,2025-10-16T02:54:13,high
summary_2800.csv,.csv,28,C:/Finance/Reports/,2024-01-23T01:10:57,medium
public_notice_protocol_2801.pdf,.pdf,798,C:/Finance/Internal/Policies/,2025-05-12T14:36:46,low
menu_notice_2802.pdf,.pdf,824,C:/Finance/PublicInfo/Announcements/,2024-06-19T22:50:57,low
analysis_account_2803.csv,.csv,79,C:/Finance/Accounts/,2022-10-10T17:18:51,medium
public_notice_review_2804_archived.pdf,.pdf,481,C:/Finance/Compliance/,2022-03-05T12:07:28,low
summary_2805.xlsx,.xlsx,939,C:/Finance/Transactions/,2025-03-03T23:36:52,medium
announcement_2806.pdf,.pdf,821,C:/Finance/PublicInfo/Announcements/,2024-05-10T10:50:16,low
guideline_2807.pdf,.pdf,640,C:/Finance/Internal/Policies/,2022-10-27T04:21:49,low
statement_statement_2808.csv,.csv,442,C:/Finance/Transactions/,2025-08-10T13:50:29,medium
guideline_2809.docx,.docx,350,C:/Finance/Compliance/,2022-10-24T06:53:58,high
summary_2810.xlsx,.xlsx,51,C:/Finance/Reports/,2023-01-12T14:49:19,low
salary_info_2811.csv,.csv,377,C:/Finance/PublicInfo/Announcements/,2023-06-14T04:04:50,low
transaction_2812.csv,.csv,674,C:/Finance/Transactions/,2024-04-02T09:44:02,medium
audit_2813.xlsx,.xlsx,315,C:/Finance/Accounts/,2022-02-16T09:23:42,medium
schedule_2814.txt,.txt,105,C:/Finance/PublicInfo/Announcements/,2024-04-25T15:04:46,low
statement_guideline_2815.pdf,.pdf,1308,C:/Finance/Compliance/,2022-05-25T12:24:39,high
guideline_2816.xlsx,.xlsx,1611,C:/Finance/Internal/Policies/,2024-10-25T02:55:40,low
menu_contract_2817.docx,.docx,463,C:/Finance/Loans/,2023-01-26T20:15:52,low
contract_2818.xlsx,.xlsx,410,C:/Finance/Loans/,2023-09-02T10:04:21,low
guidelines_salary_2819.docx,.docx,282,C:/Finance/HR/,2022-05-03T01:42:28,low
policy_ledger_2820.xlsx,.xlsx,393,C:/Finance/Accounts/,2022-01-06T15:12:14,low
policy_info_2821.csv,.csv,164,C:/Finance/Customers/,2025-09-05T13:22:30,medium
contract_2822.pdf,.pdf,174,C:/Finance/Customers/,2025-04-26T13:29:08,low
schedule_contract_2823.pdf,.pdf,1570,C:/Finance/Customers/,2024-01-18T15:28:23,high
schedule_notice_2824.csv,.csv,360,C:/Finance/PublicInfo/Guidelines/,2023-01-05T13:50:26,low
schedule_announcement_2825.pdf,.pdf,513,C:/Finance/PublicInfo/Guidelines/,2022-08-27T11:58:55,low
policy_statement_2826.csv,.csv,459,C:/Finance/Transactions/,2025-01-27T03:47:21,low
info_contract_2827.docx,.docx,656,C:/Finance/Customers/,2022-07-05T02:32:04,high
info_2828.pdf,.pdf,1609,C:/Finance/PublicInfo/Guidelines/,2025-07-31T15:43:41,medium
balance_2829.pdf,.pdf,343,C:/Finance/Accounts/,2022-06-10T05:21:40,low
summary_2830.xlsx,.xlsx,1934,C:/Finance/Reports/,2025-05-30T23:25:19,low
invoice_procedure_2831.pdf,.pdf,483,C:/Finance/Internal/Policies/,2022-06-21T23:10:23,low
info_report_2832.xlsx,.xlsx,1555,C:/Finance/HR/,2024-03-14T08:03:30,medium
pin_schedule_2833.pdf,.pdf,602,C:/Finance/PublicInfo/Guidelines/,2024-01-16T16:18:38,low
statement_repayment_2834.xlsx,.xlsx,46,C:/Finance/Loans/,2024-02-09T14:07:31,low
repayment_2835.xls,.xls,371,C:/Finance/Loans/,2023-04-23T12:09:01,medium
transaction_2836.pdf,.pdf,447,C:/Finance/Transactions/,2022-12-18T16:35:44,low
roster_2837.xlsx,.xlsx,1341,C:/Finance/HR/,2024-08-31T05:01:28,low
ledger_2838.pdf,.pdf,423,C:/Finance/Accounts/,2023-10-07T23:45:55,medium
analysis_agreement_2839.pdf,.pdf,1982,C:/Finance/Loans/,2024-07-20T10:32:06,high
statement_2840.csv,.csv,352,C:/Finance/Transactions/,2023-05-31T21:07:43,low
summary_contract_2841.docx,.docx,800,C:/Finance/Loans/,2025-09-07T17:23:22,medium
report_2842.xlsx,.xlsx,242,C:/Finance/Reports/,2024-08-06T04:28:57,low
menu_statement_2843.csv,.csv,117,C:/Finance/Transactions/,2025-05-18T08:03:07,medium
memo_2844.xlsx,.xlsx,1208,C:/Finance/Reports/,2025-09-02T16:38:03,low
analysis_policy_2845.docx,.docx,307,C:/Finance/Internal/Policies/,2025-01-23T00:28:09,low
transaction_2846.csv,.csv,127,C:/Finance/Transactions/,2023-09-24T14:22:21,low
info_2847.csv,.csv,340,C:/Finance/Customers/,2023-05-20T16:37:47,medium
summary_2848.pdf,.pdf,52,C:/Finance/Reports/,2022-08-12T02:06:13,medium
policy_account_2849.pdf,.pdf,2386,C:/Finance/Accounts/,2023-09-14T18:14:03,high
guidelines_policy_2850.docx,.docx,131,C:/Finance/Internal/Policies/,2023-06-04T10:21:43,medium
announcement_2851.pdf,.pdf,1366,C:/Finance/PublicInfo/Announcements/,2023-06-13T18:32:39,medium
transfer_2852_v2.xlsx,.xlsx,1135,C:/Finance/Transactions/,2023-04-01T08:18:55,medium
tax_info_info_2853.csv,.csv,371,C:/Finance/PublicInfo/Announcements/,2023-05-19T14:55:39,high
invoice_info_2854_final.docx,.docx,785,C:/Finance/Customers/,2025-08-27T17:16:39,high
info_2855.pdf,.pdf,656,C:/Finance/PublicInfo/Announcements/,2024-10-03T01:24:24,low
announcement_payroll_2856.xlsx,.xlsx,777,C:/Finance/HR/,2022-12-28T06:50:46,low
audit_announcement_2857.csv,.csv,156,C:/Finance/PublicInfo/Guidelines/,2025-11-04T09:53:20,low
account_2858.xlsx,.xlsx,700,C:/Finance/Accounts/,2025-01-12T12:43:31,medium
info_2859.pdf,.pdf,1187,C:/Finance/PublicInfo/Announcements/,2025-05-23T22:30:54,low
schedule_transfer_2860.csv,.csv,366,C:/Finance/Transactions/,2023-09-30T17:11:43,high
credit_report_repayment_2861.xlsx,.xlsx,2209,C:/Finance/Loans/,2022-01-02T04:55:35,high
confidential_info_2862.txt,.txt,74,C:/Finance/PublicInfo/Announcements/,2024-10-10T01:12:27,low
announcement_audit_2863.docx,.docx,428,C:/Finance/Compliance/,2022-03-07T07:05:53,low
pin_guideline_2864.docx,.docx,394,C:/Finance/Internal/Policies/,2024-03-08T14:35:20,low
announcement_2865.txt,.txt,28,C:/Finance/PublicInfo/Guidelines/,2023-08-23T10:24:55,medium
statement_2866_draft.xlsx,.xlsx,1237,C:/Finance/Transactions/,2022-02-24T15:46:32,low
policy_2867.pdf,.pdf,1839,C:/Finance/Internal/Policies/,2022-08-31T11:10:25,medium
announcement_2868.pdf,.pdf,1181,C:/Finance/PublicInfo/Announcements/,2022-11-24T10:23:09,medium
passwords_analysis_2869.xlsx,.xlsx,516,C:/Finance/Reports/,2023-09-14T21:50:32,high
protocol_2870_draft.pdf,.pdf,613,C:/Finance/Internal/Policies/,2023-10-02T11:39:07,medium
info_2871.csv,.csv,40,C:/Finance/PublicInfo/Announcements/,2023-08-02T18:34:28,medium
public_notice_customer_2872_draft.csv,.csv,87,C:/Finance/Customers/,2025-06-29T10:05:52,high
policy_2873.pdf,.pdf,1423,C:/Finance/Compliance/,2022-01-26T06:07:25,low
policy_audit_2874.xlsx,.xlsx,197,C:/Finance/Accounts/,2025-05-19T08:54:20,medium
analysis_summary_2875.csv,.csv,409,C:/Finance/Transactions/,2023-07-31T14:28:07,low
payroll_2876.pdf,.pdf,528,C:/Finance/HR/,2023-08-06T11:05:37,medium
roster_2877.docx,.docx,387,C:/Finance/HR/,2024-05-25T11:58:51,medium
guideline_2878.xlsx,.xlsx,171,C:/Finance/Internal/Policies/,2023-04-27T08:16:57,low
statement_audit_2879.pdf,.pdf,1717,C:/Finance/Compliance/,2023-03-29T03:07:09,medium
transfer_2880.csv,.csv,417,C:/Finance/Transactions/,2023-11-11T22:00:04,low
protocol_2881.pdf,.pdf,20,C:/Finance/Internal/Policies/,2024-02-11T08:00:30,medium
info_summary_2882.csv,.csv,170,C:/Finance/Transactions/,2022-01-07T11:45:04,low
account_number_repayment_2883_archived.pdf,.pdf,1749,C:/Finance/Loans/,2022-10-14T12:52:35,medium
menu_report_2884.pdf,.pdf,192,C:/Finance/Reports/,2024-02-27T08:24:04,low
public_notice_ledger_2885.xlsx,.xlsx,706,C:/Finance/Accounts/,2024-03-29T23:36:16,low
report_schedule_2886.pdf,.pdf,427,C:/Finance/PublicInfo/Guidelines/,2025-07-12T00:07:27,medium
info_2887.csv,.csv,640,C:/Finance/PublicInfo/Guidelines/,2023-02-08T03:40:00,medium
info_schedule_2888.pdf,.pdf,742,C:/Finance/PublicInfo/Guidelines/,2023-07-25T02:25:35,low
customer_ledger_2889.xlsx,.xlsx,343,C:/Finance/Accounts/,2023-02-14T10:36:39,medium
analysis_customer_2890.docx,.docx,416,C:/Finance/Customers/,2024-02-18T20:04:46,medium
summary_policy_2891.xlsx,.xlsx,97,C:/Finance/Internal/Policies/,2025-10-12T01:36:42,medium
salary_2892.xlsx,.xlsx,1027,C:/Finance/HR/,2025-03-19T19:29:58,medium
info_2893_draft.docx,.docx,407,C:/Finance/Customers/,2022-06-29T22:59:02,low
info_2894.csv,.csv,335,C:/Finance/PublicInfo/Announcements/,2025-03-03T01:39:13,high
report_2895.xlsx,.xlsx,978,C:/Finance/HR/,2022-11-27T09:17:24,medium
memo_contract_2896.pdf,.pdf,1163,C:/Finance/Customers/,2024-01-04T20:13:07,low
bank_statement_protocol_2897_v2.docx,.docx,347,C:/Finance/Internal/Policies/,2024-06-20T23:14:54,high
announcement_policy_2898.xlsx,.xlsx,464,C:/Finance/Internal/Policies/,2023-03-25T20:06:41,medium
info_2899_archived.pdf,.pdf,1894,C:/Finance/Customers/,2023-12-02T11:31:35,high
report_2900.pdf,.pdf,2438,C:/Finance/Reports/,2022-05-07T03:53:04,medium
account_2901.pdf,.pdf,1025,C:/Finance/Accounts/,2022-02-28T04:18:21,low
pin_review_2902.xlsx,.xlsx,417,C:/Finance/Compliance/,2025-04-18T18:16:08,medium
protocol_2903.xlsx,.xlsx,951,C:/Finance/Internal/Policies/,2025-06-09T09:01:56,low
audit_contract_2904_final.pdf,.pdf,670,C:/Finance/Customers/,2024-01-17T09:16:32,low
analysis_2905.xlsx,.xlsx,2154,C:/Finance/Reports/,2022-04-25T18:36:32,low
schedule_2906.pdf,.pdf,666,C:/Finance/PublicInfo/Announcements/,2025-12-03T03:25:54,low
info_info_2907.pdf,.pdf,943,C:/Finance/Customers/,2024-10-25T08:22:57,medium
schedule_2908.pdf,.pdf,378,C:/Finance/PublicInfo/Guidelines/,2024-05-31T15:40:56,low
profile_2909.docx,.docx,906,C:/Finance/Customers/,2025-03-22T03:54:00,medium
balance_2910.xlsx,.xlsx,39,C:/Finance/Accounts/,2025-01-19T19:17:57,medium
contract_2911.csv,.csv,358,C:/Finance/Customers/,2023-04-17T09:00:36,low
ledger_guideline_2912.docx,.docx,79,C:/Finance/Compliance/,2024-03-28T04:38:42,low
guideline_2913.xlsx,.xlsx,764,C:/Finance/Compliance/,2024-05-09T16:33:00,medium
summary_notice_2914.txt,.txt,132,C:/Finance/PublicInfo/Announcements/,2025-12-26T22:18:09,medium
menu_ledger_2915.csv,.csv,170,C:/Finance/Accounts/,2025-01-18T23:22:26,medium
public_notice_profile_2916.docx,.docx,284,C:/Finance/Customers/,2024-07-09T11:06:19,medium
announcement_info_2917.txt,.txt,114,C:/Finance/PublicInfo/Guidelines/,2022-01-08T14:46:53,high
summary_2918.xlsx,.xlsx,1263,C:/Finance/Transactions/,2025-03-06T23:43:03,low
guidelines_procedure_2919.xlsx,.xlsx,793,C:/Finance/Internal/Policies/,2024-11-01T20:26:53,medium
customer_2920.csv,.csv,440,C:/Finance/Customers/,2022-04-25T15:26:52,low
guideline_2921.pdf,.pdf,1846,C:/Finance/Compliance/,2024-08-31T16:46:36,low
notice_2922_confidential.pdf,.pdf,372,C:/Finance/PublicInfo/Guidelines/,2025-08-19T04:02:07,low
menu_payroll_2923.pdf,.pdf,366,C:/Finance/HR/,2023-09-21T22:59:00,low
notice_2924_draft.pdf,.pdf,192,C:/Finance/PublicInfo/Announcements/,2025-10-12T23:07:44,low
analysis_info_2925.csv,.csv,983,C:/Finance/PublicInfo/Announcements/,2025-04-14T09:58:38,high
announcement_2926.txt,.txt,112,C:/Finance/PublicInfo/Guidelines/,2023-03-23T12:03:17,low
credit_report_profile_2927.docx,.docx,51,C:/Finance/Customers/,2023-11-09T20:45:09,medium
policy_procedure_2928.docx,.docx,136,C:/Finance/Internal/Policies/,2025-04-29T02:23:03,medium
policy_2929.pdf,.pdf,360,C:/Finance/Internal/Policies/,2022-08-20T18:01:08,low
guideline_2930.xlsx,.xlsx,1565,C:/Finance/Compliance/,2025-08-06T18:31:13,low
policy_2931.pdf,.pdf,1035,C:/Finance/Internal/Policies/,2023-02-04T15:27:36,medium
info_salary_2932.docx,.docx,162,C:/Finance/HR/,2024-02-28T01:21:06,low
customer_2933.csv,.csv,1,C:/Finance/Customers/,2022-02-07T18:16:28,low
passwords_guideline_2934.xlsx,.xlsx,1422,C:/Finance/Internal/Policies/,2025-04-29T09:12:03,medium
balance_2935.pdf,.pdf,1672,C:/Finance/Accounts/,2025-12-03T17:37:31,low
report_2936.xlsx,.xlsx,560,C:/Finance/Reports/,2022-09-19T10:38:09,medium
contract_2937.docx,.docx,662,C:/Finance/Customers/,2023-04-07T07:20:56,high
tax_info_info_2938.docx,.docx,556,C:/Finance/Customers/,2025-01-25T18:52:13,medium
notice_2939.csv,.csv,292,C:/Finance/PublicInfo/Announcements/,2025-04-01T06:35:43,medium
analysis_2940.pdf,.pdf,735,C:/Finance/Reports/,2024-01-15T20:28:10,low
summary_2941_confidential.pdf,.pdf,516,C:/Finance/Transactions/,2024-10-11T07:13:08,medium
invoice_info_2942.csv,.csv,204,C:/Finance/PublicInfo/Announcements/,2022-01-23T09:22:53,low
guidelines_announcement_2943.pdf,.pdf,1126,C:/Finance/PublicInfo/Guidelines/,2024-09-17T07:29:32,low
info_notice_2944.pdf,.pdf,425,C:/Finance/PublicInfo/Guidelines/,2022-05-10T06:50:09,low
analysis_repayment_2945.xls,.xls,262,C:/Finance/Loans/,2022-01-11T05:27:02,medium
info_2946.docx,.docx,772,C:/Finance/Customers/,2024-11-25T06:16:09,medium
agreement_2947.docx,.docx,303,C:/Finance/Loans/,2023-05-24T08:18:39,medium
report_2948_draft.pdf,.pdf,1812,C:/Finance/Reports/,2023-04-17T14:04:50,low
notice_2949.csv,.csv,322,C:/Finance/PublicInfo/Guidelines/,2023-10-12T20:54:17,medium
statement_account_2950_confidential.pdf,.pdf,584,C:/Finance/Accounts/,2022-08-10T03:01:26,medium
salary_2951.docx,.docx,664,C:/Finance/HR/,2022-02-16T19:32:47,low
public_notice_policy_2952.docx,.docx,762,C:/Finance/Internal/Policies/,2024-01-03T01:18:12,low
roster_2953.docx,.docx,36,C:/Finance/HR/,2023-08-31T08:11:01,high
credit_report_roster_2954.pdf,.pdf,831,C:/Finance/HR/,2022-05-28T13:14:55,low
analysis_notice_2955.txt,.txt,33,C:/Finance/PublicInfo/Announcements/,2023-07-12T03:59:33,medium
audit_2956.xlsx,.xlsx,460,C:/Finance/Accounts/,2022-07-09T18:47:31,medium
summary_2957.csv,.csv,540,C:/Finance/Reports/,2024-05-08T13:11:52,medium
balance_2958.xlsx,.xlsx,250,C:/Finance/Accounts/,2025-12-02T02:05:17,low
roster_2959.xlsx,.xlsx,1829,C:/Finance/HR/,2024-11-16T16:36:35,medium
customer_transaction_2960_draft.xlsx,.xlsx,183,C:/Finance/Transactions/,2025-07-20T20:29:39,low
agreement_2961.docx,.docx,777,C:/Finance/Loans/,2024-07-01T17:51:51,high
loan_contract_ledger_2962.pdf,.pdf,544,C:/Finance/Accounts/,2025-10-12T18:36:50,high
statement_roster_2963.xlsx,.xlsx,339,C:/Finance/HR/,2024-07-15T06:04:55,low
repayment_2964.pdf,.pdf,357,C:/Finance/Loans/,2025-08-17T10:50:49,medium
ledger_profile_2965_draft.pdf,.pdf,1729,C:/Finance/Customers/,2023-01-24T12:55:49,medium
report_2966.csv,.csv,195,C:/Finance/Reports/,2023-07-09T00:41:25,high
announcement_2967.txt,.txt,79,C:/Finance/PublicInfo/Guidelines/,2022-10-10T00:04:50,medium
analysis_customer_2968_confidential.csv,.csv,239,C:/Finance/Customers/,2024-11-09T07:46:18,medium
notice_2969_archived.txt,.txt,27,C:/Finance/PublicInfo/Guidelines/,2025-02-24T06:51:21,medium
contract_2970.csv,.csv,52,C:/Finance/Customers/,2024-09-10T22:54:29,low
analysis_2971.xlsx,.xlsx,437,C:/Finance/Reports/,2024-11-17T02:27:01,low
memo_memo_2972.csv,.csv,267,C:/Finance/Reports/,2024-06-12T19:44:08,low
report_announcement_2973.txt,.txt,173,C:/Finance/PublicInfo/Announcements/,2025-02-04T21:45:21,medium
schedule_roster_2974.xlsx,.xlsx,549,C:/Finance/HR/,2024-06-22T09:01:28,medium
memo_repayment_2975.xls,.xls,465,C:/Finance/Loans/,2024-12-06T21:32:56,medium
audit_2976.pdf,.pdf,1566,C:/Finance/Compliance/,2024-08-07T12:04:43,low
announcement_2977.pdf,.pdf,452,C:/Finance/PublicInfo/Guidelines/,2023-07-20T06:12:57,low
info_notice_2978.csv,.csv,328,C:/Finance/PublicInfo/Guidelines/,2023-08-11T20:23:47,low
notice_2979.txt,.txt,105,C:/Finance/PublicInfo/Announcements/,2025-07-30T11:03:40,low
schedule_transaction_2980.csv,.csv,90,C:/Finance/Transactions/,2024-12-01T18:59:53,low
credit_report_transaction_2981.csv,.csv,405,C:/Finance/Transactions/,2025-01-16T11:38:41,medium
account_number_schedule_2982.pdf,.pdf,543,C:/Finance/PublicInfo/Guidelines/,2022-03-09T03:17:07,high
agreement_2983.pdf,.pdf,299,C:/Finance/Loans/,2023-12-14T09:52:31,low
statement_2984.csv,.csv,116,C:/Finance/Transactions/,2024-12-07T20:01:04,medium
balance_2985.xlsx,.xlsx,374,C:/Finance/Accounts/,2023-05-28T05:34:09,medium
account_2986.csv,.csv,315,C:/Finance/Accounts/,2022-08-20T03:32:11,low
ledger_2987.xlsx,.xlsx,1348,C:/Finance/Accounts/,2023-03-02T18:59:31,medium
invoice_announcement_2988.csv,.csv,552,C:/Finance/PublicInfo/Announcements/,2024-01-12T22:33:26,low
public_notice_audit_2989_v2.pdf,.pdf,2383,C:/Finance/Accounts/,2024-10-16T09:28:39,high
public_notice_account_2990.xlsx,.xlsx,329,C:/Finance/Accounts/,2023-06-13T08:11:46,medium
analysis_policy_2991.docx,.docx,29,C:/Finance/Internal/Policies/,2025-05-30T21:06:09,low
report_2992.xlsx,.xlsx,156,C:/Finance/HR/,2025-07-03T05:34:51,low
schedule_guideline_2993.pdf,.pdf,808,C:/Finance/Compliance/,2023-10-21T19:10:43,low
policy_2994.docx,.docx,160,C:/Finance/Internal/Policies/,2022-02-06T07:03:53,low
policy_2995.pdf,.pdf,1041,C:/Finance/Compliance/,2022-04-15T06:58:35,low
report_analysis_2996.xlsx,.xlsx,1565,C:/Finance/Reports/,2024-01-09T20:31:18,medium
schedule_loan_2997.xlsx,.xlsx,447,C:/Finance/Loans/,2025-02-15T07:17:35,medium
analysis_profile_2998_draft.csv,.csv,692,C:/Finance/Customers/,2022-03-07T10:29:10,medium
invoice_balance_2999.pdf,.pdf,515,C:/Finance/Accounts/,2023-03-21T09:32:02,medium
menu_guideline_3000.pdf,.pdf,1176,C:/Finance/Internal/Policies/,2022-09-04T15:43:33,low
announcement_3001.csv,.csv,693,C:/Finance/PublicInfo/Guidelines/,2024-05-09T16:28:54,low
analysis_account_3002.pdf,.pdf,647,C:/Finance/Accounts/,2025-08-05T02:33:18,low
procedure_3003.pdf,.pdf,1408,C:/Finance/Internal/Policies/,2024-12-15T07:04:13,low
salary_3004.xlsx,.xlsx,453,C:/Finance/HR/,2023-12-30T23:47:11,medium
announcement_schedule_3005_confidential.txt,.txt,101,C:/Finance/PublicInfo/Announcements/,2023-11-06T03:48:37,medium
contract_3006.pdf,.pdf,1438,C:/Finance/Customers/,2022-04-06T05:18:26,high
policy_3007.docx,.docx,716,C:/Finance/Internal/Policies/,2023-08-10T16:00:19,low
loan_contract_salary_3008.docx,.docx,577,C:/Finance/HR/,2025-02-05T21:30:40,low
policy_3009.docx,.docx,527,C:/Finance/Compliance/,2025-09-13T09:54:21,medium
policy_3010.xlsx,.xlsx,1571,C:/Finance/Internal/Policies/,2025-03-28T02:59:54,low
salary_3011.docx,.docx,26,C:/Finance/HR/,2025-05-15T00:33:54,low
account_3012.xlsx,.xlsx,2490,C:/Finance/Accounts/,2024-01-03T02:37:59,medium
audit_3013.csv,.csv,254,C:/Finance/Accounts/,2023-12-27T23:40:16,low
pin_customer_3014.csv,.csv,248,C:/Finance/Customers/,2024-07-16T13:35:53,low
transaction_review_3015_final.docx,.docx,160,C:/Finance/Compliance/,2025-12-08T04:14:13,high
info_ledger_3016.xlsx,.xlsx,1203,C:/Finance/Accounts/,2022-08-19T20:06:27,high
analysis_3017.xlsx,.xlsx,1209,C:/Finance/Reports/,2022-09-30T19:46:53,low
balance_3018.xlsx,.xlsx,1441,C:/Finance/Accounts/,2024-07-25T19:11:15,low
schedule_info_3019.pdf,.pdf,1244,C:/Finance/PublicInfo/Announcements/,2023-12-03T01:52:10,low
roster_3020.docx,.docx,56,C:/Finance/HR/,2023-02-05T15:46:21,low
transaction_loan_3021.pdf,.pdf,664,C:/Finance/Loans/,2024-11-22T05:47:30,medium
analysis_3022.pdf,.pdf,1214,C:/Finance/Reports/,2025-09-11T00:14:00,low
schedule_3023.csv,.csv,205,C:/Finance/PublicInfo/Announcements/,2024-04-08T21:03:03,low
customer_3024.csv,.csv,46,C:/Finance/Customers/,2025-05-21T02:24:26,medium
info_3025.pdf,.pdf,612,C:/Finance/PublicInfo/Announcements/,2023-03-04T05:57:10,low
confidential_salary_3026.pdf,.pdf,1570,C:/Finance/HR/,2024-11-12T18:35:34,medium
report_memo_3027.xlsx,.xlsx,1363,C:/Finance/Reports/,2025-02-18T07:50:11,low
procedure_3028.docx,.docx,1432,C:/Finance/Internal/Policies/,2024-12-12T12:13:24,high
analysis_info_3029.csv,.csv,77,C:/Finance/Customers/,2022-07-02T23:19:21,high
credit_report_schedule_3030.txt,.txt,148,C:/Finance/PublicInfo/Guidelines/,2022-01-13T21:58:22,medium
analysis_account_3031.pdf,.pdf,440,C:/Finance/Accounts/,2023-06-05T07:42:34,low
memo_3032.pdf,.pdf,1667,C:/Finance/Reports/,2022-04-10T18:57:20,low
roster_3033.pdf,.pdf,516,C:/Finance/HR/,2025-12-24T05:03:01,medium
info_3034.csv,.csv,478,C:/Finance/PublicInfo/Announcements/,2023-12-13T11:53:43,low
info_repayment_3035.docx,.docx,530,C:/Finance/Loans/,2025-07-27T05:25:16,low
schedule_review_3036.docx,.docx,97,C:/Finance/Compliance/,2023-05-27T16:31:39,low
policy_announcement_3037.pdf,.pdf,1019,C:/Finance/PublicInfo/Guidelines/,2025-12-24T10:26:40,low
guideline_3038.xlsx,.xlsx,23,C:/Finance/Internal/Policies/,2023-11-07T16:38:28,low
announcement_agreement_3039.xls,.xls,992,C:/Finance/Loans/,2023-03-10T02:25:03,low
menu_notice_3040.pdf,.pdf,2161,C:/Finance/PublicInfo/Guidelines/,2023-07-14T11:02:35,low
schedule_guideline_3041.docx,.docx,830,C:/Finance/Compliance/,2022-02-13T20:13:29,low
report_audit_3042.pdf,.pdf,586,C:/Finance/Compliance/,2025-12-06T01:52:42,high
salary_3043.docx,.docx,422,C:/Finance/HR/,2023-10-05T21:41:01,low
info_repayment_3044.pdf,.pdf,1681,C:/Finance/Loans/,2022-11-22T18:26:26,low
info_notice_3045.txt,.txt,12,C:/Finance/PublicInfo/Guidelines/,2023-05-11T11:18:57,medium
roster_3046.docx,.docx,189,C:/Finance/HR/,2025-07-18T14:41:04,medium
salary_3047.docx,.docx,491,C:/Finance/HR/,2022-04-29T02:28:22,low
menu_contract_3048.xlsx,.xlsx,549,C:/Finance/Loans/,2023-08-30T00:28:37,low
protocol_3049.xlsx,.xlsx,235,C:/Finance/Internal/Policies/,2024-04-07T09:21:03,low
ssn_payroll_3050.pdf,.pdf,1790,C:/Finance/HR/,2024-05-12T22:05:12,low
notice_3051.pdf,.pdf,2184,C:/Finance/PublicInfo/Announcements/,2023-08-16T20:23:40,medium
info_schedule_3052.txt,.txt,30,C:/Finance/PublicInfo/Guidelines/,2023-10-27T01:27:08,low
notice_3053.txt,.txt,97,C:/Finance/PublicInfo/Guidelines/,2022-08-21T07:22:32,low
audit_3054.csv,.csv,205,C:/Finance/Accounts/,2025-02-28T19:12:06,low
balance_3055.csv,.csv,304,C:/Finance/Accounts/,2025-03-17T21:46:57,medium
public_notice_analysis_3056.xlsx,.xlsx,355,C:/Finance/Reports/,2024-09-27T21:51:59,low
policy_account_3057.xlsx,.xlsx,7,C:/Finance/Accounts/,2025-03-04T00:54:52,high
info_contract_3058.pdf,.pdf,1295,C:/Finance/Loans/,2025-02-03T01:50:47,low
public_notice_agreement_3059.docx,.docx,298,C:/Finance/Loans/,2023-04-01T10:13:57,low
menu_customer_3060.pdf,.pdf,605,C:/Finance/Customers/,2024-09-28T20:29:22,low
info_info_3061.pdf,.pdf,94,C:/Finance/PublicInfo/Announcements/,2025-10-26T15:32:50,low
schedule_salary_3062.xlsx,.xlsx,1851,C:/Finance/HR/,2023-03-17T06:47:35,low
public_notice_schedule_3063_archived.txt,.txt,71,C:/Finance/PublicInfo/Guidelines/,2025-12-31T06:21:55,medium
summary_3064.xlsx,.xlsx,1532,C:/Finance/Reports/,2024-09-15T06:30:40,medium
summary_notice_3065.txt,.txt,52,C:/Finance/PublicInfo/Guidelines/,2022-07-02T06:18:51,low
announcement_summary_3066.pdf,.pdf,681,C:/Finance/Transactions/,2025-10-16T06:20:13,medium
passwords_announcement_3067.csv,.csv,233,C:/Finance/PublicInfo/Guidelines/,2022-11-04T03:48:10,medium
credit_report_memo_3068.xlsx,.xlsx,1307,C:/Finance/Reports/,2023-07-23T06:32:47,medium
guideline_3069.pdf,.pdf,714,C:/Finance/Internal/Policies/,2024-02-08T09:25:10,low
summary_3070.xlsx,.xlsx,276,C:/Finance/Reports/,2023-01-08T19:29:38,high
policy_3071.pdf,.pdf,2134,C:/Finance/Compliance/,2025-07-28T15:32:34,medium
roster_3072.xlsx,.xlsx,1931,C:/Finance/HR/,2025-10-25T06:16:51,low
memo_3073.pdf,.pdf,1627,C:/Finance/Reports/,2025-04-18T16:12:17,low
info_customer_3074.docx,.docx,85,C:/Finance/Customers/,2023-04-04T21:10:08,high
account_number_payroll_3075.docx,.docx,96,C:/Finance/HR/,2023-02-12T02:56:28,medium
info_notice_3076.pdf,.pdf,1174,C:/Finance/PublicInfo/Announcements/,2022-09-25T15:54:59,low
info_3077.csv,.csv,673,C:/Finance/Customers/,2022-11-08T02:47:37,medium
policy_3078.pdf,.pdf,285,C:/Finance/Compliance/,2024-05-07T00:01:16,high
balance_3079.xlsx,.xlsx,303,C:/Finance/Accounts/,2022-02-11T19:15:53,low
payroll_3080.xlsx,.xlsx,579,C:/Finance/HR/,2022-01-13T16:16:01,medium
customer_3081.docx,.docx,782,C:/Finance/Customers/,2023-02-11T23:33:01,medium
guidelines_notice_3082.csv,.csv,127,C:/Finance/PublicInfo/Guidelines/,2024-04-29T12:35:40,low
policy_guideline_3083_final.pdf,.pdf,1183,C:/Finance/Compliance/,2025-01-04T10:48:41,low
transaction_3084_confidential.xlsx,.xlsx,340,C:/Finance/Transactions/,2024-03-27T13:22:23,low
menu_procedure_3085.docx,.docx,311,C:/Finance/Internal/Policies/,2025-07-04T19:38:50,medium
procedure_3086.docx,.docx,664,C:/Finance/Internal/Policies/,2024-05-22T09:30:49,high
transfer_3087.csv,.csv,395,C:/Finance/Transactions/,2023-04-12T15:27:20,low
statement_customer_3088.csv,.csv,76,C:/Finance/Customers/,2025-06-17T04:04:23,low
balance_3089_v2.xlsx,.xlsx,751,C:/Finance/Accounts/,2023-10-30T18:14:34,medium
passwords_audit_3090.pdf,.pdf,264,C:/Finance/Accounts/,2024-12-28T15:00:08,low
contract_3091.docx,.docx,444,C:/Finance/Loans/,2022-07-02T19:07:36,high
ledger_policy_3092_final.pdf,.pdf,1578,C:/Finance/Compliance/,2022-02-18T02:54:13,low
summary_3093.pdf,.pdf,1424,C:/Finance/Transactions/,2022-02-05T06:41:13,medium
audit_3094.xlsx,.xlsx,1363,C:/Finance/Accounts/,2024-07-28T04:58:28,low
statement_transfer_3095.pdf,.pdf,522,C:/Finance/Transactions/,2025-06-25T22:47:09,low
ledger_3096.pdf,.pdf,14,C:/Finance/Accounts/,2022-12-02T20:37:07,high
salary_roster_3097.docx,.docx,564,C:/Finance/HR/,2024-03-28T07:39:02,medium
notice_3098.pdf,.pdf,38,C:/Finance/PublicInfo/Guidelines/,2024-02-05T16:10:41,medium
repayment_3099.pdf,.pdf,832,C:/Finance/Loans/,2023-06-09T13:03:50,low
payroll_3100.docx,.docx,692,C:/Finance/HR/,2025-04-29T08:44:45,low
balance_3101.pdf,.pdf,631,C:/Finance/Accounts/,2022-11-17T07:23:09,high
statement_notice_3102.csv,.csv,348,C:/Finance/PublicInfo/Guidelines/,2023-11-13T22:12:04,high
info_summary_3103.xlsx,.xlsx,62,C:/Finance/Reports/,2024-02-02T21:18:11,low
announcement_contract_3104.pdf,.pdf,1393,C:/Finance/Customers/,2023-02-09T03:01:27,low
customer_report_3105.xlsx,.xlsx,585,C:/Finance/Reports/,2022-06-25T03:14:44,low
payroll_3106_confidential.xlsx,.xlsx,1132,C:/Finance/HR/,2022-02-18T05:32:31,medium
passwords_transfer_3107.pdf,.pdf,1018,C:/Finance/Transactions/,2023-02-23T19:54:55,low
guideline_3108.xlsx,.xlsx,1495,C:/Finance/Compliance/,2023-02-01T21:16:54,low
transaction_transaction_3109.xlsx,.xlsx,1305,C:/Finance/Transactions/,2023-06-10T00:09:20,low
public_notice_procedure_3110_final.docx,.docx,213,C:/Finance/Internal/Policies/,2022-08-02T20:35:27,high
statement_contract_3111.docx,.docx,266,C:/Finance/Loans/,2025-08-24T16:14:39,medium
schedule_3112.csv,.csv,344,C:/Finance/PublicInfo/Announcements/,2022-03-27T23:46:34,medium
guideline_3113_confidential.docx,.docx,960,C:/Finance/Internal/Policies/,2024-06-10T00:51:48,medium
info_3114_final.docx,.docx,543,C:/Finance/Customers/,2023-02-08T07:23:50,high
account_3115.xlsx,.xlsx,1545,C:/Finance/Accounts/,2023-12-21T20:43:58,high
info_audit_3116.xlsx,.xlsx,158,C:/Finance/Accounts/,2023-04-19T14:47:05,low
policy_contract_3117.xls,.xls,2174,C:/Finance/Loans/,2024-12-18T06:49:51,high
info_3118.csv,.csv,481,C:/Finance/PublicInfo/Announcements/,2022-01-19T14:40:40,medium
customer_3119.docx,.docx,735,C:/Finance/Customers/,2024-10-25T18:59:28,medium
guidelines_salary_3120.pdf,.pdf,1552,C:/Finance/HR/,2022-09-10T03:12:48,low
review_3121.pdf,.pdf,1196,C:/Finance/Compliance/,2022-05-21T13:59:19,low
announcement_3122.pdf,.pdf,448,C:/Finance/PublicInfo/Announcements/,2023-11-28T16:13:59,low
guideline_3123_draft.xlsx,.xlsx,1642,C:/Finance/Compliance/,2023-04-14T17:31:03,low
info_3124.pdf,.pdf,927,C:/Finance/PublicInfo/Guidelines/,2023-01-16T22:35:31,medium
analysis_3125.csv,.csv,75,C:/Finance/Reports/,2025-01-12T12:23:48,low
report_3126.csv,.csv,127,C:/Finance/Reports/,2023-08-11T18:10:32,high
report_3127_final.pdf,.pdf,1887,C:/Finance/HR/,2025-02-06T09:09:37,medium
contract_3128.csv,.csv,77,C:/Finance/Customers/,2022-04-24T09:03:09,low
ledger_3129.csv,.csv,288,C:/Finance/Accounts/,2023-01-31T11:22:41,high
summary_guideline_3130_confidential.xlsx,.xlsx,1366,C:/Finance/Compliance/,2025-09-18T09:52:07,low
info_3131.pdf,.pdf,1881,C:/Finance/PublicInfo/Announcements/,2024-01-21T02:03:12,medium
report_3132.pdf,.pdf,869,C:/Finance/HR/,2024-09-09T14:10:02,high
summary_agreement_3133_confidential.docx,.docx,132,C:/Finance/Loans/,2024-01-21T10:11:11,medium
salary_guideline_3134.xlsx,.xlsx,1021,C:/Finance/Internal/Policies/,2022-11-12T18:23:47,medium
info_3135.csv,.csv,421,C:/Finance/PublicInfo/Guidelines/,2024-04-02T17:09:46,high
loan_3136.xlsx,.xlsx,1880,C:/Finance/Loans/,2025-07-16T09:57:48,high
confidential_policy_3137.xlsx,.xlsx,574,C:/Finance/Internal/Policies/,2025-11-28T16:37:34,high
guideline_3138.xlsx,.xlsx,565,C:/Finance/Compliance/,2022-02-24T13:28:38,low
policy_3139.xlsx,.xlsx,454,C:/Finance/Internal/Policies/,2023-11-08T01:12:34,medium
info_schedule_3140.csv,.csv,590,C:/Finance/PublicInfo/Announcements/,2023-03-21T21:39:22,low
public_notice_salary_3141.xlsx,.xlsx,993,C:/Finance/HR/,2022-09-06T19:11:09,low
info_3142.pdf,.pdf,1556,C:/Finance/PublicInfo/Guidelines/,2022-03-04T16:39:42,low
transfer_3143_archived.csv,.csv,188,C:/Finance/Transactions/,2022-12-17T17:14:40,low
audit_3144.xlsx,.xlsx,1556,C:/Finance/Accounts/,2023-07-31T15:58:22,low
bank_statement_announcement_3145.pdf,.pdf,2220,C:/Finance/PublicInfo/Announcements/,2025-02-11T19:22:17,low
memo_guideline_3146.pdf,.pdf,2225,C:/Finance/Compliance/,2023-06-17T04:58:46,medium
announcement_3147_draft.pdf,.pdf,795,C:/Finance/PublicInfo/Guidelines/,2025-12-06T14:47:36,low
invoice_review_3148.docx,.docx,174,C:/Finance/Compliance/,2024-12-18T23:42:43,medium
guideline_3149.pdf,.pdf,2392,C:/Finance/Compliance/,2024-02-12T12:24:23,low
agreement_3150_v2.pdf,.pdf,512,C:/Finance/Loans/,2025-02-13T05:14:07,low
account_3151.xlsx,.xlsx,884,C:/Finance/Accounts/,2025-02-28T07:25:07,high
statement_notice_3152.pdf,.pdf,618,C:/Finance/PublicInfo/Announcements/,2023-03-13T09:51:28,low
report_3153.xlsx,.xlsx,181,C:/Finance/Reports/,2022-01-20T15:18:08,low
menu_roster_3154.pdf,.pdf,1,C:/Finance/HR/,2023-08-23T01:47:25,medium
schedule_3155.pdf,.pdf,346,C:/Finance/PublicInfo/Guidelines/,2025-07-16T11:09:43,high
schedule_agreement_3156.pdf,.pdf,1473,C:/Finance/Loans/,2022-08-14T23:29:58,medium
schedule_3157.pdf,.pdf,948,C:/Finance/PublicInfo/Announcements/,2022-07-26T06:38:22,medium
report_notice_3158.csv,.csv,670,C:/Finance/PublicInfo/Guidelines/,2024-03-15T12:01:32,high
memo_transaction_3159.xlsx,.xlsx,67,C:/Finance/Transactions/,2023-10-16T09:19:28,low
report_3160.csv,.csv,174,C:/Finance/Reports/,2025-02-18T00:30:55,high
announcement_3161.txt,.txt,71,C:/Finance/PublicInfo/Guidelines/,2024-02-07T17:34:11,low
review_3162.docx,.docx,90,C:/Finance/Compliance/,2025-10-15T11:08:11,low
policy_balance_3163.xlsx,.xlsx,276,C:/Finance/Accounts/,2023-09-15T01:31:20,high
guidelines_summary_3164.pdf,.pdf,1167,C:/Finance/Transactions/,2022-11-09T08:09:26,low
schedule_info_3165.txt,.txt,84,C:/Finance/PublicInfo/Guidelines/,2024-03-08T18:26:44,low
bank_statement_announcement_3166_v2.pdf,.pdf,1656,C:/Finance/PublicInfo/Announcements/,2023-08-08T03:54:13,low
statement_3167.xlsx,.xlsx,286,C:/Finance/Transactions/,2025-07-08T10:26:41,low
repayment_3168.pdf,.pdf,1032,C:/Finance/Loans/,2022-04-12T11:00:08,medium
customer_policy_3169_final.docx,.docx,177,C:/Finance/Compliance/,2022-02-05T13:58:24,medium
notice_3170.pdf,.pdf,2256,C:/Finance/PublicInfo/Announcements/,2024-05-16T05:35:54,medium
ledger_protocol_3171.pdf,.pdf,686,C:/Finance/Internal/Policies/,2022-04-01T12:49:16,medium
guideline_3172_archived.pdf,.pdf,996,C:/Finance/Internal/Policies/,2024-10-25T03:46:22,medium
report_3173.xlsx,.xlsx,201,C:/Finance/Reports/,2023-10-13T01:34:36,low
audit_3174.xlsx,.xlsx,349,C:/Finance/Compliance/,2024-04-18T04:19:30,low
info_3175.csv,.csv,289,C:/Finance/PublicInfo/Announcements/,2023-11-10T10:57:55,low
statement_memo_3176.csv,.csv,247,C:/Finance/Reports/,2025-12-03T20:11:17,low
info_3177.txt,.txt,12,C:/Finance/PublicInfo/Guidelines/,2024-07-30T17:53:56,medium
policy_3178.docx,.docx,562,C:/Finance/Compliance/,2024-03-05T14:15:03,low
guideline_3179.pdf,.pdf,1096,C:/Finance/Internal/Policies/,2025-12-16T05:32:53,low
statement_3180.csv,.csv,132,C:/Finance/Transactions/,2022-10-17T23:21:50,medium
info_profile_3181.docx,.docx,612,C:/Finance/Customers/,2023-04-28T02:21:52,low
announcement_audit_3182.docx,.docx,356,C:/Finance/Compliance/,2023-10-31T11:13:01,low
procedure_3183.docx,.docx,667,C:/Finance/Internal/Policies/,2025-03-18T03:59:21,high
summary_3184.pdf,.pdf,61,C:/Finance/Transactions/,2024-02-20T22:19:45,low
customer_3185_draft.docx,.docx,176,C:/Finance/Customers/,2022-12-03T14:13:48,high
schedule_memo_3186_v2.pdf,.pdf,2593,C:/Finance/Reports/,2022-09-17T23:16:13,medium
policy_3187.docx,.docx,1287,C:/Finance/Internal/Policies/,2022-04-17T12:50:40,high
contract_3188_confidential.xlsx,.xlsx,592,C:/Finance/Loans/,2025-03-07T11:17:32,high
customer_3189.docx,.docx,436,C:/Finance/Customers/,2025-09-24T12:10:49,medium
analysis_3190.pdf,.pdf,366,C:/Finance/Reports/,2023-11-04T19:07:09,low
confidential_info_3191.pdf,.pdf,275,C:/Finance/PublicInfo/Announcements/,2025-08-12T19:45:54,low
info_3192_final.csv,.csv,835,C:/Finance/PublicInfo/Guidelines/,2022-12-08T18:18:55,low
account_number_statement_3193.pdf,.pdf,1307,C:/Finance/Transactions/,2025-04-13T17:54:18,high
account_number_report_3194.docx,.docx,21,C:/Finance/HR/,2023-06-26T18:35:13,low
menu_policy_3195.pdf,.pdf,1915,C:/Finance/Compliance/,2025-11-07T01:08:54,low
policy_3196.xlsx,.xlsx,1496,C:/Finance/Compliance/,2025-07-13T14:52:26,low
public_notice_report_3197.csv,.csv,281,C:/Finance/Reports/,2022-05-08T04:17:22,low
statement_profile_3198.docx,.docx,647,C:/Finance/Customers/,2024-02-09T10:55:06,medium
analysis_policy_3199.xlsx,.xlsx,226,C:/Finance/Internal/Policies/,2024-10-19T07:56:51,low
announcement_3200.txt,.txt,76,C:/Finance/PublicInfo/Guidelines/,2023-09-21T11:08:24,low
announcement_info_3201.pdf,.pdf,65,C:/Finance/PublicInfo/Guidelines/,2022-01-10T03:26:14,low
announcement_3202.pdf,.pdf,458,C:/Finance/PublicInfo/Guidelines/,2025-03-06T15:49:01,low
policy_3203.xlsx,.xlsx,80,C:/Finance/Compliance/,2025-04-18T00:29:14,low
memo_info_3204.csv,.csv,373,C:/Finance/PublicInfo/Guidelines/,2025-06-14T16:57:52,high
report_3205.csv,.csv,580,C:/Finance/Reports/,2023-09-11T20:29:15,high
memo_policy_3206.docx,.docx,275,C:/Finance/Compliance/,2024-08-19T01:25:10,low
info_audit_3207.xlsx,.xlsx,714,C:/Finance/Accounts/,2023-03-23T20:32:49,low
announcement_info_3208.txt,.txt,53,C:/Finance/PublicInfo/Announcements/,2024-02-09T12:41:50,low
loan_3209.docx,.docx,189,C:/Finance/Loans/,2023-05-13T08:45:26,medium
analysis_policy_3210.xlsx,.xlsx,1345,C:/Finance/Internal/Policies/,2022-08-01T23:39:54,medium
account_number_info_3211.txt,.txt,97,C:/Finance/PublicInfo/Guidelines/,2024-09-07T17:33:40,low
salary_audit_3212.docx,.docx,61,C:/Finance/Compliance/,2022-09-03T15:46:40,low
contract_3213.csv,.csv,127,C:/Finance/Customers/,2022-08-18T20:18:56,high
invoice_roster_3214.docx,.docx,220,C:/Finance/HR/,2024-03-22T15:29:04,high
announcement_guideline_3215.docx,.docx,264,C:/Finance/Internal/Policies/,2024-08-30T08:38:19,low
summary_3216.csv,.csv,478,C:/Finance/Reports/,2023-08-01T01:17:17,high
guideline_3217.pdf,.pdf,281,C:/Finance/Compliance/,2025-01-09T16:01:16,medium
invoice_info_3218.pdf,.pdf,2401,C:/Finance/Customers/,2025-11-12T17:31:41,high
passwords_contract_3219.pdf,.pdf,1742,C:/Finance/Customers/,2024-09-13T17:02:43,low
info_notice_3220.csv,.csv,5,C:/Finance/PublicInfo/Announcements/,2025-12-16T13:47:41,low
ledger_announcement_3221.pdf,.pdf,940,C:/Finance/PublicInfo/Guidelines/,2022-08-22T22:55:00,low
public_notice_report_3222.docx,.docx,20,C:/Finance/HR/,2025-04-20T22:37:55,medium
summary_3223.csv,.csv,410,C:/Finance/Reports/,2025-07-03T23:38:30,medium
guidelines_agreement_3224.docx,.docx,865,C:/Finance/Loans/,2024-11-21T15:57:26,high
info_3225_v2.csv,.csv,85,C:/Finance/PublicInfo/Guidelines/,2024-03-30T01:57:07,medium
announcement_repayment_3226.docx,.docx,719,C:/Finance/Loans/,2022-07-19T14:58:46,medium
policy_schedule_3227_v2.txt,.txt,47,C:/Finance/PublicInfo/Guidelines/,2022-04-23T05:52:09,low
policy_transfer_3228_v2.pdf,.pdf,241,C:/Finance/Transactions/,2023-04-05T02:18:56,high
profile_3229_final.pdf,.pdf,290,C:/Finance/Customers/,2023-03-21T12:39:52,high
memo_3230.pdf,.pdf,106,C:/Finance/Reports/,2022-11-15T01:19:24,medium
summary_3231_final.csv,.csv,165,C:/Finance/Transactions/,2023-01-13T13:08:52,low
salary_3232.xlsx,.xlsx,304,C:/Finance/HR/,2025-03-11T02:13:24,low
account_3233.pdf,.pdf,100,C:/Finance/Accounts/,2025-01-10T04:22:50,medium
schedule_3234.txt,.txt,89,C:/Finance/PublicInfo/Guidelines/,2024-01-10T16:37:45,low
notice_3235_confidential.txt,.txt,107,C:/Finance/PublicInfo/Guidelines/,2024-07-31T22:45:57,low
guidelines_salary_3236.docx,.docx,522,C:/Finance/HR/,2022-07-02T13:38:45,low
repayment_3237.pdf,.pdf,682,C:/Finance/Loans/,2022-07-02T18:39:35,medium
salary_3238.xlsx,.xlsx,352,C:/Finance/HR/,2025-08-26T15:17:57,low
guidelines_schedule_3239.pdf,.pdf,615,C:/Finance/PublicInfo/Announcements/,2024-11-10T05:48:47,low
notice_3240.txt,.txt,41,C:/Finance/PublicInfo/Announcements/,2025-05-08T06:01:40,low
notice_3241.pdf,.pdf,2247,C:/Finance/PublicInfo/Guidelines/,2024-01-17T20:04:57,low
notice_3242.csv,.csv,57,C:/Finance/PublicInfo/Guidelines/,2025-08-14T04:28:23,low
account_3243.pdf,.pdf,1110,C:/Finance/Accounts/,2025-03-27T09:07:41,low
public_notice_ledger_3244.pdf,.pdf,931,C:/Finance/Accounts/,2024-10-12T01:42:15,low
roster_3245.docx,.docx,648,C:/Finance/HR/,2025-08-29T07:05:12,high
transaction_guideline_3246_archived.pdf,.pdf,505,C:/Finance/Compliance/,2025-01-04T02:16:52,medium
balance_3247.xlsx,.xlsx,129,C:/Finance/Accounts/,2024-12-06T18:52:14,medium
audit_3248.xlsx,.xlsx,531,C:/Finance/Compliance/,2024-06-08T16:24:19,low
report_3249.docx,.docx,128,C:/Finance/HR/,2023-09-30T02:07:38,medium
menu_summary_3250.pdf,.pdf,1271,C:/Finance/Transactions/,2024-06-01T06:56:08,low
transaction_3251.csv,.csv,286,C:/Finance/Transactions/,2024-07-14T06:08:52,low
report_info_3252.docx,.docx,488,C:/Finance/Customers/,2022-01-21T04:09:19,low
report_announcement_3253_final.csv,.csv,572,C:/Finance/PublicInfo/Announcements/,2023-04-24T04:16:30,medium
transaction_report_3254.docx,.docx,1240,C:/Finance/HR/,2022-01-04T22:32:27,medium
analysis_info_3255.csv,.csv,341,C:/Finance/PublicInfo/Guidelines/,2024-10-20T05:08:09,high
policy_3256.pdf,.pdf,1235,C:/Finance/Internal/Policies/,2023-12-19T08:46:35,medium
report_summary_3257_v2.xlsx,.xlsx,18,C:/Finance/Transactions/,2022-09-27T10:43:22,medium
audit_3258.xlsx,.xlsx,904,C:/Finance/Accounts/,2023-12-30T12:33:37,low
info_3259.docx,.docx,113,C:/Finance/Customers/,2025-09-23T12:11:21,low
memo_info_3260.txt,.txt,103,C:/Finance/PublicInfo/Announcements/,2022-11-16T09:23:44,low
loan_3261.xls,.xls,97,C:/Finance/Loans/,2024-05-07T05:30:54,low
schedule_3262.csv,.csv,340,C:/Finance/PublicInfo/Guidelines/,2024-07-28T18:10:46,high
public_notice_schedule_3263.pdf,.pdf,579,C:/Finance/PublicInfo/Announcements/,2024-12-18T12:51:51,low
policy_summary_3264_archived.pdf,.pdf,1091,C:/Finance/Transactions/,2025-10-06T19:58:02,low
summary_3265.xlsx,.xlsx,198,C:/Finance/Reports/,2024-08-19T14:45:24,low
report_3266.xlsx,.xlsx,1312,C:/Finance/HR/,2023-01-06T16:09:09,medium
roster_3267.xlsx,.xlsx,709,C:/Finance/HR/,2023-07-21T07:13:02,low
report_statement_3268.xlsx,.xlsx,432,C:/Finance/Transactions/,2024-08-26T22:50:31,low
audit_roster_3269.docx,.docx,930,C:/Finance/HR/,2023-08-05T22:00:25,high
memo_summary_3270.xlsx,.xlsx,704,C:/Finance/Transactions/,2023-04-16T14:33:56,low
announcement_3271.pdf,.pdf,2118,C:/Finance/PublicInfo/Guidelines/,2023-03-03T22:38:40,low
contract_3272.pdf,.pdf,223,C:/Finance/Customers/,2023-05-04T03:11:49,low
profile_3273.pdf,.pdf,1377,C:/Finance/Customers/,2024-06-22T05:07:43,medium
review_3274.pdf,.pdf,604,C:/Finance/Compliance/,2025-05-10T04:13:10,low
guideline_3275.xlsx,.xlsx,1221,C:/Finance/Compliance/,2025-07-01T07:10:58,low
memo_policy_3276.pdf,.pdf,465,C:/Finance/Internal/Policies/,2022-03-24T21:51:50,low
contract_3277_confidential.pdf,.pdf,1524,C:/Finance/Customers/,2023-09-01T13:07:54,high
ledger_report_3278.xlsx,.xlsx,1937,C:/Finance/HR/,2022-02-03T18:04:35,low
memo_review_3279.pdf,.pdf,335,C:/Finance/Compliance/,2025-08-21T05:11:43,low
summary_3280.pdf,.pdf,331,C:/Finance/Reports/,2022-10-16T12:29:49,low
menu_schedule_3281.pdf,.pdf,2478,C:/Finance/PublicInfo/Announcements/,2024-12-22T18:54:55,medium
invoice_notice_3282.txt,.txt,44,C:/Finance/PublicInfo/Guidelines/,2024-02-04T06:30:09,low
info_3283.pdf,.pdf,597,C:/Finance/PublicInfo/Announcements/,2025-11-19T21:06:24,medium
summary_3284_confidential.xlsx,.xlsx,153,C:/Finance/Transactions/,2025-03-24T06:43:47,low
account_3285_final.csv,.csv,271,C:/Finance/Accounts/,2023-12-08T22:11:27,low
schedule_info_3286.pdf,.pdf,1578,C:/Finance/PublicInfo/Guidelines/,2023-01-31T01:11:07,low
guidelines_schedule_3287.csv,.csv,310,C:/Finance/PublicInfo/Guidelines/,2025-09-25T08:49:29,medium
menu_payroll_3288.pdf,.pdf,560,C:/Finance/HR/,2023-01-16T08:58:21,low
summary_review_3289.xlsx,.xlsx,158,C:/Finance/Compliance/,2023-02-10T14:13:54,low
roster_3290.xlsx,.xlsx,811,C:/Finance/HR/,2024-08-29T20:40:40,low
audit_3291_draft.csv,.csv,460,C:/Finance/Accounts/,2022-07-12T22:26:02,high
report_3292.pdf,.pdf,198,C:/Finance/Reports/,2023-08-16T00:20:27,low
transfer_3293.csv,.csv,105,C:/Finance/Transactions/,2022-01-05T23:56:24,high
transaction_3294.csv,.csv,249,C:/Finance/Transactions/,2022-10-07T14:54:26,medium
summary_notice_3295.pdf,.pdf,585,C:/Finance/PublicInfo/Announcements/,2023-05-22T23:30:22,medium
summary_balance_3296.xlsx,.xlsx,1452,C:/Finance/Accounts/,2025-06-08T19:01:04,low
ledger_3297.xlsx,.xlsx,1459,C:/Finance/Accounts/,2023-04-07T20:57:26,low
menu_info_3298.pdf,.pdf,1508,C:/Finance/PublicInfo/Guidelines/,2024-03-27T05:38:41,low
repayment_3299.pdf,.pdf,6,C:/Finance/Loans/,2022-09-01T14:27:04,low
notice_3300.pdf,.pdf,1122,C:/Finance/PublicInfo/Announcements/,2022-06-02T23:06:03,medium
info_3301.pdf,.pdf,1243,C:/Finance/PublicInfo/Guidelines/,2024-10-24T10:09:34,low
announcement_profile_3302_confidential.pdf,.pdf,739,C:/Finance/Customers/,2023-05-26T01:34:51,low
public_notice_payroll_3303.docx,.docx,216,C:/Finance/HR/,2023-03-14T15:27:58,low
protocol_3304.xlsx,.xlsx,230,C:/Finance/Internal/Policies/,2023-09-25T14:19:55,low
payroll_3305.docx,.docx,464,C:/Finance/HR/,2025-05-02T16:12:22,medium
analysis_3306.xlsx,.xlsx,228,C:/Finance/Reports/,2024-02-28T19:46:07,medium
info_repayment_3307.xls,.xls,536,C:/Finance/Loans/,2023-08-02T01:02:17,medium
schedule_procedure_3308.xlsx,.xlsx,700,C:/Finance/Internal/Policies/,2025-06-14T11:56:35,medium
announcement_transaction_3309.xlsx,.xlsx,1655,C:/Finance/Transactions/,2023-03-18T12:03:37,low
schedule_3310.csv,.csv,85,C:/Finance/PublicInfo/Guidelines/,2023-11-09T21:18:34,medium
audit_3311.pdf,.pdf,844,C:/Finance/Compliance/,2023-07-20T11:24:50,low
policy_3312.docx,.docx,409,C:/Finance/Internal/Policies/,2022-02-02T08:17:05,medium
guideline_3313.pdf,.pdf,1800,C:/Finance/Compliance/,2022-04-08T11:37:39,low
salary_3314.xlsx,.xlsx,1036,C:/Finance/HR/,2022-03-28T19:26:17,low
menu_analysis_3315.pdf,.pdf,60,C:/Finance/Reports/,2025-12-05T19:30:00,low
review_3316.xlsx,.xlsx,1623,C:/Finance/Compliance/,2025-05-18T22:50:34,low
schedule_3317.txt,.txt,103,C:/Finance/PublicInfo/Announcements/,2025-03-24T11:41:11,high
ledger_3318_archived.xlsx,.xlsx,1052,C:/Finance/Accounts/,2024-01-06T18:55:40,low
public_notice_info_3319.docx,.docx,134,C:/Finance/Customers/,2023-08-31T08:22:56,low
tax_info_notice_3320.txt,.txt,110,C:/Finance/PublicInfo/Guidelines/,2024-03-15T03:30:50,medium
announcement_3321.txt,.txt,104,C:/Finance/PublicInfo/Guidelines/,2025-05-12T07:23:44,high
customer_info_3322.pdf,.pdf,870,C:/Finance/PublicInfo/Guidelines/,2025-01-05T02:12:38,medium
transfer_3323.xlsx,.xlsx,464,C:/Finance/Transactions/,2025-11-14T02:06:01,medium
audit_3324.csv,.csv,330,C:/Finance/Accounts/,2024-04-06T21:25:30,low
public_notice_procedure_3325.docx,.docx,73,C:/Finance/Internal/Policies/,2023-03-01T01:01:35,medium
policy_loan_3326.xls,.xls,125,C:/Finance/Loans/,2022-08-20T07:22:05,low
audit_3327.pdf,.pdf,652,C:/Finance/Compliance/,2025-03-29T03:27:18,low
guidelines_schedule_3328.txt,.txt,93,C:/Finance/PublicInfo/Announcements/,2023-04-15T16:31:34,low
analysis_report_3329.pdf,.pdf,799,C:/Finance/HR/,2025-05-17T03:30:13,low
announcement_protocol_3330.pdf,.pdf,1732,C:/Finance/Internal/Policies/,2022-01-16T21:39:34,medium
loan_3331.xls,.xls,1375,C:/Finance/Loans/,2024-07-04T05:06:02,low
policy_3332.docx,.docx,164,C:/Finance/Compliance/,2022-08-05T02:13:03,high
invoice_protocol_3333.xlsx,.xlsx,711,C:/Finance/Internal/Policies/,2022-12-24T22:04:34,medium
announcement_3334.csv,.csv,374,C:/Finance/PublicInfo/Announcements/,2024-02-04T04:50:43,low
roster_3335.xlsx,.xlsx,1214,C:/Finance/HR/,2023-05-25T07:25:55,medium
protocol_3336.pdf,.pdf,96,C:/Finance/Internal/Policies/,2025-11-24T01:01:08,medium
public_notice_report_3337_draft.csv,.csv,525,C:/Finance/Reports/,2025-03-08T22:14:14,low
transaction_info_3338.txt,.txt,127,C:/Finance/PublicInfo/Announcements/,2022-02-26T13:52:19,medium
analysis_summary_3339.xlsx,.xlsx,1364,C:/Finance/Reports/,2022-05-17T08:40:49,medium
summary_info_3340.txt,.txt,174,C:/Finance/PublicInfo/Guidelines/,2023-06-24T23:31:18,low
schedule_ledger_3341.pdf,.pdf,1687,C:/Finance/Accounts/,2024-08-30T07:32:23,low
salary_3342.xlsx,.xlsx,1676,C:/Finance/HR/,2023-10-01T02:06:57,low
menu_transaction_3343.csv,.csv,73,C:/Finance/Transactions/,2025-11-30T07:32:40,medium
audit_announcement_3344_v2.txt,.txt,81,C:/Finance/PublicInfo/Guidelines/,2023-06-28T00:58:43,high
info_3345.csv,.csv,77,C:/Finance/PublicInfo/Announcements/,2023-06-03T11:11:21,medium
repayment_3346.docx,.docx,968,C:/Finance/Loans/,2022-12-01T20:59:13,medium
guidelines_report_3347.csv,.csv,200,C:/Finance/Reports/,2025-01-22T18:33:53,low
customer_report_3348.pdf,.pdf,1281,C:/Finance/Reports/,2024-07-01T22:04:26,low
notice_3349.pdf,.pdf,1464,C:/Finance/PublicInfo/Announcements/,2025-07-20T03:40:23,medium
invoice_contract_3350.pdf,.pdf,62,C:/Finance/Loans/,2025-08-22T14:01:55,high
summary_audit_3351.xlsx,.xlsx,831,C:/Finance/Accounts/,2023-05-22T05:03:44,high
guidelines_report_3352.pdf,.pdf,628,C:/Finance/Reports/,2025-01-29T17:32:33,low
loan_contract_memo_3353.pdf,.pdf,161,C:/Finance/Reports/,2025-04-15T04:40:04,low
summary_contract_3354.csv,.csv,447,C:/Finance/Customers/,2025-05-26T21:12:49,high
statement_transaction_3355.xlsx,.xlsx,399,C:/Finance/Transactions/,2022-05-08T05:28:39,low
review_3356.pdf,.pdf,1538,C:/Finance/Compliance/,2022-12-19T22:42:34,medium
transaction_audit_3357.xlsx,.xlsx,120,C:/Finance/Accounts/,2024-06-09T23:00:40,low
customer_ledger_3358.xlsx,.xlsx,738,C:/Finance/Accounts/,2024-07-31T14:50:06,high
policy_transfer_3359.csv,.csv,500,C:/Finance/Transactions/,2025-04-14T15:25:10,low
report_report_3360.xlsx,.xlsx,1514,C:/Finance/Reports/,2022-12-29T09:34:44,medium
credit_report_notice_3361_archived.csv,.csv,255,C:/Finance/PublicInfo/Announcements/,2025-06-26T03:22:03,low
agreement_3362.docx,.docx,421,C:/Finance/Loans/,2025-11-30T19:57:29,low
memo_guideline_3363.xlsx,.xlsx,155,C:/Finance/Internal/Policies/,2022-05-27T15:15:14,low
statement_announcement_3364.csv,.csv,193,C:/Finance/PublicInfo/Announcements/,2025-07-06T01:40:57,high
info_policy_3365.docx,.docx,604,C:/Finance/Internal/Policies/,2023-03-23T15:36:44,low
info_3366.pdf,.pdf,52,C:/Finance/PublicInfo/Announcements/,2024-09-04T20:43:55,high
salary_3367.xlsx,.xlsx,1317,C:/Finance/HR/,2023-12-27T14:10:30,medium
audit_3368.csv,.csv,341,C:/Finance/Accounts/,2022-01-20T04:26:24,high
schedule_3369.txt,.txt,34,C:/Finance/PublicInfo/Announcements/,2025-06-25T22:10:16,low
contract_3370.docx,.docx,524,C:/Finance/Loans/,2024-03-07T04:36:17,low
tax_info_balance_3371.pdf,.pdf,863,C:/Finance/Accounts/,2022-01-06T10:02:53,low
announcement_notice_3372.pdf,.pdf,108,C:/Finance/PublicInfo/Guidelines/,2025-12-14T06:07:02,low
schedule_3373.txt,.txt,137,C:/Finance/PublicInfo/Guidelines/,2022-07-28T08:47:26,high
policy_3374_draft.docx,.docx,73,C:/Finance/Compliance/,2025-11-12T17:02:40,medium
audit_review_3375.pdf,.pdf,425,C:/Finance/Compliance/,2024-12-01T10:13:04,low
profile_3376_final.csv,.csv,157,C:/Finance/Customers/,2025-12-11T18:04:02,medium
protocol_3377.xlsx,.xlsx,98,C:/Finance/Internal/Policies/,2022-03-17T15:57:42,low
schedule_info_3378.pdf,.pdf,36,C:/Finance/PublicInfo/Announcements/,2022-07-07T10:04:15,low
info_3379.pdf,.pdf,168,C:/Finance/PublicInfo/Guidelines/,2025-09-03T02:46:05,medium
protocol_3380.xlsx,.xlsx,50,C:/Finance/Internal/Policies/,2024-07-27T22:03:19,medium
policy_3381.pdf,.pdf,1086,C:/Finance/Internal/Policies/,2022-04-06T15:56:36,low
menu_policy_3382.xlsx,.xlsx,1469,C:/Finance/Compliance/,2024-06-28T04:22:38,medium
schedule_procedure_3383.docx,.docx,134,C:/Finance/Internal/Policies/,2023-05-14T13:23:18,low
schedule_review_3384.docx,.docx,626,C:/Finance/Compliance/,2022-03-24T17:47:57,low
ledger_repayment_3385.xls,.xls,1550,C:/Finance/Loans/,2024-10-29T04:36:56,high
procedure_3386.docx,.docx,440,C:/Finance/Internal/Policies/,2024-06-18T11:01:30,low
summary_3387.csv,.csv,279,C:/Finance/Transactions/,2023-03-07T03:41:29,low
announcement_3388.txt,.txt,104,C:/Finance/PublicInfo/Announcements/,2024-05-23T21:09:26,high
invoice_info_3389.docx,.docx,232,C:/Finance/Customers/,2022-04-29T19:48:24,high
announcement_profile_3390.docx,.docx,1373,C:/Finance/Customers/,2025-05-07T21:36:07,high
statement_3391.xlsx,.xlsx,779,C:/Finance/Transactions/,2023-02-03T14:04:21,medium
analysis_summary_3392.csv,.csv,446,C:/Finance/Transactions/,2025-03-25T02:12:22,low
roster_3393.docx,.docx,825,C:/Finance/HR/,2023-04-11T18:55:06,high
contract_3394.xlsx,.xlsx,464,C:/Finance/Loans/,2022-06-28T05:31:20,high
audit_3395.xlsx,.xlsx,1504,C:/Finance/Accounts/,2025-08-09T13:56:11,low
policy_policy_3396.docx,.docx,531,C:/Finance/Internal/Policies/,2025-01-18T06:15:34,low
ledger_info_3397.pdf,.pdf,876,C:/Finance/PublicInfo/Announcements/,2025-12-20T09:32:56,low
repayment_3398.docx,.docx,178,C:/Finance/Loans/,2022-12-25T02:13:02,high
analysis_3399.csv,.csv,406,C:/Finance/Reports/,2025-08-29T02:43:14,medium
transaction_profile_3400.csv,.csv,709,C:/Finance/Customers/,2023-06-13T23:32:20,high
credit_report_payroll_3401.pdf,.pdf,449,C:/Finance/HR/,2022-04-30T14:27:37,high
account_3402_v2.csv,.csv,97,C:/Finance/Accounts/,2025-02-20T15:49:39,medium
ssn_profile_3403.csv,.csv,553,C:/Finance/Customers/,2025-11-07T13:28:32,high
summary_protocol_3404.docx,.docx,436,C:/Finance/Internal/Policies/,2025-06-02T09:05:07,low
menu_ledger_3405.xlsx,.xlsx,829,C:/Finance/Accounts/,2024-10-01T18:20:25,low
public_notice_policy_3406.docx,.docx,576,C:/Finance/Internal/Policies/,2022-09-22T08:55:04,medium
customer_3407.csv,.csv,17,C:/Finance/Customers/,2024-02-22T14:10:27,high
info_customer_3408.pdf,.pdf,177,C:/Finance/Customers/,2024-06-21T16:15:58,medium
guidelines_summary_3409.xlsx,.xlsx,1009,C:/Finance/Transactions/,2022-06-17T21:14:23,medium
confidential_info_3410.pdf,.pdf,1463,C:/Finance/PublicInfo/Announcements/,2023-09-19T10:05:04,low
analysis_3411.xlsx,.xlsx,525,C:/Finance/Reports/,2025-10-09T18:35:50,low
memo_3412.csv,.csv,531,C:/Finance/Reports/,2025-11-12T20:42:10,medium
summary_report_3413.pdf,.pdf,505,C:/Finance/Reports/,2022-06-08T23:32:58,high
analysis_3414.xlsx,.xlsx,1126,C:/Finance/Reports/,2025-01-16T03:01:43,medium
transaction_audit_3415.pdf,.pdf,845,C:/Finance/Accounts/,2022-09-03T14:20:07,low
info_account_3416.pdf,.pdf,1786,C:/Finance/Accounts/,2023-08-21T20:48:47,medium
audit_3417.xlsx,.xlsx,847,C:/Finance/Accounts/,2022-03-22T11:34:44,medium
schedule_3418.txt,.txt,11,C:/Finance/PublicInfo/Guidelines/,2023-11-29T05:16:17,medium
schedule_report_3419_v2.pdf,.pdf,490,C:/Finance/Reports/,2024-12-04T15:36:43,low
guidelines_protocol_3420.xlsx,.xlsx,604,C:/Finance/Internal/Policies/,2023-03-26T11:21:54,medium
profile_3421.docx,.docx,644,C:/Finance/Customers/,2025-03-16T10:16:25,medium
guidelines_transfer_3422.xlsx,.xlsx,710,C:/Finance/Transactions/,2022-10-24T06:43:06,low
guideline_3423.docx,.docx,115,C:/Finance/Compliance/,2024-01-13T17:00:39,low
balance_3424.xlsx,.xlsx,610,C:/Finance/Accounts/,2024-03-20T10:41:19,low
procedure_3425.pdf,.pdf,216,C:/Finance/Internal/Policies/,2024-11-13T17:46:12,low
policy_contract_3426.docx,.docx,1283,C:/Finance/Customers/,2022-01-06T02:54:10,low
passwords_info_3427.txt,.txt,90,C:/Finance/PublicInfo/Announcements/,2023-08-11T00:33:57,low
notice_3428.txt,.txt,3,C:/Finance/PublicInfo/Guidelines/,2025-06-15T04:34:55,medium
menu_summary_3429.csv,.csv,637,C:/Finance/Reports/,2024-06-24T04:35:34,medium
statement_report_3430.pdf,.pdf,1637,C:/Finance/Reports/,2024-10-21T09:58:21,medium
report_3431_archived.pdf,.pdf,58,C:/Finance/Reports/,2025-08-29T20:05:18,low
policy_3432.pdf,.pdf,1129,C:/Finance/Compliance/,2023-01-04T17:05:15,medium
notice_3433.csv,.csv,458,C:/Finance/PublicInfo/Announcements/,2024-02-20T08:09:10,low
notice_3434.csv,.csv,453,C:/Finance/PublicInfo/Announcements/,2024-04-26T14:47:39,low
summary_profile_3435.pdf,.pdf,463,C:/Finance/Customers/,2023-05-13T08:19:47,low
contract_3436.xlsx,.xlsx,673,C:/Finance/Loans/,2025-06-22T18:22:28,medium
transfer_3437.csv,.csv,504,C:/Finance/Transactions/,2022-09-09T14:49:31,low
info_statement_3438.csv,.csv,322,C:/Finance/Transactions/,2025-06-18T13:34:25,medium
notice_3439.pdf,.pdf,2079,C:/Finance/PublicInfo/Guidelines/,2024-11-18T11:24:45,medium
invoice_account_3440_draft.pdf,.pdf,2149,C:/Finance/Accounts/,2023-10-19T13:47:03,high
contract_3441.docx,.docx,398,C:/Finance/Customers/,2024-06-01T03:48:10,low
procedure_3442.pdf,.pdf,1586,C:/Finance/Internal/Policies/,2023-04-29T17:22:45,high
info_3443.pdf,.pdf,524,C:/Finance/PublicInfo/Announcements/,2022-03-11T21:08:33,medium
announcement_ledger_3444.xlsx,.xlsx,389,C:/Finance/Accounts/,2025-03-03T15:01:15,high
ledger_notice_3445.txt,.txt,79,C:/Finance/PublicInfo/Announcements/,2024-12-11T16:21:54,medium
analysis_announcement_3446.pdf,.pdf,1404,C:/Finance/PublicInfo/Announcements/,2024-05-11T02:23:05,low
schedule_3447.csv,.csv,222,C:/Finance/PublicInfo/Announcements/,2022-04-09T17:58:27,low
announcement_transfer_3448.xlsx,.xlsx,1175,C:/Finance/Transactions/,2023-12-11T02:29:32,high
guidelines_loan_3449.pdf,.pdf,647,C:/Finance/Loans/,2025-12-14T18:16:19,medium
ledger_notice_3450.csv,.csv,602,C:/Finance/PublicInfo/Guidelines/,2024-06-18T00:57:07,low
policy_3451.xlsx,.xlsx,1100,C:/Finance/Compliance/,2025-06-04T07:16:28,low
report_3452.xlsx,.xlsx,1345,C:/Finance/Reports/,2025-01-23T22:27:26,low
repayment_3453.pdf,.pdf,1495,C:/Finance/Loans/,2024-11-13T10:41:11,low
salary_policy_3454.docx,.docx,233,C:/Finance/Internal/Policies/,2025-02-21T19:30:03,low
loan_contract_notice_3455.csv,.csv,380,C:/Finance/PublicInfo/Announcements/,2024-11-26T03:15:51,high
summary_3456.csv,.csv,79,C:/Finance/Reports/,2025-12-29T18:51:52,low
schedule_3457.csv,.csv,73,C:/Finance/PublicInfo/Guidelines/,2025-05-31T15:07:51,low
invoice_procedure_3458.xlsx,.xlsx,5,C:/Finance/Internal/Policies/,2022-01-15T05:05:37,high
roster_3459.docx,.docx,120,C:/Finance/HR/,2023-04-04T08:04:51,low
schedule_review_3460.pdf,.pdf,688,C:/Finance/Compliance/,2024-12-14T04:17:32,high
announcement_report_3461.pdf,.pdf,1685,C:/Finance/HR/,2025-07-03T14:43:01,low
schedule_3462_final.pdf,.pdf,1110,C:/Finance/PublicInfo/Announcements/,2023-01-12T05:24:16,low
repayment_3463.docx,.docx,474,C:/Finance/Loans/,2022-07-29T02:23:35,high
report_3464.xlsx,.xlsx,200,C:/Finance/HR/,2025-03-18T11:35:33,medium
account_number_transaction_3465.xlsx,.xlsx,349,C:/Finance/Transactions/,2024-06-09T18:29:04,low
agreement_3466.pdf,.pdf,1504,C:/Finance/Loans/,2025-12-14T07:01:59,high
info_statement_3467.csv,.csv,196,C:/Finance/Transactions/,2025-06-20T23:25:22,low
analysis_3468.pdf,.pdf,144,C:/Finance/Reports/,2022-02-03T12:20:06,low
summary_3469.csv,.csv,124,C:/Finance/Transactions/,2025-06-06T04:17:35,low
info_3470.pdf,.pdf,2584,C:/Finance/PublicInfo/Announcements/,2022-08-29T12:41:51,medium
statement_3471_final.csv,.csv,597,C:/Finance/Transactions/,2024-09-21T07:49:36,high
customer_agreement_3472.pdf,.pdf,996,C:/Finance/Loans/,2022-07-19T18:21:40,high
repayment_3473.pdf,.pdf,27,C:/Finance/Loans/,2023-01-15T13:48:18,low
analysis_3474.csv,.csv,39,C:/Finance/Reports/,2024-11-30T18:17:16,medium
summary_3475.xlsx,.xlsx,1286,C:/Finance/Reports/,2023-03-04T12:39:09,medium
info_summary_3476.pdf,.pdf,356,C:/Finance/Reports/,2022-04-04T05:56:37,low
info_3477.pdf,.pdf,445,C:/Finance/PublicInfo/Guidelines/,2024-05-12T09:52:56,medium
report_3478.xlsx,.xlsx,998,C:/Finance/Reports/,2025-09-22T15:44:16,low
confidential_contract_3479.docx,.docx,64,C:/Finance/Loans/,2025-10-02T22:43:03,low
info_info_3480.csv,.csv,274,C:/Finance/PublicInfo/Announcements/,2024-01-20T10:03:28,medium
report_3481.docx,.docx,10,C:/Finance/HR/,2025-06-07T05:10:02,medium
tax_info_balance_3482.xlsx,.xlsx,1007,C:/Finance/Accounts/,2025-06-06T10:20:13,high
menu_analysis_3483.csv,.csv,23,C:/Finance/Reports/,2024-10-11T17:58:51,low
summary_policy_3484.pdf,.pdf,237,C:/Finance/Compliance/,2023-07-05T06:34:06,medium
transaction_3485.xlsx,.xlsx,198,C:/Finance/Transactions/,2024-09-09T03:21:41,low
guidelines_report_3486.pdf,.pdf,306,C:/Finance/HR/,2023-04-06T19:52:00,low
announcement_transfer_3487.csv,.csv,64,C:/Finance/Transactions/,2025-04-22T00:09:26,low
protocol_3488.docx,.docx,412,C:/Finance/Internal/Policies/,2022-08-30T05:47:01,low
summary_3489.xlsx,.xlsx,908,C:/Finance/Transactions/,2025-12-10T04:47:07,medium
roster_3490.pdf,.pdf,1053,C:/Finance/HR/,2022-06-30T03:50:53,medium
summary_contract_3491.docx,.docx,419,C:/Finance/Loans/,2025-02-07T00:02:43,low
invoice_info_3492.docx,.docx,212,C:/Finance/Customers/,2025-11-21T04:49:21,low
analysis_repayment_3493.docx,.docx,1207,C:/Finance/Loans/,2023-08-28T23:19:36,medium
invoice_memo_3494.xlsx,.xlsx,1183,C:/Finance/Reports/,2022-07-31T01:07:35,high
loan_3495.docx,.docx,327,C:/Finance/Loans/,2023-07-08T19:33:01,low
agreement_3496.xls,.xls,32,C:/Finance/Loans/,2023-02-28T22:43:45,low
transaction_agreement_3497.pdf,.pdf,1163,C:/Finance/Loans/,2025-05-08T09:30:15,low
guidelines_contract_3498.xls,.xls,400,C:/Finance/Loans/,2022-01-19T12:23:29,high
info_agreement_3499_v2.docx,.docx,353,C:/Finance/Loans/,2023-08-22T15:29:30,low
info_protocol_3500.pdf,.pdf,385,C:/Finance/Internal/Policies/,2022-02-10T22:14:03,medium
analysis_3501_archived.pdf,.pdf,1262,C:/Finance/Reports/,2023-07-16T08:09:08,low
statement_audit_3502.csv,.csv,24,C:/Finance/Accounts/,2022-10-27T10:59:18,high
roster_3503_v2.xlsx,.xlsx,369,C:/Finance/HR/,2023-08-03T14:51:29,low
procedure_3504.pdf,.pdf,1366,C:/Finance/Internal/Policies/,2022-04-02T07:55:49,medium
schedule_3505_v2.pdf,.pdf,839,C:/Finance/PublicInfo/Announcements/,2023-03-10T20:11:12,high
summary_3506.pdf,.pdf,34,C:/Finance/Reports/,2025-06-16T17:36:28,low
memo_3507.csv,.csv,465,C:/Finance/Reports/,2022-02-15T21:55:53,high
passwords_transaction_3508.csv,.csv,537,C:/Finance/Transactions/,2023-06-07T07:11:53,low
account_3509.xlsx,.xlsx,1192,C:/Finance/Accounts/,2024-08-29T07:53:01,high
schedule_3510.txt,.txt,75,C:/Finance/PublicInfo/Guidelines/,2022-01-08T14:09:48,low
protocol_3511.docx,.docx,534,C:/Finance/Internal/Policies/,2025-11-01T01:17:37,medium
summary_3512.xlsx,.xlsx,43,C:/Finance/Transactions/,2024-04-19T03:14:51,medium
customer_3513.pdf,.pdf,947,C:/Finance/Customers/,2025-04-04T01:24:33,low
summary_3514.csv,.csv,53,C:/Finance/Reports/,2024-10-26T00:01:34,medium
transfer_3515.pdf,.pdf,1950,C:/Finance/Transactions/,2025-12-02T10:13:30,low
review_3516.docx,.docx,104,C:/Finance/Compliance/,2024-05-25T14:00:56,low
info_3517.csv,.csv,105,C:/Finance/PublicInfo/Guidelines/,2022-05-14T15:55:08,low
audit_3518.csv,.csv,301,C:/Finance/Accounts/,2024-02-22T22:37:13,high
schedule_3519.txt,.txt,45,C:/Finance/PublicInfo/Announcements/,2022-09-06T17:14:44,low
payroll_3520.pdf,.pdf,840,C:/Finance/HR/,2022-08-17T16:45:07,medium
report_3521.xlsx,.xlsx,269,C:/Finance/HR/,2024-09-02T23:27:38,medium
info_guideline_3522.docx,.docx,355,C:/Finance/Internal/Policies/,2024-07-04T17:44:14,medium
agreement_3523.xls,.xls,1191,C:/Finance/Loans/,2023-06-16T17:28:40,low
public_notice_notice_3524.pdf,.pdf,3036,C:/Finance/PublicInfo/Announcements/,2023-12-13T05:19:07,medium
menu_announcement_3525.csv,.csv,357,C:/Finance/PublicInfo/Guidelines/,2022-01-31T15:15:02,medium
ledger_3526.csv,.csv,457,C:/Finance/Accounts/,2023-09-25T15:54:58,medium
procedure_3527.docx,.docx,443,C:/Finance/Internal/Policies/,2023-01-17T23:26:11,low
memo_review_3528.pdf,.pdf,1172,C:/Finance/Compliance/,2023-11-21T10:22:39,low
audit_announcement_3529.csv,.csv,441,C:/Finance/PublicInfo/Announcements/,2025-05-07T20:10:39,medium
announcement_statement_3530.csv,.csv,479,C:/Finance/Transactions/,2023-03-17T17:32:24,low
summary_3531.xlsx,.xlsx,649,C:/Finance/Transactions/,2023-07-10T19:16:50,high
announcement_3532.csv,.csv,366,C:/Finance/PublicInfo/Announcements/,2023-10-29T13:21:23,medium
menu_contract_3533.docx,.docx,555,C:/Finance/Customers/,2022-04-09T16:11:28,low
report_3534.docx,.docx,591,C:/Finance/HR/,2022-05-08T15:03:46,medium
agreement_3535.pdf,.pdf,1891,C:/Finance/Loans/,2025-07-01T05:52:07,low
customer_3536.pdf,.pdf,777,C:/Finance/Customers/,2023-06-30T10:11:46,medium
policy_3537.docx,.docx,285,C:/Finance/Compliance/,2023-12-23T19:45:25,low
public_notice_guideline_3538.docx,.docx,855,C:/Finance/Compliance/,2023-11-15T18:46:16,low
review_3539.docx,.docx,118,C:/Finance/Compliance/,2023-11-04T16:17:24,medium
analysis_policy_3540.docx,.docx,576,C:/Finance/Compliance/,2024-09-22T09:17:19,low
policy_agreement_3541_draft.xls,.xls,21,C:/Finance/Loans/,2022-07-28T17:17:46,low
guidelines_guideline_3542.pdf,.pdf,572,C:/Finance/Internal/Policies/,2024-12-23T03:36:44,medium
tax_info_notice_3543.pdf,.pdf,700,C:/Finance/PublicInfo/Guidelines/,2025-05-04T15:28:21,low
public_notice_salary_3544.docx,.docx,647,C:/Finance/HR/,2025-05-27T21:54:17,low
customer_profile_3545.pdf,.pdf,548,C:/Finance/Customers/,2022-06-18T12:57:27,high
schedule_customer_3546.csv,.csv,141,C:/Finance/Customers/,2023-08-01T03:40:03,low
menu_contract_3547_final.xls,.xls,1395,C:/Finance/Loans/,2023-12-08T13:01:15,medium
audit_notice_3548.pdf,.pdf,785,C:/Finance/PublicInfo/Guidelines/,2023-09-10T08:46:06,low
guidelines_guideline_3549.xlsx,.xlsx,75,C:/Finance/Compliance/,2024-04-14T12:12:03,low
credit_report_guideline_3550.docx,.docx,781,C:/Finance/Compliance/,2025-03-11T00:59:17,low
guideline_3551.xlsx,.xlsx,290,C:/Finance/Internal/Policies/,2024-01-01T22:30:56,low
statement_review_3552.docx,.docx,259,C:/Finance/Compliance/,2023-07-17T04:08:48,low
profile_3553.docx,.docx,695,C:/Finance/Customers/,2022-03-17T12:22:23,low
credit_report_contract_3554.csv,.csv,165,C:/Finance/Customers/,2025-08-22T20:17:26,high
ledger_agreement_3555_v2.xlsx,.xlsx,315,C:/Finance/Loans/,2022-03-06T09:57:08,low
report_3556.xlsx,.xlsx,995,C:/Finance/HR/,2024-12-05T17:54:40,medium
memo_contract_3557.pdf,.pdf,758,C:/Finance/Loans/,2022-02-26T15:41:00,medium
invoice_schedule_3558.pdf,.pdf,1833,C:/Finance/PublicInfo/Guidelines/,2022-03-25T08:22:31,low
info_3559_draft.pdf,.pdf,788,C:/Finance/PublicInfo/Announcements/,2024-04-02T02:44:10,low
payroll_3560.docx,.docx,677,C:/Finance/HR/,2022-11-26T21:17:18,medium
info_summary_3561_draft.pdf,.pdf,691,C:/Finance/Transactions/,2025-11-10T10:32:49,low
schedule_policy_3562.docx,.docx,229,C:/Finance/Internal/Policies/,2025-09-13T06:15:08,low
schedule_3563.txt,.txt,111,C:/Finance/PublicInfo/Announcements/,2023-09-11T00:26:09,medium
public_notice_profile_3564.docx,.docx,220,C:/Finance/Customers/,2022-10-07T04:36:50,low
statement_guideline_3565.docx,.docx,184,C:/Finance/Compliance/,2025-01-04T12:47:58,low
account_3566_final.pdf,.pdf,933,C:/Finance/Accounts/,2024-09-15T21:42:32,high
public_notice_statement_3567.xlsx,.xlsx,129,C:/Finance/Transactions/,2025-10-06T02:59:28,low
report_policy_3568.docx,.docx,585,C:/Finance/Internal/Policies/,2024-07-20T05:16:42,low
statement_3569.xlsx,.xlsx,1638,C:/Finance/Transactions/,2022-05-11T22:01:44,low
profile_3570_archived.docx,.docx,262,C:/Finance/Customers/,2022-05-19T00:17:27,low
transaction_balance_3571.xlsx,.xlsx,591,C:/Finance/Accounts/,2022-09-07T02:57:19,medium
announcement_protocol_3572.xlsx,.xlsx,286,C:/Finance/Internal/Policies/,2023-12-21T20:22:37,low
contract_3573.pdf,.pdf,408,C:/Finance/Loans/,2022-03-14T22:41:44,medium
info_3574.csv,.csv,153,C:/Finance/PublicInfo/Guidelines/,2024-04-19T11:50:02,medium
tax_info_report_3575.pdf,.pdf,1843,C:/Finance/Reports/,2025-02-09T09:20:27,high
public_notice_audit_3576.docx,.docx,34,C:/Finance/Compliance/,2023-04-26T02:49:21,medium
transaction_schedule_3577.txt,.txt,72,C:/Finance/PublicInfo/Announcements/,2025-03-27T17:34:11,low
info_policy_3578.xlsx,.xlsx,1446,C:/Finance/Compliance/,2024-02-09T01:55:59,low
transaction_3579.csv,.csv,528,C:/Finance/Transactions/,2024-02-16T06:04:27,low
schedule_audit_3580.docx,.docx,773,C:/Finance/Compliance/,2024-09-22T02:01:03,low
policy_transfer_3581.pdf,.pdf,654,C:/Finance/Transactions/,2022-05-18T03:09:24,low
invoice_account_3582_draft.csv,.csv,246,C:/Finance/Accounts/,2025-01-24T00:18:20,medium
ledger_summary_3583.xlsx,.xlsx,315,C:/Finance/Transactions/,2022-03-31T04:41:06,medium
menu_loan_3584.xls,.xls,484,C:/Finance/Loans/,2024-08-21T00:48:04,high
statement_3585.csv,.csv,203,C:/Finance/Transactions/,2024-09-18T00:55:25,low
summary_3586.pdf,.pdf,384,C:/Finance/Reports/,2025-06-04T22:18:01,low
audit_3587.docx,.docx,405,C:/Finance/Compliance/,2022-11-26T23:30:15,high
schedule_payroll_3588_archived.xlsx,.xlsx,341,C:/Finance/HR/,2023-08-10T02:14:02,medium
guideline_3589.docx,.docx,779,C:/Finance/Internal/Policies/,2023-04-26T11:25:09,low
schedule_statement_3590.xlsx,.xlsx,219,C:/Finance/Transactions/,2024-09-10T15:50:29,medium
guidelines_review_3591.pdf,.pdf,432,C:/Finance/Compliance/,2023-05-24T14:08:55,medium
statement_info_3592.csv,.csv,96,C:/Finance/PublicInfo/Announcements/,2022-09-15T07:45:50,low
info_3593.csv,.csv,7,C:/Finance/PublicInfo/Announcements/,2024-09-18T03:36:55,medium
report_3594.xlsx,.xlsx,218,C:/Finance/HR/,2024-07-20T06:48:21,high
salary_review_3595.pdf,.pdf,2110,C:/Finance/Compliance/,2024-03-21T13:16:36,medium
notice_3596.csv,.csv,2,C:/Finance/PublicInfo/Announcements/,2022-01-30T12:36:27,medium
statement_3597_archived.xlsx,.xlsx,247,C:/Finance/Transactions/,2022-12-23T14:10:00,low
salary_3598.docx,.docx,1007,C:/Finance/HR/,2022-02-12T23:12:49,medium
info_3599.docx,.docx,500,C:/Finance/Customers/,2025-05-12T04:48:01,low
info_transfer_3600.xlsx,.xlsx,375,C:/Finance/Transactions/,2022-09-03T01:26:09,low
salary_agreement_3601_draft.xlsx,.xlsx,1600,C:/Finance/Loans/,2023-07-20T03:54:37,high
agreement_3602.pdf,.pdf,1779,C:/Finance/Loans/,2022-04-14T09:49:57,medium
salary_3603_archived.xlsx,.xlsx,162,C:/Finance/HR/,2025-11-22T14:51:53,high
customer_guideline_3604.docx,.docx,751,C:/Finance/Compliance/,2025-04-16T06:05:22,low
menu_announcement_3605_final.txt,.txt,17,C:/Finance/PublicInfo/Announcements/,2023-12-21T02:40:05,low
guideline_3606.xlsx,.xlsx,545,C:/Finance/Compliance/,2023-01-06T10:21:28,medium
report_3607_final.xlsx,.xlsx,529,C:/Finance/HR/,2024-08-19T06:46:37,low
customer_3608.pdf,.pdf,293,C:/Finance/Customers/,2022-08-07T11:07:32,low
info_3609_confidential.csv,.csv,692,C:/Finance/PublicInfo/Guidelines/,2022-01-16T00:32:02,medium
summary_notice_3610.csv,.csv,271,C:/Finance/PublicInfo/Guidelines/,2025-08-30T16:55:06,medium
transaction_procedure_3611.xlsx,.xlsx,42,C:/Finance/Internal/Policies/,2023-08-21T02:44:26,low
loan_3612.docx,.docx,812,C:/Finance/Loans/,2024-05-26T03:25:32,high
statement_analysis_3613.csv,.csv,337,C:/Finance/Reports/,2023-11-24T17:37:44,high
schedule_3614.pdf,.pdf,339,C:/Finance/PublicInfo/Guidelines/,2024-07-17T15:42:07,low
statement_audit_3615.xlsx,.xlsx,724,C:/Finance/Accounts/,2022-09-23T19:41:04,medium
public_notice_account_3616.csv,.csv,177,C:/Finance/Accounts/,2022-11-03T15:05:46,medium
announcement_customer_3617.docx,.docx,237,C:/Finance/Customers/,2024-02-19T12:28:55,medium
public_notice_memo_3618_archived.pdf,.pdf,479,C:/Finance/Reports/,2022-01-11T18:38:34,low
report_schedule_3619.txt,.txt,79,C:/Finance/PublicInfo/Guidelines/,2023-05-25T00:32:16,low
audit_3620.xlsx,.xlsx,428,C:/Finance/Accounts/,2025-01-31T09:06:07,low
loan_3621.docx,.docx,314,C:/Finance/Loans/,2022-06-17T16:17:47,low
account_number_info_3622_v2.csv,.csv,369,C:/Finance/Customers/,2022-03-03T10:10:03,medium
public_notice_summary_3623_archived.pdf,.pdf,1243,C:/Finance/Reports/,2022-05-01T14:37:30,low
info_3624.docx,.docx,81,C:/Finance/Customers/,2025-11-18T07:12:57,low
announcement_3625.txt,.txt,49,C:/Finance/PublicInfo/Guidelines/,2025-07-12T12:28:08,low
ledger_3626.csv,.csv,52,C:/Finance/Accounts/,2024-04-22T14:27:46,medium
announcement_3627.pdf,.pdf,1838,C:/Finance/PublicInfo/Guidelines/,2024-02-16T11:40:03,medium
announcement_audit_3628.docx,.docx,416,C:/Finance/Compliance/,2022-08-27T02:38:17,low
announcement_contract_3629.docx,.docx,479,C:/Finance/Customers/,2022-11-16T10:39:19,low
info_3630.pdf,.pdf,263,C:/Finance/PublicInfo/Guidelines/,2023-12-17T06:46:34,medium
invoice_loan_3631.docx,.docx,176,C:/Finance/Loans/,2024-03-25T05:08:48,low
protocol_3632.pdf,.pdf,2480,C:/Finance/Internal/Policies/,2024-08-20T04:52:27,low
memo_guideline_3633.xlsx,.xlsx,850,C:/Finance/Internal/Policies/,2025-06-20T22:55:46,medium
schedule_guideline_3634.docx,.docx,328,C:/Finance/Internal/Policies/,2023-03-21T06:45:57,low
menu_salary_3635.docx,.docx,83,C:/Finance/HR/,2024-07-25T10:24:17,low
contract_3636.docx,.docx,500,C:/Finance/Customers/,2025-09-08T02:14:20,low
transaction_3637.pdf,.pdf,1036,C:/Finance/Transactions/,2023-10-21T20:35:32,low
transaction_3638.csv,.csv,462,C:/Finance/Transactions/,2022-11-01T20:33:01,low
salary_3639.xlsx,.xlsx,504,C:/Finance/HR/,2024-03-31T11:56:33,medium
notice_3640.txt,.txt,81,C:/Finance/PublicInfo/Guidelines/,2025-01-18T04:51:00,high
info_3641.csv,.csv,476,C:/Finance/Customers/,2022-06-13T12:06:45,low
info_3642.pdf,.pdf,497,C:/Finance/PublicInfo/Announcements/,2025-04-03T20:47:47,low
policy_profile_3643.docx,.docx,363,C:/Finance/Customers/,2022-04-26T21:04:44,high
analysis_repayment_3644.xls,.xls,733,C:/Finance/Loans/,2022-10-04T13:34:00,high
public_notice_policy_3645.pdf,.pdf,1580,C:/Finance/Internal/Policies/,2024-03-31T16:54:18,medium
announcement_3646.txt,.txt,11,C:/Finance/PublicInfo/Announcements/,2023-12-23T21:55:56,low
summary_analysis_3647.csv,.csv,567,C:/Finance/Reports/,2022-03-17T16:17:20,low
analysis_3648.csv,.csv,303,C:/Finance/Reports/,2024-02-21T15:37:01,low
policy_profile_3649.pdf,.pdf,2382,C:/Finance/Customers/,2023-04-25T07:08:58,low
transaction_3650.pdf,.pdf,1491,C:/Finance/Transactions/,2025-02-28T21:40:32,low
guideline_3651.pdf,.pdf,450,C:/Finance/Internal/Policies/,2025-11-19T12:07:43,low
salary_3652.pdf,.pdf,199,C:/Finance/HR/,2024-12-23T11:53:14,low
customer_account_3653.csv,.csv,487,C:/Finance/Accounts/,2022-01-04T10:58:16,high
analysis_loan_3654_draft.xls,.xls,1349,C:/Finance/Loans/,2025-12-13T03:36:55,high
policy_3655.pdf,.pdf,1609,C:/Finance/Internal/Policies/,2025-10-12T08:04:15,high
info_3656.pdf,.pdf,88,C:/Finance/Customers/,2023-08-15T10:31:13,high
guideline_3657.pdf,.pdf,1120,C:/Finance/Internal/Policies/,2022-04-15T18:40:28,medium
salary_3658.docx,.docx,307,C:/Finance/HR/,2022-09-21T10:23:49,high
public_notice_transaction_3659.pdf,.pdf,1215,C:/Finance/Transactions/,2023-05-16T07:10:13,medium
guideline_3660.xlsx,.xlsx,407,C:/Finance/Internal/Policies/,2025-03-16T13:19:29,low
notice_3661.txt,.txt,87,C:/Finance/PublicInfo/Announcements/,2024-10-22T09:28:10,high
policy_3662.pdf,.pdf,706,C:/Finance/Internal/Policies/,2022-06-04T21:16:19,medium
transaction_ledger_3663.xlsx,.xlsx,808,C:/Finance/Accounts/,2023-01-03T04:57:24,low
announcement_analysis_3664.csv,.csv,253,C:/Finance/Reports/,2023-10-24T01:05:27,low
account_3665.pdf,.pdf,822,C:/Finance/Accounts/,2022-05-08T04:59:27,medium
transaction_agreement_3666.pdf,.pdf,369,C:/Finance/Loans/,2022-06-11T05:18:51,medium
info_3667.pdf,.pdf,132,C:/Finance/PublicInfo/Guidelines/,2024-07-31T05:35:18,medium
policy_transfer_3668.csv,.csv,202,C:/Finance/Transactions/,2024-07-06T15:15:15,low
public_notice_summary_3669.pdf,.pdf,797,C:/Finance/Reports/,2024-05-20T03:11:26,low
summary_3670_v2.csv,.csv,344,C:/Finance/Reports/,2025-07-12T12:07:42,low
payroll_3671_archived.pdf,.pdf,208,C:/Finance/HR/,2025-08-16T09:48:09,low
notice_3672.txt,.txt,72,C:/Finance/PublicInfo/Announcements/,2023-05-25T03:36:14,low
contract_3673.pdf,.pdf,1541,C:/Finance/Loans/,2022-03-23T22:06:59,low
memo_repayment_3674_final.pdf,.pdf,1888,C:/Finance/Loans/,2022-05-08T14:42:17,medium
schedule_repayment_3675.pdf,.pdf,395,C:/Finance/Loans/,2022-11-10T08:31:48,low
guidelines_protocol_3676.xlsx,.xlsx,1523,C:/Finance/Internal/Policies/,2022-09-18T07:47:49,high
guidelines_ledger_3677.xlsx,.xlsx,454,C:/Finance/Accounts/,2024-07-19T05:33:54,medium
notice_3678.txt,.txt,37,C:/Finance/PublicInfo/Announcements/,2022-03-05T19:04:59,low
payroll_3679.docx,.docx,43,C:/Finance/HR/,2023-01-16T22:02:56,low
transfer_3680_draft.pdf,.pdf,585,C:/Finance/Transactions/,2023-01-24T01:15:24,medium
policy_3681.docx,.docx,462,C:/Finance/Compliance/,2022-05-16T09:37:41,low
transaction_3682.xlsx,.xlsx,588,C:/Finance/Transactions/,2025-12-15T09:26:43,low
review_3683.docx,.docx,456,C:/Finance/Compliance/,2023-10-09T07:00:47,low
policy_summary_3684.csv,.csv,308,C:/Finance/Reports/,2024-02-23T08:20:03,low
info_3685.docx,.docx,945,C:/Finance/Customers/,2022-03-20T11:35:35,low
memo_repayment_3686.docx,.docx,233,C:/Finance/Loans/,2024-12-09T15:50:45,medium
transaction_3687.csv,.csv,155,C:/Finance/Transactions/,2024-10-14T05:39:12,low
announcement_3688.pdf,.pdf,718,C:/Finance/PublicInfo/Guidelines/,2025-05-28T04:37:36,medium
policy_3689.pdf,.pdf,1399,C:/Finance/Compliance/,2024-01-12T18:56:12,low
review_3690.pdf,.pdf,2047,C:/Finance/Compliance/,2024-10-23T16:13:57,low
contract_3691.docx,.docx,1648,C:/Finance/Loans/,2023-05-24T06:34:57,high
schedule_announcement_3692.csv,.csv,427,C:/Finance/PublicInfo/Announcements/,2023-12-07T04:30:23,low
invoice_info_3693.csv,.csv,553,C:/Finance/PublicInfo/Announcements/,2025-07-09T02:05:04,low
menu_protocol_3694.xlsx,.xlsx,1073,C:/Finance/Internal/Policies/,2025-01-03T01:59:33,low
guideline_3695.docx,.docx,301,C:/Finance/Internal/Policies/,2023-05-15T07:46:04,medium
loan_3696.pdf,.pdf,1377,C:/Finance/Loans/,2025-09-22T21:22:16,low
policy_info_3697.txt,.txt,138,C:/Finance/PublicInfo/Guidelines/,2025-03-29T20:51:57,medium
announcement_announcement_3698.txt,.txt,10,C:/Finance/PublicInfo/Announcements/,2025-03-16T09:41:32,low
transaction_3699.xlsx,.xlsx,403,C:/Finance/Transactions/,2024-10-31T15:26:55,low
customer_3700.docx,.docx,577,C:/Finance/Customers/,2022-03-08T15:09:48,medium
transaction_transaction_3701.csv,.csv,893,C:/Finance/Transactions/,2025-10-07T04:13:54,high
guidelines_report_3702.docx,.docx,213,C:/Finance/HR/,2022-11-09T13:58:28,low
contract_3703.xls,.xls,531,C:/Finance/Loans/,2024-11-22T10:17:38,high
ledger_3704.csv,.csv,2,C:/Finance/Accounts/,2025-07-22T10:46:34,low
analysis_review_3705.docx,.docx,631,C:/Finance/Compliance/,2025-12-22T06:19:30,medium
announcement_statement_3706.xlsx,.xlsx,740,C:/Finance/Transactions/,2022-04-22T11:04:57,low
transfer_3707.csv,.csv,420,C:/Finance/Transactions/,2024-07-31T22:16:58,low
invoice_review_3708.pdf,.pdf,576,C:/Finance/Compliance/,2024-12-22T23:24:35,low
review_3709.docx,.docx,649,C:/Finance/Compliance/,2025-02-22T19:31:11,low
guidelines_transaction_3710.csv,.csv,280,C:/Finance/Transactions/,2025-09-21T08:21:28,low
menu_loan_3711.pdf,.pdf,73,C:/Finance/Loans/,2023-09-22T17:09:32,high
procedure_3712.xlsx,.xlsx,1443,C:/Finance/Internal/Policies/,2024-06-05T12:02:49,medium
report_info_3713.csv,.csv,493,C:/Finance/PublicInfo/Guidelines/,2022-10-27T06:26:40,medium
public_notice_balance_3714.csv,.csv,330,C:/Finance/Accounts/,2022-09-16T04:26:00,medium
procedure_3715.pdf,.pdf,1602,C:/Finance/Internal/Policies/,2022-12-04T05:37:34,low
ssn_repayment_3716.docx,.docx,78,C:/Finance/Loans/,2022-11-18T14:13:00,medium
summary_3717.pdf,.pdf,1283,C:/Finance/Reports/,2022-08-23T22:53:33,high
ledger_3718.pdf,.pdf,335,C:/Finance/Accounts/,2024-06-24T04:19:08,medium
analysis_3719.xlsx,.xlsx,370,C:/Finance/Reports/,2024-10-29T11:02:48,low
invoice_customer_3720.csv,.csv,783,C:/Finance/Customers/,2023-10-21T12:05:27,high
schedule_audit_3721.docx,.docx,210,C:/Finance/Compliance/,2023-05-22T23:55:37,low
guidelines_policy_3722.pdf,.pdf,3147,C:/Finance/Internal/Policies/,2023-03-08T23:32:56,high
guidelines_account_3723.pdf,.pdf,1618,C:/Finance/Accounts/,2023-01-25T19:28:44,low
summary_3724.pdf,.pdf,275,C:/Finance/Reports/,2025-06-17T09:42:26,low
public_notice_transaction_3725.csv,.csv,161,C:/Finance/Transactions/,2023-03-18T05:43:55,low
announcement_protocol_3726.docx,.docx,77,C:/Finance/Internal/Policies/,2022-09-20T22:02:02,low
customer_account_3727.pdf,.pdf,1760,C:/Finance/Accounts/,2025-02-01T14:51:30,medium
info_3728.docx,.docx,345,C:/Finance/Customers/,2025-03-12T10:36:21,high
audit_3729.pdf,.pdf,1650,C:/Finance/Compliance/,2025-10-13T14:07:45,low
repayment_3730.xls,.xls,119,C:/Finance/Loans/,2023-02-02T17:18:40,medium
memo_3731.xlsx,.xlsx,569,C:/Finance/Reports/,2024-04-12T17:36:23,high
info_policy_3732.pdf,.pdf,633,C:/Finance/Compliance/,2023-09-14T19:29:04,high
statement_info_3733.txt,.txt,90,C:/Finance/PublicInfo/Announcements/,2025-06-07T17:37:16,low
account_3734_archived.pdf,.pdf,68,C:/Finance/Accounts/,2023-05-24T06:07:40,high
summary_3735.xlsx,.xlsx,571,C:/Finance/Transactions/,2022-08-06T06:09:33,low
balance_3736.pdf,.pdf,1073,C:/Finance/Accounts/,2025-03-24T01:24:06,low
public_notice_guideline_3737.pdf,.pdf,1052,C:/Finance/Internal/Policies/,2023-04-04T15:16:25,low
report_3738.pdf,.pdf,342,C:/Finance/HR/,2024-09-04T00:04:53,low
account_3739.xlsx,.xlsx,997,C:/Finance/Accounts/,2023-09-26T20:46:25,medium
public_notice_schedule_3740.txt,.txt,1,C:/Finance/PublicInfo/Announcements/,2023-06-15T20:13:11,low
report_3741.xlsx,.xlsx,7,C:/Finance/HR/,2024-03-14T21:12:28,medium
invoice_info_3742.txt,.txt,32,C:/Finance/PublicInfo/Guidelines/,2023-10-19T05:01:12,low
ledger_policy_3743.pdf,.pdf,203,C:/Finance/Compliance/,2025-04-26T00:52:04,low
report_3744.pdf,.pdf,3245,C:/Finance/HR/,2024-11-09T04:10:42,high
audit_3745.pdf,.pdf,446,C:/Finance/Accounts/,2025-11-26T13:23:47,medium
statement_3746.xlsx,.xlsx,589,C:/Finance/Transactions/,2024-09-15T08:16:24,medium
statement_ledger_3747.csv,.csv,3,C:/Finance/Accounts/,2022-08-11T20:15:44,low
pin_profile_3748.pdf,.pdf,1061,C:/Finance/Customers/,2024-09-06T01:44:53,high
customer_3749.pdf,.pdf,378,C:/Finance/Customers/,2024-06-16T14:49:16,medium
payroll_3750.docx,.docx,66,C:/Finance/HR/,2025-06-28T12:02:18,medium
policy_3751.docx,.docx,47,C:/Finance/Internal/Policies/,2023-12-29T10:00:17,low
credit_report_review_3752.xlsx,.xlsx,2127,C:/Finance/Compliance/,2025-07-25T01:23:55,high
info_3753_v2.csv,.csv,310,C:/Finance/Customers/,2022-12-05T10:41:17,low
schedule_notice_3754_final.txt,.txt,33,C:/Finance/PublicInfo/Guidelines/,2022-11-14T17:22:37,high
procedure_3755.xlsx,.xlsx,226,C:/Finance/Internal/Policies/,2022-01-07T20:35:51,low
announcement_3756.pdf,.pdf,1379,C:/Finance/PublicInfo/Announcements/,2022-05-01T16:05:03,medium
audit_schedule_3757.txt,.txt,43,C:/Finance/PublicInfo/Announcements/,2024-12-30T03:54:00,high
report_notice_3758_v2.txt,.txt,91,C:/Finance/PublicInfo/Guidelines/,2022-02-22T00:50:18,low
analysis_3759.xlsx,.xlsx,1261,C:/Finance/Reports/,2023-11-12T06:19:33,low
invoice_info_3760.txt,.txt,83,C:/Finance/PublicInfo/Announcements/,2023-05-18T17:46:14,low
guidelines_memo_3761.csv,.csv,270,C:/Finance/Reports/,2024-12-14T16:30:46,low
info_salary_3762.docx,.docx,218,C:/Finance/HR/,2025-07-03T10:00:02,low
info_3763.txt,.txt,147,C:/Finance/PublicInfo/Guidelines/,2025-06-22T04:33:12,low
summary_announcement_3764.pdf,.pdf,448,C:/Finance/PublicInfo/Guidelines/,2023-06-19T21:08:17,low
schedule_contract_3765.pdf,.pdf,275,C:/Finance/Customers/,2025-08-07T20:51:05,medium
notice_3766.pdf,.pdf,517,C:/Finance/PublicInfo/Guidelines/,2023-02-07T14:48:52,medium
audit_audit_3767.pdf,.pdf,1409,C:/Finance/Compliance/,2025-10-30T00:30:50,high
analysis_3768.xlsx,.xlsx,205,C:/Finance/Reports/,2025-10-07T22:39:54,low
memo_3769_final.pdf,.pdf,2166,C:/Finance/Reports/,2024-01-01T21:50:29,medium
schedule_3770.csv,.csv,127,C:/Finance/PublicInfo/Guidelines/,2022-09-16T03:56:12,low
salary_3771.xlsx,.xlsx,203,C:/Finance/HR/,2023-08-29T08:27:42,medium
contract_3772.xls,.xls,438,C:/Finance/Loans/,2025-01-28T16:02:04,medium
contract_3773_confidential.xlsx,.xlsx,232,C:/Finance/Loans/,2025-03-22T14:49:44,high
schedule_3774.csv,.csv,288,C:/Finance/PublicInfo/Announcements/,2025-05-22T08:37:21,low
protocol_3775_v2.docx,.docx,147,C:/Finance/Internal/Policies/,2025-03-16T18:46:26,low
audit_3776.pdf,.pdf,282,C:/Finance/Accounts/,2022-05-28T06:08:40,medium
policy_announcement_3777.pdf,.pdf,78,C:/Finance/PublicInfo/Guidelines/,2025-11-24T11:33:03,medium
transaction_3778.csv,.csv,13,C:/Finance/Transactions/,2025-11-22T04:16:32,medium
guidelines_repayment_3779.docx,.docx,768,C:/Finance/Loans/,2025-03-18T20:46:28,high
announcement_schedule_3780.csv,.csv,219,C:/Finance/PublicInfo/Guidelines/,2022-08-18T12:51:35,low
info_memo_3781.pdf,.pdf,450,C:/Finance/Reports/,2023-08-24T13:32:38,medium
info_balance_3782.csv,.csv,119,C:/Finance/Accounts/,2024-07-17T22:29:37,low
salary_3783.pdf,.pdf,743,C:/Finance/HR/,2024-05-10T18:41:13,high
invoice_report_3784.pdf,.pdf,818,C:/Finance/HR/,2025-10-15T10:07:01,low
pin_review_3785.pdf,.pdf,1640,C:/Finance/Compliance/,2025-08-18T10:50:59,high
transfer_3786.pdf,.pdf,206,C:/Finance/Transactions/,2023-10-03T02:17:11,high
info_transfer_3787.pdf,.pdf,755,C:/Finance/Transactions/,2024-04-08T15:24:25,medium
memo_3788.xlsx,.xlsx,961,C:/Finance/Reports/,2022-06-11T16:49:45,low
ledger_3789.csv,.csv,712,C:/Finance/Accounts/,2022-04-04T09:57:54,medium
repayment_3790.xlsx,.xlsx,1202,C:/Finance/Loans/,2024-10-22T11:08:55,high
report_3791.pdf,.pdf,1093,C:/Finance/Reports/,2023-05-01T02:01:47,low
salary_report_3792.docx,.docx,252,C:/Finance/HR/,2025-07-09T19:18:07,low
announcement_agreement_3793.xlsx,.xlsx,257,C:/Finance/Loans/,2023-06-23T08:08:21,low
payroll_3794.xlsx,.xlsx,276,C:/Finance/HR/,2023-12-22T21:12:53,low
guidelines_agreement_3795.xls,.xls,600,C:/Finance/Loans/,2023-10-24T05:18:14,medium
memo_guideline_3796.docx,.docx,293,C:/Finance/Compliance/,2023-12-08T22:40:20,low
procedure_3797.xlsx,.xlsx,575,C:/Finance/Internal/Policies/,2025-03-24T04:34:30,low
ssn_procedure_3798.docx,.docx,123,C:/Finance/Internal/Policies/,2023-07-05T06:05:51,high
public_notice_loan_3799.pdf,.pdf,929,C:/Finance/Loans/,2022-03-12T15:52:40,medium
analysis_3800.csv,.csv,466,C:/Finance/Reports/,2022-03-26T03:51:47,high
transfer_3801.pdf,.pdf,275,C:/Finance/Transactions/,2023-09-10T09:23:02,low
statement_repayment_3802.xls,.xls,1227,C:/Finance/Loans/,2022-12-27T08:24:49,low
guidelines_info_3803.txt,.txt,111,C:/Finance/PublicInfo/Announcements/,2022-01-30T18:15:03,low
salary_statement_3804.csv,.csv,315,C:/Finance/Transactions/,2024-10-04T22:51:48,medium
account_3805.csv,.csv,246,C:/Finance/Accounts/,2025-08-21T02:30:27,low
info_3806_v2.txt,.txt,42,C:/Finance/PublicInfo/Announcements/,2024-01-21T18:49:24,low
schedule_salary_3807.docx,.docx,538,C:/Finance/HR/,2025-01-14T13:24:48,low
account_3808.xlsx,.xlsx,584,C:/Finance/Accounts/,2024-04-03T06:14:21,low
guideline_3809.pdf,.pdf,599,C:/Finance/Compliance/,2022-01-08T15:08:07,low
schedule_announcement_3810.pdf,.pdf,224,C:/Finance/PublicInfo/Announcements/,2024-05-17T08:00:36,low
statement_profile_3811.docx,.docx,472,C:/Finance/Customers/,2023-03-15T03:11:06,low
account_3812_final.xlsx,.xlsx,278,C:/Finance/Accounts/,2024-01-21T13:10:54,high
schedule_3813.txt,.txt,132,C:/Finance/PublicInfo/Announcements/,2025-12-23T23:18:18,medium
audit_3814.xlsx,.xlsx,1369,C:/Finance/Accounts/,2023-02-11T10:04:50,medium
public_notice_schedule_3815.pdf,.pdf,1168,C:/Finance/PublicInfo/Guidelines/,2024-08-10T16:36:12,low
statement_3816.csv,.csv,224,C:/Finance/Transactions/,2023-09-09T22:08:14,medium
policy_balance_3817.csv,.csv,356,C:/Finance/Accounts/,2025-09-05T20:22:51,low
ledger_account_3818.xlsx,.xlsx,1232,C:/Finance/Accounts/,2023-11-30T07:36:56,low
announcement_3819.pdf,.pdf,324,C:/Finance/PublicInfo/Announcements/,2023-07-21T09:02:55,low
public_notice_review_3820.xlsx,.xlsx,1056,C:/Finance/Compliance/,2024-12-03T11:27:33,low
public_notice_payroll_3821.docx,.docx,317,C:/Finance/HR/,2024-11-13T16:30:39,low
menu_info_3822.csv,.csv,516,C:/Finance/PublicInfo/Announcements/,2025-10-26T18:00:00,low
schedule_schedule_3823.txt,.txt,113,C:/Finance/PublicInfo/Guidelines/,2024-02-26T12:15:14,low
policy_announcement_3824_draft.pdf,.pdf,355,C:/Finance/PublicInfo/Announcements/,2023-10-14T19:02:57,low
invoice_schedule_3825.csv,.csv,302,C:/Finance/PublicInfo/Announcements/,2022-08-12T00:42:05,medium
ledger_protocol_3826.xlsx,.xlsx,152,C:/Finance/Internal/Policies/,2025-09-27T18:25:10,low
announcement_audit_3827.pdf,.pdf,478,C:/Finance/Compliance/,2022-12-19T11:48:28,medium
ledger_audit_3828.pdf,.pdf,1424,C:/Finance/Accounts/,2024-02-05T22:13:51,medium
info_3829.docx,.docx,566,C:/Finance/Customers/,2023-04-20T11:05:50,low
account_3830_archived.xlsx,.xlsx,189,C:/Finance/Accounts/,2025-08-31T05:15:22,high
customer_3831.pdf,.pdf,733,C:/Finance/Customers/,2022-09-08T14:45:51,low
repayment_3832.xls,.xls,174,C:/Finance/Loans/,2024-01-25T01:53:42,low
protocol_3833_confidential.xlsx,.xlsx,1560,C:/Finance/Internal/Policies/,2024-09-07T07:58:55,low
policy_memo_3834.csv,.csv,499,C:/Finance/Reports/,2024-11-01T21:02:17,low
info_3835.csv,.csv,214,C:/Finance/PublicInfo/Announcements/,2025-01-14T01:52:28,low
info_guideline_3836.docx,.docx,80,C:/Finance/Internal/Policies/,2022-06-15T22:28:33,medium
report_info_3837_v2.pdf,.pdf,1570,C:/Finance/PublicInfo/Announcements/,2022-11-09T05:00:30,low
public_notice_contract_3838.docx,.docx,286,C:/Finance/Customers/,2025-10-01T02:58:41,low
schedule_3839_archived.txt,.txt,91,C:/Finance/PublicInfo/Announcements/,2022-01-15T09:37:58,medium
guideline_3840.xlsx,.xlsx,230,C:/Finance/Compliance/,2022-02-06T12:41:00,low
announcement_report_3841.docx,.docx,489,C:/Finance/HR/,2025-10-04T23:27:54,low
info_3842.pdf,.pdf,991,C:/Finance/PublicInfo/Announcements/,2024-06-11T12:55:04,high
public_notice_info_3843.pdf,.pdf,1122,C:/Finance/Customers/,2023-12-28T01:40:44,medium
notice_3844.pdf,.pdf,734,C:/Finance/PublicInfo/Guidelines/,2025-01-07T23:48:24,high
memo_3845.pdf,.pdf,2077,C:/Finance/Reports/,2024-01-03T02:01:08,medium
report_summary_3846.csv,.csv,252,C:/Finance/Transactions/,2022-12-30T23:46:27,low
loan_3847.pdf,.pdf,211,C:/Finance/Loans/,2022-12-14T10:46:57,medium
public_notice_loan_3848.xlsx,.xlsx,1111,C:/Finance/Loans/,2024-03-17T16:40:43,low
guidelines_ledger_3849.pdf,.pdf,1090,C:/Finance/Accounts/,2024-10-12T04:54:49,medium
info_info_3850.txt,.txt,127,C:/Finance/PublicInfo/Guidelines/,2024-10-30T23:08:54,medium
ssn_summary_3851_archived.csv,.csv,277,C:/Finance/Reports/,2025-04-14T22:39:28,low
summary_3852.csv,.csv,330,C:/Finance/Transactions/,2022-08-22T17:53:42,high
announcement_review_3853.pdf,.pdf,1524,C:/Finance/Compliance/,2025-03-28T17:43:15,medium
policy_procedure_3854.xlsx,.xlsx,1176,C:/Finance/Internal/Policies/,2022-04-14T22:50:50,medium
transaction_repayment_3855.docx,.docx,859,C:/Finance/Loans/,2022-09-05T18:43:31,high
summary_contract_3856.pdf,.pdf,862,C:/Finance/Customers/,2023-11-02T08:37:39,medium
analysis_3857.pdf,.pdf,185,C:/Finance/Reports/,2022-03-02T18:43:38,low
announcement_3858.pdf,.pdf,81,C:/Finance/PublicInfo/Guidelines/,2022-04-23T07:36:11,low
transaction_policy_3859.pdf,.pdf,1864,C:/Finance/Internal/Policies/,2024-10-03T10:46:44,medium
customer_3860.csv,.csv,154,C:/Finance/Customers/,2024-03-20T15:34:54,low
menu_ledger_3861.xlsx,.xlsx,1788,C:/Finance/Accounts/,2022-01-25T23:27:54,low
transaction_3862.csv,.csv,386,C:/Finance/Transactions/,2025-01-26T03:23:45,high
balance_3863.xlsx,.xlsx,302,C:/Finance/Accounts/,2025-06-12T20:21:47,low
procedure_3864.pdf,.pdf,482,C:/Finance/Internal/Policies/,2024-06-01T23:19:32,low
payroll_3865.pdf,.pdf,1318,C:/Finance/HR/,2023-11-27T23:17:21,high
summary_guideline_3866.xlsx,.xlsx,1441,C:/Finance/Compliance/,2025-04-22T12:48:11,medium
repayment_3867.pdf,.pdf,617,C:/Finance/Loans/,2025-11-01T08:37:35,low
memo_3868_confidential.xlsx,.xlsx,88,C:/Finance/Reports/,2025-08-03T05:18:21,medium
roster_3869.xlsx,.xlsx,956,C:/Finance/HR/,2025-08-14T09:26:33,medium
transaction_info_3870.txt,.txt,130,C:/Finance/PublicInfo/Guidelines/,2024-11-15T05:11:33,low
transaction_audit_3871_archived.pdf,.pdf,1896,C:/Finance/Compliance/,2022-10-23T04:50:29,low
loan_3872.xls,.xls,649,C:/Finance/Loans/,2024-05-08T09:49:26,low
invoice_schedule_3873_v2.txt,.txt,70,C:/Finance/PublicInfo/Announcements/,2023-09-09T12:02:32,low
loan_contract_profile_3874.docx,.docx,316,C:/Finance/Customers/,2024-09-11T02:11:28,low
report_3875.xlsx,.xlsx,555,C:/Finance/HR/,2024-07-04T18:34:11,medium
repayment_3876.pdf,.pdf,531,C:/Finance/Loans/,2023-10-07T08:22:27,high
guidelines_agreement_3877.xlsx,.xlsx,2332,C:/Finance/Loans/,2025-11-08T01:44:12,high
memo_roster_3878.docx,.docx,578,C:/Finance/HR/,2022-09-08T02:29:06,low
audit_contract_3879_final.xlsx,.xlsx,1118,C:/Finance/Loans/,2022-07-27T09:58:10,medium
audit_3880.docx,.docx,800,C:/Finance/Compliance/,2025-09-29T08:49:29,low
payroll_3881.pdf,.pdf,171,C:/Finance/HR/,2025-07-08T16:09:44,medium
schedule_3882.txt,.txt,13,C:/Finance/PublicInfo/Guidelines/,2025-10-12T03:16:49,low
schedule_audit_3883.docx,.docx,1225,C:/Finance/Compliance/,2022-05-04T10:58:13,medium
account_3884.xlsx,.xlsx,46,C:/Finance/Accounts/,2025-05-15T21:08:57,medium
schedule_contract_3885.docx,.docx,753,C:/Finance/Customers/,2025-12-19T11:12:45,low
menu_salary_3886.docx,.docx,22,C:/Finance/HR/,2024-01-11T19:51:56,medium
policy_info_3887.csv,.csv,712,C:/Finance/PublicInfo/Announcements/,2024-03-27T09:33:38,medium
transaction_summary_3888.pdf,.pdf,954,C:/Finance/Reports/,2025-07-08T20:41:40,low
menu_audit_3889.xlsx,.xlsx,683,C:/Finance/Compliance/,2023-05-30T12:59:10,low
transaction_guideline_3890.xlsx,.xlsx,277,C:/Finance/Internal/Policies/,2023-01-15T17:25:54,medium
procedure_3891.docx,.docx,185,C:/Finance/Internal/Policies/,2025-01-12T02:56:36,medium
schedule_schedule_3892.txt,.txt,131,C:/Finance/PublicInfo/Announcements/,2025-05-08T04:15:54,low
announcement_guideline_3893.pdf,.pdf,652,C:/Finance/Compliance/,2025-05-04T17:47:18,low
procedure_3894.docx,.docx,88,C:/Finance/Internal/Policies/,2024-09-09T15:26:27,medium
tax_info_summary_3895.csv,.csv,348,C:/Finance/Reports/,2024-02-24T18:32:00,low
protocol_3896.pdf,.pdf,1398,C:/Finance/Internal/Policies/,2023-12-23T23:44:53,low
schedule_policy_3897.docx,.docx,125,C:/Finance/Internal/Policies/,2022-02-06T02:29:59,high
analysis_audit_3898.xlsx,.xlsx,332,C:/Finance/Accounts/,2023-06-13T11:22:52,medium
customer_3899.pdf,.pdf,1667,C:/Finance/Customers/,2024-11-07T21:10:36,medium
bank_statement_account_3900.csv,.csv,478,C:/Finance/Accounts/,2024-10-20T15:44:09,low
repayment_3901.docx,.docx,180,C:/Finance/Loans/,2023-06-28T00:57:01,low
agreement_3902.xls,.xls,215,C:/Finance/Loans/,2024-06-29T19:43:58,low
guidelines_notice_3903.pdf,.pdf,1388,C:/Finance/PublicInfo/Announcements/,2023-11-03T02:51:04,low
public_notice_schedule_3904.txt,.txt,31,C:/Finance/PublicInfo/Announcements/,2023-08-26T17:47:19,low
announcement_analysis_3905.xlsx,.xlsx,164,C:/Finance/Reports/,2023-02-03T20:44:03,low
schedule_balance_3906.csv,.csv,568,C:/Finance/Accounts/,2024-06-14T10:32:21,low
guideline_3907.docx,.docx,98,C:/Finance/Internal/Policies/,2025-07-17T06:46:55,low
payroll_3908.pdf,.pdf,1537,C:/Finance/HR/,2023-07-27T01:26:28,low
guideline_3909.docx,.docx,436,C:/Finance/Compliance/,2022-11-03T09:06:14,low
audit_3910.xlsx,.xlsx,284,C:/Finance/Compliance/,2025-02-17T05:20:48,low
announcement_review_3911.docx,.docx,226,C:/Finance/Compliance/,2024-12-05T15:51:30,low
public_notice_summary_3912.xlsx,.xlsx,842,C:/Finance/Transactions/,2024-11-22T03:11:29,low
guideline_3913.pdf,.pdf,949,C:/Finance/Compliance/,2023-09-06T09:27:26,low
repayment_3914.xlsx,.xlsx,1124,C:/Finance/Loans/,2022-03-01T10:03:28,medium
protocol_3915.docx,.docx,357,C:/Finance/Internal/Policies/,2024-10-09T18:17:40,low
summary_policy_3916.pdf,.pdf,148,C:/Finance/Compliance/,2025-02-25T01:14:35,medium
ledger_3917_draft.pdf,.pdf,1019,C:/Finance/Accounts/,2025-12-19T02:30:57,medium
notice_3918.csv,.csv,693,C:/Finance/PublicInfo/Announcements/,2025-10-09T15:44:06,medium
contract_3919.xls,.xls,1440,C:/Finance/Loans/,2024-03-13T20:46:48,medium
guideline_3920_v2.pdf,.pdf,1264,C:/Finance/Internal/Policies/,2025-04-04T06:50:24,low
policy_3921.xlsx,.xlsx,133,C:/Finance/Internal/Policies/,2022-12-03T22:16:46,high
statement_contract_3922.pdf,.pdf,989,C:/Finance/Customers/,2025-08-04T14:01:25,high
public_notice_announcement_3923.pdf,.pdf,212,C:/Finance/PublicInfo/Guidelines/,2024-08-29T12:45:01,low
memo_3924.pdf,.pdf,121,C:/Finance/Reports/,2023-06-06T22:51:38,low
memo_info_3925.txt,.txt,115,C:/Finance/PublicInfo/Guidelines/,2025-10-27T09:09:51,medium
guideline_3926.pdf,.pdf,697,C:/Finance/Compliance/,2025-12-13T04:45:02,low
guidelines_summary_3927.pdf,.pdf,411,C:/Finance/Transactions/,2025-11-07T13:37:51,medium
guidelines_guideline_3928.pdf,.pdf,237,C:/Finance/Internal/Policies/,2023-07-14T03:23:40,low
analysis_3929_final.pdf,.pdf,1430,C:/Finance/Reports/,2023-07-04T00:33:26,low
passwords_audit_3930.csv,.csv,522,C:/Finance/Accounts/,2025-03-06T16:39:50,low
summary_3931.xlsx,.xlsx,242,C:/Finance/Reports/,2025-10-14T00:37:47,high
policy_audit_3932.docx,.docx,180,C:/Finance/Compliance/,2024-05-01T08:54:27,medium
audit_3933.docx,.docx,297,C:/Finance/Compliance/,2025-06-23T12:51:42,medium
schedule_3934.txt,.txt,120,C:/Finance/PublicInfo/Announcements/,2024-06-15T13:58:34,medium
contract_3935.pdf,.pdf,2866,C:/Finance/Loans/,2023-06-20T19:51:09,high
audit_3936.xlsx,.xlsx,1241,C:/Finance/Accounts/,2023-03-27T04:14:39,high
account_3937.xlsx,.xlsx,1389,C:/Finance/Accounts/,2025-11-13T07:14:51,low
protocol_3938.pdf,.pdf,1444,C:/Finance/Internal/Policies/,2023-09-29T10:20:32,low
schedule_audit_3939.pdf,.pdf,882,C:/Finance/Compliance/,2025-01-24T13:30:11,high
menu_summary_3940.xlsx,.xlsx,759,C:/Finance/Transactions/,2024-07-14T05:27:26,low
memo_3941_final.csv,.csv,123,C:/Finance/Reports/,2023-02-12T16:38:03,low
report_3942_archived.xlsx,.xlsx,230,C:/Finance/HR/,2024-01-14T22:23:17,medium
guidelines_report_3943.pdf,.pdf,705,C:/Finance/HR/,2023-07-28T12:25:26,medium
tax_info_policy_3944.xlsx,.xlsx,50,C:/Finance/Compliance/,2024-07-09T14:45:02,low
invoice_announcement_3945.csv,.csv,128,C:/Finance/PublicInfo/Guidelines/,2023-06-29T18:17:49,medium
menu_info_3946.docx,.docx,118,C:/Finance/Customers/,2025-12-08T19:18:55,low
ledger_loan_3947.pdf,.pdf,2450,C:/Finance/Loans/,2025-04-18T13:45:49,medium
statement_audit_3948.pdf,.pdf,986,C:/Finance/Compliance/,2022-02-01T06:44:30,low
policy_3949.pdf,.pdf,907,C:/Finance/Internal/Policies/,2024-02-01T07:45:30,high
schedule_3950.txt,.txt,33,C:/Finance/PublicInfo/Guidelines/,2022-10-23T16:35:40,low
announcement_schedule_3951.csv,.csv,108,C:/Finance/PublicInfo/Announcements/,2025-08-06T12:09:08,low
review_3952.docx,.docx,293,C:/Finance/Compliance/,2025-09-28T04:03:28,medium
policy_ledger_3953.csv,.csv,385,C:/Finance/Accounts/,2025-02-06T23:31:56,medium
audit_balance_3954.csv,.csv,133,C:/Finance/Accounts/,2022-09-03T23:17:30,high
memo_summary_3955.pdf,.pdf,1674,C:/Finance/Reports/,2023-05-12T07:22:01,medium
summary_3956.xlsx,.xlsx,1091,C:/Finance/Transactions/,2025-09-27T21:35:06,low
guideline_3957.xlsx,.xlsx,824,C:/Finance/Internal/Policies/,2024-02-08T17:07:39,low
report_3958.csv,.csv,86,C:/Finance/Reports/,2022-08-09T11:43:37,low
audit_3959_archived.docx,.docx,768,C:/Finance/Compliance/,2025-05-23T21:06:47,low
public_notice_summary_3960.pdf,.pdf,529,C:/Finance/Transactions/,2024-05-08T17:31:46,low
notice_3961.csv,.csv,536,C:/Finance/PublicInfo/Announcements/,2024-06-03T03:54:38,low
invoice_info_3962_archived.csv,.csv,244,C:/Finance/PublicInfo/Guidelines/,2022-10-26T14:20:12,medium
protocol_3963.docx,.docx,142,C:/Finance/Internal/Policies/,2024-02-19T14:41:27,high
info_transaction_3964.pdf,.pdf,217,C:/Finance/Transactions/,2022-03-13T08:18:57,low
policy_audit_3965.docx,.docx,551,C:/Finance/Compliance/,2025-06-13T15:56:30,low
audit_3966.xlsx,.xlsx,48,C:/Finance/Accounts/,2022-03-02T17:43:28,low
loan_3967_confidential.docx,.docx,395,C:/Finance/Loans/,2022-08-23T22:57:30,low
info_statement_3968.csv,.csv,14,C:/Finance/Transactions/,2022-06-27T07:30:01,high
audit_3969.pdf,.pdf,900,C:/Finance/Accounts/,2022-01-22T09:39:16,medium
schedule_announcement_3970_draft.txt,.txt,21,C:/Finance/PublicInfo/Guidelines/,2022-12-25T18:43:58,low
memo_payroll_3971_draft.docx,.docx,794,C:/Finance/HR/,2022-08-03T00:46:23,medium
tax_info_loan_3972.xls,.xls,515,C:/Finance/Loans/,2023-11-11T00:04:26,medium
report_3973.csv,.csv,193,C:/Finance/Reports/,2022-12-04T22:16:23,medium
invoice_audit_3974.pdf,.pdf,871,C:/Finance/Compliance/,2025-02-07T07:34:52,low
pin_transfer_3975.csv,.csv,41,C:/Finance/Transactions/,2023-09-25T05:00:00,high
policy_3976.docx,.docx,353,C:/Finance/Compliance/,2025-11-10T06:10:57,low
schedule_3977.pdf,.pdf,521,C:/Finance/PublicInfo/Guidelines/,2024-12-03T21:03:08,medium
procedure_3978.pdf,.pdf,402,C:/Finance/Internal/Policies/,2025-07-05T00:36:53,medium
audit_3979.pdf,.pdf,2268,C:/Finance/Accounts/,2022-12-24T00:24:47,low
notice_3980.pdf,.pdf,1400,C:/Finance/PublicInfo/Guidelines/,2023-02-10T14:51:02,medium
ledger_guideline_3981_draft.docx,.docx,44,C:/Finance/Compliance/,2023-12-04T19:45:00,high
audit_3982.pdf,.pdf,386,C:/Finance/Compliance/,2024-01-29T12:29:29,low
report_3983_v2.docx,.docx,600,C:/Finance/HR/,2024-02-10T13:33:33,low
profile_3984.csv,.csv,555,C:/Finance/Customers/,2023-11-27T15:05:37,high
info_info_3985.csv,.csv,324,C:/Finance/Customers/,2024-11-25T17:46:48,high
analysis_info_3986.csv,.csv,134,C:/Finance/PublicInfo/Guidelines/,2025-10-04T10:19:34,medium
contract_3987.csv,.csv,168,C:/Finance/Customers/,2022-07-29T18:32:36,medium
balance_3988.csv,.csv,523,C:/Finance/Accounts/,2023-05-01T09:17:34,low
loan_3989.xlsx,.xlsx,465,C:/Finance/Loans/,2023-11-10T04:04:15,medium
payroll_3990.xlsx,.xlsx,1126,C:/Finance/HR/,2023-03-15T17:11:24,low
agreement_3991.docx,.docx,407,C:/Finance/Loans/,2023-02-02T10:04:37,low
announcement_customer_3992.csv,.csv,404,C:/Finance/Customers/,2025-04-15T09:31:28,low
policy_contract_3993.xlsx,.xlsx,1834,C:/Finance/Loans/,2024-03-27T11:28:36,high
public_notice_loan_3994.xls,.xls,493,C:/Finance/Loans/,2024-08-18T12:00:55,medium
transfer_3995.xlsx,.xlsx,112,C:/Finance/Transactions/,2025-09-26T13:11:56,low
schedule_review_3996.pdf,.pdf,1631,C:/Finance/Compliance/,2025-08-28T20:06:14,low
contract_3997.docx,.docx,209,C:/Finance/Customers/,2024-06-25T13:03:37,medium
menu_agreement_3998.xlsx,.xlsx,69,C:/Finance/Loans/,2025-09-07T19:13:35,low
report_audit_3999.docx,.docx,202,C:/Finance/Compliance/,2022-10-18T01:37:59,low
schedule_balance_4000.xlsx,.xlsx,303,C:/Finance/Accounts/,2025-11-22T14:51:18,low
guidelines_transfer_4001_draft.xlsx,.xlsx,797,C:/Finance/Transactions/,2022-01-25T10:14:22,low
report_profile_4002.docx,.docx,890,C:/Finance/Customers/,2024-02-17T20:41:01,high
info_4003.csv,.csv,46,C:/Finance/PublicInfo/Guidelines/,2024-11-03T22:27:13,high
announcement_statement_4004.xlsx,.xlsx,129,C:/Finance/Transactions/,2022-02-03T09:09:32,high
salary_guideline_4005.xlsx,.xlsx,1059,C:/Finance/Compliance/,2023-09-30T12:44:43,high
agreement_4006.xlsx,.xlsx,43,C:/Finance/Loans/,2024-12-17T16:20:39,medium
loan_4007.xlsx,.xlsx,362,C:/Finance/Loans/,2022-07-14T18:13:46,low
announcement_info_4008.pdf,.pdf,431,C:/Finance/Customers/,2023-09-06T02:52:44,low
loan_4009_confidential.xls,.xls,310,C:/Finance/Loans/,2023-10-19T13:36:04,medium
announcement_4010.txt,.txt,151,C:/Finance/PublicInfo/Guidelines/,2025-12-15T16:29:39,medium
account_number_contract_4011.pdf,.pdf,818,C:/Finance/Loans/,2025-03-17T23:06:48,low
report_transfer_4012_final.xlsx,.xlsx,1000,C:/Finance/Transactions/,2025-05-21T16:26:18,low
account_4013.csv,.csv,156,C:/Finance/Accounts/,2024-08-26T21:16:14,medium
notice_4014_v2.csv,.csv,400,C:/Finance/PublicInfo/Guidelines/,2025-12-30T03:05:04,low
agreement_4015.pdf,.pdf,337,C:/Finance/Loans/,2025-04-12T11:32:48,low
statement_summary_4016.pdf,.pdf,291,C:/Finance/Reports/,2023-09-17T04:52:31,medium
report_payroll_4017.docx,.docx,76,C:/Finance/HR/,2025-03-16T13:18:16,low
menu_guideline_4018.pdf,.pdf,2346,C:/Finance/Compliance/,2023-03-12T04:28:41,low
policy_report_4019_archived.xlsx,.xlsx,192,C:/Finance/Reports/,2022-10-20T11:46:26,low
profile_4020.docx,.docx,293,C:/Finance/Customers/,2023-01-03T08:29:25,low
public_notice_contract_4021.csv,.csv,341,C:/Finance/Customers/,2024-08-18T03:55:43,high
statement_4022.pdf,.pdf,592,C:/Finance/Transactions/,2025-06-11T10:34:13,low
policy_4023.pdf,.pdf,1696,C:/Finance/Compliance/,2025-07-25T14:24:17,low
transaction_4024.csv,.csv,523,C:/Finance/Transactions/,2024-12-09T13:59:33,medium
info_4025.pdf,.pdf,722,C:/Finance/PublicInfo/Announcements/,2022-06-21T02:06:01,low
procedure_4026.pdf,.pdf,1365,C:/Finance/Internal/Policies/,2025-07-13T10:21:06,low
info_analysis_4027.xlsx,.xlsx,537,C:/Finance/Reports/,2022-05-16T04:38:58,low
invoice_info_4028_final.csv,.csv,688,C:/Finance/PublicInfo/Announcements/,2025-03-22T02:33:38,medium
analysis_review_4029.docx,.docx,174,C:/Finance/Compliance/,2023-07-24T01:51:48,medium
schedule_info_4030.txt,.txt,78,C:/Finance/PublicInfo/Announcements/,2022-10-25T16:58:05,medium
schedule_contract_4031.pdf,.pdf,450,C:/Finance/Loans/,2024-03-29T13:07:45,medium
schedule_announcement_4032.csv,.csv,844,C:/Finance/PublicInfo/Announcements/,2023-05-08T19:52:45,low
transaction_customer_4033.pdf,.pdf,2660,C:/Finance/Customers/,2023-10-09T23:04:51,medium
notice_4034.pdf,.pdf,793,C:/Finance/PublicInfo/Announcements/,2025-01-14T02:16:44,low
payroll_4035.docx,.docx,82,C:/Finance/HR/,2023-05-09T04:28:48,medium
info_ledger_4036.csv,.csv,468,C:/Finance/Accounts/,2024-02-05T17:24:33,high
report_review_4037_final.xlsx,.xlsx,213,C:/Finance/Compliance/,2025-08-24T10:27:23,low
info_customer_4038.docx,.docx,227,C:/Finance/Customers/,2023-07-10T14:23:04,medium
tax_info_policy_4039.pdf,.pdf,1154,C:/Finance/Compliance/,2022-07-21T18:17:07,low
review_4040.xlsx,.xlsx,726,C:/Finance/Compliance/,2023-10-17T05:27:08,low
salary_4041.docx,.docx,450,C:/Finance/HR/,2022-07-09T16:23:27,low
policy_report_4042.xlsx,.xlsx,242,C:/Finance/HR/,2025-08-02T11:46:58,low
account_4043.csv,.csv,955,C:/Finance/Accounts/,2023-02-11T13:18:45,high
menu_audit_4044_draft.pdf,.pdf,1557,C:/Finance/Compliance/,2023-05-10T22:20:55,medium
repayment_4045.pdf,.pdf,796,C:/Finance/Loans/,2023-11-04T21:11:32,medium
public_notice_payroll_4046.pdf,.pdf,2548,C:/Finance/HR/,2024-01-10T03:17:54,low
info_4047.csv,.csv,275,C:/Finance/Customers/,2025-03-21T19:48:34,low
info_ledger_4048.pdf,.pdf,371,C:/Finance/Accounts/,2025-03-07T11:58:26,low
guideline_4049.pdf,.pdf,497,C:/Finance/Compliance/,2025-08-26T21:23:26,medium
info_report_4050.pdf,.pdf,2452,C:/Finance/HR/,2025-08-23T14:34:33,medium
menu_guideline_4051_archived.pdf,.pdf,1159,C:/Finance/Internal/Policies/,2023-01-11T00:46:43,medium
contract_4052.docx,.docx,401,C:/Finance/Customers/,2024-05-25T09:08:13,medium
summary_statement_4053.xlsx,.xlsx,592,C:/Finance/Transactions/,2024-08-21T08:59:50,low
bank_statement_summary_4054_draft.pdf,.pdf,259,C:/Finance/Reports/,2023-11-26T06:06:31,low
public_notice_agreement_4055.docx,.docx,412,C:/Finance/Loans/,2025-12-31T02:18:40,low
policy_customer_4056.pdf,.pdf,379,C:/Finance/Customers/,2023-08-16T05:15:45,low
menu_loan_4057.xls,.xls,194,C:/Finance/Loans/,2025-05-26T07:05:38,low
summary_summary_4058.csv,.csv,121,C:/Finance/Transactions/,2025-09-30T04:52:33,high
agreement_4059.pdf,.pdf,842,C:/Finance/Loans/,2024-12-08T01:57:23,medium
info_summary_4060.xlsx,.xlsx,2293,C:/Finance/Transactions/,2022-05-23T19:21:35,low
ledger_transfer_4061.csv,.csv,95,C:/Finance/Transactions/,2022-10-07T11:05:23,low
guidelines_customer_4062.docx,.docx,468,C:/Finance/Customers/,2022-06-23T21:10:37,medium
menu_summary_4063.xlsx,.xlsx,197,C:/Finance/Reports/,2024-10-27T01:44:33,low
report_4064.pdf,.pdf,304,C:/Finance/Reports/,2024-11-28T08:41:24,low
notice_4065.txt,.txt,34,C:/Finance/PublicInfo/Guidelines/,2023-06-25T23:10:20,low
schedule_announcement_4066.pdf,.pdf,774,C:/Finance/PublicInfo/Announcements/,2023-01-07T19:44:12,low
report_4067.pdf,.pdf,1248,C:/Finance/Reports/,2022-10-19T14:51:09,medium
analysis_4068.csv,.csv,392,C:/Finance/Reports/,2025-07-16T21:51:10,medium
salary_4069.xlsx,.xlsx,200,C:/Finance/HR/,2022-09-22T06:48:19,low
account_4070.csv,.csv,263,C:/Finance/Accounts/,2025-03-21T19:02:23,low
procedure_4071.docx,.docx,587,C:/Finance/Internal/Policies/,2025-09-25T21:19:53,high
announcement_4072.csv,.csv,252,C:/Finance/PublicInfo/Announcements/,2022-08-07T08:24:48,low
menu_guideline_4073.docx,.docx,238,C:/Finance/Compliance/,2024-04-24T05:31:20,low
salary_4074.docx,.docx,486,C:/Finance/HR/,2023-11-11T21:33:25,medium
statement_summary_4075_draft.xlsx,.xlsx,1032,C:/Finance/Transactions/,2023-04-25T08:56:03,medium
announcement_ledger_4076.csv,.csv,494,C:/Finance/Accounts/,2022-07-22T05:02:19,medium
transaction_4077.pdf,.pdf,64,C:/Finance/Transactions/,2022-10-06T09:01:26,low
memo_procedure_4078.pdf,.pdf,824,C:/Finance/Internal/Policies/,2024-05-09T13:46:12,low
schedule_repayment_4079.xlsx,.xlsx,1606,C:/Finance/Loans/,2025-10-05T15:17:58,medium
confidential_summary_4080.csv,.csv,171,C:/Finance/Transactions/,2023-09-16T20:19:54,medium
summary_transaction_4081.pdf,.pdf,241,C:/Finance/Transactions/,2023-06-08T10:45:24,low
statement_transaction_4082.csv,.csv,299,C:/Finance/Transactions/,2023-12-26T16:50:27,high
statement_ledger_4083.pdf,.pdf,900,C:/Finance/Accounts/,2023-03-22T12:31:09,low
ssn_report_4084.xlsx,.xlsx,465,C:/Finance/Reports/,2023-11-02T11:10:47,medium
info_4085.pdf,.pdf,337,C:/Finance/PublicInfo/Guidelines/,2022-07-28T18:51:26,medium
policy_4086.pdf,.pdf,1133,C:/Finance/Internal/Policies/,2025-06-19T04:42:28,medium
announcement_4087.csv,.csv,190,C:/Finance/PublicInfo/Announcements/,2022-02-05T06:05:41,low
statement_4088_confidential.csv,.csv,334,C:/Finance/Transactions/,2025-08-13T04:05:47,high
audit_4089.docx,.docx,14,C:/Finance/Compliance/,2025-03-01T22:42:10,low
schedule_4090.csv,.csv,203,C:/Finance/PublicInfo/Guidelines/,2022-03-28T06:22:38,low
summary_4091.csv,.csv,239,C:/Finance/Reports/,2023-03-12T21:49:50,low
summary_audit_4092.csv,.csv,406,C:/Finance/Accounts/,2025-12-07T13:23:11,low
ledger_4093.xlsx,.xlsx,411,C:/Finance/Accounts/,2023-08-26T02:43:15,high
pin_info_4094.pdf,.pdf,278,C:/Finance/PublicInfo/Announcements/,2022-03-04T10:46:31,low
public_notice_roster_4095.docx,.docx,315,C:/Finance/HR/,2025-02-10T19:21:46,low
policy_schedule_4096_confidential.csv,.csv,264,C:/Finance/PublicInfo/Guidelines/,2023-05-07T06:52:21,medium
statement_announcement_4097.txt,.txt,21,C:/Finance/PublicInfo/Announcements/,2024-02-27T19:39:09,low
contract_4098.pdf,.pdf,1,C:/Finance/Customers/,2022-07-02T12:46:48,low
summary_4099.xlsx,.xlsx,2344,C:/Finance/Reports/,2025-12-15T04:57:44,medium
analysis_info_4100.csv,.csv,544,C:/Finance/Customers/,2025-09-26T01:43:38,low
transaction_4101.pdf,.pdf,1496,C:/Finance/Transactions/,2022-08-31T19:39:04,low
public_notice_transaction_4102.csv,.csv,140,C:/Finance/Transactions/,2023-03-31T10:05:29,medium
policy_salary_4103.pdf,.pdf,203,C:/Finance/HR/,2025-10-21T22:01:28,low
profile_4104.csv,.csv,246,C:/Finance/Customers/,2024-11-23T10:11:41,low
salary_4105.xlsx,.xlsx,139,C:/Finance/HR/,2022-05-24T09:49:21,low
menu_roster_4106_final.xlsx,.xlsx,25,C:/Finance/HR/,2024-04-25T17:14:47,medium
invoice_roster_4107.xlsx,.xlsx,293,C:/Finance/HR/,2024-01-11T08:35:39,medium
summary_4108.xlsx,.xlsx,862,C:/Finance/Transactions/,2023-12-05T08:16:44,medium
invoice_info_4109_final.pdf,.pdf,699,C:/Finance/PublicInfo/Guidelines/,2024-06-07T00:38:59,medium
schedule_4110.pdf,.pdf,541,C:/Finance/PublicInfo/Announcements/,2022-07-07T04:14:38,low
public_notice_protocol_4111.docx,.docx,471,C:/Finance/Internal/Policies/,2025-09-05T05:16:51,low
procedure_4112.pdf,.pdf,741,C:/Finance/Internal/Policies/,2024-06-12T11:35:24,medium
schedule_contract_4113.pdf,.pdf,251,C:/Finance/Customers/,2023-10-08T17:17:25,low
policy_schedule_4114.pdf,.pdf,850,C:/Finance/PublicInfo/Announcements/,2025-06-04T11:02:25,low
notice_4115.csv,.csv,169,C:/Finance/PublicInfo/Announcements/,2023-03-15T05:24:22,low
tax_info_roster_4116.pdf,.pdf,1424,C:/Finance/HR/,2023-02-06T07:29:08,medium
policy_roster_4117.xlsx,.xlsx,455,C:/Finance/HR/,2025-03-15T11:45:35,low
audit_4118.pdf,.pdf,1653,C:/Finance/Compliance/,2024-05-28T03:38:18,high
memo_4119.csv,.csv,1,C:/Finance/Reports/,2025-01-02T22:28:38,low
contract_4120_confidential.docx,.docx,305,C:/Finance/Loans/,2022-09-02T19:25:08,low
salary_review_4121.xlsx,.xlsx,993,C:/Finance/Compliance/,2024-11-24T10:20:26,low
transaction_salary_4122.docx,.docx,93,C:/Finance/HR/,2022-06-09T09:35:45,low
info_review_4123.pdf,.pdf,3533,C:/Finance/Compliance/,2024-05-26T12:48:46,medium
schedule_contract_4124.docx,.docx,161,C:/Finance/Customers/,2024-08-01T12:56:34,low
summary_repayment_4125.docx,.docx,296,C:/Finance/Loans/,2022-03-25T01:32:10,high
customer_notice_4126.txt,.txt,157,C:/Finance/PublicInfo/Announcements/,2025-04-12T09:02:07,medium
analysis_notice_4127.pdf,.pdf,841,C:/Finance/PublicInfo/Announcements/,2023-08-13T06:37:31,medium
procedure_4128_v2.pdf,.pdf,526,C:/Finance/Internal/Policies/,2022-03-03T05:55:26,low
summary_4129.csv,.csv,884,C:/Finance/Transactions/,2022-05-29T22:58:18,medium
profile_4130.docx,.docx,158,C:/Finance/Customers/,2023-08-21T17:19:54,low
audit_4131.docx,.docx,384,C:/Finance/Compliance/,2024-05-16T05:44:41,low
info_statement_4132.pdf,.pdf,55,C:/Finance/Transactions/,2023-01-10T21:06:35,medium
roster_4133_v2.pdf,.pdf,2637,C:/Finance/HR/,2023-11-28T19:15:56,high
announcement_4134.csv,.csv,249,C:/Finance/PublicInfo/Announcements/,2023-07-10T17:53:12,low
guidelines_balance_4135.pdf,.pdf,45,C:/Finance/Accounts/,2023-04-20T03:53:45,high
public_notice_schedule_4136.pdf,.pdf,166,C:/Finance/PublicInfo/Guidelines/,2024-03-28T21:18:48,low
procedure_4137.xlsx,.xlsx,895,C:/Finance/Internal/Policies/,2024-02-26T16:54:34,low
menu_schedule_4138.txt,.txt,112,C:/Finance/PublicInfo/Announcements/,2023-08-13T09:02:58,low
contract_4139.xls,.xls,443,C:/Finance/Loans/,2024-01-26T02:15:44,low
guidelines_transaction_4140.csv,.csv,645,C:/Finance/Transactions/,2024-05-30T11:02:47,high
info_4141.pdf,.pdf,1662,C:/Finance/Customers/,2022-10-07T16:05:41,low
announcement_audit_4142.pdf,.pdf,2006,C:/Finance/Compliance/,2023-07-29T19:46:34,medium
transaction_4143.pdf,.pdf,52,C:/Finance/Transactions/,2023-11-20T01:16:03,low
statement_summary_4144_final.pdf,.pdf,1824,C:/Finance/Transactions/,2023-03-04T13:23:31,low
guideline_4145.docx,.docx,406,C:/Finance/Internal/Policies/,2022-01-11T13:57:37,low
contract_4146.xlsx,.xlsx,1276,C:/Finance/Loans/,2024-09-11T07:00:04,high
ledger_4147_draft.xlsx,.xlsx,370,C:/Finance/Accounts/,2025-05-26T01:06:50,low
invoice_info_4148_final.txt,.txt,90,C:/Finance/PublicInfo/Guidelines/,2024-07-11T01:34:38,medium
audit_4149.xlsx,.xlsx,1892,C:/Finance/Compliance/,2025-07-20T09:53:12,medium
report_payroll_4150.xlsx,.xlsx,2013,C:/Finance/HR/,2022-04-19T19:45:42,high
info_contract_4151_v2.docx,.docx,591,C:/Finance/Customers/,2025-09-01T16:52:23,low
report_4152.xlsx,.xlsx,1540,C:/Finance/HR/,2023-02-03T17:17:43,low
guidelines_info_4153.csv,.csv,559,C:/Finance/PublicInfo/Guidelines/,2023-02-10T08:30:39,medium
audit_4154.csv,.csv,451,C:/Finance/Accounts/,2023-02-05T13:26:24,low
ledger_customer_4155.csv,.csv,74,C:/Finance/Customers/,2023-07-28T08:49:18,medium
audit_info_4156.pdf,.pdf,40,C:/Finance/PublicInfo/Guidelines/,2023-08-16T12:14:04,low
report_4157.csv,.csv,612,C:/Finance/Reports/,2023-02-09T19:00:39,medium
schedule_loan_4158.xls,.xls,2493,C:/Finance/Loans/,2022-07-12T09:47:52,medium
public_notice_transfer_4159.xlsx,.xlsx,785,C:/Finance/Transactions/,2022-08-11T02:39:50,low
payroll_4160.docx,.docx,375,C:/Finance/HR/,2023-08-17T15:38:57,low
announcement_4161.pdf,.pdf,419,C:/Finance/PublicInfo/Guidelines/,2024-06-14T23:58:22,low
schedule_4162.pdf,.pdf,1420,C:/Finance/PublicInfo/Announcements/,2022-07-08T17:48:28,low
announcement_schedule_4163.csv,.csv,70,C:/Finance/PublicInfo/Announcements/,2022-06-22T05:58:41,low
audit_schedule_4164.csv,.csv,386,C:/Finance/PublicInfo/Guidelines/,2022-06-09T10:55:32,medium
schedule_4165.txt,.txt,116,C:/Finance/PublicInfo/Guidelines/,2022-07-23T20:29:44,low
invoice_profile_4166.docx,.docx,901,C:/Finance/Customers/,2025-05-20T20:16:32,medium
invoice_repayment_4167.pdf,.pdf,1998,C:/Finance/Loans/,2023-03-12T13:37:40,high
ledger_4168.pdf,.pdf,122,C:/Finance/Accounts/,2023-02-20T17:02:30,low
report_4169.pdf,.pdf,1613,C:/Finance/HR/,2022-05-21T17:58:02,low
analysis_agreement_4170_v2.xls,.xls,1004,C:/Finance/Loans/,2022-08-20T00:45:12,low
report_4171.xlsx,.xlsx,720,C:/Finance/Reports/,2024-10-12T14:20:15,low
guidelines_audit_4172.xlsx,.xlsx,156,C:/Finance/Compliance/,2023-09-01T01:22:59,low
schedule_4173.csv,.csv,146,C:/Finance/PublicInfo/Announcements/,2023-06-24T09:17:52,medium
notice_4174.csv,.csv,421,C:/Finance/PublicInfo/Guidelines/,2025-08-31T15:27:16,low
invoice_policy_4175.docx,.docx,1,C:/Finance/Compliance/,2025-11-20T09:29:52,low
ledger_audit_4176.csv,.csv,372,C:/Finance/Accounts/,2022-05-31T12:43:32,low
info_4177.csv,.csv,546,C:/Finance/PublicInfo/Guidelines/,2023-11-10T21:11:51,low
policy_guideline_4178.pdf,.pdf,719,C:/Finance/Compliance/,2022-01-10T00:49:45,low
memo_report_4179_confidential.pdf,.pdf,348,C:/Finance/HR/,2023-08-20T05:35:15,low
salary_4180.pdf,.pdf,1307,C:/Finance/HR/,2025-10-04T14:09:57,low
protocol_4181.xlsx,.xlsx,1372,C:/Finance/Internal/Policies/,2022-07-16T11:49:25,low
notice_4182.txt,.txt,85,C:/Finance/PublicInfo/Announcements/,2024-12-01T02:05:55,low
ledger_4183.xlsx,.xlsx,1108,C:/Finance/Accounts/,2023-05-25T04:14:08,high
menu_announcement_4184.pdf,.pdf,595,C:/Finance/PublicInfo/Announcements/,2024-02-18T20:33:37,medium
policy_summary_4185.csv,.csv,470,C:/Finance/Reports/,2023-05-12T11:39:31,low
memo_analysis_4186.csv,.csv,181,C:/Finance/Reports/,2025-03-27T19:32:04,low
guidelines_report_4187.pdf,.pdf,575,C:/Finance/Reports/,2025-06-30T11:52:28,high
bank_statement_payroll_4188.docx,.docx,551,C:/Finance/HR/,2022-04-16T05:44:05,high
analysis_4189.xlsx,.xlsx,2004,C:/Finance/Reports/,2022-08-14T20:52:35,low
audit_4190.docx,.docx,435,C:/Finance/Compliance/,2024-05-31T08:22:49,low
statement_loan_4191.xls,.xls,235,C:/Finance/Loans/,2022-05-06T18:10:13,medium
loan_4192.docx,.docx,542,C:/Finance/Loans/,2022-08-01T16:08:00,high
analysis_4193.xlsx,.xlsx,210,C:/Finance/Reports/,2023-04-08T02:52:19,medium
transfer_4194_draft.pdf,.pdf,1097,C:/Finance/Transactions/,2025-05-15T15:16:01,low
info_payroll_4195.pdf,.pdf,359,C:/Finance/HR/,2023-08-16T14:23:22,low
transaction_4196.pdf,.pdf,470,C:/Finance/Transactions/,2025-04-28T07:52:02,low
transaction_4197.csv,.csv,67,C:/Finance/Transactions/,2023-01-09T21:03:19,high
info_transfer_4198_confidential.xlsx,.xlsx,1527,C:/Finance/Transactions/,2025-01-13T16:55:41,low
report_repayment_4199.docx,.docx,783,C:/Finance/Loans/,2023-04-17T00:34:49,low
guidelines_schedule_4200_v2.pdf,.pdf,289,C:/Finance/PublicInfo/Announcements/,2023-10-25T17:33:59,low
account_number_summary_4201.xlsx,.xlsx,532,C:/Finance/Transactions/,2022-11-09T15:02:47,medium
audit_transaction_4202_confidential.pdf,.pdf,379,C:/Finance/Transactions/,2023-12-27T00:18:17,medium
memo_4203.pdf,.pdf,864,C:/Finance/Reports/,2025-05-21T15:47:11,high
menu_guideline_4204.xlsx,.xlsx,470,C:/Finance/Compliance/,2022-01-18T12:17:57,low
audit_4205.csv,.csv,214,C:/Finance/Accounts/,2025-11-09T18:53:18,medium
bank_statement_agreement_4206.docx,.docx,362,C:/Finance/Loans/,2023-10-19T00:06:11,high
notice_4207.csv,.csv,770,C:/Finance/PublicInfo/Guidelines/,2023-12-10T21:36:44,medium
report_procedure_4208.pdf,.pdf,181,C:/Finance/Internal/Policies/,2023-06-22T02:20:34,low
public_notice_payroll_4209.docx,.docx,129,C:/Finance/HR/,2023-02-01T02:15:36,medium
public_notice_review_4210.xlsx,.xlsx,504,C:/Finance/Compliance/,2024-11-06T18:09:14,medium
public_notice_schedule_4211.txt,.txt,135,C:/Finance/PublicInfo/Guidelines/,2024-01-11T06:30:36,low
audit_payroll_4212.docx,.docx,797,C:/Finance/HR/,2023-06-04T12:22:56,medium
ledger_transaction_4213.xlsx,.xlsx,1544,C:/Finance/Transactions/,2024-09-15T22:18:20,medium
profile_4214.pdf,.pdf,2354,C:/Finance/Customers/,2025-07-30T00:44:24,medium
guidelines_info_4215.txt,.txt,55,C:/Finance/PublicInfo/Announcements/,2024-02-11T17:19:17,low
report_info_4216.pdf,.pdf,2335,C:/Finance/PublicInfo/Guidelines/,2025-07-05T10:59:26,low
policy_audit_4217.pdf,.pdf,1806,C:/Finance/Accounts/,2023-08-23T22:23:41,high
contract_4218.pdf,.pdf,957,C:/Finance/Loans/,2023-05-07T00:53:49,medium
policy_summary_4219.xlsx,.xlsx,897,C:/Finance/Reports/,2022-03-27T04:17:23,medium
schedule_4220.pdf,.pdf,50,C:/Finance/PublicInfo/Announcements/,2023-05-04T10:56:23,medium
public_notice_salary_4221.docx,.docx,424,C:/Finance/HR/,2025-06-02T04:05:04,low
summary_4222.pdf,.pdf,757,C:/Finance/Transactions/,2024-02-18T06:22:30,medium
public_notice_policy_4223_draft.pdf,.pdf,131,C:/Finance/Compliance/,2025-11-20T17:14:45,low
payroll_4224.docx,.docx,236,C:/Finance/HR/,2024-01-18T06:28:19,low
salary_transaction_4225_final.xlsx,.xlsx,335,C:/Finance/Transactions/,2024-09-16T01:46:50,medium
policy_ledger_4226.csv,.csv,82,C:/Finance/Accounts/,2023-07-07T10:23:54,high
policy_policy_4227_final.xlsx,.xlsx,178,C:/Finance/Internal/Policies/,2024-10-13T18:26:58,low
notice_4228.csv,.csv,622,C:/Finance/PublicInfo/Announcements/,2025-01-14T06:57:24,high
contract_4229.docx,.docx,225,C:/Finance/Loans/,2022-11-05T00:58:33,low
repayment_4230.pdf,.pdf,1080,C:/Finance/Loans/,2025-03-10T06:46:57,low
schedule_schedule_4231.pdf,.pdf,584,C:/Finance/PublicInfo/Announcements/,2025-11-19T01:45:20,medium
report_payroll_4232.docx,.docx,435,C:/Finance/HR/,2023-02-04T14:25:17,low
statement_4233.csv,.csv,294,C:/Finance/Transactions/,2024-12-01T09:01:57,medium
guidelines_summary_4234.pdf,.pdf,1754,C:/Finance/Reports/,2022-01-24T02:32:10,low
repayment_4235.docx,.docx,911,C:/Finance/Loans/,2025-01-25T07:27:23,low
schedule_4236.pdf,.pdf,127,C:/Finance/PublicInfo/Announcements/,2025-01-29T03:10:10,low
profile_4237.docx,.docx,231,C:/Finance/Customers/,2022-09-13T20:03:31,low
summary_4238.csv,.csv,180,C:/Finance/Transactions/,2023-01-18T07:11:12,medium
schedule_repayment_4239.xls,.xls,2529,C:/Finance/Loans/,2024-07-10T09:59:02,medium
public_notice_report_4240.docx,.docx,632,C:/Finance/HR/,2025-10-27T01:33:58,low
analysis_info_4241.csv,.csv,521,C:/Finance/PublicInfo/Announcements/,2022-11-24T21:58:42,low
report_4242.docx,.docx,177,C:/Finance/HR/,2022-02-20T00:11:19,low
protocol_4243.pdf,.pdf,459,C:/Finance/Internal/Policies/,2022-04-13T13:42:07,low
invoice_guideline_4244.docx,.docx,538,C:/Finance/Compliance/,2025-11-29T19:56:08,low
loan_4245.pdf,.pdf,987,C:/Finance/Loans/,2023-07-16T19:41:13,medium
memo_schedule_4246.csv,.csv,174,C:/Finance/PublicInfo/Guidelines/,2025-11-28T19:27:55,medium
report_4247.docx,.docx,119,C:/Finance/HR/,2022-12-03T06:02:25,low
info_4248.csv,.csv,374,C:/Finance/Customers/,2025-08-24T02:54:14,medium
analysis_4249.xlsx,.xlsx,977,C:/Finance/Reports/,2022-04-24T21:43:35,low
transaction_profile_4250_confidential.csv,.csv,525,C:/Finance/Customers/,2024-02-24T19:58:27,medium
public_notice_procedure_4251.docx,.docx,649,C:/Finance/Internal/Policies/,2024-09-29T11:04:12,high
audit_4252.csv,.csv,355,C:/Finance/Accounts/,2025-01-13T20:11:08,high
guidelines_transaction_4253.csv,.csv,529,C:/Finance/Transactions/,2024-01-18T14:48:08,low
notice_4254.txt,.txt,123,C:/Finance/PublicInfo/Guidelines/,2024-02-08T09:12:58,low
analysis_4255.pdf,.pdf,875,C:/Finance/Reports/,2024-05-28T19:17:08,low
policy_info_4256_confidential.csv,.csv,62,C:/Finance/Customers/,2025-01-20T17:00:54,medium
invoice_procedure_4257_draft.docx,.docx,175,C:/Finance/Internal/Policies/,2025-12-13T09:40:33,low
report_4258.pdf,.pdf,510,C:/Finance/HR/,2022-11-15T02:42:12,medium
info_profile_4259_v2.csv,.csv,170,C:/Finance/Customers/,2022-04-09T18:09:19,low
guideline_4260.xlsx,.xlsx,1585,C:/Finance/Internal/Policies/,2025-05-30T12:11:47,low
analysis_account_4261.pdf,.pdf,1132,C:/Finance/Accounts/,2025-11-22T18:51:04,medium
customer_notice_4262.pdf,.pdf,1822,C:/Finance/PublicInfo/Announcements/,2023-10-18T05:55:31,low
statement_4263.csv,.csv,324,C:/Finance/Transactions/,2024-07-18T02:07:28,low
transfer_4264.csv,.csv,63,C:/Finance/Transactions/,2025-05-17T13:49:20,low
ledger_audit_4265.xlsx,.xlsx,935,C:/Finance/Compliance/,2025-05-17T04:57:14,low
report_summary_4266.xlsx,.xlsx,264,C:/Finance/Transactions/,2023-01-26T01:31:53,low
procedure_4267.docx,.docx,183,C:/Finance/Internal/Policies/,2024-11-20T01:30:46,low
guideline_4268.xlsx,.xlsx,943,C:/Finance/Internal/Policies/,2024-06-11T18:20:44,medium
schedule_loan_4269.xls,.xls,214,C:/Finance/Loans/,2023-05-30T19:58:53,low
credit_report_ledger_4270.csv,.csv,737,C:/Finance/Accounts/,2025-12-27T15:57:02,high
public_notice_transfer_4271.csv,.csv,237,C:/Finance/Transactions/,2023-08-03T21:04:46,low
review_4272.docx,.docx,106,C:/Finance/Compliance/,2022-05-24T07:07:41,low
transaction_report_4273.pdf,.pdf,311,C:/Finance/Reports/,2023-08-11T23:08:01,medium
schedule_report_4274.pdf,.pdf,1770,C:/Finance/HR/,2024-01-16T04:17:47,medium
confidential_report_4275.docx,.docx,369,C:/Finance/HR/,2023-01-14T12:24:27,low
info_audit_4276.csv,.csv,245,C:/Finance/Accounts/,2023-10-12T14:14:11,medium
info_4277.csv,.csv,144,C:/Finance/Customers/,2025-05-13T00:43:38,low
account_4278.xlsx,.xlsx,1522,C:/Finance/Accounts/,2022-04-20T05:02:34,low
analysis_policy_4279.pdf,.pdf,1463,C:/Finance/Compliance/,2022-07-09T03:26:38,high
ledger_policy_4280.docx,.docx,291,C:/Finance/Compliance/,2024-09-20T20:55:44,high
announcement_4281.txt,.txt,6,C:/Finance/PublicInfo/Announcements/,2024-11-11T14:58:27,low
analysis_ledger_4282.csv,.csv,129,C:/Finance/Accounts/,2024-11-06T01:56:36,low
public_notice_schedule_4283.txt,.txt,33,C:/Finance/PublicInfo/Announcements/,2023-02-02T15:04:26,low
summary_4284.xlsx,.xlsx,2105,C:/Finance/Transactions/,2025-12-01T02:20:01,medium
announcement_4285.pdf,.pdf,61,C:/Finance/PublicInfo/Guidelines/,2025-10-29T03:22:55,low
summary_4286_v2.pdf,.pdf,784,C:/Finance/Reports/,2023-12-04T15:59:55,low
memo_contract_4287.xls,.xls,517,C:/Finance/Loans/,2025-11-08T21:05:24,low
info_schedule_4288.pdf,.pdf,854,C:/Finance/PublicInfo/Guidelines/,2024-09-22T07:29:42,medium
policy_transaction_4289.xlsx,.xlsx,858,C:/Finance/Transactions/,2022-06-14T09:43:59,medium
guidelines_memo_4290.csv,.csv,580,C:/Finance/Reports/,2022-04-08T10:55:05,medium
analysis_4291.pdf,.pdf,1305,C:/Finance/Reports/,2023-11-15T16:02:25,medium
policy_protocol_4292.docx,.docx,430,C:/Finance/Internal/Policies/,2022-06-02T14:41:44,medium
policy_4293.xlsx,.xlsx,1954,C:/Finance/Internal/Policies/,2024-08-30T09:59:15,low
contract_4294.docx,.docx,772,C:/Finance/Customers/,2025-08-03T22:30:31,low
salary_policy_4295.xlsx,.xlsx,2370,C:/Finance/Compliance/,2023-10-25T18:19:36,medium
public_notice_guideline_4296.pdf,.pdf,686,C:/Finance/Compliance/,2022-03-19T21:50:18,low
menu_info_4297.csv,.csv,286,C:/Finance/PublicInfo/Guidelines/,2024-01-23T16:29:32,low
public_notice_policy_4298.xlsx,.xlsx,1016,C:/Finance/Internal/Policies/,2025-03-05T12:20:51,medium
memo_schedule_4299.csv,.csv,127,C:/Finance/PublicInfo/Guidelines/,2023-10-14T10:18:41,medium
roster_4300.pdf,.pdf,7,C:/Finance/HR/,2022-02-28T20:58:02,medium
contract_4301.pdf,.pdf,440,C:/Finance/Customers/,2022-08-14T03:07:23,medium
info_schedule_4302_draft.csv,.csv,428,C:/Finance/PublicInfo/Announcements/,2022-12-31T17:32:03,low
policy_protocol_4303.pdf,.pdf,988,C:/Finance/Internal/Policies/,2024-09-11T05:54:02,low
info_account_4304.xlsx,.xlsx,258,C:/Finance/Accounts/,2022-06-09T11:23:07,low
statement_4305.xlsx,.xlsx,765,C:/Finance/Transactions/,2022-11-15T02:50:34,low
guidelines_schedule_4306.pdf,.pdf,801,C:/Finance/PublicInfo/Announcements/,2025-01-19T09:25:59,low
invoice_transaction_4307.csv,.csv,21,C:/Finance/Transactions/,2023-11-03T18:56:21,medium
report_memo_4308.csv,.csv,151,C:/Finance/Reports/,2024-12-09T02:17:09,high
report_4309.csv,.csv,41,C:/Finance/Reports/,2023-03-31T13:08:30,medium
balance_4310.csv,.csv,294,C:/Finance/Accounts/,2025-03-08T18:01:21,high
contract_4311_archived.xls,.xls,1288,C:/Finance/Loans/,2025-09-11T20:11:54,low
schedule_4312_final.csv,.csv,148,C:/Finance/PublicInfo/Guidelines/,2022-07-31T02:04:58,medium
summary_review_4313.pdf,.pdf,1534,C:/Finance/Compliance/,2022-07-30T18:28:26,high
notice_4314.csv,.csv,364,C:/Finance/PublicInfo/Announcements/,2025-12-26T21:46:11,low
public_notice_schedule_4315.txt,.txt,124,C:/Finance/PublicInfo/Announcements/,2024-01-05T01:32:32,medium
account_4316.csv,.csv,331,C:/Finance/Accounts/,2022-04-27T21:44:52,high
agreement_4317.xls,.xls,210,C:/Finance/Loans/,2023-12-05T13:22:09,low
memo_4318.csv,.csv,612,C:/Finance/Reports/,2022-09-04T06:30:57,medium
invoice_analysis_4319_v2.csv,.csv,82,C:/Finance/Reports/,2025-05-27T17:29:31,low
contract_4320.xls,.xls,315,C:/Finance/Loans/,2025-10-02T17:46:13,medium
guideline_4321.pdf,.pdf,1377,C:/Finance/Compliance/,2024-10-19T04:53:08,medium
notice_4322_v2.pdf,.pdf,1235,C:/Finance/PublicInfo/Guidelines/,2022-01-23T20:24:57,low
policy_report_4323.pdf,.pdf,728,C:/Finance/HR/,2022-01-20T08:47:53,high
schedule_memo_4324.xlsx,.xlsx,1030,C:/Finance/Reports/,2022-04-24T21:30:00,high
report_contract_4325.pdf,.pdf,230,C:/Finance/Loans/,2023-03-15T14:32:43,high
policy_4326.xlsx,.xlsx,184,C:/Finance/Internal/Policies/,2022-02-15T14:04:38,high
info_4327.txt,.txt,40,C:/Finance/PublicInfo/Guidelines/,2025-05-31T04:51:58,low
statement_notice_4328.pdf,.pdf,2158,C:/Finance/PublicInfo/Announcements/,2022-11-26T23:21:48,low
summary_announcement_4329.csv,.csv,377,C:/Finance/PublicInfo/Guidelines/,2024-12-20T23:18:07,low
summary_4330.csv,.csv,440,C:/Finance/Transactions/,2025-01-17T05:17:53,low
payroll_4331_confidential.docx,.docx,13,C:/Finance/HR/,2024-07-18T13:27:55,low
profile_4332_v2.csv,.csv,59,C:/Finance/Customers/,2023-04-26T06:40:23,low
credit_report_guideline_4333_final.pdf,.pdf,955,C:/Finance/Compliance/,2022-10-04T02:23:42,high
policy_transaction_4334.pdf,.pdf,1188,C:/Finance/Transactions/,2022-02-07T18:11:43,low
info_report_4335.docx,.docx,299,C:/Finance/HR/,2023-06-19T13:53:25,low
customer_summary_4336.csv,.csv,472,C:/Finance/Transactions/,2024-09-16T21:46:18,low
announcement_loan_4337.pdf,.pdf,2255,C:/Finance/Loans/,2025-10-10T10:25:26,high
transaction_announcement_4338_draft.csv,.csv,402,C:/Finance/PublicInfo/Guidelines/,2023-09-19T00:19:04,medium
public_notice_balance_4339_draft.pdf,.pdf,179,C:/Finance/Accounts/,2023-11-06T01:08:58,low
statement_4340.xlsx,.xlsx,395,C:/Finance/Transactions/,2023-09-17T20:57:44,low
announcement_loan_4341.docx,.docx,746,C:/Finance/Loans/,2022-02-25T03:22:08,medium
summary_4342_v2.xlsx,.xlsx,1293,C:/Finance/Reports/,2022-11-12T08:55:42,low
balance_4343.pdf,.pdf,403,C:/Finance/Accounts/,2022-11-10T01:49:08,high
memo_4344.xlsx,.xlsx,2145,C:/Finance/Reports/,2022-12-16T23:20:14,medium
policy_notice_4345.csv,.csv,88,C:/Finance/PublicInfo/Guidelines/,2022-02-12T23:24:26,medium
schedule_schedule_4346.pdf,.pdf,170,C:/Finance/PublicInfo/Guidelines/,2022-07-08T09:32:09,low
confidential_salary_4347.pdf,.pdf,381,C:/Finance/HR/,2024-03-04T14:39:37,low
salary_4348_confidential.pdf,.pdf,64,C:/Finance/HR/,2022-08-07T04:09:18,high
memo_transaction_4349.csv,.csv,225,C:/Finance/Transactions/,2024-07-11T11:46:11,low
customer_4350.csv,.csv,617,C:/Finance/Customers/,2025-12-07T22:03:45,medium
contract_4351.docx,.docx,330,C:/Finance/Loans/,2023-09-01T02:24:17,low
repayment_4352.xls,.xls,276,C:/Finance/Loans/,2024-04-15T15:31:52,medium
notice_4353_final.csv,.csv,600,C:/Finance/PublicInfo/Guidelines/,2024-01-26T05:47:54,medium
contract_4354.csv,.csv,266,C:/Finance/Customers/,2023-04-04T19:36:13,medium
contract_4355_confidential.pdf,.pdf,1267,C:/Finance/Customers/,2022-04-11T01:59:39,low
announcement_payroll_4356_confidential.docx,.docx,255,C:/Finance/HR/,2024-01-01T20:25:40,low
policy_transfer_4357.pdf,.pdf,1149,C:/Finance/Transactions/,2022-03-01T01:31:46,low
guidelines_protocol_4358.docx,.docx,239,C:/Finance/Internal/Policies/,2023-11-18T13:12:07,medium
report_audit_4359.xlsx,.xlsx,1019,C:/Finance/Accounts/,2022-09-21T18:35:31,low
report_4360.pdf,.pdf,216,C:/Finance/Reports/,2022-10-18T01:02:00,low
info_4361.pdf,.pdf,680,C:/Finance/PublicInfo/Guidelines/,2023-08-27T07:24:00,low
announcement_statement_4362.pdf,.pdf,1279,C:/Finance/Transactions/,2022-11-14T03:51:42,medium
summary_4363.pdf,.pdf,2465,C:/Finance/Transactions/,2025-03-31T15:53:43,low
info_4364.pdf,.pdf,1216,C:/Finance/PublicInfo/Guidelines/,2023-08-18T14:36:36,medium
report_4365.pdf,.pdf,881,C:/Finance/HR/,2023-05-30T00:37:02,low
ledger_4366.csv,.csv,696,C:/Finance/Accounts/,2023-04-20T21:25:29,high
transfer_4367.pdf,.pdf,1266,C:/Finance/Transactions/,2022-09-23T01:36:48,low
passwords_info_4368.txt,.txt,65,C:/Finance/PublicInfo/Guidelines/,2023-05-16T17:29:26,high
analysis_summary_4369.pdf,.pdf,474,C:/Finance/Reports/,2025-05-14T19:03:37,low
menu_notice_4370.pdf,.pdf,1802,C:/Finance/PublicInfo/Guidelines/,2022-01-24T11:26:57,low
guideline_4371.docx,.docx,149,C:/Finance/Compliance/,2022-06-12T11:53:58,medium
public_notice_guideline_4372.docx,.docx,173,C:/Finance/Compliance/,2023-05-26T02:57:34,low
audit_4373_draft.pdf,.pdf,290,C:/Finance/Accounts/,2023-04-22T04:28:00,low
analysis_report_4374.csv,.csv,788,C:/Finance/Reports/,2024-09-26T16:01:45,medium
roster_4375.docx,.docx,441,C:/Finance/HR/,2024-07-20T05:37:42,medium
notice_4376.txt,.txt,122,C:/Finance/PublicInfo/Announcements/,2022-12-06T08:02:11,medium
contract_4377.xlsx,.xlsx,1551,C:/Finance/Loans/,2024-06-05T23:29:42,high
policy_ledger_4378.xlsx,.xlsx,556,C:/Finance/Accounts/,2023-11-28T10:59:54,low
guideline_4379.docx,.docx,181,C:/Finance/Compliance/,2024-04-30T05:10:59,low
customer_4380.docx,.docx,58,C:/Finance/Customers/,2024-01-02T08:22:12,low
statement_audit_4381.xlsx,.xlsx,768,C:/Finance/Accounts/,2022-03-12T07:22:59,low
pin_profile_4382.pdf,.pdf,298,C:/Finance/Customers/,2023-11-11T12:56:08,low
info_4383.pdf,.pdf,152,C:/Finance/PublicInfo/Guidelines/,2024-04-16T19:21:35,medium
info_4384.csv,.csv,828,C:/Finance/PublicInfo/Announcements/,2025-05-17T15:52:51,high
guidelines_policy_4385.xlsx,.xlsx,423,C:/Finance/Compliance/,2023-09-18T03:26:11,low
transaction_4386.xlsx,.xlsx,944,C:/Finance/Transactions/,2024-05-02T13:27:00,low
schedule_statement_4387.csv,.csv,139,C:/Finance/Transactions/,2022-01-16T04:23:08,low
credit_report_info_4388.txt,.txt,27,C:/Finance/PublicInfo/Guidelines/,2025-06-06T17:51:16,low
contract_4389_v2.docx,.docx,1071,C:/Finance/Loans/,2025-06-14T15:53:03,medium
schedule_4390.txt,.txt,178,C:/Finance/PublicInfo/Guidelines/,2022-10-31T03:35:53,high
invoice_profile_4391.docx,.docx,613,C:/Finance/Customers/,2024-10-06T15:17:17,low
transfer_4392.csv,.csv,560,C:/Finance/Transactions/,2023-10-03T16:06:00,high
salary_4393.pdf,.pdf,350,C:/Finance/HR/,2025-09-25T14:21:53,low
guidelines_transfer_4394.pdf,.pdf,946,C:/Finance/Transactions/,2023-06-21T11:46:44,low
statement_transaction_4395.xlsx,.xlsx,948,C:/Finance/Transactions/,2023-01-06T12:44:22,medium
bank_statement_summary_4396.xlsx,.xlsx,13,C:/Finance/Transactions/,2022-01-23T07:47:53,high
info_4397.pdf,.pdf,791,C:/Finance/PublicInfo/Announcements/,2024-07-01T21:33:31,high
guidelines_profile_4398.docx,.docx,267,C:/Finance/Customers/,2024-05-31T07:23:35,low
transfer_4399.pdf,.pdf,780,C:/Finance/Transactions/,2024-03-13T23:09:03,low
profile_4400.pdf,.pdf,876,C:/Finance/Customers/,2025-02-06T15:36:22,medium
agreement_4401_v2.pdf,.pdf,879,C:/Finance/Loans/,2025-08-28T16:08:40,low
profile_4402.pdf,.pdf,483,C:/Finance/Customers/,2022-02-15T14:33:57,high
ledger_customer_4403.docx,.docx,492,C:/Finance/Customers/,2022-01-02T08:38:15,low
invoice_payroll_4404.docx,.docx,343,C:/Finance/HR/,2024-02-22T14:41:09,medium
ledger_memo_4405.xlsx,.xlsx,994,C:/Finance/Reports/,2023-12-15T07:54:59,medium
info_guideline_4406.pdf,.pdf,1443,C:/Finance/Compliance/,2024-05-15T18:50:04,medium
loan_contract_guideline_4407.xlsx,.xlsx,640,C:/Finance/Internal/Policies/,2025-10-11T00:17:47,low
guideline_4408.docx,.docx,20,C:/Finance/Compliance/,2025-11-08T17:20:15,low
ledger_schedule_4409.pdf,.pdf,369,C:/Finance/PublicInfo/Guidelines/,2023-03-06T15:27:40,low
menu_analysis_4410.xlsx,.xlsx,916,C:/Finance/Reports/,2024-08-20T07:26:52,low
transaction_audit_4411_draft.pdf,.pdf,450,C:/Finance/Compliance/,2024-01-15T16:54:39,medium
menu_announcement_4412.pdf,.pdf,1434,C:/Finance/PublicInfo/Guidelines/,2023-10-01T12:29:19,low
transaction_4413.pdf,.pdf,1893,C:/Finance/Transactions/,2022-02-18T01:52:58,low
invoice_report_4414.docx,.docx,51,C:/Finance/HR/,2023-05-11T13:59:08,low
info_customer_4415.pdf,.pdf,1579,C:/Finance/Customers/,2025-01-31T20:01:50,low
announcement_4416.pdf,.pdf,1868,C:/Finance/PublicInfo/Guidelines/,2025-05-18T23:11:30,low
report_report_4417.xlsx,.xlsx,106,C:/Finance/Reports/,2024-03-21T00:12:54,medium
summary_policy_4418.pdf,.pdf,569,C:/Finance/Compliance/,2023-09-05T12:21:26,low
policy_audit_4419.pdf,.pdf,835,C:/Finance/Accounts/,2024-06-07T22:48:52,low
salary_review_4420.pdf,.pdf,527,C:/Finance/Compliance/,2023-06-17T15:12:53,low
public_notice_transaction_4421.pdf,.pdf,63,C:/Finance/Transactions/,2024-12-27T02:38:16,medium
statement_policy_4422.docx,.docx,672,C:/Finance/Internal/Policies/,2023-05-25T17:58:19,low
info_4423.pdf,.pdf,151,C:/Finance/PublicInfo/Announcements/,2022-10-08T15:25:53,high
invoice_audit_4424.pdf,.pdf,400,C:/Finance/Compliance/,2024-04-29T07:45:20,medium
customer_4425.docx,.docx,768,C:/Finance/Customers/,2022-12-13T12:10:07,medium
summary_salary_4426.pdf,.pdf,1506,C:/Finance/HR/,2024-08-09T10:21:55,low
statement_ledger_4427.pdf,.pdf,1110,C:/Finance/Accounts/,2022-09-11T17:12:59,medium
memo_info_4428.csv,.csv,435,C:/Finance/Customers/,2023-06-17T06:29:09,low
review_4429.docx,.docx,231,C:/Finance/Compliance/,2023-10-14T01:05:12,medium
guidelines_memo_4430.xlsx,.xlsx,950,C:/Finance/Reports/,2022-06-03T20:36:47,medium
public_notice_summary_4431.xlsx,.xlsx,83,C:/Finance/Transactions/,2025-01-22T17:23:55,low
contract_4432.pdf,.pdf,129,C:/Finance/Loans/,2025-04-25T20:31:19,high
invoice_announcement_4433.txt,.txt,7,C:/Finance/PublicInfo/Announcements/,2024-08-28T06:00:45,medium
invoice_report_4434.xlsx,.xlsx,216,C:/Finance/HR/,2023-08-27T18:01:49,low
review_4435.docx,.docx,240,C:/Finance/Compliance/,2022-01-13T16:04:30,low
guidelines_announcement_4436.csv,.csv,111,C:/Finance/PublicInfo/Guidelines/,2025-03-04T16:37:11,low
pin_protocol_4437.docx,.docx,799,C:/Finance/Internal/Policies/,2023-02-28T14:46:59,medium
public_notice_report_4438_draft.csv,.csv,335,C:/Finance/Reports/,2025-11-06T14:32:04,low
balance_4439.csv,.csv,455,C:/Finance/Accounts/,2023-11-29T05:44:39,low
announcement_4440.pdf,.pdf,855,C:/Finance/PublicInfo/Guidelines/,2022-06-28T21:05:15,low
audit_4441.csv,.csv,220,C:/Finance/Accounts/,2022-06-15T03:35:49,high
transfer_4442.xlsx,.xlsx,34,C:/Finance/Transactions/,2023-12-03T22:11:36,low
guideline_4443.xlsx,.xlsx,1277,C:/Finance/Internal/Policies/,2023-01-16T07:50:42,medium
public_notice_customer_4444.csv,.csv,65,C:/Finance/Customers/,2024-03-30T11:21:56,medium
guideline_4445.pdf,.pdf,1381,C:/Finance/Compliance/,2022-01-17T01:54:04,medium
transfer_4446.csv,.csv,136,C:/Finance/Transactions/,2024-08-05T16:00:18,low
info_roster_4447.pdf,.pdf,624,C:/Finance/HR/,2025-06-01T04:49:21,low
statement_4448.pdf,.pdf,1734,C:/Finance/Transactions/,2022-03-17T04:21:30,high
notice_4449.txt,.txt,50,C:/Finance/PublicInfo/Guidelines/,2025-11-26T21:20:30,low
confidential_notice_4450.pdf,.pdf,440,C:/Finance/PublicInfo/Guidelines/,2023-07-06T07:26:24,low
policy_4451_final.docx,.docx,451,C:/Finance/Compliance/,2025-05-05T10:34:03,low
policy_report_4452.pdf,.pdf,252,C:/Finance/Reports/,2022-08-14T20:35:03,medium
info_announcement_4453.txt,.txt,124,C:/Finance/PublicInfo/Announcements/,2023-01-11T04:06:02,low
info_statement_4454.csv,.csv,113,C:/Finance/Transactions/,2023-09-04T15:37:29,low
guideline_4455.pdf,.pdf,1585,C:/Finance/Compliance/,2022-03-24T09:49:31,low
customer_audit_4456_archived.pdf,.pdf,3,C:/Finance/Compliance/,2022-08-07T08:12:55,low
statement_4457.csv,.csv,94,C:/Finance/Transactions/,2022-07-18T00:35:32,low
account_4458.xlsx,.xlsx,1923,C:/Finance/Accounts/,2023-04-16T06:01:41,medium
balance_4459.xlsx,.xlsx,54,C:/Finance/Accounts/,2024-11-21T19:06:11,medium
statement_4460.pdf,.pdf,296,C:/Finance/Transactions/,2025-01-15T20:11:11,low
review_4461.pdf,.pdf,36,C:/Finance/Compliance/,2022-05-12T12:15:49,low
statement_4462.pdf,.pdf,713,C:/Finance/Transactions/,2025-02-21T22:52:52,low
policy_payroll_4463.xlsx,.xlsx,1095,C:/Finance/HR/,2022-08-04T05:44:39,high
policy_roster_4464.docx,.docx,10,C:/Finance/HR/,2024-09-01T12:42:39,high
audit_4465.pdf,.pdf,741,C:/Finance/Compliance/,2023-01-06T08:14:24,low
audit_4466.xlsx,.xlsx,291,C:/Finance/Accounts/,2025-03-24T05:03:10,low
repayment_4467.docx,.docx,1407,C:/Finance/Loans/,2025-02-10T02:29:22,high
announcement_summary_4468.csv,.csv,221,C:/Finance/Transactions/,2022-02-11T21:34:58,low
statement_balance_4469.xlsx,.xlsx,1213,C:/Finance/Accounts/,2023-07-20T22:16:55,medium
memo_4470.csv,.csv,272,C:/Finance/Reports/,2023-08-21T09:29:44,low
schedule_analysis_4471.csv,.csv,411,C:/Finance/Reports/,2022-11-19T08:56:15,low
customer_4472.pdf,.pdf,122,C:/Finance/Customers/,2023-11-15T08:19:21,medium
announcement_4473.csv,.csv,355,C:/Finance/PublicInfo/Guidelines/,2025-07-13T22:17:58,low
guidelines_announcement_4474.pdf,.pdf,733,C:/Finance/PublicInfo/Guidelines/,2024-09-26T13:08:41,low
protocol_4475.xlsx,.xlsx,854,C:/Finance/Internal/Policies/,2023-12-02T10:18:01,low
schedule_roster_4476.docx,.docx,346,C:/Finance/HR/,2023-11-27T04:20:54,low
contract_4477.csv,.csv,32,C:/Finance/Customers/,2024-05-07T18:15:36,medium
loan_contract_balance_4478_archived.csv,.csv,751,C:/Finance/Accounts/,2023-03-23T15:52:42,medium
statement_4479.xlsx,.xlsx,1008,C:/Finance/Transactions/,2022-09-18T14:03:17,medium
account_4480.xlsx,.xlsx,660,C:/Finance/Accounts/,2024-09-14T03:19:37,low
report_customer_4481_final.docx,.docx,340,C:/Finance/Customers/,2024-11-24T02:22:03,low
info_4482.csv,.csv,302,C:/Finance/Customers/,2023-09-02T10:14:44,low
summary_policy_4483.docx,.docx,596,C:/Finance/Compliance/,2022-07-29T23:48:19,medium
statement_ledger_4484.csv,.csv,365,C:/Finance/Accounts/,2022-10-05T05:58:29,medium
customer_4485_archived.pdf,.pdf,26,C:/Finance/Customers/,2023-08-10T12:05:12,medium
salary_payroll_4486.docx,.docx,67,C:/Finance/HR/,2022-08-06T22:34:37,low
summary_4487.csv,.csv,545,C:/Finance/Transactions/,2023-08-15T12:29:54,medium
audit_balance_4488.pdf,.pdf,1208,C:/Finance/Accounts/,2022-07-09T21:45:53,low
ssn_announcement_4489.pdf,.pdf,543,C:/Finance/PublicInfo/Guidelines/,2022-03-14T05:10:16,low
schedule_info_4490.docx,.docx,195,C:/Finance/Customers/,2024-04-17T20:30:49,low
menu_report_4491.xlsx,.xlsx,427,C:/Finance/Reports/,2023-05-13T09:55:18,medium
guideline_4492.xlsx,.xlsx,402,C:/Finance/Internal/Policies/,2024-06-24T19:51:21,low
policy_4493.xlsx,.xlsx,405,C:/Finance/Internal/Policies/,2025-08-18T06:03:52,low
report_policy_4494.pdf,.pdf,602,C:/Finance/Compliance/,2024-08-08T12:09:06,medium
announcement_4495_v2.pdf,.pdf,567,C:/Finance/PublicInfo/Guidelines/,2023-02-11T20:00:49,low
schedule_4496.pdf,.pdf,26,C:/Finance/PublicInfo/Announcements/,2024-04-01T18:40:57,low
invoice_agreement_4497_draft.docx,.docx,690,C:/Finance/Loans/,2023-08-27T04:29:28,high
transaction_4498.xlsx,.xlsx,191,C:/Finance/Transactions/,2025-08-02T10:00:23,low
audit_4499.csv,.csv,1033,C:/Finance/Accounts/,2022-02-02T03:40:38,high
payroll_4500.docx,.docx,718,C:/Finance/HR/,2024-01-22T09:56:28,medium
summary_contract_4501.pdf,.pdf,100,C:/Finance/Loans/,2024-10-21T12:13:19,medium
notice_4502.csv,.csv,637,C:/Finance/PublicInfo/Announcements/,2024-01-22T20:36:40,medium
announcement_transaction_4503.pdf,.pdf,2350,C:/Finance/Transactions/,2023-03-02T18:54:35,medium
policy_4504.xlsx,.xlsx,1011,C:/Finance/Compliance/,2023-04-28T21:46:23,low
schedule_review_4505.docx,.docx,648,C:/Finance/Compliance/,2024-04-16T07:49:53,medium
guideline_4506.xlsx,.xlsx,1025,C:/Finance/Internal/Policies/,2023-08-04T21:00:47,low
customer_4507.docx,.docx,1184,C:/Finance/Customers/,2024-01-17T07:24:02,high
ledger_4508.xlsx,.xlsx,169,C:/Finance/Accounts/,2023-11-15T08:29:25,medium
customer_4509.pdf,.pdf,452,C:/Finance/Customers/,2022-12-12T15:24:21,low
contract_4510.pdf,.pdf,523,C:/Finance/Loans/,2024-12-26T13:08:15,high
info_4511.pdf,.pdf,102,C:/Finance/Customers/,2024-02-24T16:24:45,low
report_report_4512.docx,.docx,804,C:/Finance/HR/,2023-09-27T18:49:45,low
guideline_4513_confidential.pdf,.pdf,1693,C:/Finance/Compliance/,2024-03-21T20:39:00,low
statement_summary_4514.csv,.csv,464,C:/Finance/Transactions/,2023-11-20T01:28:34,high
policy_4515.pdf,.pdf,914,C:/Finance/Internal/Policies/,2024-12-29T08:45:31,high
ledger_audit_4516.docx,.docx,234,C:/Finance/Compliance/,2022-11-09T07:15:38,medium
transaction_contract_4517_v2.docx,.docx,813,C:/Finance/Loans/,2025-01-07T06:12:06,medium
policy_policy_4518.docx,.docx,442,C:/Finance/Internal/Policies/,2022-10-18T21:01:30,low
ledger_memo_4519.xlsx,.xlsx,2654,C:/Finance/Reports/,2025-09-09T01:10:16,high
report_4520.docx,.docx,67,C:/Finance/HR/,2025-08-05T08:33:46,medium
procedure_4521.pdf,.pdf,38,C:/Finance/Internal/Policies/,2022-06-12T01:02:15,medium
statement_4522.xlsx,.xlsx,736,C:/Finance/Transactions/,2023-05-24T02:48:42,low
public_notice_account_4523.csv,.csv,270,C:/Finance/Accounts/,2024-04-10T14:22:19,low
statement_announcement_4524.txt,.txt,52,C:/Finance/PublicInfo/Announcements/,2022-11-02T06:20:09,low
schedule_analysis_4525.xlsx,.xlsx,1910,C:/Finance/Reports/,2024-04-13T19:31:43,medium
account_number_info_4526.docx,.docx,277,C:/Finance/Customers/,2023-09-25T20:22:27,medium
summary_customer_4527.csv,.csv,386,C:/Finance/Customers/,2024-10-22T23:35:37,low
profile_4528.docx,.docx,438,C:/Finance/Customers/,2025-10-22T14:03:40,medium
ledger_ledger_4529.csv,.csv,493,C:/Finance/Accounts/,2024-10-02T08:25:17,medium
report_announcement_4530.csv,.csv,373,C:/Finance/PublicInfo/Guidelines/,2025-11-17T23:14:08,low
invoice_notice_4531.pdf,.pdf,1245,C:/Finance/PublicInfo/Guidelines/,2025-04-01T14:10:47,medium
policy_4532.pdf,.pdf,113,C:/Finance/Compliance/,2022-07-16T21:30:16,low
guideline_4533.docx,.docx,478,C:/Finance/Compliance/,2023-05-13T11:39:47,low
announcement_policy_4534.pdf,.pdf,1493,C:/Finance/Compliance/,2024-05-07T01:17:10,low
announcement_4535_v2.pdf,.pdf,2319,C:/Finance/PublicInfo/Guidelines/,2025-09-06T03:28:52,low
notice_4536_v2.csv,.csv,1156,C:/Finance/PublicInfo/Guidelines/,2024-04-22T13:53:16,high
schedule_profile_4537.csv,.csv,259,C:/Finance/Customers/,2023-09-01T07:27:00,low
loan_4538.pdf,.pdf,2719,C:/Finance/Loans/,2025-10-21T23:23:06,high
repayment_4539.docx,.docx,121,C:/Finance/Loans/,2025-04-09T11:04:28,low
analysis_transfer_4540.csv,.csv,39,C:/Finance/Transactions/,2023-02-23T09:22:12,low
procedure_4541.docx,.docx,233,C:/Finance/Internal/Policies/,2023-07-13T09:30:43,low
public_notice_analysis_4542.csv,.csv,86,C:/Finance/Reports/,2025-06-21T16:13:16,medium
procedure_4543.docx,.docx,306,C:/Finance/Internal/Policies/,2024-09-15T08:56:34,low
report_repayment_4544_archived.xls,.xls,724,C:/Finance/Loans/,2023-12-23T02:41:14,low
schedule_procedure_4545.xlsx,.xlsx,840,C:/Finance/Internal/Policies/,2024-08-14T21:14:33,low
transaction_info_4546.docx,.docx,338,C:/Finance/Customers/,2025-07-31T11:38:02,low
invoice_audit_4547.csv,.csv,632,C:/Finance/Accounts/,2022-02-03T06:05:38,high
account_4548.csv,.csv,38,C:/Finance/Accounts/,2025-09-04T06:37:18,high
statement_4549.pdf,.pdf,85,C:/Finance/Transactions/,2023-05-28T21:50:53,low
summary_4550.csv,.csv,688,C:/Finance/Reports/,2023-02-22T03:42:51,medium
policy_4551_confidential.xlsx,.xlsx,934,C:/Finance/Compliance/,2022-08-25T15:50:35,high
schedule_roster_4552.xlsx,.xlsx,1627,C:/Finance/HR/,2024-06-07T19:23:40,high
balance_4553.csv,.csv,10,C:/Finance/Accounts/,2023-07-13T12:36:25,medium
info_4554.txt,.txt,78,C:/Finance/PublicInfo/Announcements/,2022-03-26T10:42:06,low
schedule_announcement_4555.pdf,.pdf,2252,C:/Finance/PublicInfo/Guidelines/,2025-07-12T14:52:01,low
audit_4556.pdf,.pdf,863,C:/Finance/Compliance/,2025-10-13T14:22:28,low
statement_loan_4557.pdf,.pdf,722,C:/Finance/Loans/,2025-04-22T06:28:38,medium
guideline_4558.xlsx,.xlsx,803,C:/Finance/Compliance/,2023-07-14T02:46:39,low
public_notice_summary_4559.pdf,.pdf,2335,C:/Finance/Reports/,2023-08-21T07:45:57,medium
menu_salary_4560.xlsx,.xlsx,102,C:/Finance/HR/,2022-03-21T15:33:14,low
public_notice_account_4561.xlsx,.xlsx,753,C:/Finance/Accounts/,2024-06-27T17:05:03,medium
roster_4562.pdf,.pdf,262,C:/Finance/HR/,2023-04-29T16:38:57,high
memo_4563.pdf,.pdf,498,C:/Finance/Reports/,2023-06-05T04:36:28,medium
menu_contract_4564.csv,.csv,349,C:/Finance/Customers/,2024-08-16T05:28:44,low
invoice_report_4565.pdf,.pdf,109,C:/Finance/Reports/,2024-11-03T06:53:55,low
guideline_4566.pdf,.pdf,1281,C:/Finance/Internal/Policies/,2024-12-13T09:10:52,low
audit_4567.docx,.docx,430,C:/Finance/Compliance/,2024-08-26T21:58:32,medium
balance_4568.pdf,.pdf,902,C:/Finance/Accounts/,2024-01-01T15:07:47,medium
report_4569.xlsx,.xlsx,1222,C:/Finance/HR/,2022-05-07T14:22:41,low
review_4570.docx,.docx,766,C:/Finance/Compliance/,2022-10-21T16:21:49,medium
profile_4571.csv,.csv,22,C:/Finance/Customers/,2025-05-09T07:27:24,medium
summary_balance_4572.pdf,.pdf,729,C:/Finance/Accounts/,2022-08-06T09:24:12,medium
info_4573.csv,.csv,96,C:/Finance/PublicInfo/Guidelines/,2025-09-15T00:02:37,low
announcement_profile_4574_confidential.docx,.docx,234,C:/Finance/Customers/,2024-12-07T13:07:19,low
transaction_4575.csv,.csv,489,C:/Finance/Transactions/,2024-06-24T15:51:13,medium
loan_4576.pdf,.pdf,108,C:/Finance/Loans/,2022-05-01T11:40:27,high
contract_4577.csv,.csv,840,C:/Finance/Customers/,2024-07-16T07:08:02,high
guidelines_contract_4578.docx,.docx,879,C:/Finance/Loans/,2022-02-21T17:24:12,high
salary_loan_4579.docx,.docx,1190,C:/Finance/Loans/,2022-11-19T12:55:19,medium
credit_report_report_4580.pdf,.pdf,139,C:/Finance/HR/,2023-09-19T18:07:47,low
public_notice_loan_4581.xls,.xls,1003,C:/Finance/Loans/,2023-02-22T20:26:45,high
transaction_4582.pdf,.pdf,745,C:/Finance/Transactions/,2023-07-23T08:05:43,low
account_4583.xlsx,.xlsx,1097,C:/Finance/Accounts/,2022-08-09T03:23:31,high
transfer_4584.csv,.csv,530,C:/Finance/Transactions/,2025-12-20T01:26:31,medium
report_4585.csv,.csv,69,C:/Finance/Reports/,2024-08-09T23:07:39,low
menu_balance_4586.xlsx,.xlsx,99,C:/Finance/Accounts/,2022-02-25T13:15:27,high
analysis_4587.xlsx,.xlsx,1582,C:/Finance/Reports/,2023-07-30T18:15:41,medium
guidelines_protocol_4588.pdf,.pdf,1053,C:/Finance/Internal/Policies/,2024-06-19T18:19:36,low
info_4589.pdf,.pdf,2176,C:/Finance/PublicInfo/Guidelines/,2025-11-10T15:48:22,low
notice_4590.pdf,.pdf,570,C:/Finance/PublicInfo/Guidelines/,2023-04-18T05:16:29,low
payroll_4591_draft.pdf,.pdf,480,C:/Finance/HR/,2023-06-24T01:28:08,high
report_4592.xlsx,.xlsx,1719,C:/Finance/Reports/,2024-02-11T19:25:43,medium
invoice_loan_4593.pdf,.pdf,60,C:/Finance/Loans/,2025-09-09T11:08:51,medium
audit_4594.pdf,.pdf,345,C:/Finance/Accounts/,2023-01-12T05:06:57,high
report_4595.xlsx,.xlsx,50,C:/Finance/Reports/,2025-07-23T04:56:08,low
invoice_agreement_4596.docx,.docx,439,C:/Finance/Loans/,2022-01-04T01:46:38,low
repayment_4597.xls,.xls,602,C:/Finance/Loans/,2023-01-08T14:33:12,high
ledger_4598_final.xlsx,.xlsx,441,C:/Finance/Accounts/,2022-09-24T02:30:38,high
statement_info_4599_confidential.txt,.txt,55,C:/Finance/PublicInfo/Guidelines/,2023-06-06T09:57:40,low
summary_4600_archived.pdf,.pdf,1012,C:/Finance/Transactions/,2025-02-18T03:15:01,low
schedule_4601.pdf,.pdf,1169,C:/Finance/PublicInfo/Guidelines/,2025-08-29T14:56:06,low
policy_4602.xlsx,.xlsx,1370,C:/Finance/Internal/Policies/,2022-03-03T17:44:12,high
guideline_4603_archived.docx,.docx,261,C:/Finance/Internal/Policies/,2023-12-31T22:30:31,low
info_agreement_4604.docx,.docx,530,C:/Finance/Loans/,2024-06-07T20:44:55,medium
notice_4605.csv,.csv,189,C:/Finance/PublicInfo/Announcements/,2024-02-20T12:42:15,low
agreement_4606.pdf,.pdf,926,C:/Finance/Loans/,2025-01-24T14:24:24,low
info_4607.pdf,.pdf,925,C:/Finance/Customers/,2023-08-21T17:42:35,medium
tax_info_repayment_4608.docx,.docx,416,C:/Finance/Loans/,2023-03-08T16:52:46,high
guidelines_salary_4609.docx,.docx,1,C:/Finance/HR/,2024-03-22T12:33:38,low
protocol_4610_archived.docx,.docx,168,C:/Finance/Internal/Policies/,2022-10-21T20:49:51,low
announcement_statement_4611.xlsx,.xlsx,878,C:/Finance/Transactions/,2025-09-03T22:07:38,low
menu_statement_4612.csv,.csv,290,C:/Finance/Transactions/,2023-01-12T09:56:32,low
account_4613.csv,.csv,141,C:/Finance/Accounts/,2022-10-15T15:28:10,medium
guidelines_analysis_4614.csv,.csv,20,C:/Finance/Reports/,2025-09-19T16:12:20,high
info_4615.docx,.docx,262,C:/Finance/Customers/,2025-01-22T01:49:27,medium
summary_4616.pdf,.pdf,1351,C:/Finance/Reports/,2023-07-18T23:46:22,low
balance_4617.csv,.csv,617,C:/Finance/Accounts/,2024-10-23T04:31:34,high
guidelines_account_4618.pdf,.pdf,924,C:/Finance/Accounts/,2022-06-21T18:23:17,low
account_4619.pdf,.pdf,800,C:/Finance/Accounts/,2023-10-19T19:53:59,high
policy_4620.docx,.docx,506,C:/Finance/Compliance/,2025-02-21T22:44:31,low
announcement_analysis_4621.xlsx,.xlsx,416,C:/Finance/Reports/,2025-03-26T04:44:56,medium
analysis_statement_4622.pdf,.pdf,2032,C:/Finance/Transactions/,2023-04-04T03:51:17,medium
credit_report_transfer_4623.csv,.csv,204,C:/Finance/Transactions/,2022-07-06T01:04:44,low
info_audit_4624.csv,.csv,720,C:/Finance/Accounts/,2023-01-10T00:33:49,high
memo_profile_4625.csv,.csv,48,C:/Finance/Customers/,2023-12-22T02:06:40,medium
audit_4626.csv,.csv,244,C:/Finance/Accounts/,2022-12-28T13:47:14,high
ledger_4627.csv,.csv,451,C:/Finance/Accounts/,2022-02-26T22:51:36,high
info_4628.pdf,.pdf,238,C:/Finance/Customers/,2022-07-20T03:39:45,high
policy_customer_4629_draft.pdf,.pdf,38,C:/Finance/Customers/,2022-04-06T21:27:15,low
summary_info_4630.pdf,.pdf,273,C:/Finance/PublicInfo/Announcements/,2025-01-12T12:22:36,high
policy_4631.pdf,.pdf,2923,C:/Finance/Compliance/,2024-11-30T04:48:40,high
statement_4632.csv,.csv,106,C:/Finance/Transactions/,2023-12-09T22:04:35,medium
announcement_schedule_4633.pdf,.pdf,670,C:/Finance/PublicInfo/Guidelines/,2022-12-21T02:22:31,low
announcement_summary_4634.csv,.csv,65,C:/Finance/Reports/,2022-04-12T00:52:21,low
announcement_report_4635.csv,.csv,291,C:/Finance/Reports/,2025-01-31T02:31:22,high
memo_notice_4636.csv,.csv,587,C:/Finance/PublicInfo/Announcements/,2022-01-17T04:23:37,medium
salary_4637.xlsx,.xlsx,1731,C:/Finance/HR/,2024-02-11T17:13:02,medium
ssn_transaction_4638.xlsx,.xlsx,323,C:/Finance/Transactions/,2025-06-18T00:21:11,high
passwords_contract_4639.docx,.docx,303,C:/Finance/Loans/,2025-04-04T13:16:51,medium
announcement_transaction_4640.pdf,.pdf,461,C:/Finance/Transactions/,2025-07-18T06:06:32,low
protocol_4641.xlsx,.xlsx,334,C:/Finance/Internal/Policies/,2022-06-27T12:03:38,high
contract_4642.xlsx,.xlsx,910,C:/Finance/Loans/,2024-12-24T15:55:15,high
policy_loan_4643.docx,.docx,36,C:/Finance/Loans/,2023-02-16T04:18:06,low
announcement_transfer_4644.csv,.csv,387,C:/Finance/Transactions/,2023-11-05T09:48:01,medium
protocol_4645.xlsx,.xlsx,855,C:/Finance/Internal/Policies/,2025-04-04T20:12:40,low
contract_4646.xls,.xls,1551,C:/Finance/Loans/,2024-01-02T06:41:28,medium
analysis_schedule_4647.txt,.txt,108,C:/Finance/PublicInfo/Announcements/,2022-03-25T14:06:55,low
memo_announcement_4648.txt,.txt,23,C:/Finance/PublicInfo/Guidelines/,2023-07-07T04:41:45,medium
ssn_notice_4649.txt,.txt,83,C:/Finance/PublicInfo/Announcements/,2023-11-25T04:09:46,low
loan_4650.xls,.xls,613,C:/Finance/Loans/,2025-10-01T12:56:51,medium
schedule_4651.csv,.csv,81,C:/Finance/PublicInfo/Guidelines/,2024-11-12T02:28:29,low
transfer_4652.xlsx,.xlsx,739,C:/Finance/Transactions/,2024-01-21T22:43:34,low
passwords_summary_4653.pdf,.pdf,865,C:/Finance/Transactions/,2023-06-23T04:04:39,high
audit_4654.csv,.csv,99,C:/Finance/Accounts/,2024-09-29T21:23:49,low
announcement_ledger_4655.csv,.csv,294,C:/Finance/Accounts/,2025-01-07T11:34:51,low
protocol_4656.xlsx,.xlsx,956,C:/Finance/Internal/Policies/,2023-04-30T02:23:07,medium
customer_4657.docx,.docx,99,C:/Finance/Customers/,2023-08-01T13:46:53,high
ledger_4658.csv,.csv,508,C:/Finance/Accounts/,2022-06-20T04:38:25,high
public_notice_report_4659.pdf,.pdf,1685,C:/Finance/HR/,2023-11-19T07:38:29,medium
payroll_4660.pdf,.pdf,352,C:/Finance/HR/,2022-02-06T04:20:14,low
account_4661.xlsx,.xlsx,1161,C:/Finance/Accounts/,2023-11-24T11:42:17,high
analysis_4662.xlsx,.xlsx,182,C:/Finance/Reports/,2025-07-02T20:42:30,medium
announcement_4663.txt,.txt,127,C:/Finance/PublicInfo/Guidelines/,2023-10-29T23:13:23,medium
schedule_4664.csv,.csv,251,C:/Finance/PublicInfo/Announcements/,2022-04-27T12:36:29,low
memo_4665.pdf,.pdf,704,C:/Finance/Reports/,2022-06-12T13:46:14,low
info_loan_4666.pdf,.pdf,1178,C:/Finance/Loans/,2022-08-11T14:51:57,low
account_4667.csv,.csv,19,C:/Finance/Accounts/,2024-08-12T14:53:17,low
schedule_account_4668_archived.csv,.csv,40,C:/Finance/Accounts/,2023-05-01T08:14:05,medium
account_number_roster_4669.xlsx,.xlsx,392,C:/Finance/HR/,2024-10-01T20:32:17,low
ledger_contract_4670.pdf,.pdf,949,C:/Finance/Loans/,2022-02-28T09:56:44,medium
ssn_repayment_4671.xls,.xls,583,C:/Finance/Loans/,2025-01-03T17:42:21,low
menu_schedule_4672.txt,.txt,52,C:/Finance/PublicInfo/Guidelines/,2023-11-30T17:20:30,low
payroll_4673.docx,.docx,18,C:/Finance/HR/,2023-09-30T21:00:22,medium
policy_profile_4674.csv,.csv,190,C:/Finance/Customers/,2023-08-10T19:15:56,low
account_4675.csv,.csv,271,C:/Finance/Accounts/,2023-11-19T20:18:10,high
statement_audit_4676.xlsx,.xlsx,435,C:/Finance/Compliance/,2024-09-24T17:57:20,high
notice_4677.txt,.txt,23,C:/Finance/PublicInfo/Announcements/,2023-05-08T23:28:06,medium
profile_4678_archived.csv,.csv,218,C:/Finance/Customers/,2025-12-17T20:20:26,medium
analysis_guideline_4679.pdf,.pdf,227,C:/Finance/Internal/Policies/,2023-04-28T05:48:12,low
repayment_4680.xls,.xls,1020,C:/Finance/Loans/,2023-01-25T04:55:09,low
policy_account_4681_v2.csv,.csv,500,C:/Finance/Accounts/,2022-11-05T08:10:29,medium
report_4682.pdf,.pdf,1536,C:/Finance/HR/,2024-08-01T04:32:48,high
schedule_4683.txt,.txt,163,C:/Finance/PublicInfo/Guidelines/,2022-04-30T04:38:33,high
ledger_report_4684.xlsx,.xlsx,107,C:/Finance/Reports/,2024-12-31T21:38:13,low
announcement_announcement_4685.txt,.txt,42,C:/Finance/PublicInfo/Guidelines/,2025-11-17T18:51:33,low
memo_transaction_4686.pdf,.pdf,301,C:/Finance/Transactions/,2023-03-01T16:07:50,low
ledger_customer_4687.docx,.docx,149,C:/Finance/Customers/,2022-02-06T17:10:50,low
menu_notice_4688_v2.csv,.csv,604,C:/Finance/PublicInfo/Announcements/,2022-03-28T05:16:53,low
info_info_4689.txt,.txt,67,C:/Finance/PublicInfo/Announcements/,2024-09-16T14:16:18,low
review_4690.xlsx,.xlsx,899,C:/Finance/Compliance/,2022-10-08T19:21:24,medium
memo_payroll_4691.pdf,.pdf,767,C:/Finance/HR/,2022-04-11T00:38:08,medium
salary_4692.pdf,.pdf,1659,C:/Finance/HR/,2023-06-16T07:31:32,medium
ledger_info_4693.docx,.docx,779,C:/Finance/Customers/,2025-11-18T09:12:01,high
policy_policy_4694.pdf,.pdf,1285,C:/Finance/Compliance/,2024-07-02T16:37:48,high
agreement_4695.docx,.docx,628,C:/Finance/Loans/,2023-10-25T17:48:07,low
ledger_contract_4696.docx,.docx,203,C:/Finance/Loans/,2024-01-02T19:49:53,high
statement_contract_4697.pdf,.pdf,1968,C:/Finance/Customers/,2023-10-12T13:47:39,low
memo_4698.csv,.csv,217,C:/Finance/Reports/,2024-01-14T14:24:37,medium
info_summary_4699.xlsx,.xlsx,2173,C:/Finance/Reports/,2024-03-03T12:24:31,high
menu_protocol_4700.docx,.docx,57,C:/Finance/Internal/Policies/,2022-03-18T06:22:46,medium
pin_protocol_4701.docx,.docx,312,C:/Finance/Internal/Policies/,2024-10-24T17:02:41,medium
audit_4702.xlsx,.xlsx,127,C:/Finance/Accounts/,2022-04-07T23:48:44,low
policy_salary_4703.xlsx,.xlsx,294,C:/Finance/HR/,2024-03-15T05:28:23,high
statement_4704.csv,.csv,1,C:/Finance/Transactions/,2023-12-26T03:16:19,high
info_transfer_4705.xlsx,.xlsx,83,C:/Finance/Transactions/,2025-10-10T21:09:30,low
public_notice_schedule_4706.csv,.csv,290,C:/Finance/PublicInfo/Guidelines/,2022-03-14T15:24:17,low
info_info_4707.csv,.csv,188,C:/Finance/PublicInfo/Guidelines/,2022-06-23T02:31:55,low
public_notice_report_4708.xlsx,.xlsx,846,C:/Finance/Reports/,2024-01-30T07:21:19,low
announcement_transfer_4709.xlsx,.xlsx,838,C:/Finance/Transactions/,2022-12-01T18:26:36,medium
contract_4710.docx,.docx,765,C:/Finance/Customers/,2023-04-28T16:17:11,low
review_4711.docx,.docx,38,C:/Finance/Compliance/,2022-10-07T20:44:07,medium
salary_4712.pdf,.pdf,188,C:/Finance/HR/,2024-05-07T13:49:34,low
review_4713_archived.docx,.docx,228,C:/Finance/Compliance/,2023-07-13T03:56:45,high
menu_info_4714.txt,.txt,43,C:/Finance/PublicInfo/Announcements/,2024-07-17T10:12:36,medium
notice_4715.pdf,.pdf,1016,C:/Finance/PublicInfo/Guidelines/,2023-06-14T21:48:33,high
info_payroll_4716.docx,.docx,1081,C:/Finance/HR/,2022-04-13T20:38:50,medium
announcement_4717.pdf,.pdf,1461,C:/Finance/PublicInfo/Guidelines/,2022-02-10T09:43:03,low
guideline_4718.docx,.docx,1152,C:/Finance/Compliance/,2025-11-01T19:25:57,high
salary_4719.docx,.docx,242,C:/Finance/HR/,2025-08-21T14:01:12,medium
invoice_transaction_4720_v2.pdf,.pdf,146,C:/Finance/Transactions/,2025-08-22T11:23:54,medium
protocol_4721.docx,.docx,306,C:/Finance/Internal/Policies/,2022-12-28T03:12:30,low
policy_contract_4722.docx,.docx,442,C:/Finance/Customers/,2025-10-28T12:03:48,medium
roster_4723.xlsx,.xlsx,16,C:/Finance/HR/,2024-03-03T17:04:55,medium
notice_4724.txt,.txt,78,C:/Finance/PublicInfo/Guidelines/,2024-11-05T08:16:04,low
payroll_4725_archived.xlsx,.xlsx,363,C:/Finance/HR/,2023-10-03T19:30:15,low
announcement_4726.csv,.csv,384,C:/Finance/PublicInfo/Announcements/,2024-06-20T21:00:39,low
salary_4727.docx,.docx,499,C:/Finance/HR/,2023-02-13T00:05:17,high
statement_4728_confidential.xlsx,.xlsx,116,C:/Finance/Transactions/,2024-06-13T13:17:44,low
guidelines_procedure_4729_final.xlsx,.xlsx,528,C:/Finance/Internal/Policies/,2024-07-01T16:27:10,medium
procedure_4730.xlsx,.xlsx,200,C:/Finance/Internal/Policies/,2023-07-25T23:19:22,high
procedure_4731.docx,.docx,141,C:/Finance/Internal/Policies/,2022-02-23T11:54:16,high
transaction_4732_draft.csv,.csv,94,C:/Finance/Transactions/,2024-03-20T01:13:04,low
balance_4733_draft.xlsx,.xlsx,951,C:/Finance/Accounts/,2023-07-10T17:00:15,high
summary_announcement_4734.pdf,.pdf,612,C:/Finance/PublicInfo/Announcements/,2024-10-01T11:54:39,low
ledger_procedure_4735.docx,.docx,5,C:/Finance/Internal/Policies/,2024-07-24T14:09:46,low
public_notice_contract_4736.pdf,.pdf,136,C:/Finance/Customers/,2024-06-10T14:13:54,high
payroll_4737.pdf,.pdf,107,C:/Finance/HR/,2024-03-18T13:10:05,low
statement_audit_4738_archived.xlsx,.xlsx,457,C:/Finance/Accounts/,2022-10-31T20:52:56,low
guidelines_payroll_4739_confidential.xlsx,.xlsx,1467,C:/Finance/HR/,2025-06-03T02:48:33,low
audit_4740.xlsx,.xlsx,1191,C:/Finance/Accounts/,2025-08-26T13:39:55,low
announcement_4741.txt,.txt,126,C:/Finance/PublicInfo/Guidelines/,2022-03-09T03:03:17,medium
roster_4742.pdf,.pdf,1408,C:/Finance/HR/,2025-02-11T11:07:25,low
info_statement_4743.csv,.csv,283,C:/Finance/Transactions/,2023-03-26T06:23:27,low
profile_4744.pdf,.pdf,271,C:/Finance/Customers/,2024-09-27T08:04:18,low
info_guideline_4745.docx,.docx,195,C:/Finance/Internal/Policies/,2022-04-23T15:11:25,low
menu_schedule_4746.csv,.csv,639,C:/Finance/PublicInfo/Guidelines/,2022-08-13T07:46:00,medium
policy_4747.docx,.docx,66,C:/Finance/Internal/Policies/,2024-01-22T23:23:04,low
announcement_4748.csv,.csv,158,C:/Finance/PublicInfo/Guidelines/,2022-05-09T05:37:01,high
contract_4749.pdf,.pdf,163,C:/Finance/Loans/,2022-04-06T14:44:55,high
menu_announcement_4750.pdf,.pdf,391,C:/Finance/PublicInfo/Announcements/,2022-07-02T16:09:19,high
customer_payroll_4751.docx,.docx,308,C:/Finance/HR/,2022-02-27T19:04:01,medium
schedule_payroll_4752.pdf,.pdf,177,C:/Finance/HR/,2024-02-26T13:35:17,low
info_4753.pdf,.pdf,571,C:/Finance/Customers/,2024-06-07T20:36:19,high
review_4754_draft.pdf,.pdf,2615,C:/Finance/Compliance/,2025-03-31T12:27:02,high
confidential_policy_4755.pdf,.pdf,919,C:/Finance/Internal/Policies/,2023-11-02T00:45:53,high
info_4756.pdf,.pdf,976,C:/Finance/Customers/,2024-07-19T09:02:35,high
guideline_4757.xlsx,.xlsx,1084,C:/Finance/Compliance/,2025-06-24T09:59:13,medium
policy_4758.xlsx,.xlsx,862,C:/Finance/Compliance/,2022-09-13T20:20:53,low
transaction_4759.csv,.csv,229,C:/Finance/Transactions/,2024-08-29T21:45:06,low
guideline_4760.docx,.docx,404,C:/Finance/Compliance/,2023-08-27T02:17:13,low
policy_info_4761.pdf,.pdf,1583,C:/Finance/PublicInfo/Guidelines/,2024-10-26T02:18:37,low
guidelines_procedure_4762.pdf,.pdf,1004,C:/Finance/Internal/Policies/,2023-02-24T22:31:02,high
passwords_agreement_4763.docx,.docx,441,C:/Finance/Loans/,2024-02-19T17:06:43,medium
announcement_announcement_4764.pdf,.pdf,1573,C:/Finance/PublicInfo/Announcements/,2023-12-17T11:16:24,medium
procedure_4765.pdf,.pdf,331,C:/Finance/Internal/Policies/,2025-01-20T15:48:06,medium
guidelines_summary_4766.pdf,.pdf,323,C:/Finance/Reports/,2025-04-21T20:21:59,medium
notice_4767.txt,.txt,49,C:/Finance/PublicInfo/Guidelines/,2022-04-29T04:06:26,high
info_announcement_4768.csv,.csv,355,C:/Finance/PublicInfo/Announcements/,2025-07-30T11:05:03,medium
announcement_4769.txt,.txt,31,C:/Finance/PublicInfo/Announcements/,2025-01-26T01:40:54,low
invoice_summary_4770.pdf,.pdf,1221,C:/Finance/Reports/,2023-10-22T02:47:28,high
transaction_salary_4771.xlsx,.xlsx,132,C:/Finance/HR/,2023-07-31T19:24:31,low
analysis_4772.xlsx,.xlsx,1623,C:/Finance/Reports/,2023-10-26T23:26:11,low
audit_4773.pdf,.pdf,235,C:/Finance/Accounts/,2024-03-15T21:47:47,low
schedule_schedule_4774.txt,.txt,97,C:/Finance/PublicInfo/Announcements/,2023-11-06T21:54:55,medium
guidelines_report_4775.pdf,.pdf,544,C:/Finance/HR/,2023-11-20T00:14:08,low
info_4776.csv,.csv,330,C:/Finance/Customers/,2022-10-13T20:32:36,high
audit_loan_4777.pdf,.pdf,405,C:/Finance/Loans/,2022-12-14T00:56:46,low
transfer_4778.xlsx,.xlsx,1662,C:/Finance/Transactions/,2023-09-24T03:16:38,high
info_contract_4779.docx,.docx,517,C:/Finance/Customers/,2022-06-27T19:56:37,low
schedule_info_4780.docx,.docx,364,C:/Finance/Customers/,2022-07-19T10:27:42,high
summary_4781_draft.xlsx,.xlsx,638,C:/Finance/Transactions/,2023-09-18T00:27:11,low
guidelines_roster_4782.docx,.docx,326,C:/Finance/HR/,2024-06-21T04:14:47,low
summary_4783.xlsx,.xlsx,1355,C:/Finance/Transactions/,2022-02-05T19:48:08,low
announcement_report_4784.xlsx,.xlsx,23,C:/Finance/Reports/,2022-03-18T05:54:51,low
policy_account_4785.xlsx,.xlsx,1324,C:/Finance/Accounts/,2023-08-29T10:12:15,medium
menu_review_4786.xlsx,.xlsx,349,C:/Finance/Compliance/,2022-04-16T09:39:50,medium
public_notice_notice_4787.pdf,.pdf,581,C:/Finance/PublicInfo/Guidelines/,2025-02-24T21:03:55,medium
statement_salary_4788.pdf,.pdf,1900,C:/Finance/HR/,2022-06-12T10:04:22,low
policy_report_4789.xlsx,.xlsx,828,C:/Finance/Reports/,2023-06-18T15:21:44,medium
announcement_4790.txt,.txt,11,C:/Finance/PublicInfo/Announcements/,2024-01-10T17:30:26,low
info_4791.txt,.txt,6,C:/Finance/PublicInfo/Announcements/,2025-04-20T19:41:49,medium
policy_salary_4792_v2.docx,.docx,368,C:/Finance/HR/,2023-02-06T07:20:42,low
schedule_balance_4793.xlsx,.xlsx,1253,C:/Finance/Accounts/,2023-11-01T15:27:27,low
summary_4794.pdf,.pdf,1593,C:/Finance/Reports/,2023-04-24T03:46:28,low
invoice_loan_4795.docx,.docx,163,C:/Finance/Loans/,2023-09-23T09:58:09,high
guidelines_ledger_4796.csv,.csv,644,C:/Finance/Accounts/,2022-03-15T03:59:04,high
guideline_4797.pdf,.pdf,1805,C:/Finance/Internal/Policies/,2022-07-02T02:05:56,high
policy_4798.docx,.docx,91,C:/Finance/Internal/Policies/,2023-06-24T15:03:20,high
ledger_4799.csv,.csv,30,C:/Finance/Accounts/,2023-01-29T16:07:29,low
analysis_roster_4800.pdf,.pdf,2020,C:/Finance/HR/,2025-05-19T14:51:46,high
contract_4801.pdf,.pdf,1001,C:/Finance/Loans/,2022-08-12T08:36:26,high
memo_transaction_4802.pdf,.pdf,1270,C:/Finance/Transactions/,2025-05-16T09:24:32,medium
policy_contract_4803.xlsx,.xlsx,159,C:/Finance/Loans/,2022-10-04T17:25:56,medium
repayment_4804.pdf,.pdf,109,C:/Finance/Loans/,2022-09-19T13:22:31,low
menu_repayment_4805.pdf,.pdf,826,C:/Finance/Loans/,2024-04-20T00:08:28,low
public_notice_review_4806.pdf,.pdf,853,C:/Finance/Compliance/,2024-03-12T11:19:38,low
account_number_ledger_4807.xlsx,.xlsx,52,C:/Finance/Accounts/,2022-12-12T16:11:43,low
statement_memo_4808.csv,.csv,429,C:/Finance/Reports/,2024-10-11T09:05:19,medium
analysis_statement_4809.xlsx,.xlsx,789,C:/Finance/Transactions/,2022-06-12T20:21:00,high
schedule_audit_4810.xlsx,.xlsx,467,C:/Finance/Compliance/,2022-07-25T11:33:25,medium
public_notice_customer_4811.csv,.csv,146,C:/Finance/Customers/,2023-08-14T09:29:07,low
contract_4812.pdf,.pdf,947,C:/Finance/Customers/,2022-05-09T05:26:25,low
protocol_4813.xlsx,.xlsx,641,C:/Finance/Internal/Policies/,2023-10-06T19:18:46,low
confidential_notice_4814.csv,.csv,318,C:/Finance/PublicInfo/Announcements/,2022-10-18T06:03:25,low
memo_report_4815_confidential.pdf,.pdf,1566,C:/Finance/HR/,2024-07-10T10:43:23,low
public_notice_balance_4816.pdf,.pdf,470,C:/Finance/Accounts/,2022-04-30T12:23:41,medium
memo_notice_4817.txt,.txt,14,C:/Finance/PublicInfo/Announcements/,2023-09-22T19:11:56,low
invoice_policy_4818.docx,.docx,375,C:/Finance/Internal/Policies/,2024-05-07T10:31:22,low
schedule_4819_archived.pdf,.pdf,231,C:/Finance/PublicInfo/Announcements/,2023-02-06T08:07:33,low
analysis_4820.csv,.csv,168,C:/Finance/Reports/,2024-10-26T18:25:26,high
statement_report_4821.docx,.docx,99,C:/Finance/HR/,2022-10-11T12:21:42,low
schedule_policy_4822.docx,.docx,155,C:/Finance/Compliance/,2022-02-09T05:10:19,low
memo_ledger_4823.xlsx,.xlsx,1375,C:/Finance/Accounts/,2022-01-09T21:31:21,low
account_number_guideline_4824.docx,.docx,464,C:/Finance/Internal/Policies/,2023-11-30T09:21:08,low
agreement_4825.docx,.docx,792,C:/Finance/Loans/,2024-08-24T09:37:49,low
guidelines_report_4826.xlsx,.xlsx,823,C:/Finance/HR/,2023-01-18T23:57:37,medium
guideline_4827.xlsx,.xlsx,464,C:/Finance/Compliance/,2025-11-24T19:40:03,medium
info_4828.pdf,.pdf,1517,C:/Finance/PublicInfo/Guidelines/,2022-04-27T23:36:16,medium
announcement_4829.pdf,.pdf,826,C:/Finance/PublicInfo/Guidelines/,2022-11-19T21:25:40,low
invoice_statement_4830.xlsx,.xlsx,439,C:/Finance/Transactions/,2022-07-31T09:38:37,high
review_4831.docx,.docx,580,C:/Finance/Compliance/,2023-06-26T01:49:07,low
customer_summary_4832.csv,.csv,560,C:/Finance/Transactions/,2023-11-19T12:56:32,low
roster_4833.docx,.docx,10,C:/Finance/HR/,2022-09-27T12:11:09,low
payroll_4834.xlsx,.xlsx,408,C:/Finance/HR/,2025-02-16T11:26:23,low
guidelines_memo_4835.csv,.csv,587,C:/Finance/Reports/,2024-03-06T10:05:47,low
customer_4836.pdf,.pdf,298,C:/Finance/Customers/,2022-05-16T13:34:46,high
announcement_4837.pdf,.pdf,131,C:/Finance/PublicInfo/Guidelines/,2023-06-13T12:18:24,low
schedule_contract_4838.csv,.csv,484,C:/Finance/Customers/,2024-07-16T07:44:35,low
public_notice_review_4839_v2.xlsx,.xlsx,1717,C:/Finance/Compliance/,2024-06-09T16:05:17,medium
analysis_4840.xlsx,.xlsx,628,C:/Finance/Reports/,2023-01-27T09:03:52,high
analysis_agreement_4841.docx,.docx,391,C:/Finance/Loans/,2023-03-01T17:36:23,medium
invoice_repayment_4842.pdf,.pdf,845,C:/Finance/Loans/,2022-10-25T22:47:09,low
announcement_4843.pdf,.pdf,1173,C:/Finance/PublicInfo/Guidelines/,2022-06-06T19:09:58,medium
account_4844.csv,.csv,153,C:/Finance/Accounts/,2022-11-16T16:22:51,low
statement_4845.csv,.csv,455,C:/Finance/Transactions/,2025-02-10T21:53:51,high
transfer_4846_archived.pdf,.pdf,710,C:/Finance/Transactions/,2022-04-11T05:00:47,low
audit_4847.pdf,.pdf,166,C:/Finance/Compliance/,2025-09-06T06:37:43,low
transfer_4848.csv,.csv,434,C:/Finance/Transactions/,2022-08-07T15:14:35,high
agreement_4849.pdf,.pdf,1099,C:/Finance/Loans/,2025-04-15T00:43:22,low
transaction_info_4850.txt,.txt,22,C:/Finance/PublicInfo/Guidelines/,2024-03-09T19:45:14,low
transaction_profile_4851_draft.docx,.docx,94,C:/Finance/Customers/,2025-12-01T04:08:52,low
statement_schedule_4852.csv,.csv,407,C:/Finance/PublicInfo/Guidelines/,2022-01-17T20:26:10,medium
report_memo_4853.pdf,.pdf,984,C:/Finance/Reports/,2024-02-13T20:35:30,low
info_roster_4854.pdf,.pdf,945,C:/Finance/HR/,2025-04-04T18:30:00,medium
credit_report_guideline_4855.docx,.docx,307,C:/Finance/Internal/Policies/,2025-08-19T17:12:26,low
balance_4856.xlsx,.xlsx,2008,C:/Finance/Accounts/,2023-08-09T16:06:26,high
schedule_4857.txt,.txt,114,C:/Finance/PublicInfo/Announcements/,2023-08-22T06:33:52,low
summary_salary_4858.pdf,.pdf,19,C:/Finance/HR/,2025-05-26T14:26:42,low
audit_4859_v2.xlsx,.xlsx,313,C:/Finance/Accounts/,2022-03-17T21:44:37,low
info_summary_4860.xlsx,.xlsx,845,C:/Finance/Transactions/,2024-06-22T21:45:21,low
report_roster_4861.docx,.docx,433,C:/Finance/HR/,2023-05-16T09:48:29,low
guidelines_loan_4862.docx,.docx,20,C:/Finance/Loans/,2025-10-20T20:14:15,low
schedule_roster_4863.docx,.docx,533,C:/Finance/HR/,2023-01-20T01:32:54,low
notice_4864.pdf,.pdf,440,C:/Finance/PublicInfo/Guidelines/,2024-01-28T16:12:12,low
menu_review_4865_archived.pdf,.pdf,788,C:/Finance/Compliance/,2024-09-16T10:08:28,low
guidelines_summary_4866.xlsx,.xlsx,242,C:/Finance/Reports/,2024-02-20T16:31:33,low
guidelines_loan_4867.xls,.xls,2,C:/Finance/Loans/,2024-09-02T08:46:27,low
roster_4868.docx,.docx,922,C:/Finance/HR/,2023-02-14T00:51:33,high
policy_loan_4869.xlsx,.xlsx,554,C:/Finance/Loans/,2023-07-15T08:57:01,medium
info_info_4870.pdf,.pdf,120,C:/Finance/PublicInfo/Announcements/,2025-05-12T15:27:21,low
ledger_audit_4871.xlsx,.xlsx,1356,C:/Finance/Accounts/,2024-10-20T13:36:00,low
info_4872_final.txt,.txt,83,C:/Finance/PublicInfo/Announcements/,2025-06-23T03:37:19,low
profile_4873.docx,.docx,87,C:/Finance/Customers/,2025-02-02T09:46:50,medium
ledger_4874.xlsx,.xlsx,334,C:/Finance/Accounts/,2024-07-01T16:55:57,medium
statement_loan_4875_confidential.xlsx,.xlsx,610,C:/Finance/Loans/,2023-11-17T09:19:25,high
report_4876.xlsx,.xlsx,264,C:/Finance/HR/,2023-05-16T05:05:10,low
loan_4877.pdf,.pdf,1690,C:/Finance/Loans/,2023-05-02T16:58:30,high
guidelines_review_4878.xlsx,.xlsx,768,C:/Finance/Compliance/,2024-05-16T23:34:58,low
schedule_4879.csv,.csv,180,C:/Finance/PublicInfo/Guidelines/,2024-05-22T04:30:38,low
statement_4880_final.pdf,.pdf,1363,C:/Finance/Transactions/,2025-04-12T15:22:50,high
payroll_4881.pdf,.pdf,54,C:/Finance/HR/,2023-03-28T12:30:50,low
profile_4882.csv,.csv,67,C:/Finance/Customers/,2025-01-05T21:14:56,low
audit_4883_v2.pdf,.pdf,921,C:/Finance/Accounts/,2022-09-05T22:24:49,low
contract_4884.csv,.csv,519,C:/Finance/Customers/,2025-12-13T13:16:04,low
policy_4885.docx,.docx,333,C:/Finance/Compliance/,2025-12-14T05:02:38,low
balance_4886.xlsx,.xlsx,148,C:/Finance/Accounts/,2025-04-11T16:54:50,low
repayment_4887.xlsx,.xlsx,759,C:/Finance/Loans/,2023-04-26T23:03:32,low
salary_4888.pdf,.pdf,1297,C:/Finance/HR/,2023-08-30T22:03:28,low
summary_4889.xlsx,.xlsx,693,C:/Finance/Transactions/,2024-12-27T03:00:03,low
statement_payroll_4890.xlsx,.xlsx,226,C:/Finance/HR/,2024-07-23T09:46:58,high
account_4891.csv,.csv,732,C:/Finance/Accounts/,2024-08-13T03:54:30,high
report_4892_archived.pdf,.pdf,36,C:/Finance/Reports/,2023-11-22T17:32:36,medium
guidelines_audit_4893.xlsx,.xlsx,1601,C:/Finance/Compliance/,2024-03-20T13:18:32,medium
memo_protocol_4894.pdf,.pdf,2084,C:/Finance/Internal/Policies/,2024-09-12T14:31:45,high
policy_summary_4895.xlsx,.xlsx,641,C:/Finance/Reports/,2025-02-04T14:54:02,low
guidelines_notice_4896.csv,.csv,267,C:/Finance/PublicInfo/Guidelines/,2022-07-28T01:56:14,low
analysis_4897.csv,.csv,712,C:/Finance/Reports/,2024-12-09T15:26:26,high
credit_report_report_4898.docx,.docx,454,C:/Finance/HR/,2024-07-17T02:24:24,high
info_schedule_4899.pdf,.pdf,1792,C:/Finance/PublicInfo/Announcements/,2022-03-28T17:49:16,low
balance_4900.csv,.csv,519,C:/Finance/Accounts/,2023-12-27T09:31:23,high
guideline_4901_v2.docx,.docx,561,C:/Finance/Compliance/,2022-11-19T23:11:35,low
statement_4902.csv,.csv,388,C:/Finance/Transactions/,2025-12-26T04:01:55,low
ssn_summary_4903.xlsx,.xlsx,19,C:/Finance/Reports/,2022-04-27T15:22:51,low
report_4904.pdf,.pdf,46,C:/Finance/HR/,2025-01-07T21:36:34,medium
repayment_4905.docx,.docx,387,C:/Finance/Loans/,2025-10-28T00:13:41,low
announcement_summary_4906_archived.xlsx,.xlsx,1058,C:/Finance/Reports/,2025-02-07T13:03:19,low
policy_procedure_4907_confidential.pdf,.pdf,1328,C:/Finance/Internal/Policies/,2023-05-30T18:38:29,medium
review_4908.docx,.docx,1199,C:/Finance/Compliance/,2024-04-27T08:10:52,medium
public_notice_audit_4909.pdf,.pdf,1903,C:/Finance/Accounts/,2025-06-26T02:56:59,low
pin_loan_4910.docx,.docx,1118,C:/Finance/Loans/,2022-09-10T20:09:51,high
memo_balance_4911_v2.csv,.csv,30,C:/Finance/Accounts/,2023-02-17T08:51:34,medium
guideline_4912.xlsx,.xlsx,440,C:/Finance/Compliance/,2025-10-09T16:37:24,medium
ledger_payroll_4913.pdf,.pdf,1926,C:/Finance/HR/,2025-03-16T23:24:37,low
info_4914.txt,.txt,48,C:/Finance/PublicInfo/Guidelines/,2023-05-30T23:05:25,low
menu_announcement_4915.csv,.csv,482,C:/Finance/PublicInfo/Guidelines/,2024-07-21T03:24:07,low
memo_4916.pdf,.pdf,879,C:/Finance/Reports/,2024-12-12T13:02:58,medium
transaction_audit_4917.xlsx,.xlsx,1517,C:/Finance/Accounts/,2022-11-23T03:30:50,high
policy_4918.xlsx,.xlsx,427,C:/Finance/Compliance/,2025-03-13T04:26:59,high
info_report_4919.xlsx,.xlsx,591,C:/Finance/Reports/,2024-12-30T22:42:33,low
menu_analysis_4920.xlsx,.xlsx,177,C:/Finance/Reports/,2022-05-19T06:36:31,medium
transaction_ledger_4921.pdf,.pdf,1275,C:/Finance/Accounts/,2024-06-04T21:21:08,low
guidelines_account_4922.pdf,.pdf,173,C:/Finance/Accounts/,2024-07-30T17:24:19,medium
audit_4923.csv,.csv,411,C:/Finance/Accounts/,2024-06-18T20:24:41,low
credit_report_review_4924_archived.docx,.docx,467,C:/Finance/Compliance/,2022-09-24T22:29:33,high
notice_4925.pdf,.pdf,1951,C:/Finance/PublicInfo/Guidelines/,2024-07-02T09:00:59,low
ledger_report_4926.xlsx,.xlsx,1036,C:/Finance/Reports/,2025-07-27T00:54:06,low
schedule_info_4927.csv,.csv,166,C:/Finance/Customers/,2023-10-22T18:36:40,high
statement_info_4928.pdf,.pdf,527,C:/Finance/Customers/,2023-07-22T16:34:40,high
announcement_protocol_4929.xlsx,.xlsx,457,C:/Finance/Internal/Policies/,2024-05-23T18:22:15,low
analysis_4930.csv,.csv,505,C:/Finance/Reports/,2023-02-22T05:04:21,low
ledger_guideline_4931.pdf,.pdf,80,C:/Finance/Internal/Policies/,2025-08-21T07:17:25,low
info_4932.pdf,.pdf,1576,C:/Finance/Customers/,2023-03-04T22:50:07,high
schedule_contract_4933.docx,.docx,230,C:/Finance/Customers/,2023-10-09T15:17:16,high
info_transaction_4934.csv,.csv,437,C:/Finance/Transactions/,2022-03-20T11:12:46,medium
report_info_4935.csv,.csv,294,C:/Finance/PublicInfo/Guidelines/,2024-07-26T20:28:25,low
announcement_4936.txt,.txt,78,C:/Finance/PublicInfo/Announcements/,2022-02-23T10:05:11,medium
roster_4937.xlsx,.xlsx,939,C:/Finance/HR/,2024-09-08T18:34:02,low
transaction_loan_4938.docx,.docx,469,C:/Finance/Loans/,2022-12-13T15:36:37,medium
policy_profile_4939.pdf,.pdf,803,C:/Finance/Customers/,2024-11-03T00:47:22,low
info_announcement_4940.txt,.txt,118,C:/Finance/PublicInfo/Announcements/,2022-06-28T23:39:45,low
invoice_transaction_4941_draft.xlsx,.xlsx,1221,C:/Finance/Transactions/,2023-10-13T01:10:20,low
guidelines_announcement_4942_archived.pdf,.pdf,1628,C:/Finance/PublicInfo/Guidelines/,2022-06-14T07:22:21,high
info_contract_4943.pdf,.pdf,388,C:/Finance/Loans/,2022-08-25T16:36:17,low
policy_4944.docx,.docx,284,C:/Finance/Internal/Policies/,2023-01-08T13:11:39,medium
roster_4945_v2.docx,.docx,911,C:/Finance/HR/,2023-03-20T04:49:02,low
info_4946.csv,.csv,203,C:/Finance/PublicInfo/Guidelines/,2024-07-11T10:26:03,low
info_notice_4947.pdf,.pdf,912,C:/Finance/PublicInfo/Announcements/,2022-07-15T00:49:35,medium
info_4948.docx,.docx,76,C:/Finance/Customers/,2023-04-13T16:12:24,low
roster_4949.docx,.docx,395,C:/Finance/HR/,2022-09-06T15:08:09,low
memo_4950.pdf,.pdf,1967,C:/Finance/Reports/,2022-12-23T06:19:15,medium
audit_4951.xlsx,.xlsx,2585,C:/Finance/Accounts/,2022-06-02T02:38:13,medium
summary_4952.pdf,.pdf,15,C:/Finance/Transactions/,2024-01-22T10:07:02,medium
loan_4953.xls,.xls,1110,C:/Finance/Loans/,2022-09-13T00:37:42,medium
report_4954.csv,.csv,164,C:/Finance/Reports/,2022-06-02T03:30:45,low
statement_contract_4955.pdf,.pdf,1804,C:/Finance/Loans/,2022-12-03T08:59:57,medium
schedule_4956.pdf,.pdf,1761,C:/Finance/PublicInfo/Announcements/,2024-10-28T13:15:57,medium
notice_4957.csv,.csv,261,C:/Finance/PublicInfo/Guidelines/,2023-06-15T10:58:00,low
info_4958.pdf,.pdf,1504,C:/Finance/PublicInfo/Guidelines/,2023-10-07T18:28:43,low
transaction_statement_4959.csv,.csv,123,C:/Finance/Transactions/,2025-01-01T11:16:34,low
procedure_4960.pdf,.pdf,843,C:/Finance/Internal/Policies/,2023-02-24T20:20:57,low
schedule_agreement_4961.xls,.xls,807,C:/Finance/Loans/,2025-11-27T10:19:40,high
protocol_4962.xlsx,.xlsx,851,C:/Finance/Internal/Policies/,2024-11-17T23:30:01,low
schedule_4963.csv,.csv,997,C:/Finance/PublicInfo/Announcements/,2024-05-27T20:42:03,high
statement_transaction_4964.csv,.csv,291,C:/Finance/Transactions/,2022-12-16T11:33:18,medium
transaction_profile_4965_confidential.docx,.docx,331,C:/Finance/Customers/,2023-01-31T08:09:28,low
announcement_4966.txt,.txt,40,C:/Finance/PublicInfo/Announcements/,2023-07-23T06:10:24,medium
schedule_4967.txt,.txt,93,C:/Finance/PublicInfo/Announcements/,2025-08-15T15:10:09,high
info_profile_4968.docx,.docx,195,C:/Finance/Customers/,2022-02-27T23:16:29,medium
announcement_4969.txt,.txt,119,C:/Finance/PublicInfo/Announcements/,2025-04-17T17:08:18,low
policy_procedure_4970.pdf,.pdf,1221,C:/Finance/Internal/Policies/,2022-03-17T01:22:10,low
announcement_balance_4971.csv,.csv,98,C:/Finance/Accounts/,2023-08-28T05:34:50,high
announcement_loan_4972.docx,.docx,195,C:/Finance/Loans/,2024-01-03T09:54:56,medium
report_4973.docx,.docx,618,C:/Finance/HR/,2024-09-19T11:34:51,medium
info_info_4974.csv,.csv,778,C:/Finance/Customers/,2022-09-28T08:32:23,low
guidelines_guideline_4975.xlsx,.xlsx,699,C:/Finance/Internal/Policies/,2022-08-05T11:12:29,low
policy_4976.pdf,.pdf,1117,C:/Finance/Internal/Policies/,2022-12-28T03:18:00,low
info_4977.pdf,.pdf,1115,C:/Finance/PublicInfo/Announcements/,2024-06-13T09:50:19,low
contract_4978.docx,.docx,1140,C:/Finance/Loans/,2023-08-08T04:30:33,low
announcement_statement_4979.pdf,.pdf,97,C:/Finance/Transactions/,2022-12-17T00:02:19,low
summary_4980.csv,.csv,218,C:/Finance/Reports/,2023-02-02T02:51:30,low
guideline_4981.docx,.docx,630,C:/Finance/Compliance/,2023-04-18T10:51:50,low
memo_info_4982.txt,.txt,44,C:/Finance/PublicInfo/Announcements/,2024-12-11T02:45:47,medium
account_4983.xlsx,.xlsx,585,C:/Finance/Accounts/,2022-03-23T17:01:23,high
menu_review_4984_v2.pdf,.pdf,197,C:/Finance/Compliance/,2022-12-12T01:02:04,low
loan_contract_contract_4985.pdf,.pdf,275,C:/Finance/Customers/,2022-05-23T19:11:35,low
info_4986.csv,.csv,610,C:/Finance/Customers/,2024-11-17T01:10:22,high
payroll_4987.docx,.docx,10,C:/Finance/HR/,2024-03-05T22:30:06,medium
statement_4988.csv,.csv,48,C:/Finance/Transactions/,2023-10-26T13:37:45,low
report_4989.docx,.docx,105,C:/Finance/HR/,2025-01-09T23:47:50,low
policy_notice_4990.pdf,.pdf,828,C:/Finance/PublicInfo/Announcements/,2023-08-21T10:38:14,medium
public_notice_info_4991.pdf,.pdf,33,C:/Finance/PublicInfo/Guidelines/,2025-10-14T07:15:57,low
schedule_4992.txt,.txt,40,C:/Finance/PublicInfo/Announcements/,2025-03-25T15:25:51,low
menu_schedule_4993.pdf,.pdf,133,C:/Finance/PublicInfo/Guidelines/,2022-06-18T06:00:30,low
profile_4994.csv,.csv,152,C:/Finance/Customers/,2022-04-21T08:06:23,low
memo_policy_4995.pdf,.pdf,89,C:/Finance/Internal/Policies/,2025-05-22T18:41:13,high
menu_guideline_4996.xlsx,.xlsx,653,C:/Finance/Internal/Policies/,2022-03-28T08:28:18,low
statement_memo_4997_final.pdf,.pdf,100,C:/Finance/Reports/,2022-06-18T07:34:47,medium
transaction_procedure_4998.xlsx,.xlsx,1230,C:/Finance/Internal/Policies/,2024-06-01T19:24:07,low
statement_4999_final.csv,.csv,277,C:/Finance/Transactions/,2025-03-11T17:43:09,low
menu_summary_5000_draft.pdf,.pdf,786,C:/Finance/Transactions/,2025-05-27T06:28:25,low
transaction_5001.xlsx,.xlsx,892,C:/Finance/Transactions/,2024-08-05T00:11:22,low
announcement_loan_5002_archived.docx,.docx,29,C:/Finance/Loans/,2022-03-22T01:25:47,low
announcement_balance_5003.csv,.csv,29,C:/Finance/Accounts/,2022-04-21T20:00:43,low
memo_notice_5004.pdf,.pdf,1470,C:/Finance/PublicInfo/Guidelines/,2025-11-28T22:54:37,low
summary_agreement_5005.xls,.xls,459,C:/Finance/Loans/,2023-05-10T23:25:31,high
customer_customer_5006.csv,.csv,214,C:/Finance/Customers/,2025-05-01T04:35:03,medium
menu_review_5007.xlsx,.xlsx,261,C:/Finance/Compliance/,2022-05-07T16:53:36,low
invoice_guideline_5008.pdf,.pdf,1769,C:/Finance/Compliance/,2024-07-05T15:32:18,medium
public_notice_memo_5009.xlsx,.xlsx,2342,C:/Finance/Reports/,2025-06-16T13:15:06,low
info_memo_5010.pdf,.pdf,973,C:/Finance/Reports/,2025-10-31T17:34:30,medium
profile_5011.csv,.csv,591,C:/Finance/Customers/,2023-05-30T17:03:23,low
info_5012_v2.csv,.csv,671,C:/Finance/PublicInfo/Announcements/,2022-08-03T20:52:59,medium
guideline_5013.pdf,.pdf,430,C:/Finance/Compliance/,2023-11-19T14:31:09,low
notice_5014.csv,.csv,135,C:/Finance/PublicInfo/Announcements/,2024-08-14T07:39:17,high
analysis_contract_5015.pdf,.pdf,1327,C:/Finance/Loans/,2022-09-17T18:15:20,low
announcement_contract_5016.docx,.docx,954,C:/Finance/Loans/,2023-11-03T16:59:29,high
summary_5017.csv,.csv,100,C:/Finance/Transactions/,2024-05-31T19:50:55,low
analysis_audit_5018.pdf,.pdf,130,C:/Finance/Compliance/,2025-01-15T08:35:08,low
info_5019.pdf,.pdf,196,C:/Finance/PublicInfo/Announcements/,2025-02-12T12:48:47,high
public_notice_payroll_5020.xlsx,.xlsx,436,C:/Finance/HR/,2022-09-17T21:51:04,low
notice_5021.txt,.txt,49,C:/Finance/PublicInfo/Announcements/,2022-08-15T20:05:11,low
contract_5022.xlsx,.xlsx,517,C:/Finance/Loans/,2022-07-18T23:32:24,medium
info_5023.csv,.csv,173,C:/Finance/PublicInfo/Announcements/,2022-04-02T00:52:32,low
confidential_transfer_5024.pdf,.pdf,603,C:/Finance/Transactions/,2025-10-18T10:16:31,high
policy_5025.docx,.docx,541,C:/Finance/Internal/Policies/,2023-01-22T13:20:31,low
guidelines_salary_5026.xlsx,.xlsx,1731,C:/Finance/HR/,2024-03-24T18:45:10,low
protocol_5027.xlsx,.xlsx,141,C:/Finance/Internal/Policies/,2022-08-20T02:08:13,low
ledger_5028_v2.pdf,.pdf,74,C:/Finance/Accounts/,2025-05-15T20:29:49,low
public_notice_guideline_5029.docx,.docx,1179,C:/Finance/Internal/Policies/,2023-07-08T05:41:37,medium
guidelines_notice_5030_v2.pdf,.pdf,1611,C:/Finance/PublicInfo/Guidelines/,2023-12-20T16:43:25,medium
policy_5031.pdf,.pdf,371,C:/Finance/Compliance/,2022-02-05T05:34:23,low
analysis_5032.csv,.csv,576,C:/Finance/Reports/,2024-07-26T15:48:23,low
credit_report_info_5033.csv,.csv,187,C:/Finance/PublicInfo/Guidelines/,2022-01-22T23:07:44,high
guideline_5034.pdf,.pdf,852,C:/Finance/Compliance/,2024-09-10T04:19:42,medium
notice_5035.pdf,.pdf,212,C:/Finance/PublicInfo/Guidelines/,2024-09-23T07:00:52,low
report_contract_5036.pdf,.pdf,1641,C:/Finance/Customers/,2022-05-02T18:42:04,medium
salary_5037.docx,.docx,509,C:/Finance/HR/,2025-05-18T14:50:09,low
review_5038.docx,.docx,651,C:/Finance/Compliance/,2025-07-19T03:39:45,medium
audit_info_5039.csv,.csv,96,C:/Finance/PublicInfo/Guidelines/,2023-04-28T13:25:14,low
public_notice_account_5040.xlsx,.xlsx,975,C:/Finance/Accounts/,2024-02-29T14:47:04,medium
protocol_5041.pdf,.pdf,1392,C:/Finance/Internal/Policies/,2024-07-04T21:56:35,low
info_5042.pdf,.pdf,1824,C:/Finance/PublicInfo/Guidelines/,2023-03-11T06:59:13,low
pin_contract_5043_archived.pdf,.pdf,810,C:/Finance/Loans/,2025-02-21T20:31:59,high
menu_audit_5044.pdf,.pdf,482,C:/Finance/Accounts/,2022-11-30T22:02:21,low
transaction_5045_v2.xlsx,.xlsx,341,C:/Finance/Transactions/,2024-07-13T01:28:33,low
memo_memo_5046.csv,.csv,168,C:/Finance/Reports/,2022-09-30T22:58:40,low
schedule_memo_5047.pdf,.pdf,612,C:/Finance/Reports/,2023-11-23T03:22:32,low
statement_summary_5048.pdf,.pdf,1039,C:/Finance/Reports/,2022-07-13T03:25:05,low
policy_summary_5049.pdf,.pdf,2548,C:/Finance/Reports/,2022-12-25T19:34:03,high
analysis_5050.csv,.csv,25,C:/Finance/Reports/,2025-11-19T06:41:38,low
account_5051.pdf,.pdf,1359,C:/Finance/Accounts/,2022-09-05T01:47:10,low
policy_notice_5052.pdf,.pdf,1280,C:/Finance/PublicInfo/Announcements/,2024-09-27T14:26:53,medium
guideline_5053.pdf,.pdf,341,C:/Finance/Internal/Policies/,2022-08-26T22:35:31,low
statement_schedule_5054.txt,.txt,135,C:/Finance/PublicInfo/Announcements/,2023-07-04T11:31:17,high
menu_ledger_5055.pdf,.pdf,206,C:/Finance/Accounts/,2025-02-20T19:16:34,low
audit_5056.docx,.docx,140,C:/Finance/Compliance/,2022-06-04T08:00:42,medium
schedule_info_5057.pdf,.pdf,208,C:/Finance/Customers/,2022-03-06T03:19:25,medium
policy_5058.xlsx,.xlsx,314,C:/Finance/Compliance/,2024-11-29T17:00:26,low
info_analysis_5059.csv,.csv,314,C:/Finance/Reports/,2024-12-16T00:52:20,low
balance_5060.pdf,.pdf,996,C:/Finance/Accounts/,2023-03-29T00:26:34,medium
policy_info_5061.pdf,.pdf,1420,C:/Finance/PublicInfo/Guidelines/,2025-06-19T20:42:19,high
policy_announcement_5062.csv,.csv,43,C:/Finance/PublicInfo/Announcements/,2023-06-23T00:05:40,low
statement_profile_5063.docx,.docx,174,C:/Finance/Customers/,2025-01-01T09:46:30,high
schedule_audit_5064.pdf,.pdf,1104,C:/Finance/Compliance/,2022-04-01T15:41:16,low
loan_5065.xlsx,.xlsx,63,C:/Finance/Loans/,2023-08-24T11:46:08,low
menu_protocol_5066.pdf,.pdf,669,C:/Finance/Internal/Policies/,2023-08-02T14:01:33,high
analysis_5067.csv,.csv,302,C:/Finance/Reports/,2024-10-04T10:10:52,low
payroll_5068.docx,.docx,367,C:/Finance/HR/,2023-03-17T10:53:52,low
info_schedule_5069_final.csv,.csv,466,C:/Finance/PublicInfo/Guidelines/,2024-03-08T22:03:36,low
announcement_5070.pdf,.pdf,504,C:/Finance/PublicInfo/Announcements/,2024-01-11T14:43:05,low
menu_profile_5071.docx,.docx,99,C:/Finance/Customers/,2022-07-19T17:38:19,low
passwords_customer_5072.docx,.docx,270,C:/Finance/Customers/,2024-03-18T16:09:23,medium
audit_5073.xlsx,.xlsx,893,C:/Finance/Compliance/,2022-05-15T09:14:38,high
analysis_5074.pdf,.pdf,1287,C:/Finance/Reports/,2025-05-17T20:37:41,low
announcement_profile_5075_confidential.docx,.docx,603,C:/Finance/Customers/,2023-01-07T17:21:23,medium
memo_5076.pdf,.pdf,1541,C:/Finance/Reports/,2023-06-17T08:17:17,medium
schedule_protocol_5077_confidential.docx,.docx,974,C:/Finance/Internal/Policies/,2025-04-17T08:05:21,medium
summary_memo_5078.pdf,.pdf,136,C:/Finance/Reports/,2022-09-25T10:24:28,medium
notice_5079.pdf,.pdf,653,C:/Finance/PublicInfo/Guidelines/,2023-03-17T00:20:56,medium
review_5080.pdf,.pdf,929,C:/Finance/Compliance/,2023-04-05T11:13:37,low
policy_guideline_5081_archived.docx,.docx,468,C:/Finance/Compliance/,2022-07-17T10:28:16,low
public_notice_memo_5082.csv,.csv,202,C:/Finance/Reports/,2023-06-13T20:34:58,low
contract_5083.pdf,.pdf,1085,C:/Finance/Customers/,2023-10-12T12:45:04,low
schedule_policy_5084.pdf,.pdf,123,C:/Finance/Internal/Policies/,2023-04-24T08:12:43,medium
profile_5085.pdf,.pdf,528,C:/Finance/Customers/,2023-12-14T14:31:10,low
contract_5086.xls,.xls,788,C:/Finance/Loans/,2025-01-12T17:07:01,medium
ledger_5087.pdf,.pdf,921,C:/Finance/Accounts/,2023-11-16T10:45:42,low
announcement_announcement_5088.txt,.txt,73,C:/Finance/PublicInfo/Announcements/,2022-11-12T07:22:29,low
summary_policy_5089.pdf,.pdf,154,C:/Finance/Internal/Policies/,2022-02-24T15:21:15,high
info_policy_5090.xlsx,.xlsx,444,C:/Finance/Internal/Policies/,2025-12-01T14:45:23,low
agreement_5091_final.xlsx,.xlsx,726,C:/Finance/Loans/,2024-12-27T00:31:45,medium
summary_5092.pdf,.pdf,985,C:/Finance/Reports/,2024-08-24T13:00:27,low
policy_info_5093.txt,.txt,66,C:/Finance/PublicInfo/Announcements/,2022-05-13T12:17:44,low
contract_5094.pdf,.pdf,887,C:/Finance/Customers/,2025-09-09T15:48:15,low
schedule_policy_5095.docx,.docx,439,C:/Finance/Internal/Policies/,2025-08-29T10:26:03,low
summary_5096.pdf,.pdf,669,C:/Finance/Transactions/,2024-07-31T01:48:17,low
report_policy_5097.pdf,.pdf,417,C:/Finance/Internal/Policies/,2022-03-19T04:54:26,low
summary_summary_5098.csv,.csv,318,C:/Finance/Reports/,2025-06-06T22:04:37,medium
transaction_statement_5099.csv,.csv,430,C:/Finance/Transactions/,2025-09-02T10:33:39,low
info_profile_5100.csv,.csv,71,C:/Finance/Customers/,2023-10-21T21:47:19,high
bank_statement_schedule_5101.txt,.txt,56,C:/Finance/PublicInfo/Guidelines/,2023-06-05T19:49:40,high
roster_5102.pdf,.pdf,553,C:/Finance/HR/,2025-11-24T03:53:14,medium
info_5103.txt,.txt,141,C:/Finance/PublicInfo/Guidelines/,2023-07-18T09:21:33,high
confidential_transaction_5104.pdf,.pdf,187,C:/Finance/Transactions/,2022-02-15T21:13:21,low
contract_5105_archived.pdf,.pdf,2668,C:/Finance/Loans/,2024-02-02T14:52:09,low
invoice_statement_5106_archived.csv,.csv,475,C:/Finance/Transactions/,2023-09-04T07:48:12,low
contract_5107.xlsx,.xlsx,240,C:/Finance/Loans/,2023-04-03T05:18:50,low
agreement_5108_final.xlsx,.xlsx,453,C:/Finance/Loans/,2025-04-06T10:03:56,medium
contract_5109.pdf,.pdf,590,C:/Finance/Loans/,2023-01-02T12:37:20,low
report_info_5110.pdf,.pdf,630,C:/Finance/Customers/,2024-09-10T13:14:35,low
guidelines_memo_5111_draft.pdf,.pdf,1122,C:/Finance/Reports/,2025-11-01T19:12:54,low
info_guideline_5112.xlsx,.xlsx,1280,C:/Finance/Compliance/,2023-12-21T09:54:22,low
profile_5113.pdf,.pdf,910,C:/Finance/Customers/,2023-08-13T19:39:09,low
schedule_5114.pdf,.pdf,664,C:/Finance/PublicInfo/Announcements/,2025-08-31T18:32:13,high
audit_5115.xlsx,.xlsx,1357,C:/Finance/Compliance/,2022-11-01T09:41:28,low
tax_info_audit_5116.csv,.csv,290,C:/Finance/Accounts/,2025-10-27T03:03:50,medium
menu_report_5117.csv,.csv,72,C:/Finance/Reports/,2023-04-18T06:59:03,low
policy_policy_5118.pdf,.pdf,481,C:/Finance/Internal/Policies/,2025-08-27T09:00:18,low
credit_report_guideline_5119.docx,.docx,585,C:/Finance/Compliance/,2025-05-06T05:03:37,low
report_5120.docx,.docx,14,C:/Finance/HR/,2023-10-13T04:40:46,medium
payroll_5121.docx,.docx,254,C:/Finance/HR/,2022-01-30T14:33:56,medium
analysis_roster_5122.docx,.docx,724,C:/Finance/HR/,2025-07-26T06:07:02,medium
memo_5123.pdf,.pdf,330,C:/Finance/Reports/,2023-10-21T13:56:01,medium
audit_5124.pdf,.pdf,243,C:/Finance/Compliance/,2025-06-05T05:52:40,medium
announcement_5125_draft.pdf,.pdf,1926,C:/Finance/PublicInfo/Guidelines/,2024-11-17T15:30:07,medium
guideline_5126.pdf,.pdf,457,C:/Finance/Compliance/,2024-10-19T05:25:03,low
transfer_5127.pdf,.pdf,4,C:/Finance/Transactions/,2023-10-30T07:35:37,medium
schedule_5128.txt,.txt,37,C:/Finance/PublicInfo/Guidelines/,2023-06-21T17:05:41,low
menu_schedule_5129.pdf,.pdf,60,C:/Finance/PublicInfo/Guidelines/,2023-01-23T13:05:26,low
analysis_5130.pdf,.pdf,927,C:/Finance/Reports/,2022-07-26T17:11:27,low
public_notice_info_5131.docx,.docx,565,C:/Finance/Customers/,2023-03-26T10:27:32,medium
repayment_5132_archived.xls,.xls,1162,C:/Finance/Loans/,2024-10-26T09:59:01,medium
report_review_5133.pdf,.pdf,872,C:/Finance/Compliance/,2023-10-05T01:20:17,low
ledger_announcement_5134.txt,.txt,72,C:/Finance/PublicInfo/Announcements/,2025-11-10T13:33:25,low
guideline_5135.docx,.docx,90,C:/Finance/Compliance/,2024-11-04T16:27:08,medium
analysis_policy_5136_v2.pdf,.pdf,107,C:/Finance/Compliance/,2022-10-19T17:53:54,medium
policy_policy_5137.pdf,.pdf,402,C:/Finance/Compliance/,2023-04-13T19:31:38,low
audit_5138.csv,.csv,390,C:/Finance/Accounts/,2023-06-25T23:19:54,medium
info_5139_archived.csv,.csv,26,C:/Finance/PublicInfo/Announcements/,2025-08-03T07:36:46,medium
statement_5140.xlsx,.xlsx,154,C:/Finance/Transactions/,2025-06-15T01:53:47,low
policy_5141.xlsx,.xlsx,687,C:/Finance/Internal/Policies/,2022-01-26T12:02:28,low
report_summary_5142.pdf,.pdf,248,C:/Finance/Reports/,2023-03-01T10:16:15,medium
statement_5143.pdf,.pdf,216,C:/Finance/Transactions/,2022-06-05T20:35:25,medium
audit_5144.csv,.csv,721,C:/Finance/Accounts/,2025-09-13T21:25:16,high
memo_guideline_5145.xlsx,.xlsx,1477,C:/Finance/Compliance/,2023-07-19T09:30:51,medium
public_notice_audit_5146.pdf,.pdf,743,C:/Finance/Accounts/,2022-03-02T02:52:41,low
info_memo_5147.pdf,.pdf,1620,C:/Finance/Reports/,2022-04-20T07:40:58,medium
contract_5148.xls,.xls,1668,C:/Finance/Loans/,2025-04-11T14:34:43,high
protocol_5149.pdf,.pdf,908,C:/Finance/Internal/Policies/,2024-06-28T10:06:14,low
repayment_5150.xlsx,.xlsx,368,C:/Finance/Loans/,2022-07-17T13:12:28,low
info_5151.pdf,.pdf,1443,C:/Finance/Customers/,2024-06-11T14:22:43,high
memo_5152.xlsx,.xlsx,268,C:/Finance/Reports/,2022-05-03T22:25:02,medium
announcement_memo_5153_archived.xlsx,.xlsx,453,C:/Finance/Reports/,2025-06-23T13:02:16,low
summary_transfer_5154.xlsx,.xlsx,903,C:/Finance/Transactions/,2022-04-10T04:22:16,high
schedule_5155.csv,.csv,33,C:/Finance/PublicInfo/Announcements/,2023-03-04T19:28:27,low
info_memo_5156.pdf,.pdf,359,C:/Finance/Reports/,2024-05-08T06:31:12,low
memo_payroll_5157.docx,.docx,366,C:/Finance/HR/,2022-05-30T01:10:26,low
bank_statement_repayment_5158.xls,.xls,1036,C:/Finance/Loans/,2022-04-16T13:48:22,medium
notice_5159.csv,.csv,848,C:/Finance/PublicInfo/Guidelines/,2024-08-24T13:30:37,low
loan_5160.xlsx,.xlsx,600,C:/Finance/Loans/,2024-01-04T02:38:33,medium
ledger_5161.xlsx,.xlsx,676,C:/Finance/Accounts/,2024-06-26T20:28:23,high
announcement_roster_5162_final.docx,.docx,1105,C:/Finance/HR/,2022-12-10T13:47:45,low
policy_memo_5163.pdf,.pdf,489,C:/Finance/Reports/,2024-08-17T08:50:25,low
account_5164.pdf,.pdf,2331,C:/Finance/Accounts/,2022-11-27T12:17:03,medium
announcement_5165.txt,.txt,70,C:/Finance/PublicInfo/Announcements/,2022-12-17T16:38:02,medium
announcement_5166.pdf,.pdf,1756,C:/Finance/PublicInfo/Announcements/,2025-04-06T11:03:12,medium
procedure_5167.xlsx,.xlsx,1149,C:/Finance/Internal/Policies/,2023-02-27T12:31:10,high
info_5168.pdf,.pdf,757,C:/Finance/PublicInfo/Announcements/,2022-04-26T08:58:35,low
public_notice_policy_5169.docx,.docx,459,C:/Finance/Internal/Policies/,2022-12-07T12:39:05,low
transfer_5170_draft.csv,.csv,486,C:/Finance/Transactions/,2025-12-02T07:09:54,medium
info_balance_5171.xlsx,.xlsx,237,C:/Finance/Accounts/,2023-10-10T13:08:51,medium
memo_5172.xlsx,.xlsx,402,C:/Finance/Reports/,2025-11-30T10:10:31,low
loan_contract_info_5173.pdf,.pdf,1649,C:/Finance/PublicInfo/Guidelines/,2023-08-02T14:35:18,medium
account_5174.pdf,.pdf,125,C:/Finance/Accounts/,2023-06-02T07:55:40,low
announcement_5175.txt,.txt,52,C:/Finance/PublicInfo/Announcements/,2022-06-15T15:20:30,low
payroll_5176.xlsx,.xlsx,127,C:/Finance/HR/,2022-06-27T07:50:34,low
menu_roster_5177.docx,.docx,71,C:/Finance/HR/,2023-07-19T14:05:35,high
review_5178.xlsx,.xlsx,77,C:/Finance/Compliance/,2024-11-02T05:18:46,low
memo_5179.pdf,.pdf,1727,C:/Finance/Reports/,2024-07-28T01:02:20,low
procedure_5180.xlsx,.xlsx,699,C:/Finance/Internal/Policies/,2022-07-26T06:14:39,medium
summary_5181.pdf,.pdf,2539,C:/Finance/Transactions/,2023-04-27T03:23:15,medium
public_notice_procedure_5182.pdf,.pdf,527,C:/Finance/Internal/Policies/,2023-06-05T15:21:29,low
notice_5183.csv,.csv,430,C:/Finance/PublicInfo/Guidelines/,2024-11-18T13:08:02,low
summary_summary_5184.csv,.csv,293,C:/Finance/Transactions/,2023-12-10T17:52:44,low
schedule_policy_5185.xlsx,.xlsx,789,C:/Finance/Internal/Policies/,2022-04-29T06:49:01,low
policy_5186.pdf,.pdf,1574,C:/Finance/Internal/Policies/,2024-03-22T22:28:39,high
memo_report_5187.pdf,.pdf,407,C:/Finance/HR/,2022-10-31T09:32:09,medium
guideline_5188_archived.pdf,.pdf,2451,C:/Finance/Internal/Policies/,2024-06-07T03:54:51,medium
guidelines_account_5189.csv,.csv,645,C:/Finance/Accounts/,2023-06-03T10:49:55,high
analysis_5190.pdf,.pdf,1119,C:/Finance/Reports/,2023-01-04T00:02:21,medium
salary_payroll_5191.pdf,.pdf,1986,C:/Finance/HR/,2025-11-14T19:49:07,low
guidelines_contract_5192.pdf,.pdf,242,C:/Finance/Customers/,2024-08-10T07:07:49,high
customer_5193.pdf,.pdf,1209,C:/Finance/Customers/,2024-01-07T09:17:40,low
menu_statement_5194_confidential.csv,.csv,271,C:/Finance/Transactions/,2022-01-25T05:39:32,medium
memo_guideline_5195.docx,.docx,93,C:/Finance/Internal/Policies/,2023-07-11T19:21:15,medium
info_5196.pdf,.pdf,951,C:/Finance/Customers/,2023-08-19T23:53:41,low
notice_5197.pdf,.pdf,338,C:/Finance/PublicInfo/Guidelines/,2022-03-19T01:44:01,low
announcement_5198.pdf,.pdf,1083,C:/Finance/PublicInfo/Guidelines/,2025-01-13T09:53:52,low
loan_5199.xlsx,.xlsx,340,C:/Finance/Loans/,2023-04-30T06:09:00,low
guidelines_policy_5200.pdf,.pdf,930,C:/Finance/Compliance/,2024-11-13T03:17:01,high
info_guideline_5201.pdf,.pdf,1828,C:/Finance/Internal/Policies/,2025-01-14T22:22:54,medium
guidelines_agreement_5202.xlsx,.xlsx,106,C:/Finance/Loans/,2025-07-15T03:27:55,medium
transaction_5203.csv,.csv,255,C:/Finance/Transactions/,2023-05-24T13:16:57,high
repayment_5204.pdf,.pdf,1223,C:/Finance/Loans/,2023-06-19T08:24:43,high
transfer_5205.pdf,.pdf,430,C:/Finance/Transactions/,2023-06-23T14:39:48,low
public_notice_procedure_5206.pdf,.pdf,1166,C:/Finance/Internal/Policies/,2023-12-14T02:04:41,low
repayment_5207_v2.docx,.docx,103,C:/Finance/Loans/,2025-05-13T23:18:05,high
profile_5208.docx,.docx,159,C:/Finance/Customers/,2025-03-28T11:41:34,medium
agreement_5209.xls,.xls,1702,C:/Finance/Loans/,2024-06-12T12:05:06,high
guidelines_repayment_5210.pdf,.pdf,1349,C:/Finance/Loans/,2025-12-06T01:33:19,low
policy_5211.docx,.docx,303,C:/Finance/Internal/Policies/,2023-05-16T08:03:22,high
contract_5212.xls,.xls,942,C:/Finance/Loans/,2025-04-21T22:44:09,medium
info_5213.txt,.txt,51,C:/Finance/PublicInfo/Guidelines/,2023-10-28T02:52:51,medium
public_notice_announcement_5214.txt,.txt,31,C:/Finance/PublicInfo/Announcements/,2024-09-27T10:23:33,medium
info_5215.txt,.txt,125,C:/Finance/PublicInfo/Guidelines/,2022-11-30T04:28:12,medium
summary_5216.pdf,.pdf,170,C:/Finance/Reports/,2024-09-03T15:52:57,low
transfer_5217.xlsx,.xlsx,2018,C:/Finance/Transactions/,2022-12-01T04:38:07,high
memo_balance_5218.csv,.csv,118,C:/Finance/Accounts/,2024-11-22T18:34:07,low
info_payroll_5219.xlsx,.xlsx,175,C:/Finance/HR/,2025-01-12T10:20:09,low
summary_repayment_5220.xlsx,.xlsx,806,C:/Finance/Loans/,2025-11-14T15:25:35,low
report_profile_5221.pdf,.pdf,1299,C:/Finance/Customers/,2022-06-15T14:41:23,high
agreement_5222.pdf,.pdf,439,C:/Finance/Loans/,2023-02-11T15:01:07,high
agreement_5223.xlsx,.xlsx,600,C:/Finance/Loans/,2025-11-12T07:14:34,high
info_5224.pdf,.pdf,74,C:/Finance/PublicInfo/Announcements/,2023-11-16T10:24:41,low
announcement_5225.txt,.txt,22,C:/Finance/PublicInfo/Announcements/,2023-04-09T17:22:45,low
analysis_agreement_5226.pdf,.pdf,1670,C:/Finance/Loans/,2025-01-19T05:35:34,medium
guideline_5227_draft.xlsx,.xlsx,160,C:/Finance/Compliance/,2022-11-08T01:59:04,low
notice_5228.pdf,.pdf,369,C:/Finance/PublicInfo/Guidelines/,2022-09-09T02:25:53,low
statement_audit_5229.pdf,.pdf,904,C:/Finance/Compliance/,2025-03-26T09:15:16,low
announcement_protocol_5230_confidential.pdf,.pdf,2006,C:/Finance/Internal/Policies/,2024-07-31T11:31:53,low
announcement_procedure_5231.docx,.docx,438,C:/Finance/Internal/Policies/,2023-12-16T18:37:57,medium
summary_payroll_5232_draft.pdf,.pdf,353,C:/Finance/HR/,2024-03-18T08:16:43,medium
review_5233.xlsx,.xlsx,795,C:/Finance/Compliance/,2022-07-22T19:49:41,medium
schedule_5234.csv,.csv,358,C:/Finance/PublicInfo/Guidelines/,2024-04-08T01:11:06,low
summary_5235.csv,.csv,596,C:/Finance/Reports/,2025-01-11T15:51:16,high
policy_5236.pdf,.pdf,961,C:/Finance/Compliance/,2024-08-11T06:08:11,low
audit_5237.xlsx,.xlsx,273,C:/Finance/Compliance/,2022-04-14T03:22:03,high
balance_5238.pdf,.pdf,1726,C:/Finance/Accounts/,2024-04-27T20:37:31,low
guideline_5239.xlsx,.xlsx,962,C:/Finance/Internal/Policies/,2022-09-08T06:29:40,low
statement_5240.csv,.csv,527,C:/Finance/Transactions/,2025-12-20T13:28:41,high
schedule_announcement_5241.txt,.txt,13,C:/Finance/PublicInfo/Guidelines/,2024-11-25T15:35:15,medium
payroll_5242.docx,.docx,310,C:/Finance/HR/,2022-01-04T07:29:35,low
report_5243.csv,.csv,126,C:/Finance/Reports/,2023-02-28T17:09:51,low
agreement_5244.xlsx,.xlsx,1042,C:/Finance/Loans/,2023-10-02T21:55:10,medium
policy_salary_5245.pdf,.pdf,156,C:/Finance/HR/,2025-01-29T12:53:57,medium
policy_policy_5246.pdf,.pdf,446,C:/Finance/Compliance/,2024-11-10T23:53:54,medium
summary_5247.pdf,.pdf,98,C:/Finance/Transactions/,2025-06-17T00:45:35,medium
summary_policy_5248.docx,.docx,235,C:/Finance/Compliance/,2023-02-08T08:50:20,low
menu_contract_5249_final.xls,.xls,486,C:/Finance/Loans/,2023-11-08T05:58:21,low
statement_5250.csv,.csv,241,C:/Finance/Transactions/,2022-07-02T05:11:35,high
info_5251.pdf,.pdf,754,C:/Finance/PublicInfo/Announcements/,2023-08-28T17:16:21,medium
audit_5252.xlsx,.xlsx,182,C:/Finance/Accounts/,2023-07-26T08:26:19,low
announcement_transaction_5253.xlsx,.xlsx,1496,C:/Finance/Transactions/,2023-06-07T23:46:01,high
audit_5254.docx,.docx,567,C:/Finance/Compliance/,2025-11-08T19:02:14,medium
summary_summary_5255.csv,.csv,209,C:/Finance/Transactions/,2022-09-03T06:18:55,low
announcement_repayment_5256.docx,.docx,366,C:/Finance/Loans/,2022-11-17T13:06:11,low
summary_roster_5257.pdf,.pdf,1090,C:/Finance/HR/,2024-02-10T17:24:58,medium
schedule_profile_5258.pdf,.pdf,1439,C:/Finance/Customers/,2024-09-19T12:22:17,medium
agreement_5259.pdf,.pdf,575,C:/Finance/Loans/,2025-01-18T08:17:53,medium
policy_5260.pdf,.pdf,1216,C:/Finance/Internal/Policies/,2023-12-10T11:44:14,low
analysis_5261.xlsx,.xlsx,793,C:/Finance/Reports/,2024-11-27T13:43:28,high
audit_5262_v2.pdf,.pdf,1737,C:/Finance/Compliance/,2022-04-29T12:33:11,low
transaction_memo_5263.pdf,.pdf,770,C:/Finance/Reports/,2023-09-14T04:35:23,low
transfer_5264.csv,.csv,305,C:/Finance/Transactions/,2024-11-15T18:12:48,low
memo_5265.pdf,.pdf,1071,C:/Finance/Reports/,2025-12-19T16:25:30,low
repayment_5266.xls,.xls,289,C:/Finance/Loans/,2025-04-07T17:50:53,high
schedule_info_5267.txt,.txt,75,C:/Finance/PublicInfo/Announcements/,2022-10-30T02:51:10,low
statement_balance_5268.pdf,.pdf,229,C:/Finance/Accounts/,2024-05-04T15:00:50,low
loan_5269.xlsx,.xlsx,961,C:/Finance/Loans/,2024-07-25T18:28:45,low
menu_protocol_5270.pdf,.pdf,91,C:/Finance/Internal/Policies/,2023-10-19T06:48:40,medium
profile_5271.csv,.csv,435,C:/Finance/Customers/,2023-09-11T18:43:57,low
guidelines_balance_5272.pdf,.pdf,1908,C:/Finance/Accounts/,2022-05-12T11:12:13,medium
announcement_account_5273.csv,.csv,478,C:/Finance/Accounts/,2023-12-03T20:09:40,high
info_5274.txt,.txt,149,C:/Finance/PublicInfo/Guidelines/,2022-01-24T04:43:40,high
transfer_5275.csv,.csv,150,C:/Finance/Transactions/,2025-02-06T16:42:54,low
profile_5276_v2.pdf,.pdf,542,C:/Finance/Customers/,2024-09-18T18:28:34,low
procedure_5277.xlsx,.xlsx,930,C:/Finance/Internal/Policies/,2022-02-24T16:04:53,high
statement_notice_5278.pdf,.pdf,290,C:/Finance/PublicInfo/Announcements/,2023-07-13T06:26:27,medium
statement_contract_5279.pdf,.pdf,389,C:/Finance/Customers/,2024-07-23T13:45:23,low
contract_5280.docx,.docx,402,C:/Finance/Loans/,2022-01-12T22:40:14,high
analysis_schedule_5281.csv,.csv,279,C:/Finance/PublicInfo/Guidelines/,2023-12-15T19:44:43,low
salary_5282.docx,.docx,923,C:/Finance/HR/,2025-08-04T16:12:50,medium
announcement_5283.txt,.txt,38,C:/Finance/PublicInfo/Guidelines/,2024-03-09T08:48:31,low
confidential_info_5284.pdf,.pdf,1566,C:/Finance/Customers/,2024-06-18T18:14:00,medium
schedule_5285.pdf,.pdf,826,C:/Finance/PublicInfo/Guidelines/,2022-01-03T00:28:11,medium
memo_announcement_5286.csv,.csv,548,C:/Finance/PublicInfo/Announcements/,2025-07-29T15:44:57,low
procedure_5287.docx,.docx,534,C:/Finance/Internal/Policies/,2025-03-30T00:23:54,low
contract_5288.csv,.csv,216,C:/Finance/Customers/,2022-04-01T10:29:22,low
announcement_5289.csv,.csv,90,C:/Finance/PublicInfo/Guidelines/,2024-02-25T22:40:10,low
bank_statement_info_5290.pdf,.pdf,1163,C:/Finance/Customers/,2022-09-04T14:06:09,high
repayment_5291.docx,.docx,679,C:/Finance/Loans/,2024-04-09T15:16:35,medium
analysis_transfer_5292.xlsx,.xlsx,1784,C:/Finance/Transactions/,2025-04-21T00:14:27,low
menu_roster_5293.xlsx,.xlsx,1091,C:/Finance/HR/,2025-05-15T19:12:52,medium
customer_5294.csv,.csv,19,C:/Finance/Customers/,2025-09-01T03:49:18,medium
summary_5295.xlsx,.xlsx,450,C:/Finance/Reports/,2023-03-20T02:23:58,low
memo_guideline_5296.pdf,.pdf,430,C:/Finance/Compliance/,2024-07-08T22:12:09,low
report_ledger_5297.xlsx,.xlsx,991,C:/Finance/Accounts/,2024-02-09T05:36:04,medium
summary_review_5298.docx,.docx,414,C:/Finance/Compliance/,2025-09-14T18:35:25,high
schedule_5299.txt,.txt,38,C:/Finance/PublicInfo/Announcements/,2025-08-03T17:18:35,low
public_notice_announcement_5300.pdf,.pdf,632,C:/Finance/PublicInfo/Guidelines/,2024-01-07T19:58:05,low
transaction_5301.pdf,.pdf,1142,C:/Finance/Transactions/,2024-12-30T02:22:33,low
profile_5302.docx,.docx,827,C:/Finance/Customers/,2025-02-20T09:20:30,low
statement_5303.csv,.csv,120,C:/Finance/Transactions/,2025-05-22T04:12:33,low
report_report_5304.xlsx,.xlsx,441,C:/Finance/Reports/,2023-01-19T07:15:26,medium
customer_roster_5305_final.docx,.docx,1160,C:/Finance/HR/,2025-08-27T07:00:04,high
bank_statement_policy_5306.pdf,.pdf,664,C:/Finance/Compliance/,2025-05-21T19:43:48,low
report_schedule_5307.txt,.txt,13,C:/Finance/PublicInfo/Guidelines/,2024-06-10T19:45:05,low
transaction_audit_5308.docx,.docx,408,C:/Finance/Compliance/,2024-02-14T08:05:14,medium
schedule_5309.pdf,.pdf,1987,C:/Finance/PublicInfo/Announcements/,2024-06-24T12:19:03,low
info_5310.docx,.docx,426,C:/Finance/Customers/,2024-12-24T16:52:53,low
tax_info_loan_5311_final.xlsx,.xlsx,471,C:/Finance/Loans/,2023-08-07T22:33:07,medium
memo_transfer_5312.pdf,.pdf,702,C:/Finance/Transactions/,2022-03-21T05:27:12,high
roster_5313.pdf,.pdf,788,C:/Finance/HR/,2023-10-10T01:11:27,high
info_summary_5314_archived.xlsx,.xlsx,315,C:/Finance/Reports/,2025-04-15T21:44:11,low
profile_5315_archived.csv,.csv,386,C:/Finance/Customers/,2024-12-11T21:31:09,high
analysis_5316.xlsx,.xlsx,384,C:/Finance/Reports/,2022-10-16T13:47:18,low
audit_5317.pdf,.pdf,758,C:/Finance/Compliance/,2025-01-11T15:02:46,low
statement_5318.csv,.csv,245,C:/Finance/Transactions/,2024-11-10T08:59:29,low
info_5319.csv,.csv,403,C:/Finance/PublicInfo/Guidelines/,2024-02-10T11:38:34,medium
summary_announcement_5320_v2.txt,.txt,110,C:/Finance/PublicInfo/Guidelines/,2025-07-07T18:27:07,low
transaction_5321.csv,.csv,164,C:/Finance/Transactions/,2025-02-16T08:26:28,low
pin_procedure_5322.pdf,.pdf,1202,C:/Finance/Internal/Policies/,2024-05-01T16:54:00,low
announcement_5323.pdf,.pdf,2100,C:/Finance/PublicInfo/Announcements/,2025-02-16T11:37:58,low
statement_guideline_5324.pdf,.pdf,339,C:/Finance/Internal/Policies/,2025-04-03T10:51:18,low
policy_transfer_5325.pdf,.pdf,1,C:/Finance/Transactions/,2022-10-29T03:17:33,low
review_5326.xlsx,.xlsx,400,C:/Finance/Compliance/,2024-07-17T12:51:21,low
audit_5327.xlsx,.xlsx,202,C:/Finance/Compliance/,2023-07-10T09:08:41,low
report_5328.xlsx,.xlsx,1542,C:/Finance/HR/,2022-05-30T13:55:17,low
contract_5329.pdf,.pdf,253,C:/Finance/Loans/,2025-06-03T23:06:13,medium
policy_schedule_5330.pdf,.pdf,1950,C:/Finance/PublicInfo/Announcements/,2025-05-25T11:55:21,low
schedule_5331.txt,.txt,83,C:/Finance/PublicInfo/Guidelines/,2025-10-10T03:12:54,low
guideline_5332_draft.docx,.docx,284,C:/Finance/Internal/Policies/,2022-02-04T02:24:01,low
info_5333.pdf,.pdf,1434,C:/Finance/Customers/,2025-04-02T05:56:08,low
policy_contract_5334.csv,.csv,13,C:/Finance/Customers/,2025-07-29T23:00:27,medium
analysis_notice_5335.csv,.csv,160,C:/Finance/PublicInfo/Announcements/,2023-04-21T01:22:50,high
schedule_summary_5336.csv,.csv,264,C:/Finance/Reports/,2022-03-07T05:41:28,low
guideline_5337.docx,.docx,454,C:/Finance/Internal/Policies/,2022-10-20T08:14:21,high
announcement_ledger_5338.pdf,.pdf,1124,C:/Finance/Accounts/,2025-05-15T12:06:58,low
info_5339.csv,.csv,103,C:/Finance/PublicInfo/Guidelines/,2023-08-02T05:33:29,low
info_5340.pdf,.pdf,1210,C:/Finance/Customers/,2022-03-30T03:53:27,high
policy_guideline_5341.docx,.docx,187,C:/Finance/Internal/Policies/,2025-06-03T04:47:33,low
announcement_account_5342.pdf,.pdf,805,C:/Finance/Accounts/,2025-11-10T20:03:24,low
memo_5343.csv,.csv,262,C:/Finance/Reports/,2022-02-03T18:36:51,medium
menu_agreement_5344.pdf,.pdf,374,C:/Finance/Loans/,2022-02-15T10:04:24,low
contract_5345.csv,.csv,386,C:/Finance/Customers/,2022-01-08T11:18:50,high
transfer_5346.csv,.csv,219,C:/Finance/Transactions/,2024-01-19T04:22:37,medium
policy_memo_5347.xlsx,.xlsx,660,C:/Finance/Reports/,2025-03-30T08:14:35,medium
report_report_5348.pdf,.pdf,982,C:/Finance/HR/,2024-04-02T18:59:18,low
policy_memo_5349.xlsx,.xlsx,1625,C:/Finance/Reports/,2023-11-28T15:06:54,low
schedule_policy_5350.docx,.docx,204,C:/Finance/Internal/Policies/,2022-08-13T07:14:48,low
guidelines_repayment_5351_confidential.xls,.xls,1139,C:/Finance/Loans/,2022-04-16T13:43:11,low
report_5352.docx,.docx,1203,C:/Finance/HR/,2023-11-24T11:36:55,low
profile_5353_confidential.csv,.csv,409,C:/Finance/Customers/,2025-06-28T12:38:58,medium
contract_5354.docx,.docx,753,C:/Finance/Loans/,2024-03-21T19:08:39,low
audit_5355.docx,.docx,43,C:/Finance/Compliance/,2022-02-17T05:46:54,medium
memo_5356.xlsx,.xlsx,604,C:/Finance/Reports/,2023-09-25T04:44:13,low
summary_5357.pdf,.pdf,1222,C:/Finance/Reports/,2025-10-17T22:27:34,medium
invoice_contract_5358.docx,.docx,345,C:/Finance/Customers/,2023-05-05T05:18:06,low
analysis_customer_5359.csv,.csv,491,C:/Finance/Customers/,2023-01-04T01:17:28,high
bank_statement_protocol_5360.pdf,.pdf,33,C:/Finance/Internal/Policies/,2023-02-13T11:57:40,high
guidelines_audit_5361.xlsx,.xlsx,1757,C:/Finance/Compliance/,2023-05-08T16:50:24,low
report_profile_5362.docx,.docx,345,C:/Finance/Customers/,2024-02-17T11:29:21,low
transaction_ledger_5363_confidential.xlsx,.xlsx,985,C:/Finance/Accounts/,2023-07-14T02:23:35,medium
statement_notice_5364.txt,.txt,50,C:/Finance/PublicInfo/Announcements/,2022-07-17T21:35:51,low
profile_5365.docx,.docx,277,C:/Finance/Customers/,2024-03-14T22:56:23,low
announcement_statement_5366.csv,.csv,378,C:/Finance/Transactions/,2025-04-29T04:30:37,low
info_info_5367.csv,.csv,290,C:/Finance/PublicInfo/Announcements/,2022-08-12T03:07:25,low
menu_roster_5368.xlsx,.xlsx,838,C:/Finance/HR/,2023-09-13T04:27:39,low
guidelines_ledger_5369.csv,.csv,198,C:/Finance/Accounts/,2023-05-31T02:53:08,low
schedule_5370.csv,.csv,289,C:/Finance/PublicInfo/Guidelines/,2023-01-12T17:38:21,medium
policy_profile_5371.pdf,.pdf,313,C:/Finance/Customers/,2024-11-30T20:24:36,low
procedure_5372.xlsx,.xlsx,3129,C:/Finance/Internal/Policies/,2022-04-25T22:26:38,high
summary_5373_archived.xlsx,.xlsx,1169,C:/Finance/Reports/,2022-06-18T01:01:34,low
statement_review_5374_confidential.docx,.docx,262,C:/Finance/Compliance/,2022-03-25T19:11:14,medium
analysis_ledger_5375.xlsx,.xlsx,36,C:/Finance/Accounts/,2022-09-07T17:44:01,low
transaction_review_5376.docx,.docx,1167,C:/Finance/Compliance/,2022-11-21T10:55:33,high
memo_repayment_5377.pdf,.pdf,426,C:/Finance/Loans/,2023-07-07T06:55:42,low
analysis_info_5378.pdf,.pdf,273,C:/Finance/PublicInfo/Guidelines/,2022-11-17T01:28:35,low
customer_5379.csv,.csv,96,C:/Finance/Customers/,2024-08-10T22:52:38,low
notice_5380_confidential.pdf,.pdf,2637,C:/Finance/PublicInfo/Guidelines/,2025-04-08T14:33:39,medium
memo_5381.xlsx,.xlsx,936,C:/Finance/Reports/,2025-02-08T19:00:29,low
schedule_repayment_5382.xlsx,.xlsx,388,C:/Finance/Loans/,2022-04-18T19:26:27,medium
analysis_contract_5383.pdf,.pdf,2075,C:/Finance/Customers/,2023-05-08T21:32:51,high
guidelines_protocol_5384.xlsx,.xlsx,809,C:/Finance/Internal/Policies/,2022-01-20T12:17:31,medium
protocol_5385.docx,.docx,17,C:/Finance/Internal/Policies/,2024-12-15T17:31:32,low
schedule_5386.pdf,.pdf,320,C:/Finance/PublicInfo/Announcements/,2025-03-04T17:12:45,low
public_notice_balance_5387.xlsx,.xlsx,1118,C:/Finance/Accounts/,2023-10-06T09:50:11,low
public_notice_roster_5388.pdf,.pdf,496,C:/Finance/HR/,2025-06-30T10:03:05,low
guideline_5389.docx,.docx,403,C:/Finance/Compliance/,2022-10-21T10:56:36,low
customer_procedure_5390.docx,.docx,108,C:/Finance/Internal/Policies/,2022-01-07T09:45:10,low
invoice_ledger_5391.csv,.csv,140,C:/Finance/Accounts/,2025-01-21T03:45:01,high
report_5392.xlsx,.xlsx,901,C:/Finance/Reports/,2025-08-12T03:46:04,medium
info_balance_5393.pdf,.pdf,491,C:/Finance/Accounts/,2025-04-09T13:11:13,medium
report_contract_5394.csv,.csv,92,C:/Finance/Customers/,2023-07-22T02:39:55,medium
notice_5395.csv,.csv,290,C:/Finance/PublicInfo/Announcements/,2025-07-12T01:02:30,low
summary_5396_v2.pdf,.pdf,1011,C:/Finance/Reports/,2022-04-05T10:46:43,high
report_5397.pdf,.pdf,208,C:/Finance/Reports/,2025-04-05T19:40:23,low
menu_memo_5398.xlsx,.xlsx,17,C:/Finance/Reports/,2023-10-02T14:35:42,low
protocol_5399_final.xlsx,.xlsx,727,C:/Finance/Internal/Policies/,2025-03-26T16:24:58,low
policy_schedule_5400.pdf,.pdf,199,C:/Finance/PublicInfo/Announcements/,2022-10-08T07:24:27,low
agreement_5401.docx,.docx,406,C:/Finance/Loans/,2025-02-08T12:09:47,medium
statement_repayment_5402.xlsx,.xlsx,102,C:/Finance/Loans/,2023-12-19T09:53:10,medium
schedule_5403_final.csv,.csv,614,C:/Finance/PublicInfo/Guidelines/,2025-08-17T05:40:59,high
schedule_info_5404.docx,.docx,186,C:/Finance/Customers/,2023-04-14T04:16:00,low
report_notice_5405.txt,.txt,53,C:/Finance/PublicInfo/Guidelines/,2024-12-22T08:26:17,low
report_5406.xlsx,.xlsx,777,C:/Finance/Reports/,2023-12-18T00:38:09,low
report_5407.pdf,.pdf,1613,C:/Finance/Reports/,2025-12-27T16:42:06,low
statement_5408.xlsx,.xlsx,327,C:/Finance/Transactions/,2022-06-13T17:41:35,medium
memo_statement_5409.xlsx,.xlsx,397,C:/Finance/Transactions/,2023-09-18T22:59:38,medium
report_5410.xlsx,.xlsx,326,C:/Finance/HR/,2024-01-27T18:25:49,low
guidelines_audit_5411_draft.xlsx,.xlsx,1757,C:/Finance/Accounts/,2024-06-16T06:37:13,low
ssn_summary_5412.csv,.csv,275,C:/Finance/Transactions/,2025-02-03T19:44:42,medium
procedure_5413.pdf,.pdf,1858,C:/Finance/Internal/Policies/,2025-06-28T23:59:59,high
review_5414.pdf,.pdf,1424,C:/Finance/Compliance/,2024-05-13T21:51:02,low
summary_loan_5415.docx,.docx,704,C:/Finance/Loans/,2023-01-04T20:51:40,medium
audit_5416.csv,.csv,555,C:/Finance/Accounts/,2024-09-04T20:29:08,low
guideline_5417.pdf,.pdf,576,C:/Finance/Internal/Policies/,2022-12-05T13:37:13,low
report_5418.xlsx,.xlsx,86,C:/Finance/HR/,2025-06-11T01:41:58,low
policy_5419.xlsx,.xlsx,871,C:/Finance/Internal/Policies/,2022-11-04T19:34:19,medium
memo_5420.xlsx,.xlsx,401,C:/Finance/Reports/,2023-03-27T06:12:41,low
procedure_5421.docx,.docx,330,C:/Finance/Internal/Policies/,2025-11-22T02:54:40,medium
invoice_schedule_5422.pdf,.pdf,3495,C:/Finance/PublicInfo/Guidelines/,2024-02-26T03:48:39,low
transfer_5423.csv,.csv,111,C:/Finance/Transactions/,2024-01-07T01:38:07,high
schedule_customer_5424_v2.csv,.csv,257,C:/Finance/Customers/,2022-12-06T20:34:13,high
public_notice_audit_5425_confidential.pdf,.pdf,557,C:/Finance/Compliance/,2022-04-07T13:50:49,medium
ledger_5426.pdf,.pdf,913,C:/Finance/Accounts/,2025-01-25T17:07:10,high
announcement_info_5427.pdf,.pdf,291,C:/Finance/Customers/,2025-04-12T09:32:42,low
schedule_procedure_5428.docx,.docx,1,C:/Finance/Internal/Policies/,2024-09-29T03:05:04,low
info_5429.csv,.csv,478,C:/Finance/PublicInfo/Announcements/,2023-04-27T22:58:48,low
audit_5430.docx,.docx,42,C:/Finance/Compliance/,2025-11-17T21:43:09,low
review_5431.xlsx,.xlsx,167,C:/Finance/Compliance/,2024-07-06T09:20:40,low
schedule_customer_5432.pdf,.pdf,254,C:/Finance/Customers/,2022-12-15T07:53:04,low
summary_5433.pdf,.pdf,972,C:/Finance/Transactions/,2025-04-24T19:54:06,high
policy_5434.pdf,.pdf,1007,C:/Finance/Internal/Policies/,2025-02-07T11:32:15,medium
guideline_5435.xlsx,.xlsx,342,C:/Finance/Internal/Policies/,2024-09-11T23:37:43,low
public_notice_audit_5436.docx,.docx,28,C:/Finance/Compliance/,2023-05-12T17:16:53,medium
public_notice_guideline_5437.xlsx,.xlsx,167,C:/Finance/Internal/Policies/,2023-12-20T06:23:22,low
analysis_5438.pdf,.pdf,680,C:/Finance/Reports/,2025-10-31T11:16:56,low
transaction_transaction_5439.xlsx,.xlsx,115,C:/Finance/Transactions/,2023-06-09T19:15:37,medium
memo_info_5440.pdf,.pdf,370,C:/Finance/PublicInfo/Announcements/,2023-12-16T10:40:06,low
report_statement_5441.csv,.csv,348,C:/Finance/Transactions/,2024-03-27T00:07:47,low
balance_5442.pdf,.pdf,1455,C:/Finance/Accounts/,2025-06-23T02:47:44,low
announcement_5443.txt,.txt,127,C:/Finance/PublicInfo/Announcements/,2025-06-18T19:46:21,low
ledger_5444.csv,.csv,256,C:/Finance/Accounts/,2022-07-17T21:42:50,low
statement_5445.xlsx,.xlsx,342,C:/Finance/Transactions/,2024-05-24T12:41:25,medium
announcement_5446.pdf,.pdf,479,C:/Finance/PublicInfo/Announcements/,2024-01-29T01:36:03,low
info_profile_5447.pdf,.pdf,221,C:/Finance/Customers/,2022-11-10T20:35:13,medium
policy_5448.docx,.docx,237,C:/Finance/Compliance/,2024-12-17T02:18:34,medium
report_review_5449.xlsx,.xlsx,1310,C:/Finance/Compliance/,2025-08-09T00:51:12,high
contract_5450.docx,.docx,558,C:/Finance/Customers/,2023-12-24T11:53:48,high
loan_contract_profile_5451.docx,.docx,737,C:/Finance/Customers/,2024-05-04T21:27:59,low
customer_audit_5452_final.xlsx,.xlsx,2570,C:/Finance/Accounts/,2022-05-20T15:02:21,high
ledger_info_5453.pdf,.pdf,340,C:/Finance/PublicInfo/Announcements/,2022-05-14T10:15:03,low
repayment_5454.xlsx,.xlsx,1137,C:/Finance/Loans/,2025-03-04T20:48:15,high
guideline_5455.docx,.docx,190,C:/Finance/Internal/Policies/,2023-10-03T03:02:42,low
announcement_report_5456.pdf,.pdf,1373,C:/Finance/HR/,2024-10-09T00:40:47,medium
audit_5457.xlsx,.xlsx,731,C:/Finance/Accounts/,2024-10-08T17:37:41,medium
review_5458.docx,.docx,397,C:/Finance/Compliance/,2022-04-11T04:58:25,low
transaction_report_5459.xlsx,.xlsx,374,C:/Finance/HR/,2022-02-08T01:39:11,low
memo_procedure_5460.docx,.docx,202,C:/Finance/Internal/Policies/,2022-08-27T07:46:49,low
guideline_5461.xlsx,.xlsx,1281,C:/Finance/Internal/Policies/,2022-05-14T06:42:46,high
ledger_5462.xlsx,.xlsx,2241,C:/Finance/Accounts/,2023-03-12T09:04:18,medium
ledger_transaction_5463.pdf,.pdf,771,C:/Finance/Transactions/,2022-03-17T15:38:52,low
guidelines_policy_5464.docx,.docx,516,C:/Finance/Internal/Policies/,2023-08-31T10:47:24,medium
agreement_5465.docx,.docx,213,C:/Finance/Loans/,2022-06-22T14:57:40,medium
menu_procedure_5466.docx,.docx,601,C:/Finance/Internal/Policies/,2023-10-27T06:24:28,low
loan_5467.xlsx,.xlsx,1531,C:/Finance/Loans/,2023-02-21T17:12:58,low
announcement_memo_5468.pdf,.pdf,146,C:/Finance/Reports/,2025-06-11T21:10:23,low
profile_5469.pdf,.pdf,2012,C:/Finance/Customers/,2023-07-16T09:05:03,medium
policy_summary_5470.csv,.csv,155,C:/Finance/Transactions/,2023-07-04T23:54:17,low
ledger_5471.pdf,.pdf,1249,C:/Finance/Accounts/,2022-05-20T21:35:18,high
menu_guideline_5472_v2.docx,.docx,937,C:/Finance/Compliance/,2023-09-14T15:41:18,medium
transaction_5473.xlsx,.xlsx,16,C:/Finance/Transactions/,2024-12-17T20:23:02,medium
notice_5474.csv,.csv,386,C:/Finance/PublicInfo/Announcements/,2025-09-14T14:32:28,medium
schedule_announcement_5475.csv,.csv,881,C:/Finance/PublicInfo/Guidelines/,2025-04-23T08:32:11,medium
public_notice_info_5476.csv,.csv,157,C:/Finance/PublicInfo/Announcements/,2023-04-30T23:08:10,low
loan_contract_summary_5477.csv,.csv,271,C:/Finance/Transactions/,2023-06-28T09:13:56,high
invoice_statement_5478.csv,.csv,348,C:/Finance/Transactions/,2022-07-04T09:30:32,low
guideline_5479.xlsx,.xlsx,1458,C:/Finance/Internal/Policies/,2022-07-07T18:59:09,medium
salary_memo_5480.xlsx,.xlsx,188,C:/Finance/Reports/,2022-10-18T19:18:27,high
audit_5481.xlsx,.xlsx,225,C:/Finance/Accounts/,2025-12-09T12:45:25,high
menu_notice_5482.pdf,.pdf,1291,C:/Finance/PublicInfo/Announcements/,2024-11-19T20:01:20,low
transfer_5483.csv,.csv,190,C:/Finance/Transactions/,2022-09-30T18:41:09,low
ledger_5484.pdf,.pdf,2663,C:/Finance/Accounts/,2024-06-20T10:07:18,medium
loan_5485.docx,.docx,334,C:/Finance/Loans/,2024-09-13T18:28:07,low
announcement_analysis_5486_v2.xlsx,.xlsx,1739,C:/Finance/Reports/,2024-06-20T07:33:42,low
report_balance_5487.xlsx,.xlsx,1102,C:/Finance/Accounts/,2023-12-22T04:44:51,low
policy_5488.xlsx,.xlsx,805,C:/Finance/Internal/Policies/,2025-12-13T03:56:42,low
transfer_5489.csv,.csv,322,C:/Finance/Transactions/,2024-10-04T20:57:37,medium
account_number_schedule_5490.txt,.txt,106,C:/Finance/PublicInfo/Announcements/,2023-05-25T03:52:50,high
passwords_repayment_5491.pdf,.pdf,855,C:/Finance/Loans/,2023-07-11T08:34:20,low
analysis_contract_5492.csv,.csv,205,C:/Finance/Customers/,2024-12-07T06:57:34,low
payroll_5493.pdf,.pdf,131,C:/Finance/HR/,2022-12-31T14:37:26,high
review_5494.pdf,.pdf,784,C:/Finance/Compliance/,2024-10-26T23:36:14,high
analysis_account_5495.pdf,.pdf,1452,C:/Finance/Accounts/,2025-12-17T15:38:07,low
schedule_5496_draft.txt,.txt,27,C:/Finance/PublicInfo/Announcements/,2025-06-11T10:35:36,low
protocol_5497.pdf,.pdf,48,C:/Finance/Internal/Policies/,2025-09-12T18:44:17,high
announcement_announcement_5498.pdf,.pdf,790,C:/Finance/PublicInfo/Announcements/,2023-09-16T21:12:34,low
transaction_5499.pdf,.pdf,725,C:/Finance/Transactions/,2023-06-10T16:48:07,medium
schedule_contract_5500.docx,.docx,276,C:/Finance/Customers/,2022-12-10T16:41:50,high
announcement_info_5501.txt,.txt,27,C:/Finance/PublicInfo/Guidelines/,2025-03-26T09:10:16,low
policy_announcement_5502.txt,.txt,107,C:/Finance/PublicInfo/Guidelines/,2023-06-06T15:37:19,low
analysis_contract_5503.docx,.docx,572,C:/Finance/Customers/,2023-02-14T21:26:51,high
ledger_5504.pdf,.pdf,1303,C:/Finance/Accounts/,2025-10-25T14:17:30,high
transaction_audit_5505.pdf,.pdf,1593,C:/Finance/Compliance/,2025-02-14T07:00:59,low
schedule_report_5506.pdf,.pdf,383,C:/Finance/Reports/,2023-12-01T06:10:06,low
guideline_5507.docx,.docx,277,C:/Finance/Internal/Policies/,2023-07-25T09:39:55,high
menu_policy_5508_draft.xlsx,.xlsx,2680,C:/Finance/Internal/Policies/,2022-02-21T23:27:06,high
menu_ledger_5509.csv,.csv,929,C:/Finance/Accounts/,2022-05-14T05:21:10,low
guideline_5510.docx,.docx,1195,C:/Finance/Compliance/,2024-12-23T09:13:15,medium
announcement_statement_5511.pdf,.pdf,1687,C:/Finance/Transactions/,2024-03-12T09:51:35,high
announcement_customer_5512.pdf,.pdf,1752,C:/Finance/Customers/,2024-07-29T07:33:39,high
salary_repayment_5513.xlsx,.xlsx,257,C:/Finance/Loans/,2024-04-07T23:03:12,medium
memo_summary_5514.xlsx,.xlsx,144,C:/Finance/Transactions/,2025-11-28T02:16:49,medium
invoice_schedule_5515.csv,.csv,262,C:/Finance/PublicInfo/Announcements/,2024-09-05T23:56:33,medium
notice_5516.csv,.csv,48,C:/Finance/PublicInfo/Guidelines/,2022-12-05T13:23:43,high
ledger_5517.csv,.csv,339,C:/Finance/Accounts/,2023-05-24T01:42:36,medium
announcement_report_5518.csv,.csv,475,C:/Finance/Reports/,2024-04-27T10:24:21,low
policy_account_5519.csv,.csv,74,C:/Finance/Accounts/,2022-04-05T21:54:50,medium
roster_5520.xlsx,.xlsx,496,C:/Finance/HR/,2023-06-11T00:15:30,low
report_5521.docx,.docx,289,C:/Finance/HR/,2024-06-10T03:10:07,medium
protocol_5522_confidential.docx,.docx,10,C:/Finance/Internal/Policies/,2023-04-13T02:53:33,low
schedule_roster_5523.xlsx,.xlsx,680,C:/Finance/HR/,2023-12-11T12:57:17,medium
transaction_5524.pdf,.pdf,684,C:/Finance/Transactions/,2024-12-25T20:25:19,medium
agreement_5525_v2.xlsx,.xlsx,1596,C:/Finance/Loans/,2024-07-04T07:52:14,high
policy_procedure_5526_v2.pdf,.pdf,801,C:/Finance/Internal/Policies/,2022-12-30T04:06:18,low
tax_info_review_5527.pdf,.pdf,1316,C:/Finance/Compliance/,2022-07-06T01:03:36,high
statement_audit_5528.docx,.docx,1470,C:/Finance/Compliance/,2022-09-27T08:50:12,high
guideline_5529.pdf,.pdf,22,C:/Finance/Compliance/,2025-12-27T18:03:49,high
loan_5530_confidential.xlsx,.xlsx,1365,C:/Finance/Loans/,2022-07-26T00:20:15,high
schedule_balance_5531_archived.xlsx,.xlsx,741,C:/Finance/Accounts/,2025-12-06T12:43:33,medium
summary_summary_5532.pdf,.pdf,1085,C:/Finance/Reports/,2025-07-29T11:46:58,medium
schedule_announcement_5533.csv,.csv,320,C:/Finance/PublicInfo/Guidelines/,2023-03-23T21:49:25,low
guideline_5534.docx,.docx,636,C:/Finance/Internal/Policies/,2024-10-05T21:47:27,low
ssn_policy_5535_confidential.docx,.docx,247,C:/Finance/Internal/Policies/,2022-08-31T05:57:06,medium
info_5536.csv,.csv,394,C:/Finance/Customers/,2025-10-26T12:40:27,medium
loan_5537.xlsx,.xlsx,1369,C:/Finance/Loans/,2022-10-30T23:17:03,low
report_5538.docx,.docx,703,C:/Finance/HR/,2024-12-19T06:51:41,high
memo_5539.xlsx,.xlsx,545,C:/Finance/Reports/,2023-06-19T02:38:38,low
transaction_5540.xlsx,.xlsx,1184,C:/Finance/Transactions/,2023-07-24T18:54:19,low
info_5541.txt,.txt,38,C:/Finance/PublicInfo/Announcements/,2025-12-23T10:41:33,low
agreement_5542.pdf,.pdf,989,C:/Finance/Loans/,2023-04-29T07:09:31,low
transfer_5543.pdf,.pdf,1784,C:/Finance/Transactions/,2025-06-13T23:41:10,low
schedule_policy_5544.pdf,.pdf,1195,C:/Finance/Internal/Policies/,2023-11-18T12:22:26,medium
balance_5545.pdf,.pdf,426,C:/Finance/Accounts/,2022-07-15T05:48:03,medium
ledger_5546.csv,.csv,447,C:/Finance/Accounts/,2025-09-02T18:16:22,high
tax_info_transaction_5547_draft.csv,.csv,79,C:/Finance/Transactions/,2022-03-14T17:31:25,high
report_5548.pdf,.pdf,1915,C:/Finance/HR/,2024-05-01T18:24:54,medium
schedule_policy_5549.docx,.docx,397,C:/Finance/Internal/Policies/,2022-10-11T18:04:45,low
guidelines_policy_5550.docx,.docx,814,C:/Finance/Internal/Policies/,2023-09-28T16:34:34,low
protocol_5551.xlsx,.xlsx,243,C:/Finance/Internal/Policies/,2023-07-02T14:26:40,low
procedure_5552.xlsx,.xlsx,1385,C:/Finance/Internal/Policies/,2025-04-13T00:39:30,medium
ledger_roster_5553.docx,.docx,632,C:/Finance/HR/,2022-02-22T21:58:34,low
announcement_5554.pdf,.pdf,970,C:/Finance/PublicInfo/Guidelines/,2024-11-20T19:58:30,medium
roster_5555.pdf,.pdf,1936,C:/Finance/HR/,2024-03-26T23:00:45,low
menu_summary_5556.csv,.csv,2,C:/Finance/Reports/,2023-12-21T23:22:07,low
repayment_5557.xls,.xls,1334,C:/Finance/Loans/,2025-05-11T03:14:11,low
invoice_guideline_5558.docx,.docx,448,C:/Finance/Internal/Policies/,2025-02-13T05:36:37,medium
invoice_protocol_5559.docx,.docx,223,C:/Finance/Internal/Policies/,2022-01-17T07:16:14,low
guideline_5560_confidential.xlsx,.xlsx,1302,C:/Finance/Compliance/,2024-08-08T12:08:58,low
transfer_5561_archived.csv,.csv,399,C:/Finance/Transactions/,2022-06-29T19:34:13,medium
policy_5562.docx,.docx,351,C:/Finance/Internal/Policies/,2022-05-11T06:20:03,medium
memo_announcement_5563.csv,.csv,163,C:/Finance/PublicInfo/Guidelines/,2022-01-17T22:23:37,medium
policy_report_5564.pdf,.pdf,206,C:/Finance/Reports/,2025-04-10T11:11:50,medium
schedule_review_5565.pdf,.pdf,567,C:/Finance/Compliance/,2024-02-25T02:38:53,low
info_info_5566.csv,.csv,443,C:/Finance/Customers/,2024-07-09T20:03:13,medium
report_procedure_5567.pdf,.pdf,861,C:/Finance/Internal/Policies/,2023-03-18T01:14:22,medium
analysis_5568_confidential.csv,.csv,186,C:/Finance/Reports/,2024-05-19T16:27:58,low
report_info_5569.pdf,.pdf,41,C:/Finance/Customers/,2022-02-06T23:21:28,medium
policy_5570.pdf,.pdf,696,C:/Finance/Internal/Policies/,2025-09-24T07:52:48,high
info_contract_5571_archived.csv,.csv,275,C:/Finance/Customers/,2023-08-11T10:26:12,high
policy_5572.docx,.docx,274,C:/Finance/Compliance/,2023-04-02T03:30:36,medium
memo_procedure_5573.pdf,.pdf,2100,C:/Finance/Internal/Policies/,2022-07-03T13:30:42,medium
statement_contract_5574.docx,.docx,445,C:/Finance/Loans/,2024-09-12T22:38:36,low
announcement_analysis_5575.csv,.csv,386,C:/Finance/Reports/,2023-02-09T11:10:14,medium
memo_5576.csv,.csv,429,C:/Finance/Reports/,2022-12-19T18:50:56,low
repayment_5577.pdf,.pdf,1562,C:/Finance/Loans/,2025-12-07T12:21:41,medium
policy_policy_5578.docx,.docx,438,C:/Finance/Internal/Policies/,2025-04-29T08:17:41,medium
policy_5579.pdf,.pdf,536,C:/Finance/Internal/Policies/,2025-01-09T14:35:50,low
menu_policy_5580_archived.xlsx,.xlsx,65,C:/Finance/Compliance/,2022-10-07T15:49:14,medium
notice_5581_v2.pdf,.pdf,904,C:/Finance/PublicInfo/Guidelines/,2023-01-31T11:39:17,low
profile_5582.docx,.docx,34,C:/Finance/Customers/,2023-02-09T23:35:37,high
credit_report_repayment_5583_confidential.xlsx,.xlsx,13,C:/Finance/Loans/,2024-08-11T10:47:30,low
schedule_transaction_5584_draft.xlsx,.xlsx,135,C:/Finance/Transactions/,2022-02-08T09:56:24,low
transaction_memo_5585.csv,.csv,138,C:/Finance/Reports/,2022-06-12T06:20:12,medium
info_report_5586.docx,.docx,9,C:/Finance/HR/,2023-09-15T06:46:29,medium
summary_policy_5587.pdf,.pdf,29,C:/Finance/Internal/Policies/,2023-03-14T23:56:01,high
public_notice_balance_5588.xlsx,.xlsx,1013,C:/Finance/Accounts/,2025-04-18T02:21:51,low
memo_policy_5589.docx,.docx,220,C:/Finance/Internal/Policies/,2023-08-14T09:22:39,medium
announcement_schedule_5590.csv,.csv,394,C:/Finance/PublicInfo/Announcements/,2023-11-16T16:44:40,medium
schedule_schedule_5591_draft.pdf,.pdf,1325,C:/Finance/PublicInfo/Guidelines/,2023-09-21T20:51:54,medium
notice_5592.pdf,.pdf,707,C:/Finance/PublicInfo/Guidelines/,2023-04-13T06:45:59,low
schedule_notice_5593.txt,.txt,24,C:/Finance/PublicInfo/Announcements/,2022-01-16T15:22:16,medium
credit_report_profile_5594.csv,.csv,307,C:/Finance/Customers/,2022-03-24T16:25:18,medium
summary_contract_5595.pdf,.pdf,1302,C:/Finance/Customers/,2024-01-09T00:04:05,low
protocol_5596.pdf,.pdf,221,C:/Finance/Internal/Policies/,2022-04-16T05:28:11,medium
agreement_5597.pdf,.pdf,581,C:/Finance/Loans/,2022-02-08T22:53:07,low
memo_schedule_5598.pdf,.pdf,1076,C:/Finance/PublicInfo/Announcements/,2024-11-17T10:48:54,low
ssn_report_5599.pdf,.pdf,934,C:/Finance/HR/,2023-09-23T05:14:44,medium
report_review_5600.docx,.docx,875,C:/Finance/Compliance/,2023-01-01T19:48:17,medium
public_notice_customer_5601.csv,.csv,527,C:/Finance/Customers/,2025-03-18T16:55:20,low
roster_5602.docx,.docx,928,C:/Finance/HR/,2022-02-01T15:07:09,high
statement_5603.pdf,.pdf,1230,C:/Finance/Transactions/,2024-05-15T11:06:45,low
salary_5604.docx,.docx,193,C:/Finance/HR/,2024-05-07T18:48:33,medium
schedule_roster_5605.pdf,.pdf,737,C:/Finance/HR/,2023-06-22T19:48:23,high
transfer_5606.pdf,.pdf,982,C:/Finance/Transactions/,2025-10-23T17:21:27,low
notice_5607.csv,.csv,341,C:/Finance/PublicInfo/Guidelines/,2024-11-25T08:19:16,medium
public_notice_contract_5608.xls,.xls,272,C:/Finance/Loans/,2022-11-11T14:53:25,low
invoice_ledger_5609.csv,.csv,754,C:/Finance/Accounts/,2023-05-13T11:42:56,medium
notice_5610.csv,.csv,383,C:/Finance/PublicInfo/Guidelines/,2023-04-19T18:06:18,medium
salary_payroll_5611.docx,.docx,209,C:/Finance/HR/,2024-04-23T22:53:48,low
policy_5612.pdf,.pdf,746,C:/Finance/Internal/Policies/,2023-10-23T04:07:35,high
review_5613_confidential.pdf,.pdf,667,C:/Finance/Compliance/,2022-08-16T21:37:45,low
memo_profile_5614_draft.pdf,.pdf,526,C:/Finance/Customers/,2022-08-28T17:57:01,medium
pin_schedule_5615.pdf,.pdf,1398,C:/Finance/PublicInfo/Announcements/,2024-11-26T20:25:46,high
transaction_info_5616.pdf,.pdf,124,C:/Finance/PublicInfo/Announcements/,2022-12-12T08:36:06,low
loan_5617.xls,.xls,104,C:/Finance/Loans/,2022-01-04T01:24:46,high
schedule_5618.txt,.txt,122,C:/Finance/PublicInfo/Announcements/,2025-11-06T13:54:39,medium
info_5619.csv,.csv,553,C:/Finance/PublicInfo/Announcements/,2024-02-19T02:45:45,medium
transaction_5620.xlsx,.xlsx,3333,C:/Finance/Transactions/,2025-11-21T15:55:40,medium
salary_roster_5621.xlsx,.xlsx,123,C:/Finance/HR/,2025-12-29T20:38:02,low
announcement_5622.pdf,.pdf,586,C:/Finance/PublicInfo/Guidelines/,2025-09-27T22:32:07,low
guidelines_protocol_5623.xlsx,.xlsx,1623,C:/Finance/Internal/Policies/,2023-01-17T06:58:27,medium
bank_statement_announcement_5624_archived.pdf,.pdf,1409,C:/Finance/PublicInfo/Announcements/,2025-09-17T09:06:11,medium
announcement_report_5625.pdf,.pdf,122,C:/Finance/HR/,2025-05-12T12:28:34,medium
bank_statement_schedule_5626.txt,.txt,86,C:/Finance/PublicInfo/Guidelines/,2024-03-17T19:22:20,low
ssn_info_5627.pdf,.pdf,144,C:/Finance/PublicInfo/Guidelines/,2025-11-29T22:22:47,high
summary_audit_5628.csv,.csv,170,C:/Finance/Accounts/,2025-06-10T15:41:07,medium
statement_transaction_5629.xlsx,.xlsx,928,C:/Finance/Transactions/,2025-02-16T19:16:24,medium
statement_5630.csv,.csv,379,C:/Finance/Transactions/,2024-03-10T19:22:13,high
schedule_5631.pdf,.pdf,1516,C:/Finance/PublicInfo/Guidelines/,2022-08-03T13:44:52,low
ledger_loan_5632.xls,.xls,1483,C:/Finance/Loans/,2024-06-12T07:13:59,medium
announcement_5633.txt,.txt,6,C:/Finance/PublicInfo/Guidelines/,2023-12-16T13:25:55,low
report_notice_5634.txt,.txt,140,C:/Finance/PublicInfo/Guidelines/,2025-03-18T04:02:12,low
report_5635.pdf,.pdf,1221,C:/Finance/HR/,2023-02-28T09:59:11,low
memo_payroll_5636_draft.pdf,.pdf,854,C:/Finance/HR/,2023-06-04T05:21:25,medium
announcement_5637.pdf,.pdf,240,C:/Finance/PublicInfo/Announcements/,2022-12-15T08:45:24,medium
audit_5638.xlsx,.xlsx,1210,C:/Finance/Accounts/,2025-07-15T12:46:12,low
analysis_5639.pdf,.pdf,2161,C:/Finance/Reports/,2022-08-17T15:40:12,low
transaction_transfer_5640.csv,.csv,465,C:/Finance/Transactions/,2023-10-12T06:14:03,medium
menu_schedule_5641.txt,.txt,137,C:/Finance/PublicInfo/Announcements/,2022-02-11T06:28:09,medium
memo_5642.pdf,.pdf,800,C:/Finance/Reports/,2025-03-25T22:14:39,medium
balance_5643.csv,.csv,189,C:/Finance/Accounts/,2024-07-14T00:27:07,low
policy_schedule_5644.txt,.txt,102,C:/Finance/PublicInfo/Guidelines/,2024-01-17T02:25:00,low
transaction_5645.xlsx,.xlsx,695,C:/Finance/Transactions/,2022-02-19T15:30:20,low
guidelines_announcement_5646.csv,.csv,220,C:/Finance/PublicInfo/Announcements/,2024-09-20T05:23:54,low
schedule_payroll_5647.docx,.docx,370,C:/Finance/HR/,2022-11-05T22:15:36,medium
ledger_statement_5648.xlsx,.xlsx,221,C:/Finance/Transactions/,2023-03-17T13:06:30,medium
report_5649.xlsx,.xlsx,242,C:/Finance/HR/,2023-03-16T03:27:33,low
schedule_5650.csv,.csv,243,C:/Finance/PublicInfo/Announcements/,2023-09-01T20:26:09,high
info_5651.txt,.txt,115,C:/Finance/PublicInfo/Guidelines/,2024-08-04T11:29:10,high
analysis_announcement_5652.csv,.csv,336,C:/Finance/PublicInfo/Guidelines/,2022-11-14T09:01:36,low
info_audit_5653.csv,.csv,31,C:/Finance/Accounts/,2022-05-09T02:16:03,high
summary_repayment_5654.xlsx,.xlsx,759,C:/Finance/Loans/,2025-01-06T23:41:14,high
analysis_5655.csv,.csv,220,C:/Finance/Reports/,2025-09-06T02:15:03,medium
guidelines_salary_5656.docx,.docx,216,C:/Finance/HR/,2023-07-06T05:14:12,high
invoice_loan_5657.pdf,.pdf,358,C:/Finance/Loans/,2023-03-30T00:45:47,high
public_notice_schedule_5658.csv,.csv,194,C:/Finance/PublicInfo/Announcements/,2024-02-01T11:45:49,low
statement_contract_5659.xls,.xls,1127,C:/Finance/Loans/,2025-05-31T12:37:21,medium
schedule_payroll_5660.pdf,.pdf,52,C:/Finance/HR/,2022-06-04T19:53:36,low
notice_5661_draft.pdf,.pdf,1070,C:/Finance/PublicInfo/Guidelines/,2023-06-06T22:09:03,low
memo_contract_5662.csv,.csv,680,C:/Finance/Customers/,2022-11-29T14:25:48,medium
payroll_5663.docx,.docx,34,C:/Finance/HR/,2025-06-18T10:20:18,medium
memo_guideline_5664.pdf,.pdf,1736,C:/Finance/Internal/Policies/,2024-08-16T11:18:33,medium
transfer_5665.pdf,.pdf,1111,C:/Finance/Transactions/,2025-09-29T10:06:25,medium
roster_5666.pdf,.pdf,795,C:/Finance/HR/,2024-06-14T16:06:22,high
info_memo_5667.xlsx,.xlsx,761,C:/Finance/Reports/,2024-03-19T01:01:42,medium
statement_5668.xlsx,.xlsx,1418,C:/Finance/Transactions/,2022-10-09T04:50:53,medium
audit_5669_confidential.xlsx,.xlsx,460,C:/Finance/Compliance/,2023-12-27T01:30:53,low
loan_5670.pdf,.pdf,591,C:/Finance/Loans/,2023-03-20T20:02:58,medium
analysis_5671.pdf,.pdf,739,C:/Finance/Reports/,2025-07-11T10:27:26,low
policy_report_5672.csv,.csv,346,C:/Finance/Reports/,2023-05-25T13:22:28,medium
statement_audit_5673.pdf,.pdf,977,C:/Finance/Compliance/,2024-03-04T21:42:26,low
policy_5674.pdf,.pdf,3070,C:/Finance/Compliance/,2024-10-24T00:08:07,medium
payroll_5675.docx,.docx,278,C:/Finance/HR/,2025-12-14T13:44:31,low
credit_report_info_5676.csv,.csv,316,C:/Finance/Customers/,2024-11-25T17:10:37,low
invoice_guideline_5677.xlsx,.xlsx,71,C:/Finance/Internal/Policies/,2023-06-05T10:03:42,low
schedule_5678.csv,.csv,116,C:/Finance/PublicInfo/Guidelines/,2024-09-13T08:21:59,low
announcement_audit_5679.csv,.csv,420,C:/Finance/Accounts/,2024-09-21T21:40:33,medium
info_5680.csv,.csv,175,C:/Finance/PublicInfo/Announcements/,2022-02-06T06:28:40,medium
audit_5681.pdf,.pdf,781,C:/Finance/Compliance/,2024-04-19T07:38:50,low
schedule_analysis_5682.csv,.csv,219,C:/Finance/Reports/,2022-04-21T04:30:13,low
report_5683.xlsx,.xlsx,2919,C:/Finance/Reports/,2023-08-29T10:38:36,medium
policy_5684.xlsx,.xlsx,453,C:/Finance/Compliance/,2024-07-02T05:59:38,low
repayment_5685.pdf,.pdf,1881,C:/Finance/Loans/,2023-03-08T05:09:17,low
review_5686.pdf,.pdf,1314,C:/Finance/Compliance/,2024-01-24T04:37:41,low
analysis_5687.pdf,.pdf,1331,C:/Finance/Reports/,2022-05-19T02:21:00,medium
roster_5688.pdf,.pdf,185,C:/Finance/HR/,2024-02-19T08:41:45,low
contract_5689.xls,.xls,186,C:/Finance/Loans/,2025-11-24T03:15:01,medium
ssn_customer_5690_final.pdf,.pdf,2248,C:/Finance/Customers/,2022-05-20T20:45:07,high
menu_schedule_5691.txt,.txt,134,C:/Finance/PublicInfo/Announcements/,2025-10-18T22:06:30,low
contract_5692.docx,.docx,258,C:/Finance/Customers/,2025-02-11T13:38:55,low
policy_5693.xlsx,.xlsx,1531,C:/Finance/Internal/Policies/,2024-06-10T12:26:36,low
statement_contract_5694.pdf,.pdf,967,C:/Finance/Customers/,2024-07-09T04:07:13,low
announcement_5695.csv,.csv,41,C:/Finance/PublicInfo/Announcements/,2022-11-27T06:20:46,medium
announcement_5696.pdf,.pdf,494,C:/Finance/PublicInfo/Guidelines/,2023-12-18T02:04:28,low
roster_5697.docx,.docx,900,C:/Finance/HR/,2022-01-15T19:18:47,medium
notice_5698_v2.txt,.txt,52,C:/Finance/PublicInfo/Announcements/,2024-11-26T08:42:13,low
guidelines_transaction_5699.csv,.csv,440,C:/Finance/Transactions/,2022-12-10T17:56:52,low
public_notice_info_5700.pdf,.pdf,853,C:/Finance/PublicInfo/Announcements/,2022-10-18T12:15:54,low
info_transfer_5701.xlsx,.xlsx,528,C:/Finance/Transactions/,2023-03-27T07:10:37,low
guideline_5702.xlsx,.xlsx,1095,C:/Finance/Internal/Policies/,2022-01-27T02:09:55,medium
customer_5703.pdf,.pdf,146,C:/Finance/Customers/,2023-05-15T13:17:10,low
policy_transfer_5704.pdf,.pdf,9,C:/Finance/Transactions/,2024-01-29T02:22:42,low
account_5705.xlsx,.xlsx,1398,C:/Finance/Accounts/,2023-02-08T13:40:54,medium
report_5706.pdf,.pdf,170,C:/Finance/Reports/,2024-01-10T22:51:20,low
audit_5707_draft.csv,.csv,704,C:/Finance/Accounts/,2025-09-26T03:09:58,high
public_notice_audit_5708.xlsx,.xlsx,435,C:/Finance/Accounts/,2023-05-03T08:11:41,low
roster_5709.docx,.docx,218,C:/Finance/HR/,2022-10-11T23:48:11,low
repayment_5710.xls,.xls,556,C:/Finance/Loans/,2023-06-24T08:13:45,medium
guideline_5711.docx,.docx,429,C:/Finance/Compliance/,2024-06-09T17:10:35,low
salary_account_5712.csv,.csv,68,C:/Finance/Accounts/,2025-04-22T19:56:43,high
statement_5713_draft.pdf,.pdf,2210,C:/Finance/Transactions/,2022-02-06T01:06:34,low
report_audit_5714.xlsx,.xlsx,1034,C:/Finance/Accounts/,2024-04-28T10:29:14,medium
agreement_5715.docx,.docx,807,C:/Finance/Loans/,2022-09-08T13:22:22,high
info_agreement_5716.docx,.docx,137,C:/Finance/Loans/,2025-10-22T22:11:10,medium
salary_statement_5717.pdf,.pdf,657,C:/Finance/Transactions/,2025-05-18T08:39:31,low
procedure_5718.xlsx,.xlsx,858,C:/Finance/Internal/Policies/,2022-06-13T07:12:45,low
report_account_5719.pdf,.pdf,1445,C:/Finance/Accounts/,2022-03-24T23:05:39,high
protocol_5720_confidential.pdf,.pdf,324,C:/Finance/Internal/Policies/,2024-04-01T19:21:34,low
policy_schedule_5721.csv,.csv,225,C:/Finance/PublicInfo/Announcements/,2023-12-23T09:41:33,medium
policy_info_5722.txt,.txt,72,C:/Finance/PublicInfo/Announcements/,2022-08-08T21:09:04,low
announcement_procedure_5723.docx,.docx,195,C:/Finance/Internal/Policies/,2023-04-30T21:14:56,medium
policy_5724_archived.docx,.docx,817,C:/Finance/Internal/Policies/,2022-10-24T13:12:34,high
schedule_5725_draft.csv,.csv,870,C:/Finance/PublicInfo/Guidelines/,2022-12-12T11:48:55,medium
menu_analysis_5726.xlsx,.xlsx,778,C:/Finance/Reports/,2022-11-28T02:34:16,medium
summary_review_5727.pdf,.pdf,454,C:/Finance/Compliance/,2025-11-19T02:32:45,medium
notice_5728_archived.csv,.csv,8,C:/Finance/PublicInfo/Announcements/,2023-12-07T07:47:38,medium
review_5729.xlsx,.xlsx,1635,C:/Finance/Compliance/,2025-09-29T16:28:02,low
report_notice_5730.txt,.txt,143,C:/Finance/PublicInfo/Guidelines/,2024-11-05T18:44:40,low
statement_report_5731.pdf,.pdf,40,C:/Finance/HR/,2023-09-07T21:32:57,medium
info_5732.pdf,.pdf,939,C:/Finance/Customers/,2024-07-13T13:12:11,high
info_schedule_5733.pdf,.pdf,681,C:/Finance/PublicInfo/Guidelines/,2022-04-22T16:57:46,low
ledger_announcement_5734.txt,.txt,107,C:/Finance/PublicInfo/Guidelines/,2022-11-29T03:08:58,low
schedule_info_5735.pdf,.pdf,1019,C:/Finance/Customers/,2022-05-30T22:38:11,medium
review_5736.docx,.docx,467,C:/Finance/Compliance/,2025-08-20T05:13:18,medium
policy_5737.xlsx,.xlsx,499,C:/Finance/Compliance/,2025-02-14T15:15:33,low
balance_5738.csv,.csv,739,C:/Finance/Accounts/,2025-04-29T07:03:59,high
statement_5739.csv,.csv,535,C:/Finance/Transactions/,2022-02-25T12:14:19,high
menu_transaction_5740.pdf,.pdf,1630,C:/Finance/Transactions/,2022-05-07T19:46:26,low
announcement_5741.pdf,.pdf,1407,C:/Finance/PublicInfo/Announcements/,2025-06-16T23:18:54,medium
public_notice_contract_5742.csv,.csv,249,C:/Finance/Customers/,2022-11-22T00:57:43,high
policy_summary_5743.pdf,.pdf,1291,C:/Finance/Reports/,2023-03-31T01:53:19,medium
schedule_5744.pdf,.pdf,910,C:/Finance/PublicInfo/Announcements/,2025-05-29T18:53:36,low
report_audit_5745.pdf,.pdf,429,C:/Finance/Accounts/,2025-07-22T20:32:14,low
audit_5746.docx,.docx,451,C:/Finance/Compliance/,2025-09-25T10:25:43,low
summary_5747.csv,.csv,194,C:/Finance/Reports/,2022-02-05T00:23:04,high
info_5748.csv,.csv,183,C:/Finance/PublicInfo/Announcements/,2022-10-02T15:06:02,low
contract_5749.pdf,.pdf,590,C:/Finance/Loans/,2025-03-22T19:13:30,high
invoice_review_5750.xlsx,.xlsx,357,C:/Finance/Compliance/,2023-06-30T01:44:26,low
contract_5751.csv,.csv,607,C:/Finance/Customers/,2022-01-13T01:36:01,medium
schedule_info_5752.pdf,.pdf,1849,C:/Finance/PublicInfo/Guidelines/,2023-02-02T23:42:10,low
repayment_5753.docx,.docx,686,C:/Finance/Loans/,2023-06-09T11:05:52,high
summary_5754.xlsx,.xlsx,256,C:/Finance/Transactions/,2024-03-02T18:51:47,medium
transfer_5755.csv,.csv,559,C:/Finance/Transactions/,2023-11-24T18:02:53,medium
payroll_5756.pdf,.pdf,310,C:/Finance/HR/,2025-12-12T07:09:49,low
public_notice_schedule_5757.csv,.csv,666,C:/Finance/PublicInfo/Announcements/,2024-08-31T09:18:43,medium
loan_5758.xlsx,.xlsx,1681,C:/Finance/Loans/,2023-03-13T20:58:28,high
agreement_5759.xlsx,.xlsx,132,C:/Finance/Loans/,2023-04-14T16:35:36,low
summary_5760.csv,.csv,412,C:/Finance/Reports/,2025-02-04T05:54:14,low
analysis_review_5761.pdf,.pdf,1433,C:/Finance/Compliance/,2025-02-09T04:03:57,medium
guideline_5762.xlsx,.xlsx,757,C:/Finance/Internal/Policies/,2022-12-08T12:43:33,low
policy_salary_5763.docx,.docx,672,C:/Finance/HR/,2024-06-22T09:26:16,low
statement_payroll_5764.xlsx,.xlsx,2229,C:/Finance/HR/,2023-09-14T11:06:22,low
info_transaction_5765.csv,.csv,559,C:/Finance/Transactions/,2023-04-04T18:33:50,medium
info_protocol_5766.xlsx,.xlsx,1629,C:/Finance/Internal/Policies/,2024-11-15T06:49:47,low
report_5767.xlsx,.xlsx,46,C:/Finance/HR/,2022-10-09T22:47:24,medium
audit_5768.docx,.docx,187,C:/Finance/Compliance/,2023-06-26T06:18:39,low
memo_contract_5769.pdf,.pdf,445,C:/Finance/Customers/,2025-08-06T21:55:50,high
analysis_5770.pdf,.pdf,764,C:/Finance/Reports/,2025-07-01T14:59:57,low
report_5771.pdf,.pdf,255,C:/Finance/HR/,2022-09-18T15:01:31,low
guidelines_salary_5772.pdf,.pdf,468,C:/Finance/HR/,2025-08-03T01:20:40,high
guideline_5773.docx,.docx,69,C:/Finance/Compliance/,2022-06-06T18:38:09,medium
ledger_salary_5774.pdf,.pdf,19,C:/Finance/HR/,2022-12-16T01:04:00,low
analysis_contract_5775.csv,.csv,258,C:/Finance/Customers/,2023-11-10T14:14:08,low
schedule_5776_final.csv,.csv,301,C:/Finance/PublicInfo/Guidelines/,2024-10-27T04:33:30,low
menu_schedule_5777.csv,.csv,230,C:/Finance/PublicInfo/Guidelines/,2025-01-13T09:24:05,low
contract_5778.pdf,.pdf,342,C:/Finance/Customers/,2024-06-16T08:54:21,low
info_5779.docx,.docx,83,C:/Finance/Customers/,2025-05-09T22:05:17,low
info_5780.csv,.csv,810,C:/Finance/Customers/,2023-04-28T00:39:53,high
invoice_balance_5781.xlsx,.xlsx,750,C:/Finance/Accounts/,2025-04-22T10:37:01,low
customer_transaction_5782.xlsx,.xlsx,674,C:/Finance/Transactions/,2024-05-30T01:24:03,low
info_profile_5783.pdf,.pdf,1761,C:/Finance/Customers/,2024-04-22T01:57:08,low
memo_5784.pdf,.pdf,1057,C:/Finance/Reports/,2023-06-05T07:42:57,medium
salary_audit_5785.csv,.csv,248,C:/Finance/Accounts/,2023-07-12T17:46:23,low
info_5786.txt,.txt,113,C:/Finance/PublicInfo/Announcements/,2024-03-31T14:13:19,high
info_repayment_5787.pdf,.pdf,2252,C:/Finance/Loans/,2024-04-15T07:44:13,low
audit_5788_v2.pdf,.pdf,431,C:/Finance/Compliance/,2022-02-24T06:23:06,high
memo_5789_archived.xlsx,.xlsx,1812,C:/Finance/Reports/,2023-08-31T22:50:26,medium
report_5790_v2.xlsx,.xlsx,1298,C:/Finance/HR/,2024-04-09T02:04:25,low
announcement_schedule_5791.pdf,.pdf,650,C:/Finance/PublicInfo/Announcements/,2024-02-22T13:59:12,medium
announcement_5792.csv,.csv,267,C:/Finance/PublicInfo/Announcements/,2024-08-05T09:58:48,medium
roster_5793.pdf,.pdf,1530,C:/Finance/HR/,2023-06-10T22:37:53,high
info_schedule_5794.csv,.csv,327,C:/Finance/PublicInfo/Guidelines/,2023-06-07T02:18:26,low
credit_report_summary_5795.xlsx,.xlsx,1330,C:/Finance/Transactions/,2022-02-03T12:59:59,low
summary_5796.pdf,.pdf,1339,C:/Finance/Transactions/,2025-05-18T03:35:57,low
salary_5797.xlsx,.xlsx,673,C:/Finance/HR/,2024-11-13T20:08:22,low
menu_summary_5798.xlsx,.xlsx,1143,C:/Finance/Transactions/,2022-06-30T13:57:12,high
repayment_5799.pdf,.pdf,1604,C:/Finance/Loans/,2023-08-22T19:32:40,medium
transaction_5800.xlsx,.xlsx,836,C:/Finance/Transactions/,2025-10-06T02:09:23,high
pin_agreement_5801_v2.pdf,.pdf,752,C:/Finance/Loans/,2022-10-16T21:57:01,low
menu_balance_5802.xlsx,.xlsx,435,C:/Finance/Accounts/,2025-04-14T09:21:59,low
notice_5803.csv,.csv,370,C:/Finance/PublicInfo/Announcements/,2022-01-11T15:01:03,low
invoice_profile_5804.pdf,.pdf,2,C:/Finance/Customers/,2025-10-04T07:24:09,high
info_5805_archived.csv,.csv,260,C:/Finance/PublicInfo/Announcements/,2022-05-06T13:32:22,low
guidelines_summary_5806.xlsx,.xlsx,402,C:/Finance/Transactions/,2023-11-04T02:14:53,low
report_announcement_5807.pdf,.pdf,666,C:/Finance/PublicInfo/Guidelines/,2023-11-05T17:55:26,medium
notice_5808.csv,.csv,367,C:/Finance/PublicInfo/Announcements/,2023-03-17T22:55:36,medium
pin_info_5809.txt,.txt,88,C:/Finance/PublicInfo/Announcements/,2024-04-12T13:09:54,low
customer_5810.docx,.docx,9,C:/Finance/Customers/,2022-08-23T18:26:08,low
procedure_5811.docx,.docx,128,C:/Finance/Internal/Policies/,2025-09-14T10:03:36,low
menu_analysis_5812.csv,.csv,522,C:/Finance/Reports/,2024-05-19T05:17:24,high
procedure_5813.xlsx,.xlsx,609,C:/Finance/Internal/Policies/,2025-10-22T04:10:16,medium
notice_5814.pdf,.pdf,1334,C:/Finance/PublicInfo/Announcements/,2022-07-12T01:00:18,medium
policy_account_5815.csv,.csv,492,C:/Finance/Accounts/,2023-04-12T04:03:06,low
menu_info_5816.csv,.csv,47,C:/Finance/Customers/,2024-09-21T11:27:38,high
statement_5817.csv,.csv,370,C:/Finance/Transactions/,2024-09-23T02:58:39,high
menu_transfer_5818.pdf,.pdf,2050,C:/Finance/Transactions/,2025-09-05T20:21:39,medium
policy_loan_5819.xlsx,.xlsx,1468,C:/Finance/Loans/,2022-09-02T22:18:01,medium
announcement_review_5820.xlsx,.xlsx,174,C:/Finance/Compliance/,2023-10-07T17:07:32,low
contract_5821.docx,.docx,79,C:/Finance/Customers/,2022-01-31T19:48:01,low
roster_5822.docx,.docx,1101,C:/Finance/HR/,2024-12-05T13:33:48,low
salary_5823.docx,.docx,392,C:/Finance/HR/,2023-06-20T04:50:20,low
guidelines_info_5824.pdf,.pdf,1193,C:/Finance/Customers/,2022-02-10T14:47:19,high
ledger_5825.xlsx,.xlsx,10,C:/Finance/Accounts/,2022-03-08T22:07:21,medium
info_5826.pdf,.pdf,787,C:/Finance/PublicInfo/Guidelines/,2023-02-07T17:58:27,medium
contract_5827.xlsx,.xlsx,172,C:/Finance/Loans/,2024-04-23T13:42:25,high
statement_notice_5828.pdf,.pdf,564,C:/Finance/PublicInfo/Announcements/,2024-11-20T08:45:54,low
transfer_5829.csv,.csv,477,C:/Finance/Transactions/,2022-01-24T10:01:59,high
account_5830.xlsx,.xlsx,1303,C:/Finance/Accounts/,2023-11-10T07:09:13,high
repayment_5831.docx,.docx,333,C:/Finance/Loans/,2025-06-22T01:35:28,high
public_notice_announcement_5832.pdf,.pdf,423,C:/Finance/PublicInfo/Guidelines/,2025-06-10T04:00:31,medium
invoice_roster_5833.pdf,.pdf,634,C:/Finance/HR/,2023-04-04T09:54:49,medium
transaction_transaction_5834.csv,.csv,369,C:/Finance/Transactions/,2024-04-30T13:09:51,low
menu_info_5835.docx,.docx,481,C:/Finance/Customers/,2025-07-26T03:59:59,low
info_5836.txt,.txt,56,C:/Finance/PublicInfo/Guidelines/,2022-11-01T05:02:59,low
statement_summary_5837.csv,.csv,32,C:/Finance/Transactions/,2024-10-18T16:12:48,medium
ledger_5838.pdf,.pdf,12,C:/Finance/Accounts/,2025-03-19T13:33:18,high
notice_5839.csv,.csv,574,C:/Finance/PublicInfo/Announcements/,2025-04-23T13:50:32,low
account_number_roster_5840.pdf,.pdf,1592,C:/Finance/HR/,2022-06-27T14:49:58,high
menu_salary_5841.docx,.docx,480,C:/Finance/HR/,2024-10-09T21:18:14,low
report_guideline_5842.docx,.docx,212,C:/Finance/Compliance/,2025-02-02T03:55:12,medium
memo_protocol_5843.pdf,.pdf,2235,C:/Finance/Internal/Policies/,2023-05-13T19:31:26,low
transfer_5844.csv,.csv,149,C:/Finance/Transactions/,2022-10-15T06:39:55,low
credit_report_loan_5845_draft.pdf,.pdf,653,C:/Finance/Loans/,2022-05-10T22:00:34,medium
confidential_notice_5846.pdf,.pdf,912,C:/Finance/PublicInfo/Guidelines/,2024-07-07T13:09:54,low
info_5847.txt,.txt,76,C:/Finance/PublicInfo/Announcements/,2022-05-06T22:29:31,medium
ssn_schedule_5848.csv,.csv,534,C:/Finance/PublicInfo/Guidelines/,2024-03-04T01:58:40,high
roster_5849.docx,.docx,49,C:/Finance/HR/,2024-01-24T07:05:19,low
policy_5850.pdf,.pdf,1187,C:/Finance/Internal/Policies/,2025-07-11T07:57:20,low
contract_5851_draft.csv,.csv,327,C:/Finance/Customers/,2025-02-23T03:52:22,low
transaction_transaction_5852.csv,.csv,345,C:/Finance/Transactions/,2024-03-13T08:28:25,low
ledger_notice_5853_draft.pdf,.pdf,338,C:/Finance/PublicInfo/Announcements/,2022-02-01T05:51:30,high
ledger_5854.csv,.csv,538,C:/Finance/Accounts/,2024-02-03T15:14:36,high
memo_5855.xlsx,.xlsx,974,C:/Finance/Reports/,2023-04-20T19:42:47,low
roster_5856.docx,.docx,73,C:/Finance/HR/,2023-07-05T17:59:27,low
statement_balance_5857.pdf,.pdf,332,C:/Finance/Accounts/,2023-12-12T04:36:39,high
menu_customer_5858.docx,.docx,452,C:/Finance/Customers/,2023-08-15T14:54:12,low
menu_statement_5859.csv,.csv,229,C:/Finance/Transactions/,2025-11-12T13:50:40,low
ssn_notice_5860.txt,.txt,121,C:/Finance/PublicInfo/Guidelines/,2023-01-07T09:01:21,low
loan_5861.docx,.docx,517,C:/Finance/Loans/,2023-02-12T11:30:28,medium
account_number_analysis_5862.xlsx,.xlsx,331,C:/Finance/Reports/,2025-02-07T15:45:27,medium
ledger_5863.pdf,.pdf,275,C:/Finance/Accounts/,2022-12-17T04:41:04,low
announcement_5864.txt,.txt,71,C:/Finance/PublicInfo/Announcements/,2024-02-12T14:39:52,medium
customer_5865.docx,.docx,750,C:/Finance/Customers/,2023-09-24T09:06:41,low
contract_5866_v2.xlsx,.xlsx,652,C:/Finance/Loans/,2023-01-20T02:01:22,medium
info_5867.pdf,.pdf,600,C:/Finance/PublicInfo/Announcements/,2023-03-28T17:28:57,low
memo_schedule_5868.pdf,.pdf,1529,C:/Finance/PublicInfo/Guidelines/,2023-01-27T00:37:29,low
policy_5869.docx,.docx,132,C:/Finance/Internal/Policies/,2023-07-23T01:11:46,medium
report_profile_5870.docx,.docx,77,C:/Finance/Customers/,2023-06-27T02:41:21,medium
protocol_5871_archived.pdf,.pdf,1521,C:/Finance/Internal/Policies/,2024-12-07T07:08:17,low
transfer_5872.xlsx,.xlsx,166,C:/Finance/Transactions/,2023-03-30T15:05:01,low
schedule_policy_5873.pdf,.pdf,1355,C:/Finance/Compliance/,2025-03-12T16:42:09,medium
guidelines_notice_5874_v2.csv,.csv,464,C:/Finance/PublicInfo/Guidelines/,2024-01-12T02:07:07,low
report_5875.pdf,.pdf,1172,C:/Finance/HR/,2022-01-26T00:25:56,medium
passwords_schedule_5876.pdf,.pdf,646,C:/Finance/PublicInfo/Guidelines/,2022-11-13T04:09:54,low
report_5877.xlsx,.xlsx,219,C:/Finance/HR/,2022-12-07T04:21:05,low
guideline_5878.xlsx,.xlsx,580,C:/Finance/Internal/Policies/,2025-06-01T00:21:57,high
info_policy_5879.pdf,.pdf,1700,C:/Finance/Compliance/,2025-02-15T04:22:10,low
summary_announcement_5880.pdf,.pdf,1838,C:/Finance/PublicInfo/Announcements/,2024-09-25T16:37:36,medium
info_5881.txt,.txt,64,C:/Finance/PublicInfo/Announcements/,2022-10-04T23:20:14,low
guidelines_audit_5882.pdf,.pdf,1468,C:/Finance/Accounts/,2023-11-08T01:14:02,low
transaction_agreement_5883.docx,.docx,504,C:/Finance/Loans/,2023-12-25T10:41:30,high
policy_5884.pdf,.pdf,858,C:/Finance/Internal/Policies/,2025-09-21T18:56:35,low
guidelines_info_5885.docx,.docx,1,C:/Finance/Customers/,2024-05-10T19:10:39,high
ledger_contract_5886.csv,.csv,849,C:/Finance/Customers/,2025-05-22T15:49:06,high
info_guideline_5887.pdf,.pdf,1458,C:/Finance/Internal/Policies/,2024-11-16T18:11:58,high
salary_5888.pdf,.pdf,75,C:/Finance/HR/,2025-08-11T06:10:58,low
guidelines_customer_5889.docx,.docx,788,C:/Finance/Customers/,2025-10-01T21:03:48,low
review_5890.pdf,.pdf,287,C:/Finance/Compliance/,2023-08-06T19:09:05,low
public_notice_guideline_5891.pdf,.pdf,188,C:/Finance/Compliance/,2022-01-15T01:23:39,low
notice_5892.pdf,.pdf,849,C:/Finance/PublicInfo/Guidelines/,2025-11-24T01:36:10,low
loan_5893.xls,.xls,1010,C:/Finance/Loans/,2024-02-12T11:56:40,low
schedule_5894.csv,.csv,227,C:/Finance/PublicInfo/Announcements/,2023-10-06T10:48:03,low
policy_5895.pdf,.pdf,1642,C:/Finance/Compliance/,2022-10-06T21:36:07,low
announcement_report_5896.docx,.docx,329,C:/Finance/HR/,2022-10-12T13:03:27,low
announcement_audit_5897.pdf,.pdf,408,C:/Finance/Compliance/,2022-11-04T03:21:44,low
announcement_5898.pdf,.pdf,1449,C:/Finance/PublicInfo/Guidelines/,2025-04-05T06:32:19,low
public_notice_roster_5899.pdf,.pdf,209,C:/Finance/HR/,2022-03-27T21:04:24,medium
info_5900.pdf,.pdf,571,C:/Finance/PublicInfo/Announcements/,2023-02-21T03:14:02,medium
review_5901.docx,.docx,180,C:/Finance/Compliance/,2024-02-18T07:22:06,low
salary_guideline_5902.xlsx,.xlsx,1652,C:/Finance/Internal/Policies/,2022-02-14T15:20:12,low
contract_5903.csv,.csv,632,C:/Finance/Customers/,2022-01-22T07:43:45,low
analysis_account_5904.csv,.csv,396,C:/Finance/Accounts/,2022-08-08T01:13:59,high
transaction_account_5905.csv,.csv,507,C:/Finance/Accounts/,2025-10-21T05:38:47,low
report_account_5906_v2.xlsx,.xlsx,1524,C:/Finance/Accounts/,2024-12-14T22:21:02,medium
summary_5907.pdf,.pdf,1149,C:/Finance/Reports/,2024-07-24T03:02:02,low
analysis_5908.pdf,.pdf,1185,C:/Finance/Reports/,2024-11-16T19:02:25,medium
notice_5909.pdf,.pdf,105,C:/Finance/PublicInfo/Announcements/,2023-09-22T16:06:02,medium
info_5910.pdf,.pdf,719,C:/Finance/Customers/,2024-10-20T15:14:07,low
tax_info_procedure_5911.xlsx,.xlsx,748,C:/Finance/Internal/Policies/,2023-04-17T03:52:16,low
summary_policy_5912.docx,.docx,293,C:/Finance/Internal/Policies/,2023-08-22T01:38:28,low
policy_announcement_5913.csv,.csv,23,C:/Finance/PublicInfo/Guidelines/,2024-08-17T20:39:42,low
audit_5914.xlsx,.xlsx,713,C:/Finance/Accounts/,2023-06-14T12:36:37,low
invoice_summary_5915.pdf,.pdf,711,C:/Finance/Transactions/,2025-05-04T21:08:07,low
announcement_5916.pdf,.pdf,46,C:/Finance/PublicInfo/Announcements/,2025-06-16T15:39:34,medium
summary_5917.csv,.csv,390,C:/Finance/Transactions/,2023-04-13T06:40:21,low
profile_5918.csv,.csv,140,C:/Finance/Customers/,2024-12-18T00:37:49,low
public_notice_notice_5919.csv,.csv,229,C:/Finance/PublicInfo/Guidelines/,2022-04-15T00:42:14,low
procedure_5920_draft.docx,.docx,787,C:/Finance/Internal/Policies/,2025-08-26T02:07:15,medium
announcement_5921.pdf,.pdf,1715,C:/Finance/PublicInfo/Announcements/,2023-12-10T23:42:05,medium
statement_transfer_5922_confidential.pdf,.pdf,1367,C:/Finance/Transactions/,2024-12-16T13:23:15,low
announcement_guideline_5923.xlsx,.xlsx,1505,C:/Finance/Compliance/,2023-08-19T20:26:55,low
ledger_notice_5924.csv,.csv,371,C:/Finance/PublicInfo/Guidelines/,2023-05-28T04:41:24,medium
salary_5925.docx,.docx,54,C:/Finance/HR/,2024-11-03T16:40:27,low
customer_5926.csv,.csv,243,C:/Finance/Customers/,2022-07-24T06:24:28,low
ssn_policy_5927_v2.pdf,.pdf,114,C:/Finance/Internal/Policies/,2024-12-23T14:31:27,medium
audit_5928.xlsx,.xlsx,1351,C:/Finance/Accounts/,2023-09-30T03:59:36,medium
transaction_repayment_5929.docx,.docx,179,C:/Finance/Loans/,2022-08-15T15:23:23,low
public_notice_schedule_5930.csv,.csv,49,C:/Finance/PublicInfo/Guidelines/,2022-08-28T21:20:15,low
transaction_schedule_5931.txt,.txt,92,C:/Finance/PublicInfo/Announcements/,2025-11-22T02:50:41,medium
contract_5932.pdf,.pdf,1725,C:/Finance/Customers/,2022-09-03T08:09:31,low
info_5933.pdf,.pdf,1555,C:/Finance/Customers/,2023-08-30T19:59:50,medium
schedule_5934.csv,.csv,1203,C:/Finance/PublicInfo/Announcements/,2025-07-12T06:30:25,medium
loan_5935_v2.xls,.xls,346,C:/Finance/Loans/,2024-08-31T11:21:44,low
repayment_5936.pdf,.pdf,1054,C:/Finance/Loans/,2024-02-18T15:20:26,medium
policy_report_5937.pdf,.pdf,927,C:/Finance/Reports/,2024-03-31T08:44:33,medium
info_5938.csv,.csv,347,C:/Finance/PublicInfo/Guidelines/,2023-03-11T21:25:24,low
analysis_ledger_5939.csv,.csv,106,C:/Finance/Accounts/,2022-06-13T13:25:36,medium
policy_5940.pdf,.pdf,219,C:/Finance/Internal/Policies/,2022-03-21T08:24:56,low
announcement_info_5941.csv,.csv,507,C:/Finance/PublicInfo/Guidelines/,2025-05-23T21:59:24,low
menu_schedule_5942.txt,.txt,21,C:/Finance/PublicInfo/Announcements/,2025-07-26T03:09:00,low
notice_5943.txt,.txt,88,C:/Finance/PublicInfo/Announcements/,2024-03-18T21:23:19,medium
report_info_5944.txt,.txt,40,C:/Finance/PublicInfo/Guidelines/,2025-07-08T09:34:49,low
info_5945.pdf,.pdf,1090,C:/Finance/Customers/,2023-06-29T12:27:44,medium
public_notice_ledger_5946_final.xlsx,.xlsx,62,C:/Finance/Accounts/,2023-01-19T09:25:23,low
schedule_5947.txt,.txt,66,C:/Finance/PublicInfo/Announcements/,2025-12-31T08:50:30,low
contract_5948_v2.csv,.csv,370,C:/Finance/Customers/,2023-01-14T00:03:38,low
loan_5949.xlsx,.xlsx,832,C:/Finance/Loans/,2024-05-13T08:08:06,low
analysis_5950.csv,.csv,291,C:/Finance/Reports/,2023-06-08T16:36:14,low
summary_5951.csv,.csv,152,C:/Finance/Reports/,2023-10-27T15:54:47,low
public_notice_notice_5952.txt,.txt,6,C:/Finance/PublicInfo/Announcements/,2022-05-27T23:11:56,low
announcement_policy_5953.docx,.docx,225,C:/Finance/Compliance/,2023-08-14T22:31:59,low
announcement_profile_5954.csv,.csv,376,C:/Finance/Customers/,2023-12-19T00:11:33,low
analysis_info_5955.csv,.csv,492,C:/Finance/PublicInfo/Guidelines/,2022-08-08T14:11:51,low
report_5956.pdf,.pdf,736,C:/Finance/HR/,2024-11-18T23:14:33,low
ledger_notice_5957.pdf,.pdf,515,C:/Finance/PublicInfo/Announcements/,2022-05-15T18:01:34,low
announcement_summary_5958_archived.csv,.csv,331,C:/Finance/Transactions/,2024-07-03T04:28:36,low
memo_loan_5959.xlsx,.xlsx,1056,C:/Finance/Loans/,2023-08-17T23:16:44,medium
customer_5960.csv,.csv,410,C:/Finance/Customers/,2025-03-14T03:57:03,low
announcement_profile_5961.pdf,.pdf,8,C:/Finance/Customers/,2022-03-15T19:54:14,high
ssn_roster_5962_v2.xlsx,.xlsx,960,C:/Finance/HR/,2025-09-14T20:00:45,medium
guidelines_policy_5963.pdf,.pdf,1350,C:/Finance/Compliance/,2023-08-25T03:03:56,medium
schedule_balance_5964_v2.pdf,.pdf,745,C:/Finance/Accounts/,2024-01-13T03:27:32,low
guideline_5965.docx,.docx,297,C:/Finance/Compliance/,2025-04-14T00:40:35,low
transaction_loan_5966.xlsx,.xlsx,362,C:/Finance/Loans/,2025-05-04T09:59:47,medium
profile_5967.pdf,.pdf,2109,C:/Finance/Customers/,2024-08-09T13:09:43,high
info_5968.txt,.txt,130,C:/Finance/PublicInfo/Guidelines/,2022-04-24T19:17:05,low
guideline_5969.docx,.docx,649,C:/Finance/Internal/Policies/,2022-05-21T05:07:00,high
salary_audit_5970.xlsx,.xlsx,104,C:/Finance/Accounts/,2023-02-18T09:50:28,high
info_5971.pdf,.pdf,1463,C:/Finance/PublicInfo/Guidelines/,2024-09-04T00:09:02,low
announcement_5972.csv,.csv,336,C:/Finance/PublicInfo/Guidelines/,2022-07-20T01:21:24,high
public_notice_info_5973.pdf,.pdf,1579,C:/Finance/PublicInfo/Guidelines/,2022-08-04T03:58:54,medium
statement_balance_5974.pdf,.pdf,394,C:/Finance/Accounts/,2024-05-19T15:05:30,high
menu_info_5975.pdf,.pdf,42,C:/Finance/Customers/,2023-07-22T15:55:05,low
info_5976.pdf,.pdf,817,C:/Finance/Customers/,2024-05-06T10:39:08,low
analysis_5977.csv,.csv,228,C:/Finance/Reports/,2023-03-08T03:58:01,low
report_5978.csv,.csv,252,C:/Finance/Reports/,2024-05-13T22:56:04,low
guidelines_info_5979.pdf,.pdf,3342,C:/Finance/PublicInfo/Guidelines/,2024-08-30T11:09:41,low
memo_schedule_5980_final.pdf,.pdf,1067,C:/Finance/PublicInfo/Guidelines/,2025-06-24T23:30:41,low
schedule_balance_5981.xlsx,.xlsx,98,C:/Finance/Accounts/,2023-06-28T11:52:05,medium
policy_5982.xlsx,.xlsx,1675,C:/Finance/Compliance/,2025-11-06T08:17:46,low
analysis_5983.csv,.csv,238,C:/Finance/Reports/,2023-01-10T20:21:38,low
schedule_5984.pdf,.pdf,378,C:/Finance/PublicInfo/Guidelines/,2023-03-16T05:19:57,low
statement_info_5985.txt,.txt,119,C:/Finance/PublicInfo/Announcements/,2023-06-14T23:42:50,low
policy_5986_draft.docx,.docx,90,C:/Finance/Compliance/,2025-10-20T18:26:21,low
review_5987.xlsx,.xlsx,1515,C:/Finance/Compliance/,2023-10-27T13:48:37,high
policy_5988.pdf,.pdf,940,C:/Finance/Compliance/,2025-08-18T10:45:49,low
schedule_contract_5989.csv,.csv,10,C:/Finance/Customers/,2024-07-18T20:04:59,low
schedule_5990.csv,.csv,144,C:/Finance/PublicInfo/Announcements/,2024-08-28T19:44:58,medium
policy_5991_draft.docx,.docx,117,C:/Finance/Internal/Policies/,2024-06-23T03:34:09,low
analysis_info_5992.txt,.txt,4,C:/Finance/PublicInfo/Guidelines/,2024-11-03T10:53:04,low
transaction_audit_5993.xlsx,.xlsx,1646,C:/Finance/Compliance/,2025-01-26T03:43:27,low
info_5994.pdf,.pdf,210,C:/Finance/PublicInfo/Announcements/,2023-12-30T06:54:18,low
public_notice_loan_5995.docx,.docx,57,C:/Finance/Loans/,2025-05-01T15:44:59,low
menu_announcement_5996.csv,.csv,258,C:/Finance/PublicInfo/Announcements/,2025-04-13T00:51:07,low
guideline_5997.pdf,.pdf,1040,C:/Finance/Internal/Policies/,2025-05-12T15:30:00,medium
guidelines_info_5998_archived.docx,.docx,618,C:/Finance/Customers/,2025-04-14T14:19:02,low
summary_5999.pdf,.pdf,1135,C:/Finance/Reports/,2022-04-01T19:23:44,medium
summary_review_6000.pdf,.pdf,1299,C:/Finance/Compliance/,2025-12-05T13:23:36,medium
notice_6001.pdf,.pdf,1782,C:/Finance/PublicInfo/Announcements/,2024-02-04T11:55:31,low
menu_transfer_6002.csv,.csv,363,C:/Finance/Transactions/,2022-03-13T16:38:09,low
audit_6003.csv,.csv,935,C:/Finance/Accounts/,2024-06-27T13:43:24,medium
contract_6004.docx,.docx,932,C:/Finance/Customers/,2024-04-23T13:35:00,high
statement_6005.pdf,.pdf,1359,C:/Finance/Transactions/,2023-08-24T14:19:59,medium
report_ledger_6006.csv,.csv,539,C:/Finance/Accounts/,2025-11-06T08:37:45,medium
memo_summary_6007.csv,.csv,421,C:/Finance/Transactions/,2022-10-11T06:18:02,medium
loan_6008.pdf,.pdf,32,C:/Finance/Loans/,2024-10-01T15:03:22,medium
transaction_notice_6009.pdf,.pdf,2407,C:/Finance/PublicInfo/Announcements/,2022-08-12T13:52:45,low
audit_6010.pdf,.pdf,1130,C:/Finance/Accounts/,2025-07-20T12:06:24,medium
policy_6011.docx,.docx,574,C:/Finance/Compliance/,2025-05-26T20:38:53,low
summary_schedule_6012.txt,.txt,113,C:/Finance/PublicInfo/Announcements/,2025-10-02T15:46:20,high
policy_6013.xlsx,.xlsx,164,C:/Finance/Compliance/,2023-10-07T21:09:15,high
analysis_6014.xlsx,.xlsx,111,C:/Finance/Reports/,2022-08-26T20:38:58,medium
ledger_6015.csv,.csv,812,C:/Finance/Accounts/,2022-02-08T01:11:58,high
protocol_6016.xlsx,.xlsx,837,C:/Finance/Internal/Policies/,2024-12-15T17:30:43,medium
salary_6017.pdf,.pdf,1913,C:/Finance/HR/,2024-05-29T21:32:52,low
policy_payroll_6018.xlsx,.xlsx,768,C:/Finance/HR/,2025-07-15T02:51:02,medium
invoice_policy_6019.pdf,.pdf,1287,C:/Finance/Internal/Policies/,2025-08-14T01:49:56,medium
announcement_policy_6020.pdf,.pdf,1761,C:/Finance/Internal/Policies/,2024-05-14T01:11:04,medium
announcement_6021.pdf,.pdf,543,C:/Finance/PublicInfo/Announcements/,2022-12-15T13:21:28,medium
announcement_6022.txt,.txt,133,C:/Finance/PublicInfo/Guidelines/,2022-05-16T22:50:43,medium
guidelines_policy_6023.docx,.docx,407,C:/Finance/Compliance/,2024-05-22T00:20:38,medium
analysis_6024.xlsx,.xlsx,855,C:/Finance/Reports/,2023-09-04T09:18:53,high
guidelines_analysis_6025.csv,.csv,236,C:/Finance/Reports/,2023-01-21T20:10:04,low
credit_report_info_6026.pdf,.pdf,532,C:/Finance/PublicInfo/Guidelines/,2023-02-16T00:38:47,low
protocol_6027.docx,.docx,301,C:/Finance/Internal/Policies/,2025-12-10T00:15:59,medium
profile_6028.csv,.csv,561,C:/Finance/Customers/,2023-08-22T00:04:18,high
menu_salary_6029.xlsx,.xlsx,1459,C:/Finance/HR/,2022-07-04T14:02:31,medium
payroll_6030.docx,.docx,70,C:/Finance/HR/,2025-04-26T12:52:26,medium
memo_6031_archived.pdf,.pdf,417,C:/Finance/Reports/,2023-06-13T09:14:14,high
summary_6032.pdf,.pdf,772,C:/Finance/Transactions/,2025-10-12T13:01:18,high
memo_6033.xlsx,.xlsx,72,C:/Finance/Reports/,2022-02-09T23:29:47,low
schedule_6034.csv,.csv,263,C:/Finance/PublicInfo/Announcements/,2023-02-11T15:56:56,low
policy_6035.xlsx,.xlsx,1322,C:/Finance/Compliance/,2025-11-21T02:51:19,low
report_profile_6036.docx,.docx,1144,C:/Finance/Customers/,2024-01-08T22:54:34,medium
ssn_repayment_6037_v2.xlsx,.xlsx,656,C:/Finance/Loans/,2022-11-17T18:52:42,high
loan_6038.pdf,.pdf,1972,C:/Finance/Loans/,2024-04-12T12:19:52,high
salary_6039.xlsx,.xlsx,323,C:/Finance/HR/,2022-09-18T05:08:04,low
transaction_6040.csv,.csv,19,C:/Finance/Transactions/,2025-06-22T07:01:31,low
loan_6041.docx,.docx,302,C:/Finance/Loans/,2025-08-18T17:32:10,medium
transaction_6042.xlsx,.xlsx,709,C:/Finance/Transactions/,2024-11-13T02:32:45,high
schedule_schedule_6043.txt,.txt,89,C:/Finance/PublicInfo/Announcements/,2023-08-03T14:04:47,low
transaction_6044.pdf,.pdf,635,C:/Finance/Transactions/,2022-12-17T17:51:15,low
schedule_info_6045.csv,.csv,180,C:/Finance/Customers/,2023-07-12T03:08:32,medium
statement_salary_6046.docx,.docx,173,C:/Finance/HR/,2023-07-18T05:24:23,medium
passwords_analysis_6047.csv,.csv,237,C:/Finance/Reports/,2023-12-05T21:28:27,high
memo_report_6048.pdf,.pdf,605,C:/Finance/HR/,2022-07-29T07:06:25,low
memo_6049.pdf,.pdf,379,C:/Finance/Reports/,2025-03-02T19:25:13,low
policy_notice_6050.csv,.csv,14,C:/Finance/PublicInfo/Announcements/,2025-08-08T23:44:08,medium
ledger_info_6051.csv,.csv,176,C:/Finance/Customers/,2024-05-19T14:45:02,low
info_6052.csv,.csv,331,C:/Finance/Customers/,2024-08-12T16:37:14,high
account_6053.csv,.csv,300,C:/Finance/Accounts/,2025-09-17T04:26:27,low
bank_statement_contract_6054_confidential.pdf,.pdf,1961,C:/Finance/Loans/,2025-09-08T17:20:42,medium
report_6055.docx,.docx,830,C:/Finance/HR/,2025-11-20T02:57:52,medium
guidelines_payroll_6056.xlsx,.xlsx,1321,C:/Finance/HR/,2022-11-13T13:31:23,medium
repayment_6057.xls,.xls,379,C:/Finance/Loans/,2025-11-23T12:11:44,low
analysis_info_6058.pdf,.pdf,2639,C:/Finance/Customers/,2023-06-29T20:40:53,medium
analysis_6059.pdf,.pdf,1756,C:/Finance/Reports/,2022-09-03T05:59:48,low
audit_6060.xlsx,.xlsx,112,C:/Finance/Accounts/,2023-12-24T22:31:13,medium
contract_6061.csv,.csv,219,C:/Finance/Customers/,2025-05-11T19:23:35,medium
procedure_6062.xlsx,.xlsx,1628,C:/Finance/Internal/Policies/,2025-02-25T09:06:48,low
summary_6063_archived.xlsx,.xlsx,272,C:/Finance/Reports/,2022-08-21T05:31:00,low
public_notice_analysis_6064_confidential.pdf,.pdf,8,C:/Finance/Reports/,2022-09-29T15:06:41,high
profile_6065.docx,.docx,16,C:/Finance/Customers/,2023-07-04T17:09:39,low
info_guideline_6066.docx,.docx,344,C:/Finance/Compliance/,2024-04-26T17:47:54,low
review_6067.pdf,.pdf,617,C:/Finance/Compliance/,2022-02-19T19:49:47,low
pin_report_6068.csv,.csv,29,C:/Finance/Reports/,2022-07-07T21:08:01,medium
public_notice_info_6069_v2.csv,.csv,360,C:/Finance/PublicInfo/Guidelines/,2025-12-05T04:20:52,low
analysis_transaction_6070.pdf,.pdf,1818,C:/Finance/Transactions/,2025-05-08T12:09:55,medium
profile_6071.docx,.docx,1166,C:/Finance/Customers/,2024-04-10T10:22:52,high
bank_statement_protocol_6072_v2.docx,.docx,173,C:/Finance/Internal/Policies/,2022-05-17T00:02:00,low
report_6073.pdf,.pdf,1460,C:/Finance/HR/,2025-11-03T01:12:07,medium
ledger_summary_6074.csv,.csv,390,C:/Finance/Transactions/,2023-08-22T20:22:56,low
memo_roster_6075.docx,.docx,763,C:/Finance/HR/,2025-12-26T18:46:42,low
account_6076.xlsx,.xlsx,679,C:/Finance/Accounts/,2023-01-01T22:37:53,medium
payroll_6077.xlsx,.xlsx,1487,C:/Finance/HR/,2024-07-10T03:40:25,high
customer_salary_6078.docx,.docx,188,C:/Finance/HR/,2024-02-09T00:30:07,medium
public_notice_report_6079.docx,.docx,175,C:/Finance/HR/,2023-01-02T03:32:34,low
info_6080_v2.pdf,.pdf,283,C:/Finance/PublicInfo/Announcements/,2025-02-26T19:34:51,low
roster_6081.pdf,.pdf,1727,C:/Finance/HR/,2025-04-30T05:32:19,medium
procedure_6082.docx,.docx,507,C:/Finance/Internal/Policies/,2022-06-02T11:28:02,low
summary_6083_draft.pdf,.pdf,228,C:/Finance/Reports/,2022-01-13T02:18:24,low
info_6084.pdf,.pdf,25,C:/Finance/PublicInfo/Guidelines/,2024-12-25T01:02:15,low
protocol_6085.xlsx,.xlsx,1211,C:/Finance/Internal/Policies/,2023-03-30T04:30:28,low
memo_balance_6086.xlsx,.xlsx,216,C:/Finance/Accounts/,2024-01-20T21:18:23,medium
audit_6087.pdf,.pdf,214,C:/Finance/Compliance/,2025-04-22T01:20:01,high
policy_agreement_6088.pdf,.pdf,259,C:/Finance/Loans/,2024-11-11T19:17:05,high
public_notice_guideline_6089.pdf,.pdf,119,C:/Finance/Internal/Policies/,2022-03-03T07:45:49,low
schedule_notice_6090.pdf,.pdf,570,C:/Finance/PublicInfo/Announcements/,2025-11-14T11:23:20,low
protocol_6091.docx,.docx,682,C:/Finance/Internal/Policies/,2025-06-10T05:34:57,medium
summary_6092_draft.pdf,.pdf,478,C:/Finance/Reports/,2022-03-25T22:41:27,high
policy_salary_6093_confidential.docx,.docx,624,C:/Finance/HR/,2025-08-15T03:34:37,low
roster_6094.pdf,.pdf,926,C:/Finance/HR/,2022-03-19T08:56:13,medium
guidelines_policy_6095.xlsx,.xlsx,802,C:/Finance/Internal/Policies/,2023-07-07T05:14:06,low
salary_balance_6096.csv,.csv,215,C:/Finance/Accounts/,2025-10-25T10:52:03,high
repayment_6097.xlsx,.xlsx,1904,C:/Finance/Loans/,2023-10-01T07:52:58,high
info_6098.csv,.csv,134,C:/Finance/PublicInfo/Guidelines/,2023-07-07T03:44:21,low
transaction_customer_6099.csv,.csv,501,C:/Finance/Customers/,2025-11-17T09:34:09,medium
roster_6100_v2.docx,.docx,407,C:/Finance/HR/,2023-04-10T17:01:00,medium
report_account_6101.xlsx,.xlsx,1522,C:/Finance/Accounts/,2025-04-24T18:40:57,medium
guidelines_roster_6102.pdf,.pdf,324,C:/Finance/HR/,2025-12-07T14:08:32,low
analysis_transaction_6103.csv,.csv,462,C:/Finance/Transactions/,2022-03-04T00:29:05,medium
salary_6104.docx,.docx,925,C:/Finance/HR/,2024-08-31T20:37:01,medium
summary_transaction_6105.csv,.csv,388,C:/Finance/Transactions/,2024-01-03T02:52:00,low
transaction_6106.pdf,.pdf,910,C:/Finance/Transactions/,2024-05-18T10:08:43,low
guideline_6107.xlsx,.xlsx,565,C:/Finance/Internal/Policies/,2023-08-22T22:59:03,low
guidelines_guideline_6108.docx,.docx,65,C:/Finance/Compliance/,2024-04-07T01:54:49,high
info_info_6109.docx,.docx,279,C:/Finance/Customers/,2022-11-06T12:13:41,low
menu_protocol_6110.docx,.docx,619,C:/Finance/Internal/Policies/,2022-11-30T11:35:20,low
menu_announcement_6111_draft.pdf,.pdf,1259,C:/Finance/PublicInfo/Announcements/,2023-10-04T21:34:37,low
ssn_agreement_6112_final.xlsx,.xlsx,1113,C:/Finance/Loans/,2025-11-07T04:08:23,low
statement_audit_6113.pdf,.pdf,1676,C:/Finance/Compliance/,2022-05-23T21:07:55,medium
announcement_6114.csv,.csv,457,C:/Finance/PublicInfo/Announcements/,2022-12-19T00:34:08,low
policy_6115.docx,.docx,453,C:/Finance/Compliance/,2024-02-18T16:47:15,low
audit_6116.xlsx,.xlsx,329,C:/Finance/Accounts/,2024-07-04T00:31:09,low
info_6117.pdf,.pdf,1457,C:/Finance/PublicInfo/Announcements/,2025-03-02T16:46:26,medium
menu_transaction_6118_v2.csv,.csv,390,C:/Finance/Transactions/,2025-10-21T05:32:43,low
transfer_6119.xlsx,.xlsx,832,C:/Finance/Transactions/,2022-02-09T04:15:41,low
invoice_ledger_6120.pdf,.pdf,18,C:/Finance/Accounts/,2023-08-28T11:20:08,high
memo_review_6121.xlsx,.xlsx,1229,C:/Finance/Compliance/,2024-02-18T16:44:27,high
schedule_salary_6122.docx,.docx,634,C:/Finance/HR/,2025-01-07T15:15:33,low
protocol_6123.docx,.docx,324,C:/Finance/Internal/Policies/,2024-11-09T03:08:44,low
public_notice_customer_6124.pdf,.pdf,803,C:/Finance/Customers/,2024-09-03T08:33:36,medium
ssn_guideline_6125.pdf,.pdf,119,C:/Finance/Internal/Policies/,2023-04-25T07:13:19,low
info_6126_archived.pdf,.pdf,2450,C:/Finance/Customers/,2022-03-13T09:39:36,high
guidelines_policy_6127.xlsx,.xlsx,120,C:/Finance/Internal/Policies/,2024-02-10T20:17:40,low
balance_6128.xlsx,.xlsx,251,C:/Finance/Accounts/,2024-10-20T12:56:33,low
menu_report_6129.pdf,.pdf,1224,C:/Finance/HR/,2025-04-23T04:30:06,medium
summary_report_6130.pdf,.pdf,941,C:/Finance/Reports/,2022-10-31T13:21:47,medium
review_6131.xlsx,.xlsx,491,C:/Finance/Compliance/,2022-08-19T03:12:23,low
statement_statement_6132.pdf,.pdf,427,C:/Finance/Transactions/,2023-07-16T17:18:45,low
announcement_6133_final.pdf,.pdf,60,C:/Finance/PublicInfo/Announcements/,2022-03-25T15:45:22,low
announcement_6134.pdf,.pdf,127,C:/Finance/PublicInfo/Announcements/,2023-06-18T08:08:41,low
payroll_6135.xlsx,.xlsx,951,C:/Finance/HR/,2022-10-29T00:43:46,low
policy_audit_6136.xlsx,.xlsx,309,C:/Finance/Accounts/,2022-04-25T06:13:23,high
audit_6137.docx,.docx,87,C:/Finance/Compliance/,2025-05-01T13:25:06,low
statement_schedule_6138_final.txt,.txt,129,C:/Finance/PublicInfo/Guidelines/,2025-11-16T11:03:30,medium
repayment_6139.xlsx,.xlsx,389,C:/Finance/Loans/,2023-08-21T04:43:41,low
payroll_6140.xlsx,.xlsx,107,C:/Finance/HR/,2022-02-13T08:10:05,high
report_info_6141.pdf,.pdf,365,C:/Finance/PublicInfo/Guidelines/,2024-12-12T21:18:11,low
contract_6142.docx,.docx,103,C:/Finance/Customers/,2024-12-16T07:24:10,low
ledger_customer_6143.pdf,.pdf,441,C:/Finance/Customers/,2023-11-27T09:57:01,medium
payroll_6144.pdf,.pdf,87,C:/Finance/HR/,2024-01-04T09:59:03,low
public_notice_audit_6145.csv,.csv,454,C:/Finance/Accounts/,2022-10-04T08:31:24,low
account_6146.xlsx,.xlsx,39,C:/Finance/Accounts/,2022-04-04T18:12:30,medium
customer_6147.csv,.csv,332,C:/Finance/Customers/,2022-05-19T22:39:49,medium
customer_6148.docx,.docx,601,C:/Finance/Customers/,2024-04-11T05:32:36,low
announcement_info_6149_draft.pdf,.pdf,54,C:/Finance/PublicInfo/Announcements/,2024-10-20T11:47:20,low
policy_info_6150_v2.docx,.docx,574,C:/Finance/Customers/,2022-10-14T09:05:04,low
review_6151.docx,.docx,622,C:/Finance/Compliance/,2025-10-25T18:40:48,medium
procedure_6152.xlsx,.xlsx,344,C:/Finance/Internal/Policies/,2023-02-25T20:06:14,low
public_notice_balance_6153_confidential.xlsx,.xlsx,1246,C:/Finance/Accounts/,2022-03-21T17:58:35,medium
schedule_salary_6154.docx,.docx,496,C:/Finance/HR/,2025-04-27T17:20:03,low
policy_6155.xlsx,.xlsx,1350,C:/Finance/Internal/Policies/,2024-05-04T00:39:17,medium
analysis_6156.pdf,.pdf,1986,C:/Finance/Reports/,2023-12-21T05:57:27,high
report_6157.csv,.csv,269,C:/Finance/Reports/,2023-12-11T15:18:00,low
policy_summary_6158.xlsx,.xlsx,1586,C:/Finance/Reports/,2024-03-13T08:44:54,low
info_transfer_6159.csv,.csv,310,C:/Finance/Transactions/,2024-06-18T08:13:21,low
guideline_6160.docx,.docx,733,C:/Finance/Compliance/,2022-04-20T05:19:48,low
guideline_6161.xlsx,.xlsx,608,C:/Finance/Compliance/,2023-02-23T11:58:50,low
invoice_notice_6162.pdf,.pdf,631,C:/Finance/PublicInfo/Announcements/,2025-09-22T11:12:47,low
info_6163.txt,.txt,56,C:/Finance/PublicInfo/Announcements/,2023-03-17T15:00:19,low
transfer_6164.csv,.csv,367,C:/Finance/Transactions/,2022-11-30T16:19:01,medium
policy_6165_v2.docx,.docx,345,C:/Finance/Compliance/,2025-02-13T13:08:14,low
tax_info_salary_6166_confidential.docx,.docx,918,C:/Finance/HR/,2022-10-20T03:54:03,low
statement_ledger_6167.pdf,.pdf,1596,C:/Finance/Accounts/,2024-05-03T08:01:46,medium
contract_6168.xlsx,.xlsx,1004,C:/Finance/Loans/,2023-03-12T04:27:06,low
info_6169.txt,.txt,139,C:/Finance/PublicInfo/Guidelines/,2025-09-29T03:03:53,low
analysis_repayment_6170.pdf,.pdf,674,C:/Finance/Loans/,2025-12-18T07:01:40,medium
info_6171.pdf,.pdf,852,C:/Finance/PublicInfo/Announcements/,2023-02-24T06:12:39,low
credit_report_report_6172.pdf,.pdf,3,C:/Finance/Reports/,2025-07-19T09:41:06,low
announcement_6173.pdf,.pdf,1869,C:/Finance/PublicInfo/Guidelines/,2025-06-21T06:52:12,medium
guideline_6174.docx,.docx,209,C:/Finance/Compliance/,2022-10-08T13:24:28,medium
account_6175_final.xlsx,.xlsx,801,C:/Finance/Accounts/,2023-07-10T01:01:27,high
report_6176.docx,.docx,265,C:/Finance/HR/,2024-02-03T14:38:03,low
contract_6177.xls,.xls,176,C:/Finance/Loans/,2024-03-26T06:11:32,high
confidential_info_6178.txt,.txt,89,C:/Finance/PublicInfo/Guidelines/,2024-01-09T17:01:47,low
salary_contract_6179.docx,.docx,144,C:/Finance/Customers/,2022-05-23T03:44:56,low
customer_6180.pdf,.pdf,931,C:/Finance/Customers/,2025-07-06T23:14:26,low
passwords_policy_6181.docx,.docx,25,C:/Finance/Internal/Policies/,2023-02-16T15:52:23,medium
credit_report_repayment_6182.docx,.docx,240,C:/Finance/Loans/,2025-05-25T05:25:29,high
customer_6183.docx,.docx,633,C:/Finance/Customers/,2024-06-06T14:52:23,medium
transaction_analysis_6184.csv,.csv,245,C:/Finance/Reports/,2023-04-24T01:35:48,low
ledger_policy_6185.xlsx,.xlsx,47,C:/Finance/Compliance/,2022-11-19T02:31:06,high
statement_6186.csv,.csv,172,C:/Finance/Transactions/,2023-12-28T08:32:35,low
public_notice_summary_6187.csv,.csv,371,C:/Finance/Reports/,2024-06-12T06:13:23,medium
customer_6188.pdf,.pdf,160,C:/Finance/Customers/,2023-03-09T08:59:36,low
guidelines_balance_6189_draft.xlsx,.xlsx,699,C:/Finance/Accounts/,2025-01-25T17:57:51,high
transaction_report_6190_final.pdf,.pdf,1448,C:/Finance/HR/,2025-07-23T16:14:41,low
info_balance_6191.xlsx,.xlsx,1614,C:/Finance/Accounts/,2024-10-31T18:17:23,medium
analysis_info_6192.docx,.docx,238,C:/Finance/Customers/,2024-04-17T03:58:05,low
summary_6193.pdf,.pdf,1093,C:/Finance/Transactions/,2022-11-25T19:25:48,low
report_6194.pdf,.pdf,1546,C:/Finance/Reports/,2024-12-21T00:28:13,medium
invoice_procedure_6195.xlsx,.xlsx,1014,C:/Finance/Internal/Policies/,2025-05-13T21:27:18,low
customer_6196.pdf,.pdf,618,C:/Finance/Customers/,2025-11-19T13:47:17,low
transaction_report_6197.xlsx,.xlsx,1419,C:/Finance/Reports/,2022-12-03T15:50:06,medium
summary_policy_6198.xlsx,.xlsx,1941,C:/Finance/Compliance/,2022-08-23T19:21:19,medium
summary_summary_6199.pdf,.pdf,380,C:/Finance/Reports/,2025-07-02T19:46:50,low
policy_customer_6200.docx,.docx,552,C:/Finance/Customers/,2024-05-09T02:43:11,low
announcement_schedule_6201.csv,.csv,1039,C:/Finance/PublicInfo/Announcements/,2025-10-06T20:33:22,medium
roster_6202.docx,.docx,790,C:/Finance/HR/,2022-05-17T17:07:47,low
statement_transaction_6203.xlsx,.xlsx,1284,C:/Finance/Transactions/,2023-08-16T03:44:20,medium
summary_guideline_6204.docx,.docx,840,C:/Finance/Compliance/,2023-03-05T17:24:43,low
announcement_roster_6205.docx,.docx,451,C:/Finance/HR/,2023-03-04T13:05:03,medium
ledger_protocol_6206.pdf,.pdf,2778,C:/Finance/Internal/Policies/,2022-06-19T08:39:02,low
statement_transfer_6207.pdf,.pdf,911,C:/Finance/Transactions/,2023-11-20T08:00:32,medium
confidential_memo_6208.pdf,.pdf,552,C:/Finance/Reports/,2024-03-04T06:47:17,medium
summary_6209_v2.xlsx,.xlsx,1018,C:/Finance/Transactions/,2024-01-26T17:26:28,low
public_notice_policy_6210_confidential.docx,.docx,86,C:/Finance/Internal/Policies/,2024-11-11T04:55:57,low
notice_6211.pdf,.pdf,92,C:/Finance/PublicInfo/Guidelines/,2022-11-28T23:48:05,low
guideline_6212.xlsx,.xlsx,1808,C:/Finance/Internal/Policies/,2022-02-05T21:31:42,low
transaction_profile_6213.docx,.docx,399,C:/Finance/Customers/,2022-12-20T03:50:39,low
policy_6214.docx,.docx,327,C:/Finance/Internal/Policies/,2025-10-09T17:30:52,low
public_notice_info_6215.pdf,.pdf,1741,C:/Finance/PublicInfo/Guidelines/,2024-10-18T17:39:21,low
announcement_schedule_6216.pdf,.pdf,1046,C:/Finance/PublicInfo/Announcements/,2022-09-04T04:07:46,low
protocol_6217.xlsx,.xlsx,785,C:/Finance/Internal/Policies/,2025-04-18T06:54:20,medium
guidelines_balance_6218.csv,.csv,669,C:/Finance/Accounts/,2022-02-11T04:21:25,low
guideline_6219.docx,.docx,193,C:/Finance/Compliance/,2024-06-28T04:30:58,medium
report_6220.pdf,.pdf,30,C:/Finance/HR/,2024-11-22T03:31:08,low
audit_6221.pdf,.pdf,67,C:/Finance/Accounts/,2024-07-17T02:00:22,low
procedure_6222.xlsx,.xlsx,1043,C:/Finance/Internal/Policies/,2025-11-13T17:41:05,medium
salary_6223.pdf,.pdf,249,C:/Finance/HR/,2022-05-06T07:09:51,high
customer_6224.docx,.docx,87,C:/Finance/Customers/,2024-01-02T05:55:17,medium
transaction_repayment_6225_final.xls,.xls,1791,C:/Finance/Loans/,2022-11-06T06:00:04,medium
customer_6226.docx,.docx,22,C:/Finance/Customers/,2024-11-26T12:57:23,high
invoice_schedule_6227.pdf,.pdf,673,C:/Finance/PublicInfo/Guidelines/,2024-08-08T10:19:04,low
info_6228_final.csv,.csv,273,C:/Finance/Customers/,2023-04-21T01:07:58,high
report_6229.xlsx,.xlsx,89,C:/Finance/HR/,2024-02-22T11:33:37,low
policy_summary_6230_v2.pdf,.pdf,1046,C:/Finance/Transactions/,2023-07-18T13:10:36,low
balance_6231_v2.csv,.csv,382,C:/Finance/Accounts/,2025-04-12T00:02:11,low
menu_protocol_6232_archived.pdf,.pdf,522,C:/Finance/Internal/Policies/,2023-07-23T14:25:53,low
guidelines_summary_6233.xlsx,.xlsx,904,C:/Finance/Reports/,2024-03-14T19:06:08,low
info_analysis_6234.csv,.csv,37,C:/Finance/Reports/,2024-06-28T05:03:04,low
info_6235.pdf,.pdf,954,C:/Finance/PublicInfo/Guidelines/,2023-05-15T06:43:31,low
public_notice_salary_6236.xlsx,.xlsx,1665,C:/Finance/HR/,2024-12-06T03:08:22,low
memo_policy_6237.pdf,.pdf,1800,C:/Finance/Internal/Policies/,2022-01-06T11:28:15,medium
info_6238.docx,.docx,675,C:/Finance/Customers/,2022-10-21T11:31:54,medium
info_loan_6239.xls,.xls,615,C:/Finance/Loans/,2025-08-09T08:25:59,high
schedule_6240.pdf,.pdf,1477,C:/Finance/PublicInfo/Announcements/,2022-01-26T07:55:39,medium
analysis_transaction_6241.xlsx,.xlsx,779,C:/Finance/Transactions/,2025-12-23T09:32:37,medium
info_6242.pdf,.pdf,1062,C:/Finance/PublicInfo/Guidelines/,2023-05-31T17:52:28,low
ledger_schedule_6243.pdf,.pdf,504,C:/Finance/PublicInfo/Guidelines/,2023-01-18T00:01:32,low
salary_6244.docx,.docx,288,C:/Finance/HR/,2024-01-11T15:57:55,low
ledger_info_6245.docx,.docx,94,C:/Finance/Customers/,2023-02-20T07:30:50,low
report_6246.docx,.docx,388,C:/Finance/HR/,2025-05-27T11:17:53,high
memo_roster_6247.xlsx,.xlsx,963,C:/Finance/HR/,2023-11-14T09:09:43,low
announcement_6248_confidential.csv,.csv,24,C:/Finance/PublicInfo/Guidelines/,2024-03-09T09:31:02,high
summary_summary_6249.xlsx,.xlsx,792,C:/Finance/Transactions/,2022-07-17T22:24:45,low
agreement_6250.xlsx,.xlsx,5,C:/Finance/Loans/,2024-05-27T07:21:34,low
review_6251.pdf,.pdf,1252,C:/Finance/Compliance/,2025-04-06T22:09:53,low
schedule_policy_6252.docx,.docx,94,C:/Finance/Compliance/,2025-01-10T07:56:14,high
announcement_guideline_6253.pdf,.pdf,2663,C:/Finance/Compliance/,2023-04-02T14:03:16,high
roster_6254.docx,.docx,174,C:/Finance/HR/,2022-10-26T00:17:24,low
schedule_analysis_6255.pdf,.pdf,194,C:/Finance/Reports/,2023-03-27T23:22:46,medium
customer_6256.pdf,.pdf,305,C:/Finance/Customers/,2025-02-11T03:21:38,low
schedule_6257.txt,.txt,69,C:/Finance/PublicInfo/Guidelines/,2024-09-15T01:22:33,low
info_contract_6258.docx,.docx,297,C:/Finance/Loans/,2025-11-10T03:13:32,medium
protocol_6259.docx,.docx,568,C:/Finance/Internal/Policies/,2024-08-20T08:58:38,low
memo_6260.xlsx,.xlsx,1466,C:/Finance/Reports/,2025-03-07T01:09:23,high
roster_6261.xlsx,.xlsx,125,C:/Finance/HR/,2023-05-26T21:32:10,high
policy_announcement_6262.csv,.csv,667,C:/Finance/PublicInfo/Announcements/,2024-01-07T18:58:10,low
contract_6263.csv,.csv,1109,C:/Finance/Customers/,2025-12-16T11:20:59,low
customer_loan_6264.docx,.docx,414,C:/Finance/Loans/,2022-04-23T22:44:22,low
schedule_notice_6265.csv,.csv,296,C:/Finance/PublicInfo/Guidelines/,2024-10-13T22:46:22,medium
roster_6266.docx,.docx,332,C:/Finance/HR/,2022-07-28T09:16:07,low
summary_summary_6267_final.xlsx,.xlsx,459,C:/Finance/Reports/,2022-07-24T19:57:41,medium
guideline_6268_draft.pdf,.pdf,543,C:/Finance/Compliance/,2024-11-23T00:25:09,medium
passwords_audit_6269.pdf,.pdf,422,C:/Finance/Accounts/,2023-11-23T17:55:56,low
contract_6270.pdf,.pdf,1980,C:/Finance/Loans/,2024-05-25T15:53:36,low
announcement_transaction_6271.csv,.csv,208,C:/Finance/Transactions/,2025-01-10T06:04:50,medium
customer_6272.docx,.docx,220,C:/Finance/Customers/,2022-01-15T12:42:40,low
agreement_6273.xlsx,.xlsx,1145,C:/Finance/Loans/,2023-05-28T22:40:42,medium
info_6274.pdf,.pdf,478,C:/Finance/PublicInfo/Guidelines/,2022-02-01T01:46:50,low
schedule_6275.pdf,.pdf,690,C:/Finance/PublicInfo/Announcements/,2025-12-25T11:22:13,low
invoice_announcement_6276.txt,.txt,116,C:/Finance/PublicInfo/Guidelines/,2022-02-19T21:30:58,high
summary_6277.xlsx,.xlsx,277,C:/Finance/Reports/,2025-04-11T15:27:08,low
schedule_audit_6278.xlsx,.xlsx,145,C:/Finance/Accounts/,2022-07-23T11:16:43,low
memo_6279_archived.csv,.csv,474,C:/Finance/Reports/,2022-11-30T12:58:08,low
info_6280.csv,.csv,664,C:/Finance/PublicInfo/Announcements/,2025-06-21T23:28:32,medium
public_notice_guideline_6281.pdf,.pdf,362,C:/Finance/Compliance/,2023-02-17T12:14:55,low
schedule_repayment_6282.docx,.docx,17,C:/Finance/Loans/,2023-09-19T09:04:11,low
menu_notice_6283.txt,.txt,50,C:/Finance/PublicInfo/Guidelines/,2022-10-21T00:07:04,medium
audit_6284.pdf,.pdf,203,C:/Finance/Accounts/,2023-10-09T16:45:30,medium
roster_6285.xlsx,.xlsx,2109,C:/Finance/HR/,2024-11-30T02:20:48,medium
statement_payroll_6286.xlsx,.xlsx,300,C:/Finance/HR/,2025-08-03T01:31:20,low
account_number_profile_6287.docx,.docx,480,C:/Finance/Customers/,2022-07-14T05:06:34,low
contract_6288.pdf,.pdf,2287,C:/Finance/Customers/,2025-03-22T03:22:08,low
info_6289.pdf,.pdf,568,C:/Finance/PublicInfo/Guidelines/,2024-11-01T14:32:02,low
menu_procedure_6290.docx,.docx,707,C:/Finance/Internal/Policies/,2022-01-28T16:34:25,medium
public_notice_notice_6291.csv,.csv,463,C:/Finance/PublicInfo/Guidelines/,2023-11-23T06:33:28,low
info_summary_6292.csv,.csv,612,C:/Finance/Transactions/,2025-05-10T02:08:12,high
summary_info_6293.pdf,.pdf,797,C:/Finance/PublicInfo/Guidelines/,2022-09-19T19:12:43,low
tax_info_info_6294.pdf,.pdf,605,C:/Finance/Customers/,2024-06-27T19:46:11,high
review_6295.docx,.docx,868,C:/Finance/Compliance/,2024-04-20T20:13:16,high
guidelines_analysis_6296.csv,.csv,88,C:/Finance/Reports/,2023-01-30T01:00:05,high
info_6297.csv,.csv,526,C:/Finance/PublicInfo/Guidelines/,2024-09-24T01:53:20,low
guideline_6298.docx,.docx,15,C:/Finance/Compliance/,2022-01-12T21:03:36,low
memo_6299.xlsx,.xlsx,605,C:/Finance/Reports/,2023-10-28T16:40:13,medium
policy_6300.pdf,.pdf,923,C:/Finance/Compliance/,2023-06-24T21:53:40,low
announcement_6301.csv,.csv,581,C:/Finance/PublicInfo/Guidelines/,2023-11-01T12:39:45,low
public_notice_report_6302.pdf,.pdf,2026,C:/Finance/Reports/,2023-07-19T00:49:31,high
account_6303.pdf,.pdf,516,C:/Finance/Accounts/,2022-04-12T21:50:06,high
report_6304.docx,.docx,863,C:/Finance/HR/,2024-11-17T04:12:39,low
bank_statement_profile_6305_final.pdf,.pdf,237,C:/Finance/Customers/,2022-11-26T20:15:29,low
credit_report_schedule_6306_v2.txt,.txt,95,C:/Finance/PublicInfo/Guidelines/,2024-12-14T04:48:11,low
ledger_summary_6307.csv,.csv,94,C:/Finance/Reports/,2022-06-09T19:01:00,low
account_6308.csv,.csv,156,C:/Finance/Accounts/,2023-02-28T06:53:55,medium
menu_account_6309.xlsx,.xlsx,615,C:/Finance/Accounts/,2025-09-04T22:29:14,medium
schedule_salary_6310.xlsx,.xlsx,680,C:/Finance/HR/,2022-07-14T14:21:11,low
loan_6311.docx,.docx,181,C:/Finance/Loans/,2022-08-18T18:12:55,low
public_notice_report_6312.csv,.csv,94,C:/Finance/Reports/,2022-06-04T15:06:16,low
statement_summary_6313.csv,.csv,475,C:/Finance/Transactions/,2024-12-05T01:09:26,low
summary_policy_6314.docx,.docx,46,C:/Finance/Internal/Policies/,2025-06-17T21:21:53,low
announcement_profile_6315.pdf,.pdf,187,C:/Finance/Customers/,2022-11-17T23:00:08,low
balance_6316.csv,.csv,76,C:/Finance/Accounts/,2024-05-23T10:34:04,low
confidential_guideline_6317.xlsx,.xlsx,1059,C:/Finance/Compliance/,2024-04-27T13:28:18,low
memo_contract_6318.pdf,.pdf,349,C:/Finance/Customers/,2022-01-14T00:01:07,low
memo_6319.csv,.csv,437,C:/Finance/Reports/,2024-05-14T11:09:10,low
transaction_schedule_6320.txt,.txt,88,C:/Finance/PublicInfo/Announcements/,2025-12-23T12:01:50,medium
guideline_6321.pdf,.pdf,4,C:/Finance/Internal/Policies/,2024-06-25T20:29:47,medium
loan_6322.xls,.xls,1813,C:/Finance/Loans/,2022-08-26T14:25:33,medium
payroll_6323.pdf,.pdf,541,C:/Finance/HR/,2025-06-19T21:41:38,medium
summary_statement_6324.pdf,.pdf,151,C:/Finance/Transactions/,2025-01-24T03:14:23,low
info_6325.pdf,.pdf,431,C:/Finance/Customers/,2023-01-11T10:10:33,medium
guideline_6326.docx,.docx,192,C:/Finance/Compliance/,2023-06-20T06:59:18,medium
announcement_6327.pdf,.pdf,1265,C:/Finance/PublicInfo/Announcements/,2023-09-26T18:41:19,medium
schedule_contract_6328.csv,.csv,35,C:/Finance/Customers/,2024-07-31T07:41:02,medium
confidential_memo_6329_draft.xlsx,.xlsx,889,C:/Finance/Reports/,2024-09-21T22:10:08,low
memo_6330_draft.csv,.csv,314,C:/Finance/Reports/,2025-10-11T21:01:33,low
procedure_6331.xlsx,.xlsx,745,C:/Finance/Internal/Policies/,2025-02-15T17:54:58,medium
roster_6332.pdf,.pdf,126,C:/Finance/HR/,2022-04-14T00:35:38,low
public_notice_info_6333.pdf,.pdf,115,C:/Finance/PublicInfo/Guidelines/,2024-07-18T14:13:32,medium
audit_6334.csv,.csv,208,C:/Finance/Accounts/,2023-10-21T15:05:57,low
report_6335.csv,.csv,284,C:/Finance/Reports/,2022-12-01T01:06:17,medium
bank_statement_summary_6336_draft.csv,.csv,186,C:/Finance/Transactions/,2022-11-06T21:49:32,high
statement_6337.csv,.csv,160,C:/Finance/Transactions/,2024-01-01T00:08:04,low
policy_contract_6338.xlsx,.xlsx,115,C:/Finance/Loans/,2022-02-01T10:54:15,low
report_loan_6339.docx,.docx,597,C:/Finance/Loans/,2025-11-03T12:31:12,medium
ledger_repayment_6340.pdf,.pdf,1371,C:/Finance/Loans/,2023-08-01T12:57:21,medium
payroll_6341_archived.docx,.docx,5,C:/Finance/HR/,2023-09-13T06:32:54,medium
passwords_transaction_6342.pdf,.pdf,583,C:/Finance/Transactions/,2025-11-16T02:20:58,low
profile_6343.csv,.csv,579,C:/Finance/Customers/,2025-10-06T05:05:45,low
info_6344.csv,.csv,142,C:/Finance/Customers/,2023-10-07T14:34:05,low
statement_6345.csv,.csv,241,C:/Finance/Transactions/,2024-12-11T16:31:36,medium
guidelines_info_6346.txt,.txt,117,C:/Finance/PublicInfo/Guidelines/,2023-04-29T11:26:07,medium
ledger_notice_6347.pdf,.pdf,1322,C:/Finance/PublicInfo/Announcements/,2022-07-18T21:58:53,low
announcement_transfer_6348.csv,.csv,235,C:/Finance/Transactions/,2022-12-07T20:47:12,medium
schedule_6349.pdf,.pdf,291,C:/Finance/PublicInfo/Announcements/,2023-01-25T02:45:51,low
public_notice_report_6350.csv,.csv,315,C:/Finance/Reports/,2025-11-30T22:05:02,medium
ledger_audit_6351.csv,.csv,647,C:/Finance/Accounts/,2025-08-02T09:07:13,medium
confidential_audit_6352.xlsx,.xlsx,771,C:/Finance/Accounts/,2024-11-20T14:57:00,high
schedule_guideline_6353.pdf,.pdf,670,C:/Finance/Internal/Policies/,2025-12-05T16:19:46,low
report_schedule_6354.txt,.txt,120,C:/Finance/PublicInfo/Guidelines/,2024-01-27T08:55:40,low
announcement_6355.csv,.csv,255,C:/Finance/PublicInfo/Guidelines/,2024-12-22T17:10:34,low
transaction_6356.xlsx,.xlsx,1118,C:/Finance/Transactions/,2024-02-27T18:03:59,medium
schedule_transfer_6357.csv,.csv,142,C:/Finance/Transactions/,2023-01-27T20:32:12,medium
analysis_6358.xlsx,.xlsx,566,C:/Finance/Reports/,2023-04-20T00:07:22,low
menu_audit_6359.docx,.docx,912,C:/Finance/Compliance/,2023-08-05T12:01:42,low
procedure_6360_confidential.docx,.docx,513,C:/Finance/Internal/Policies/,2022-12-10T02:58:20,low
transaction_notice_6361.csv,.csv,206,C:/Finance/PublicInfo/Announcements/,2022-07-10T16:21:57,low
guidelines_statement_6362.pdf,.pdf,1063,C:/Finance/Transactions/,2025-05-18T13:37:39,low
protocol_6363.pdf,.pdf,1047,C:/Finance/Internal/Policies/,2023-12-24T23:46:43,low
invoice_report_6364.csv,.csv,288,C:/Finance/Reports/,2024-09-10T23:57:58,low
ssn_balance_6365.xlsx,.xlsx,1037,C:/Finance/Accounts/,2022-05-11T14:36:22,high
transfer_6366.pdf,.pdf,1451,C:/Finance/Transactions/,2023-04-25T16:33:26,low
guidelines_balance_6367.csv,.csv,657,C:/Finance/Accounts/,2022-10-21T09:07:29,medium
loan_6368_confidential.xls,.xls,2266,C:/Finance/Loans/,2023-02-20T08:05:08,high
salary_procedure_6369_draft.docx,.docx,491,C:/Finance/Internal/Policies/,2022-10-20T15:55:59,low
review_6370.pdf,.pdf,2147,C:/Finance/Compliance/,2022-07-12T10:18:52,high
summary_notice_6371.pdf,.pdf,429,C:/Finance/PublicInfo/Guidelines/,2022-02-09T15:03:39,low
invoice_loan_6372.pdf,.pdf,1432,C:/Finance/Loans/,2025-12-10T04:51:01,low
guidelines_schedule_6373.csv,.csv,172,C:/Finance/PublicInfo/Guidelines/,2025-06-09T12:40:04,medium
procedure_6374.docx,.docx,658,C:/Finance/Internal/Policies/,2022-12-14T10:48:41,high
tax_info_contract_6375.xlsx,.xlsx,1428,C:/Finance/Loans/,2025-12-10T13:12:38,low
schedule_notice_6376.pdf,.pdf,187,C:/Finance/PublicInfo/Guidelines/,2025-01-02T07:07:39,low
customer_6377.docx,.docx,144,C:/Finance/Customers/,2024-10-15T05:33:06,medium
statement_customer_6378.pdf,.pdf,1297,C:/Finance/Customers/,2025-12-06T20:56:02,low
balance_6379.pdf,.pdf,325,C:/Finance/Accounts/,2022-08-15T05:58:13,medium
balance_6380.csv,.csv,459,C:/Finance/Accounts/,2022-08-14T09:14:41,low
policy_6381.xlsx,.xlsx,511,C:/Finance/Internal/Policies/,2024-09-17T13:40:21,low
schedule_memo_6382.xlsx,.xlsx,678,C:/Finance/Reports/,2025-10-20T01:57:13,low
repayment_6383.docx,.docx,396,C:/Finance/Loans/,2024-06-14T14:20:37,low
notice_6384.pdf,.pdf,864,C:/Finance/PublicInfo/Announcements/,2025-06-05T19:25:16,medium
analysis_audit_6385.csv,.csv,380,C:/Finance/Accounts/,2024-06-11T05:48:58,low
agreement_6386.xlsx,.xlsx,557,C:/Finance/Loans/,2023-02-21T11:38:37,high
audit_6387.xlsx,.xlsx,75,C:/Finance/Accounts/,2024-12-01T16:07:26,low
balance_6388.xlsx,.xlsx,602,C:/Finance/Accounts/,2025-03-21T00:15:50,low
info_balance_6389.csv,.csv,233,C:/Finance/Accounts/,2024-10-28T02:05:36,medium
policy_6390.pdf,.pdf,1530,C:/Finance/Compliance/,2024-03-08T06:31:33,medium
transaction_info_6391.pdf,.pdf,1797,C:/Finance/Customers/,2023-10-11T13:23:43,low
policy_6392_v2.pdf,.pdf,484,C:/Finance/Internal/Policies/,2022-03-09T05:51:29,low
menu_report_6393.xlsx,.xlsx,36,C:/Finance/Reports/,2023-07-08T17:42:51,high
audit_protocol_6394.xlsx,.xlsx,1044,C:/Finance/Internal/Policies/,2025-09-22T04:52:27,medium
roster_6395.xlsx,.xlsx,205,C:/Finance/HR/,2025-05-19T05:50:16,low
loan_contract_repayment_6396.xls,.xls,1200,C:/Finance/Loans/,2022-04-23T09:41:43,medium
info_6397.csv,.csv,544,C:/Finance/Customers/,2022-10-13T10:28:18,low
info_6398.pdf,.pdf,1310,C:/Finance/PublicInfo/Guidelines/,2023-11-12T21:12:19,low
guidelines_procedure_6399.xlsx,.xlsx,586,C:/Finance/Internal/Policies/,2025-05-13T20:11:40,medium
schedule_report_6400.xlsx,.xlsx,594,C:/Finance/HR/,2024-02-26T10:03:10,low
info_6401.pdf,.pdf,908,C:/Finance/Customers/,2022-06-12T15:38:29,low
schedule_info_6402.csv,.csv,1096,C:/Finance/Customers/,2023-08-08T02:24:48,high
memo_6403.csv,.csv,258,C:/Finance/Reports/,2025-12-23T05:51:02,low
salary_6404.xlsx,.xlsx,1236,C:/Finance/HR/,2025-06-30T22:03:14,low
roster_6405.docx,.docx,224,C:/Finance/HR/,2025-08-12T09:09:42,low
schedule_contract_6406.pdf,.pdf,1368,C:/Finance/Customers/,2025-01-26T10:24:07,low
ledger_guideline_6407.pdf,.pdf,1233,C:/Finance/Internal/Policies/,2025-11-30T16:36:29,medium
policy_memo_6408.xlsx,.xlsx,166,C:/Finance/Reports/,2023-09-01T23:56:57,medium
analysis_contract_6409.docx,.docx,640,C:/Finance/Customers/,2025-10-16T23:15:01,high
policy_6410.pdf,.pdf,342,C:/Finance/Internal/Policies/,2025-11-12T08:52:15,medium
schedule_analysis_6411.pdf,.pdf,97,C:/Finance/Reports/,2024-02-16T07:52:18,medium
transaction_6412_archived.csv,.csv,110,C:/Finance/Transactions/,2022-03-12T02:12:38,low
summary_6413_draft.pdf,.pdf,1149,C:/Finance/Reports/,2022-06-05T01:30:25,low
audit_6414.docx,.docx,585,C:/Finance/Compliance/,2024-09-17T08:26:52,low
menu_account_6415.csv,.csv,167,C:/Finance/Accounts/,2024-11-04T11:20:20,low
summary_6416.csv,.csv,347,C:/Finance/Reports/,2025-09-27T14:08:52,low
transfer_6417.xlsx,.xlsx,1201,C:/Finance/Transactions/,2025-11-23T09:48:29,medium
ledger_policy_6418.xlsx,.xlsx,114,C:/Finance/Internal/Policies/,2024-08-01T13:18:41,medium
ledger_6419.csv,.csv,5,C:/Finance/Accounts/,2022-09-11T08:26:48,medium
summary_6420_draft.xlsx,.xlsx,17,C:/Finance/Transactions/,2025-05-30T11:36:27,low
announcement_notice_6421.txt,.txt,29,C:/Finance/PublicInfo/Announcements/,2025-11-22T07:54:23,low
protocol_6422.xlsx,.xlsx,134,C:/Finance/Internal/Policies/,2022-05-16T16:22:49,medium
guidelines_schedule_6423_confidential.txt,.txt,95,C:/Finance/PublicInfo/Announcements/,2025-11-27T12:22:26,high
passwords_notice_6424.txt,.txt,4,C:/Finance/PublicInfo/Announcements/,2022-06-29T23:56:18,high
public_notice_report_6425.xlsx,.xlsx,1107,C:/Finance/Reports/,2025-04-28T08:37:30,low
menu_memo_6426_confidential.pdf,.pdf,635,C:/Finance/Reports/,2024-07-28T15:21:49,medium
report_6427_v2.xlsx,.xlsx,693,C:/Finance/Reports/,2023-11-16T21:30:47,high
report_summary_6428_draft.xlsx,.xlsx,262,C:/Finance/Reports/,2024-09-14T21:07:21,high
account_number_info_6429.pdf,.pdf,1244,C:/Finance/Customers/,2025-03-14T10:06:30,medium
announcement_ledger_6430.xlsx,.xlsx,1248,C:/Finance/Accounts/,2024-03-23T02:45:38,low
info_6431.pdf,.pdf,709,C:/Finance/PublicInfo/Announcements/,2023-01-14T18:30:06,low
notice_6432.txt,.txt,86,C:/Finance/PublicInfo/Guidelines/,2024-11-05T21:37:39,medium
roster_6433.xlsx,.xlsx,1515,C:/Finance/HR/,2024-08-17T10:16:49,low
balance_6434.xlsx,.xlsx,162,C:/Finance/Accounts/,2022-07-25T09:50:19,low
memo_review_6435.pdf,.pdf,647,C:/Finance/Compliance/,2022-12-21T16:12:39,medium
guidelines_policy_6436.pdf,.pdf,837,C:/Finance/Compliance/,2023-12-17T14:10:47,low
statement_6437.csv,.csv,32,C:/Finance/Transactions/,2023-06-02T23:00:23,low
announcement_6438.pdf,.pdf,2232,C:/Finance/PublicInfo/Announcements/,2023-02-25T03:49:44,medium
transfer_6439.csv,.csv,240,C:/Finance/Transactions/,2025-08-18T01:51:16,medium
memo_summary_6440_v2.csv,.csv,38,C:/Finance/Transactions/,2025-06-28T00:32:05,low
announcement_contract_6441.pdf,.pdf,1843,C:/Finance/Customers/,2024-03-05T01:02:41,medium
info_6442.pdf,.pdf,86,C:/Finance/PublicInfo/Announcements/,2025-10-15T13:56:54,low
salary_customer_6443.docx,.docx,259,C:/Finance/Customers/,2024-06-10T17:42:44,high
guideline_6444.docx,.docx,570,C:/Finance/Compliance/,2024-11-11T07:21:29,low
schedule_contract_6445.csv,.csv,343,C:/Finance/Customers/,2024-12-17T18:01:58,medium
profile_6446_v2.csv,.csv,585,C:/Finance/Customers/,2023-10-26T17:55:57,high
announcement_6447.pdf,.pdf,2272,C:/Finance/PublicInfo/Guidelines/,2023-02-27T06:31:04,medium
memo_loan_6448.pdf,.pdf,394,C:/Finance/Loans/,2022-06-04T21:02:21,low
menu_profile_6449.docx,.docx,354,C:/Finance/Customers/,2023-08-10T09:03:18,high
guidelines_notice_6450.txt,.txt,67,C:/Finance/PublicInfo/Announcements/,2024-01-20T11:53:19,low
guidelines_guideline_6451_final.xlsx,.xlsx,2295,C:/Finance/Compliance/,2023-12-05T16:12:50,medium
policy_notice_6452.pdf,.pdf,886,C:/Finance/PublicInfo/Announcements/,2023-12-02T12:56:52,low
account_6453.xlsx,.xlsx,76,C:/Finance/Accounts/,2024-03-06T04:04:45,medium
notice_6454_confidential.csv,.csv,217,C:/Finance/PublicInfo/Guidelines/,2025-04-20T16:48:12,medium
info_roster_6455.pdf,.pdf,627,C:/Finance/HR/,2025-07-13T07:33:25,medium
policy_6456.xlsx,.xlsx,20,C:/Finance/Compliance/,2024-06-09T21:16:40,low
statement_6457.xlsx,.xlsx,973,C:/Finance/Transactions/,2022-01-14T21:17:54,low
balance_6458.pdf,.pdf,122,C:/Finance/Accounts/,2025-03-11T10:25:07,low
summary_6459.pdf,.pdf,2938,C:/Finance/Reports/,2024-09-29T12:23:23,low
public_notice_balance_6460.pdf,.pdf,2272,C:/Finance/Accounts/,2024-02-09T14:08:27,low
schedule_6461.pdf,.pdf,198,C:/Finance/PublicInfo/Guidelines/,2024-11-30T09:48:40,low
salary_6462.docx,.docx,291,C:/Finance/HR/,2024-04-28T18:21:26,medium
invoice_ledger_6463.csv,.csv,476,C:/Finance/Accounts/,2025-10-12T17:31:29,high
info_info_6464.txt,.txt,16,C:/Finance/PublicInfo/Announcements/,2023-08-20T18:57:58,low
customer_memo_6465.csv,.csv,583,C:/Finance/Reports/,2025-01-18T12:07:20,low
guidelines_profile_6466.pdf,.pdf,1420,C:/Finance/Customers/,2022-10-07T23:40:20,medium
memo_6467.csv,.csv,403,C:/Finance/Reports/,2024-05-06T22:44:54,medium
guidelines_review_6468.docx,.docx,416,C:/Finance/Compliance/,2024-11-16T15:45:33,low
loan_6469.pdf,.pdf,805,C:/Finance/Loans/,2025-08-25T08:05:35,medium
payroll_6470.xlsx,.xlsx,26,C:/Finance/HR/,2022-11-13T00:59:17,medium
loan_6471.docx,.docx,751,C:/Finance/Loans/,2022-01-18T11:49:17,low
loan_6472.pdf,.pdf,922,C:/Finance/Loans/,2025-05-07T00:03:23,low
ledger_repayment_6473.pdf,.pdf,1045,C:/Finance/Loans/,2024-06-09T15:45:30,low
review_6474.xlsx,.xlsx,1123,C:/Finance/Compliance/,2025-11-10T04:59:43,low
schedule_6475.txt,.txt,36,C:/Finance/PublicInfo/Announcements/,2023-09-16T19:03:51,low
contract_6476.xls,.xls,587,C:/Finance/Loans/,2024-05-29T06:06:27,high
repayment_6477.docx,.docx,291,C:/Finance/Loans/,2022-07-22T21:14:32,low
guideline_6478.docx,.docx,259,C:/Finance/Compliance/,2023-12-23T16:00:55,low
payroll_6479.pdf,.pdf,516,C:/Finance/HR/,2023-03-27T18:42:22,low
repayment_6480.xlsx,.xlsx,2487,C:/Finance/Loans/,2024-11-06T09:25:00,high
info_memo_6481.xlsx,.xlsx,705,C:/Finance/Reports/,2025-03-18T19:50:34,medium
procedure_6482.xlsx,.xlsx,1520,C:/Finance/Internal/Policies/,2024-01-29T17:49:07,low
analysis_statement_6483.csv,.csv,657,C:/Finance/Transactions/,2024-06-05T07:58:55,low
transaction_balance_6484.pdf,.pdf,1567,C:/Finance/Accounts/,2022-05-25T13:57:05,low
memo_6485.xlsx,.xlsx,1927,C:/Finance/Reports/,2025-03-13T08:08:21,medium
info_agreement_6486_draft.xls,.xls,1376,C:/Finance/Loans/,2024-06-12T00:53:12,low
audit_6487.csv,.csv,328,C:/Finance/Accounts/,2024-10-28T19:46:32,medium
guidelines_repayment_6488.xlsx,.xlsx,522,C:/Finance/Loans/,2025-01-28T09:34:25,low
account_6489.csv,.csv,208,C:/Finance/Accounts/,2025-04-30T15:44:52,medium
report_schedule_6490_final.pdf,.pdf,189,C:/Finance/PublicInfo/Announcements/,2025-01-17T01:05:58,low
analysis_6491.xlsx,.xlsx,415,C:/Finance/Reports/,2023-06-17T07:35:41,low
schedule_6492_final.txt,.txt,15,C:/Finance/PublicInfo/Announcements/,2025-08-01T23:18:17,low
schedule_6493.pdf,.pdf,439,C:/Finance/PublicInfo/Guidelines/,2025-06-28T16:29:57,low
info_6494.pdf,.pdf,1618,C:/Finance/PublicInfo/Guidelines/,2025-05-09T18:12:49,low
profile_6495.docx,.docx,321,C:/Finance/Customers/,2024-10-03T10:23:20,high
info_6496.pdf,.pdf,676,C:/Finance/PublicInfo/Announcements/,2022-03-17T21:23:38,low
info_ledger_6497.xlsx,.xlsx,265,C:/Finance/Accounts/,2024-03-12T10:28:47,high
analysis_6498.csv,.csv,742,C:/Finance/Reports/,2025-09-22T15:02:51,low
info_profile_6499.csv,.csv,85,C:/Finance/Customers/,2022-12-04T11:05:08,low
public_notice_schedule_6500.csv,.csv,410,C:/Finance/PublicInfo/Announcements/,2022-05-25T04:39:59,low
loan_contract_contract_6501.docx,.docx,495,C:/Finance/Loans/,2023-08-26T06:39:27,low
procedure_6502.docx,.docx,516,C:/Finance/Internal/Policies/,2025-01-16T06:25:08,medium
announcement_notice_6503.csv,.csv,356,C:/Finance/PublicInfo/Guidelines/,2024-05-05T22:02:17,low
account_6504.xlsx,.xlsx,902,C:/Finance/Accounts/,2024-02-23T19:46:49,low
transaction_contract_6505.xls,.xls,998,C:/Finance/Loans/,2024-11-30T22:46:48,low
guideline_6506.xlsx,.xlsx,712,C:/Finance/Internal/Policies/,2024-02-03T15:22:05,low
invoice_agreement_6507.pdf,.pdf,561,C:/Finance/Loans/,2022-11-13T00:25:18,low
policy_info_6508.txt,.txt,58,C:/Finance/PublicInfo/Guidelines/,2022-10-12T02:46:59,low
report_6509.xlsx,.xlsx,657,C:/Finance/HR/,2025-08-13T01:04:57,low
menu_loan_6510.xls,.xls,466,C:/Finance/Loans/,2024-05-05T22:41:26,low
info_info_6511.txt,.txt,1,C:/Finance/PublicInfo/Announcements/,2023-03-05T16:19:58,low
public_notice_summary_6512.csv,.csv,354,C:/Finance/Reports/,2025-11-03T09:14:44,medium
audit_6513.xlsx,.xlsx,332,C:/Finance/Compliance/,2024-01-10T21:55:45,medium
memo_customer_6514.pdf,.pdf,295,C:/Finance/Customers/,2025-09-21T13:06:28,low
invoice_account_6515.xlsx,.xlsx,11,C:/Finance/Accounts/,2022-07-28T19:30:25,medium
protocol_6516.pdf,.pdf,1154,C:/Finance/Internal/Policies/,2024-10-27T17:06:35,low
ledger_roster_6517.docx,.docx,403,C:/Finance/HR/,2022-12-12T20:05:48,low
analysis_announcement_6518_confidential.txt,.txt,24,C:/Finance/PublicInfo/Announcements/,2024-11-02T11:34:05,low
payroll_6519.xlsx,.xlsx,611,C:/Finance/HR/,2022-06-10T15:17:42,low
memo_6520.xlsx,.xlsx,613,C:/Finance/Reports/,2022-09-08T09:35:55,medium
announcement_6521_draft.csv,.csv,742,C:/Finance/PublicInfo/Announcements/,2024-01-25T03:12:33,low
info_6522.csv,.csv,327,C:/Finance/Customers/,2025-03-05T00:47:11,high
roster_6523.docx,.docx,120,C:/Finance/HR/,2024-11-23T04:06:18,low
info_6524.pdf,.pdf,397,C:/Finance/Customers/,2023-01-14T23:41:30,low
guidelines_guideline_6525.pdf,.pdf,1049,C:/Finance/Internal/Policies/,2025-08-11T00:38:48,low
contract_6526.csv,.csv,387,C:/Finance/Customers/,2025-12-10T04:13:08,high
announcement_schedule_6527.csv,.csv,124,C:/Finance/PublicInfo/Announcements/,2024-12-13T12:55:27,low
memo_6528.csv,.csv,433,C:/Finance/Reports/,2022-06-05T18:48:58,high
tax_info_transfer_6529.pdf,.pdf,1819,C:/Finance/Transactions/,2024-10-08T05:24:15,medium
guideline_6530.docx,.docx,483,C:/Finance/Compliance/,2025-01-29T00:30:06,high
schedule_balance_6531.xlsx,.xlsx,169,C:/Finance/Accounts/,2023-04-30T16:52:03,low
procedure_6532.xlsx,.xlsx,231,C:/Finance/Internal/Policies/,2025-02-28T20:02:16,medium
policy_6533.pdf,.pdf,400,C:/Finance/Compliance/,2024-09-30T11:47:38,low
public_notice_agreement_6534.docx,.docx,1448,C:/Finance/Loans/,2022-08-19T16:33:30,high
customer_report_6535.pdf,.pdf,1177,C:/Finance/Reports/,2024-01-16T21:42:59,high
transaction_6536.xlsx,.xlsx,387,C:/Finance/Transactions/,2023-02-14T23:23:59,high
summary_6537.pdf,.pdf,1272,C:/Finance/Transactions/,2022-02-19T07:14:02,high
invoice_announcement_6538.csv,.csv,258,C:/Finance/PublicInfo/Announcements/,2024-08-02T03:15:31,high
menu_info_6539.pdf,.pdf,589,C:/Finance/PublicInfo/Announcements/,2025-09-25T08:55:16,low
report_6540.pdf,.pdf,713,C:/Finance/Reports/,2022-04-28T18:26:56,medium
contract_6541.csv,.csv,221,C:/Finance/Customers/,2023-09-07T01:05:03,low
report_schedule_6542.csv,.csv,395,C:/Finance/PublicInfo/Announcements/,2023-01-09T18:47:41,low
announcement_6543_draft.csv,.csv,518,C:/Finance/PublicInfo/Announcements/,2024-04-15T20:53:15,medium
ledger_info_6544.csv,.csv,321,C:/Finance/PublicInfo/Guidelines/,2023-04-05T13:57:28,low
menu_announcement_6545.csv,.csv,149,C:/Finance/PublicInfo/Guidelines/,2023-04-13T20:38:55,low
announcement_6546.txt,.txt,40,C:/Finance/PublicInfo/Announcements/,2025-02-11T02:26:03,low
tax_info_payroll_6547.pdf,.pdf,1059,C:/Finance/HR/,2023-08-09T20:47:49,medium
roster_6548.xlsx,.xlsx,347,C:/Finance/HR/,2023-07-31T11:49:50,medium
report_memo_6549.xlsx,.xlsx,1876,C:/Finance/Reports/,2025-11-15T22:28:22,medium
schedule_6550_final.pdf,.pdf,822,C:/Finance/PublicInfo/Announcements/,2022-02-02T13:37:10,medium
info_6551.pdf,.pdf,1371,C:/Finance/PublicInfo/Announcements/,2023-05-16T00:33:41,low
procedure_6552.xlsx,.xlsx,660,C:/Finance/Internal/Policies/,2025-11-28T19:55:31,low
passwords_audit_6553.docx,.docx,772,C:/Finance/Compliance/,2024-03-26T09:26:34,medium
profile_6554.pdf,.pdf,247,C:/Finance/Customers/,2023-09-14T04:50:13,medium
audit_6555_confidential.pdf,.pdf,1424,C:/Finance/Compliance/,2025-12-05T10:40:32,high
statement_6556.csv,.csv,226,C:/Finance/Transactions/,2025-02-24T22:29:27,medium
schedule_guideline_6557_draft.docx,.docx,430,C:/Finance/Internal/Policies/,2025-11-26T00:40:16,low
policy_6558.pdf,.pdf,233,C:/Finance/Compliance/,2023-11-23T02:21:38,low
schedule_contract_6559.csv,.csv,557,C:/Finance/Customers/,2022-04-01T18:33:13,low
guideline_6560.docx,.docx,233,C:/Finance/Internal/Policies/,2022-03-22T11:34:21,medium
policy_6561.pdf,.pdf,1742,C:/Finance/Internal/Policies/,2024-12-30T20:25:22,high
confidential_review_6562.docx,.docx,502,C:/Finance/Compliance/,2023-07-29T04:52:55,low
info_contract_6563.xlsx,.xlsx,590,C:/Finance/Loans/,2025-10-04T13:21:18,medium
transaction_customer_6564.docx,.docx,755,C:/Finance/Customers/,2022-10-24T11:03:44,low
guidelines_announcement_6565.txt,.txt,42,C:/Finance/PublicInfo/Announcements/,2024-07-06T23:28:25,low
contract_6566.docx,.docx,241,C:/Finance/Loans/,2023-05-09T05:25:20,high
ledger_account_6567.xlsx,.xlsx,524,C:/Finance/Accounts/,2022-03-22T10:24:38,high
report_transaction_6568.pdf,.pdf,1396,C:/Finance/Transactions/,2022-08-13T20:06:38,medium
bank_statement_ledger_6569.xlsx,.xlsx,651,C:/Finance/Accounts/,2024-10-21T06:13:16,medium
review_6570.docx,.docx,261,C:/Finance/Compliance/,2025-10-06T23:33:54,low
policy_procedure_6571.xlsx,.xlsx,206,C:/Finance/Internal/Policies/,2025-05-09T17:07:40,medium
info_6572.txt,.txt,57,C:/Finance/PublicInfo/Guidelines/,2022-07-05T13:11:21,high
credit_report_report_6573.pdf,.pdf,1293,C:/Finance/Reports/,2022-04-21T04:36:46,high
guideline_6574.docx,.docx,835,C:/Finance/Internal/Policies/,2024-02-27T23:47:44,high
info_profile_6575.docx,.docx,41,C:/Finance/Customers/,2023-12-02T02:10:23,low
schedule_customer_6576.pdf,.pdf,984,C:/Finance/Customers/,2024-11-06T22:17:24,low
analysis_info_6577.csv,.csv,252,C:/Finance/PublicInfo/Announcements/,2023-04-22T17:17:06,low
statement_6578.csv,.csv,212,C:/Finance/Transactions/,2023-05-03T11:39:08,high
audit_6579.docx,.docx,730,C:/Finance/Compliance/,2022-04-17T10:58:30,high
guidelines_announcement_6580_v2.txt,.txt,76,C:/Finance/PublicInfo/Guidelines/,2022-01-06T04:34:37,low
profile_6581.pdf,.pdf,390,C:/Finance/Customers/,2025-11-30T12:12:10,medium
notice_6582.txt,.txt,110,C:/Finance/PublicInfo/Announcements/,2024-09-26T19:12:53,low
report_review_6583.pdf,.pdf,1602,C:/Finance/Compliance/,2024-02-04T23:37:30,high
analysis_info_6584.docx,.docx,956,C:/Finance/Customers/,2023-09-28T16:06:59,high
audit_6585.xlsx,.xlsx,744,C:/Finance/Compliance/,2024-09-15T12:20:48,medium
audit_protocol_6586.docx,.docx,141,C:/Finance/Internal/Policies/,2022-04-25T10:51:15,medium
repayment_6587.xlsx,.xlsx,338,C:/Finance/Loans/,2023-04-13T07:37:06,low
info_profile_6588.pdf,.pdf,2960,C:/Finance/Customers/,2022-05-09T23:07:50,low
guidelines_transaction_6589.xlsx,.xlsx,183,C:/Finance/Transactions/,2022-10-02T02:26:46,medium
announcement_loan_6590.xls,.xls,453,C:/Finance/Loans/,2023-10-04T02:47:33,low
info_6591.csv,.csv,362,C:/Finance/PublicInfo/Guidelines/,2023-03-10T15:13:04,low
roster_6592.pdf,.pdf,61,C:/Finance/HR/,2023-02-26T10:29:57,low
policy_guideline_6593.xlsx,.xlsx,624,C:/Finance/Internal/Policies/,2022-09-28T09:12:55,low
public_notice_announcement_6594.pdf,.pdf,903,C:/Finance/PublicInfo/Guidelines/,2022-10-15T19:45:25,medium
info_notice_6595.pdf,.pdf,1791,C:/Finance/PublicInfo/Guidelines/,2023-08-01T01:57:40,high
summary_6596.csv,.csv,312,C:/Finance/Reports/,2023-11-17T01:22:12,low
report_transaction_6597.pdf,.pdf,933,C:/Finance/Transactions/,2024-01-07T07:36:07,high
policy_notice_6598.txt,.txt,42,C:/Finance/PublicInfo/Announcements/,2024-12-25T08:43:14,low
passwords_summary_6599.xlsx,.xlsx,186,C:/Finance/Reports/,2023-03-05T05:20:05,low
policy_6600_confidential.xlsx,.xlsx,221,C:/Finance/Compliance/,2023-09-16T11:28:20,low
customer_schedule_6601.pdf,.pdf,416,C:/Finance/PublicInfo/Announcements/,2025-03-27T12:22:55,medium
review_6602.pdf,.pdf,1035,C:/Finance/Compliance/,2023-09-03T23:23:11,low
policy_info_6603.docx,.docx,435,C:/Finance/Customers/,2025-03-19T07:41:17,low
info_6604_final.docx,.docx,422,C:/Finance/Customers/,2024-07-08T17:45:01,high
policy_transaction_6605.csv,.csv,343,C:/Finance/Transactions/,2023-07-15T09:06:34,low
summary_6606.csv,.csv,531,C:/Finance/Transactions/,2022-09-19T15:15:55,high
statement_procedure_6607.docx,.docx,151,C:/Finance/Internal/Policies/,2025-05-21T02:29:55,low
guidelines_balance_6608.xlsx,.xlsx,680,C:/Finance/Accounts/,2022-12-14T11:35:30,low
notice_6609.txt,.txt,32,C:/Finance/PublicInfo/Announcements/,2024-07-09T22:08:40,low
ledger_salary_6610.docx,.docx,570,C:/Finance/HR/,2025-09-04T15:20:45,medium
statement_transfer_6611.xlsx,.xlsx,378,C:/Finance/Transactions/,2022-07-31T11:37:44,low
contract_6612.xls,.xls,22,C:/Finance/Loans/,2023-02-27T16:38:37,low
summary_customer_6613.csv,.csv,538,C:/Finance/Customers/,2025-09-03T02:25:00,low
agreement_6614.pdf,.pdf,41,C:/Finance/Loans/,2023-07-30T13:19:06,low
agreement_6615.pdf,.pdf,957,C:/Finance/Loans/,2023-02-11T14:22:00,low
policy_6616.pdf,.pdf,1,C:/Finance/Internal/Policies/,2022-05-09T21:58:18,medium
info_roster_6617.xlsx,.xlsx,2418,C:/Finance/HR/,2023-12-21T15:50:15,low
guidelines_transfer_6618.xlsx,.xlsx,143,C:/Finance/Transactions/,2024-11-12T02:48:31,low
analysis_6619.xlsx,.xlsx,909,C:/Finance/Reports/,2025-10-31T20:48:51,medium
contract_6620.pdf,.pdf,1551,C:/Finance/Customers/,2023-06-23T00:43:12,high
review_6621.docx,.docx,690,C:/Finance/Compliance/,2025-06-29T12:24:40,low
announcement_6622.pdf,.pdf,1221,C:/Finance/PublicInfo/Announcements/,2022-12-27T20:55:07,medium
summary_6623.xlsx,.xlsx,220,C:/Finance/Reports/,2022-06-25T22:01:29,high
transaction_ledger_6624_v2.pdf,.pdf,2214,C:/Finance/Accounts/,2024-09-13T11:43:00,low
ledger_agreement_6625.pdf,.pdf,1745,C:/Finance/Loans/,2022-03-03T01:35:25,high
review_6626.docx,.docx,99,C:/Finance/Compliance/,2023-10-04T19:29:49,high
info_salary_6627.pdf,.pdf,1233,C:/Finance/HR/,2024-05-21T00:46:26,low
info_6628.docx,.docx,392,C:/Finance/Customers/,2024-08-18T12:29:25,low
notice_6629.pdf,.pdf,939,C:/Finance/PublicInfo/Guidelines/,2023-07-28T09:06:52,low
statement_6630.csv,.csv,433,C:/Finance/Transactions/,2022-07-14T23:54:02,low
statement_ledger_6631.csv,.csv,326,C:/Finance/Accounts/,2024-12-09T14:26:20,low
policy_6632.xlsx,.xlsx,187,C:/Finance/Compliance/,2024-11-26T08:57:34,low
schedule_contract_6633.csv,.csv,282,C:/Finance/Customers/,2023-06-02T15:36:26,low
analysis_protocol_6634.xlsx,.xlsx,477,C:/Finance/Internal/Policies/,2024-03-29T17:40:48,low
guidelines_balance_6635.xlsx,.xlsx,742,C:/Finance/Accounts/,2024-04-05T10:36:13,high
payroll_6636.xlsx,.xlsx,208,C:/Finance/HR/,2025-09-30T14:59:12,low
statement_ledger_6637.pdf,.pdf,1994,C:/Finance/Accounts/,2022-09-08T13:28:15,high
notice_6638.csv,.csv,405,C:/Finance/PublicInfo/Guidelines/,2024-10-28T04:33:28,medium
statement_policy_6639_final.xlsx,.xlsx,590,C:/Finance/Internal/Policies/,2023-10-07T15:27:05,low
account_6640.pdf,.pdf,532,C:/Finance/Accounts/,2022-08-28T21:21:18,low
audit_6641.csv,.csv,573,C:/Finance/Accounts/,2023-01-10T11:49:11,medium
pin_info_6642.csv,.csv,457,C:/Finance/Customers/,2022-08-05T21:02:42,low
schedule_agreement_6643.xlsx,.xlsx,453,C:/Finance/Loans/,2024-09-26T22:03:26,low
analysis_6644.pdf,.pdf,1487,C:/Finance/Reports/,2023-08-02T13:27:18,low
transaction_account_6645.csv,.csv,251,C:/Finance/Accounts/,2023-03-22T00:52:38,low
analysis_procedure_6646.xlsx,.xlsx,548,C:/Finance/Internal/Policies/,2025-03-04T03:59:34,high
audit_guideline_6647.pdf,.pdf,421,C:/Finance/Compliance/,2023-02-10T23:35:59,low
summary_schedule_6648.pdf,.pdf,342,C:/Finance/PublicInfo/Guidelines/,2022-06-08T06:07:52,medium
public_notice_balance_6649.xlsx,.xlsx,1097,C:/Finance/Accounts/,2025-09-13T21:03:36,low
transaction_analysis_6650.xlsx,.xlsx,699,C:/Finance/Reports/,2023-04-15T07:15:06,medium
transaction_profile_6651.pdf,.pdf,176,C:/Finance/Customers/,2023-11-12T08:04:05,medium
schedule_6652_v2.txt,.txt,30,C:/Finance/PublicInfo/Announcements/,2022-09-25T22:22:38,medium
menu_profile_6653.pdf,.pdf,933,C:/Finance/Customers/,2023-02-10T21:25:53,medium
info_guideline_6654.docx,.docx,524,C:/Finance/Compliance/,2024-05-18T23:04:49,low
memo_6655.pdf,.pdf,613,C:/Finance/Reports/,2023-10-26T08:41:07,medium
contract_6656.pdf,.pdf,368,C:/Finance/Customers/,2023-10-24T09:46:37,medium
report_6657.xlsx,.xlsx,101,C:/Finance/HR/,2024-05-04T14:36:44,low
repayment_6658.docx,.docx,265,C:/Finance/Loans/,2022-10-12T17:03:10,low
memo_6659.csv,.csv,720,C:/Finance/Reports/,2022-09-24T05:35:35,medium
balance_6660.xlsx,.xlsx,456,C:/Finance/Accounts/,2022-05-01T03:09:18,high
transfer_6661.xlsx,.xlsx,550,C:/Finance/Transactions/,2022-12-20T02:12:57,high
report_6662.pdf,.pdf,1968,C:/Finance/Reports/,2025-05-20T09:29:24,low
announcement_6663.txt,.txt,14,C:/Finance/PublicInfo/Announcements/,2022-10-26T18:00:43,high
ledger_audit_6664.xlsx,.xlsx,2629,C:/Finance/Accounts/,2025-07-29T02:52:29,high
transaction_report_6665.csv,.csv,754,C:/Finance/Reports/,2025-07-19T04:40:44,medium
loan_6666.docx,.docx,136,C:/Finance/Loans/,2025-03-04T14:31:27,high
schedule_6667.pdf,.pdf,221,C:/Finance/PublicInfo/Guidelines/,2022-02-21T04:35:00,medium
announcement_guideline_6668.pdf,.pdf,1714,C:/Finance/Compliance/,2024-01-20T12:03:20,low
ledger_6669.xlsx,.xlsx,1591,C:/Finance/Accounts/,2023-11-13T04:41:57,high
confidential_announcement_6670.txt,.txt,11,C:/Finance/PublicInfo/Guidelines/,2025-06-05T13:34:00,low
schedule_analysis_6671.xlsx,.xlsx,1444,C:/Finance/Reports/,2024-09-29T10:46:48,medium
summary_6672_archived.pdf,.pdf,320,C:/Finance/Transactions/,2022-03-29T03:55:37,medium
audit_loan_6673.xls,.xls,2089,C:/Finance/Loans/,2023-01-11T20:02:54,low
contract_6674.docx,.docx,580,C:/Finance/Customers/,2023-08-21T06:24:43,medium
menu_guideline_6675.pdf,.pdf,438,C:/Finance/Compliance/,2023-02-21T18:40:49,medium
credit_report_guideline_6676_confidential.xlsx,.xlsx,300,C:/Finance/Internal/Policies/,2025-10-01T12:50:50,low
memo_repayment_6677.docx,.docx,614,C:/Finance/Loans/,2023-02-10T06:10:35,high
report_6678.csv,.csv,39,C:/Finance/Reports/,2022-12-27T14:40:27,low
credit_report_policy_6679.pdf,.pdf,968,C:/Finance/Compliance/,2022-07-11T14:12:15,low
transfer_6680.pdf,.pdf,183,C:/Finance/Transactions/,2022-02-18T05:49:36,high
analysis_roster_6681.pdf,.pdf,244,C:/Finance/HR/,2023-03-01T16:08:39,low
guideline_6682.xlsx,.xlsx,1261,C:/Finance/Compliance/,2024-08-09T00:40:23,medium
schedule_customer_6683.pdf,.pdf,1814,C:/Finance/Customers/,2024-12-14T10:00:10,low
confidential_procedure_6684.xlsx,.xlsx,402,C:/Finance/Internal/Policies/,2024-04-04T20:19:28,high
ledger_loan_6685.xlsx,.xlsx,892,C:/Finance/Loans/,2023-05-27T14:35:22,medium
ledger_6686.pdf,.pdf,1682,C:/Finance/Accounts/,2023-11-24T10:58:22,high
policy_6687.pdf,.pdf,318,C:/Finance/Compliance/,2023-09-19T19:59:44,low
analysis_memo_6688.xlsx,.xlsx,825,C:/Finance/Reports/,2022-04-14T05:47:19,low
policy_6689.xlsx,.xlsx,1165,C:/Finance/Compliance/,2023-03-03T20:40:44,low
repayment_6690.xlsx,.xlsx,677,C:/Finance/Loans/,2022-07-10T00:33:43,medium
menu_statement_6691.xlsx,.xlsx,639,C:/Finance/Transactions/,2025-11-11T19:11:49,low
report_6692.xlsx,.xlsx,1397,C:/Finance/Reports/,2025-06-16T18:00:45,low
loan_6693_final.xls,.xls,319,C:/Finance/Loans/,2024-02-20T01:31:37,low
notice_6694.pdf,.pdf,574,C:/Finance/PublicInfo/Guidelines/,2024-09-05T22:23:32,low
transaction_statement_6695.csv,.csv,162,C:/Finance/Transactions/,2025-10-21T15:06:36,high
agreement_6696.pdf,.pdf,800,C:/Finance/Loans/,2022-12-06T00:31:01,medium
guidelines_profile_6697_draft.csv,.csv,754,C:/Finance/Customers/,2023-12-04T08:14:20,medium
balance_6698_v2.xlsx,.xlsx,295,C:/Finance/Accounts/,2022-12-24T06:48:16,high
policy_6699.docx,.docx,131,C:/Finance/Internal/Policies/,2024-09-27T23:32:05,medium
profile_6700.csv,.csv,256,C:/Finance/Customers/,2022-04-30T03:24:14,low
ledger_6701.csv,.csv,137,C:/Finance/Accounts/,2022-10-05T10:21:22,low
notice_6702_final.pdf,.pdf,1150,C:/Finance/PublicInfo/Announcements/,2025-04-23T16:46:11,low
guideline_6703.docx,.docx,270,C:/Finance/Compliance/,2022-06-28T18:32:03,low
announcement_policy_6704.pdf,.pdf,609,C:/Finance/Compliance/,2022-09-24T20:17:32,high
info_6705.pdf,.pdf,332,C:/Finance/PublicInfo/Guidelines/,2022-04-26T05:32:08,low
announcement_6706.csv,.csv,297,C:/Finance/PublicInfo/Guidelines/,2023-06-04T04:59:50,low
policy_policy_6707_v2.pdf,.pdf,923,C:/Finance/Compliance/,2022-07-29T09:50:57,low
memo_info_6708.txt,.txt,95,C:/Finance/PublicInfo/Announcements/,2022-05-27T00:03:45,low
customer_6709.docx,.docx,621,C:/Finance/Customers/,2022-06-29T11:05:00,low
statement_announcement_6710.pdf,.pdf,653,C:/Finance/PublicInfo/Guidelines/,2025-11-06T15:41:26,low
guideline_6711.docx,.docx,713,C:/Finance/Internal/Policies/,2022-06-30T22:57:02,high
confidential_announcement_6712.txt,.txt,141,C:/Finance/PublicInfo/Guidelines/,2024-12-20T20:32:13,high
info_review_6713.docx,.docx,689,C:/Finance/Compliance/,2022-03-08T12:46:46,low
summary_6714.csv,.csv,475,C:/Finance/Transactions/,2024-11-19T20:43:47,high
ledger_transfer_6715.xlsx,.xlsx,1052,C:/Finance/Transactions/,2024-08-09T09:58:15,low
statement_6716_final.csv,.csv,434,C:/Finance/Transactions/,2022-09-29T07:53:33,high
protocol_6717.xlsx,.xlsx,77,C:/Finance/Internal/Policies/,2022-10-23T05:58:17,high
audit_report_6718_confidential.csv,.csv,219,C:/Finance/Reports/,2025-07-31T01:01:06,high
policy_guideline_6719.docx,.docx,107,C:/Finance/Internal/Policies/,2023-08-31T07:54:18,medium
schedule_6720.csv,.csv,501,C:/Finance/PublicInfo/Guidelines/,2022-01-15T01:27:20,medium
statement_summary_6721.pdf,.pdf,302,C:/Finance/Transactions/,2022-02-25T15:23:07,low
passwords_announcement_6722.pdf,.pdf,903,C:/Finance/PublicInfo/Guidelines/,2025-04-12T13:52:17,low
audit_6723.docx,.docx,213,C:/Finance/Compliance/,2025-10-18T05:43:25,low
transfer_6724.csv,.csv,231,C:/Finance/Transactions/,2023-11-20T20:35:29,low
memo_report_6725.xlsx,.xlsx,472,C:/Finance/HR/,2023-06-28T05:45:08,low
repayment_6726.xls,.xls,1446,C:/Finance/Loans/,2023-12-03T07:56:54,low
roster_6727.docx,.docx,443,C:/Finance/HR/,2025-08-23T17:34:01,medium
report_6728.xlsx,.xlsx,292,C:/Finance/HR/,2025-09-16T13:05:18,medium
notice_6729.pdf,.pdf,1872,C:/Finance/PublicInfo/Guidelines/,2024-03-21T01:00:56,low
policy_6730.xlsx,.xlsx,678,C:/Finance/Internal/Policies/,2023-11-15T12:56:43,low
customer_6731_v2.csv,.csv,173,C:/Finance/Customers/,2022-06-30T10:06:46,low
payroll_6732_confidential.pdf,.pdf,258,C:/Finance/HR/,2025-07-06T16:31:16,medium
salary_6733.pdf,.pdf,1922,C:/Finance/HR/,2022-05-31T11:32:25,medium
contract_6734_v2.pdf,.pdf,1339,C:/Finance/Customers/,2023-10-06T06:01:05,low
transaction_guideline_6735.xlsx,.xlsx,541,C:/Finance/Internal/Policies/,2023-03-01T00:12:34,medium
review_6736.docx,.docx,783,C:/Finance/Compliance/,2022-04-24T20:29:56,low
guideline_6737.pdf,.pdf,1053,C:/Finance/Internal/Policies/,2024-03-07T21:12:37,high
guidelines_report_6738.xlsx,.xlsx,61,C:/Finance/HR/,2023-07-22T10:38:31,low
announcement_announcement_6739_v2.csv,.csv,210,C:/Finance/PublicInfo/Guidelines/,2023-12-31T18:51:46,low
roster_6740.docx,.docx,846,C:/Finance/HR/,2022-06-21T13:25:29,medium
salary_analysis_6741.csv,.csv,781,C:/Finance/Reports/,2025-01-05T13:48:29,low
roster_6742.xlsx,.xlsx,1651,C:/Finance/HR/,2023-03-24T01:13:15,medium
announcement_6743.csv,.csv,462,C:/Finance/PublicInfo/Guidelines/,2025-12-19T09:26:40,low
info_6744.csv,.csv,224,C:/Finance/PublicInfo/Announcements/,2023-12-03T15:13:15,medium
profile_6745.pdf,.pdf,204,C:/Finance/Customers/,2022-11-14T14:39:18,low
guideline_6746.pdf,.pdf,1164,C:/Finance/Compliance/,2025-07-30T19:32:50,medium
transfer_6747.pdf,.pdf,827,C:/Finance/Transactions/,2025-01-10T08:43:40,low
menu_procedure_6748.xlsx,.xlsx,429,C:/Finance/Internal/Policies/,2023-08-26T00:30:45,medium
contract_6749.csv,.csv,434,C:/Finance/Customers/,2023-11-02T10:50:49,low
ssn_guideline_6750.pdf,.pdf,1784,C:/Finance/Internal/Policies/,2023-09-25T05:54:05,high
analysis_6751.xlsx,.xlsx,1001,C:/Finance/Reports/,2022-04-24T16:40:44,low
contract_6752.pdf,.pdf,638,C:/Finance/Loans/,2022-12-07T03:28:23,low
info_info_6753.csv,.csv,322,C:/Finance/Customers/,2024-03-18T03:47:45,low
audit_6754_draft.xlsx,.xlsx,1515,C:/Finance/Compliance/,2022-07-18T22:00:26,low
analysis_audit_6755.csv,.csv,154,C:/Finance/Accounts/,2025-07-22T20:55:07,high
notice_6756.txt,.txt,142,C:/Finance/PublicInfo/Guidelines/,2025-05-24T17:56:21,low
profile_6757.csv,.csv,503,C:/Finance/Customers/,2025-01-29T21:38:35,low
info_protocol_6758.docx,.docx,349,C:/Finance/Internal/Policies/,2023-08-31T03:26:42,high
customer_6759.csv,.csv,503,C:/Finance/Customers/,2023-08-10T12:13:06,medium
analysis_6760.pdf,.pdf,86,C:/Finance/Reports/,2025-12-27T20:32:11,medium
repayment_6761.docx,.docx,85,C:/Finance/Loans/,2023-11-19T14:17:50,high
invoice_transfer_6762.csv,.csv,167,C:/Finance/Transactions/,2022-02-28T02:53:57,low
schedule_6763.pdf,.pdf,208,C:/Finance/PublicInfo/Announcements/,2024-04-01T00:33:51,low
report_6764.pdf,.pdf,621,C:/Finance/HR/,2023-09-04T01:26:56,high
audit_6765.pdf,.pdf,3088,C:/Finance/Accounts/,2023-07-06T00:57:23,medium
policy_6766.pdf,.pdf,1670,C:/Finance/Compliance/,2022-04-01T22:46:50,low
audit_6767.docx,.docx,14,C:/Finance/Compliance/,2024-11-25T17:21:16,low
contract_6768.docx,.docx,322,C:/Finance/Loans/,2022-11-22T12:51:02,medium
loan_6769.xlsx,.xlsx,625,C:/Finance/Loans/,2024-12-25T10:37:48,medium
bank_statement_agreement_6770.pdf,.pdf,2194,C:/Finance/Loans/,2024-03-27T01:42:03,medium
ssn_notice_6771.csv,.csv,449,C:/Finance/PublicInfo/Announcements/,2023-04-20T23:09:11,low
policy_ledger_6772.pdf,.pdf,355,C:/Finance/Accounts/,2022-02-05T02:30:36,low
summary_info_6773.txt,.txt,82,C:/Finance/PublicInfo/Guidelines/,2023-05-31T17:22:42,low
analysis_notice_6774.csv,.csv,284,C:/Finance/PublicInfo/Announcements/,2023-09-05T11:15:40,medium
report_roster_6775.docx,.docx,323,C:/Finance/HR/,2022-04-26T21:23:02,medium
guideline_6776.pdf,.pdf,2000,C:/Finance/Compliance/,2023-10-18T12:43:25,low
schedule_6777.csv,.csv,227,C:/Finance/PublicInfo/Announcements/,2025-02-06T03:55:52,medium
customer_6778.csv,.csv,119,C:/Finance/Customers/,2024-12-30T22:50:14,medium
review_6779_archived.pdf,.pdf,220,C:/Finance/Compliance/,2025-11-23T09:37:54,low
profile_6780.docx,.docx,335,C:/Finance/Customers/,2023-03-04T14:34:01,medium
ledger_contract_6781.pdf,.pdf,1116,C:/Finance/Customers/,2024-04-17T00:22:44,medium
guideline_6782.docx,.docx,139,C:/Finance/Compliance/,2025-11-23T21:24:51,high
guideline_6783.pdf,.pdf,710,C:/Finance/Compliance/,2022-10-13T21:27:22,low
announcement_6784.pdf,.pdf,544,C:/Finance/PublicInfo/Announcements/,2025-06-21T04:18:34,low
schedule_analysis_6785.pdf,.pdf,1789,C:/Finance/Reports/,2022-10-04T05:51:59,medium
audit_6786.csv,.csv,359,C:/Finance/Accounts/,2025-03-14T21:11:10,low
memo_protocol_6787_final.docx,.docx,255,C:/Finance/Internal/Policies/,2022-08-29T07:50:24,low
audit_6788.xlsx,.xlsx,692,C:/Finance/Compliance/,2025-12-11T04:40:13,low
transaction_announcement_6789.txt,.txt,122,C:/Finance/PublicInfo/Announcements/,2024-04-12T20:10:38,medium
announcement_6790.txt,.txt,5,C:/Finance/PublicInfo/Announcements/,2024-08-27T09:30:05,low
bank_statement_report_6791.pdf,.pdf,127,C:/Finance/Reports/,2023-08-21T06:48:55,low
report_6792.xlsx,.xlsx,387,C:/Finance/HR/,2022-11-21T12:02:27,low
contract_6793.pdf,.pdf,1038,C:/Finance/Customers/,2023-05-09T09:55:39,medium
info_memo_6794.pdf,.pdf,676,C:/Finance/Reports/,2025-03-31T05:15:54,medium
salary_notice_6795.pdf,.pdf,1606,C:/Finance/PublicInfo/Announcements/,2022-08-15T20:03:18,low
procedure_6796.pdf,.pdf,2212,C:/Finance/Internal/Policies/,2023-10-01T11:08:20,medium
memo_contract_6797_archived.xls,.xls,354,C:/Finance/Loans/,2022-11-13T06:40:07,medium
notice_6798.pdf,.pdf,954,C:/Finance/PublicInfo/Announcements/,2024-08-13T04:29:18,medium
bank_statement_schedule_6799.csv,.csv,333,C:/Finance/PublicInfo/Guidelines/,2025-10-18T16:59:44,medium
analysis_6800.xlsx,.xlsx,955,C:/Finance/Reports/,2025-08-09T11:52:22,medium
policy_guideline_6801.docx,.docx,735,C:/Finance/Internal/Policies/,2022-01-11T16:17:39,low
procedure_6802.docx,.docx,19,C:/Finance/Internal/Policies/,2023-08-08T06:01:10,low
audit_6803.pdf,.pdf,412,C:/Finance/Accounts/,2024-12-14T17:13:40,low
customer_summary_6804.csv,.csv,175,C:/Finance/Reports/,2025-08-10T17:35:38,medium
public_notice_contract_6805.pdf,.pdf,620,C:/Finance/Loans/,2025-02-10T19:49:46,low
announcement_ledger_6806.csv,.csv,132,C:/Finance/Accounts/,2025-10-25T06:35:50,low
policy_6807.pdf,.pdf,962,C:/Finance/Internal/Policies/,2023-11-27T23:05:28,high
transaction_ledger_6808.pdf,.pdf,1926,C:/Finance/Accounts/,2023-06-17T10:11:16,low
notice_6809.csv,.csv,335,C:/Finance/PublicInfo/Announcements/,2023-03-13T07:12:59,low
policy_transaction_6810.xlsx,.xlsx,1331,C:/Finance/Transactions/,2025-08-28T00:08:42,high
contract_6811.docx,.docx,715,C:/Finance/Loans/,2024-11-13T08:32:56,low
profile_6812.csv,.csv,221,C:/Finance/Customers/,2025-12-28T08:43:09,medium
balance_6813.csv,.csv,419,C:/Finance/Accounts/,2025-03-12T22:38:14,low
policy_guideline_6814.docx,.docx,470,C:/Finance/Compliance/,2025-08-02T11:35:16,medium
report_transfer_6815.pdf,.pdf,1439,C:/Finance/Transactions/,2022-07-03T15:39:01,low
ledger_analysis_6816_archived.pdf,.pdf,1074,C:/Finance/Reports/,2022-07-25T08:51:32,low
profile_6817.csv,.csv,171,C:/Finance/Customers/,2024-06-16T13:18:57,low
info_protocol_6818.pdf,.pdf,208,C:/Finance/Internal/Policies/,2024-04-16T14:35:48,high
info_review_6819.xlsx,.xlsx,2616,C:/Finance/Compliance/,2024-01-04T18:42:41,high
policy_analysis_6820.xlsx,.xlsx,1916,C:/Finance/Reports/,2022-08-01T08:35:05,high
report_6821.xlsx,.xlsx,2544,C:/Finance/Reports/,2022-05-07T03:17:02,medium
payroll_6822.docx,.docx,530,C:/Finance/HR/,2025-01-15T00:05:34,low
transaction_salary_6823.docx,.docx,475,C:/Finance/HR/,2024-08-26T21:31:36,medium
pin_repayment_6824_final.xlsx,.xlsx,1009,C:/Finance/Loans/,2025-01-17T05:12:43,medium
invoice_info_6825.txt,.txt,148,C:/Finance/PublicInfo/Announcements/,2025-02-22T14:55:12,low
info_customer_6826.csv,.csv,433,C:/Finance/Customers/,2022-02-12T13:00:47,low
guideline_6827.pdf,.pdf,1282,C:/Finance/Internal/Policies/,2023-07-26T00:34:29,medium
ledger_info_6828.docx,.docx,487,C:/Finance/Customers/,2024-09-24T19:45:57,high
profile_6829.csv,.csv,110,C:/Finance/Customers/,2022-12-11T07:52:44,low
policy_repayment_6830.docx,.docx,183,C:/Finance/Loans/,2024-01-18T17:25:46,medium
audit_6831.docx,.docx,532,C:/Finance/Compliance/,2025-02-04T23:39:04,low
guidelines_notice_6832.txt,.txt,69,C:/Finance/PublicInfo/Announcements/,2023-06-19T08:45:51,medium
contract_6833.pdf,.pdf,669,C:/Finance/Customers/,2023-07-19T07:12:54,high
menu_report_6834.pdf,.pdf,1437,C:/Finance/Reports/,2025-12-17T06:39:35,low
roster_6835.pdf,.pdf,349,C:/Finance/HR/,2024-05-11T22:57:36,low
report_6836.pdf,.pdf,2007,C:/Finance/Reports/,2022-03-26T21:56:00,low
summary_notice_6837_archived.csv,.csv,128,C:/Finance/PublicInfo/Guidelines/,2025-10-17T04:42:01,low
announcement_schedule_6838.txt,.txt,22,C:/Finance/PublicInfo/Announcements/,2025-05-17T16:35:18,low
policy_6839.pdf,.pdf,62,C:/Finance/Internal/Policies/,2024-10-11T10:09:10,high
schedule_6840.pdf,.pdf,1215,C:/Finance/PublicInfo/Guidelines/,2024-10-23T19:29:06,low
info_6841.txt,.txt,73,C:/Finance/PublicInfo/Guidelines/,2025-06-10T08:00:43,medium
salary_schedule_6842.csv,.csv,161,C:/Finance/PublicInfo/Guidelines/,2023-01-21T10:54:06,low
guideline_6843.pdf,.pdf,1294,C:/Finance/Compliance/,2025-04-16T22:58:41,medium
transaction_review_6844.docx,.docx,310,C:/Finance/Compliance/,2023-07-18T11:07:56,low
announcement_report_6845.pdf,.pdf,468,C:/Finance/HR/,2024-09-26T14:19:23,low
guideline_6846.pdf,.pdf,885,C:/Finance/Internal/Policies/,2022-07-20T22:22:57,low
audit_6847.csv,.csv,394,C:/Finance/Accounts/,2022-02-22T01:32:39,low
report_announcement_6848.pdf,.pdf,253,C:/Finance/PublicInfo/Announcements/,2022-09-07T21:20:18,low
transaction_repayment_6849.pdf,.pdf,418,C:/Finance/Loans/,2024-01-02T05:30:59,high
notice_6850.csv,.csv,241,C:/Finance/PublicInfo/Guidelines/,2024-01-15T16:13:20,low
guideline_6851.docx,.docx,670,C:/Finance/Compliance/,2025-06-23T01:38:40,low
policy_6852.xlsx,.xlsx,87,C:/Finance/Compliance/,2025-12-08T03:35:27,low
protocol_6853.pdf,.pdf,2653,C:/Finance/Internal/Policies/,2024-03-28T13:34:26,high
contract_6854.xlsx,.xlsx,1622,C:/Finance/Loans/,2022-08-07T16:18:12,medium
transaction_protocol_6855_confidential.docx,.docx,330,C:/Finance/Internal/Policies/,2023-06-11T05:48:26,low
statement_guideline_6856.xlsx,.xlsx,1059,C:/Finance/Internal/Policies/,2024-03-25T00:56:25,low
report_audit_6857.csv,.csv,175,C:/Finance/Accounts/,2025-07-15T13:47:20,low
guidelines_summary_6858.csv,.csv,152,C:/Finance/Reports/,2023-06-30T17:34:56,low
announcement_analysis_6859_confidential.pdf,.pdf,261,C:/Finance/Reports/,2025-09-12T03:20:00,low
policy_6860.pdf,.pdf,2256,C:/Finance/Compliance/,2024-09-27T11:19:43,medium
guidelines_memo_6861.csv,.csv,212,C:/Finance/Reports/,2024-03-26T04:50:30,low
analysis_policy_6862.docx,.docx,741,C:/Finance/Compliance/,2025-02-16T23:05:39,low
ledger_info_6863_final.txt,.txt,128,C:/Finance/PublicInfo/Guidelines/,2022-04-12T03:24:37,medium
schedule_schedule_6864.csv,.csv,318,C:/Finance/PublicInfo/Guidelines/,2024-06-28T09:56:31,low
analysis_contract_6865.csv,.csv,55,C:/Finance/Customers/,2025-02-04T03:35:13,low
public_notice_audit_6866.xlsx,.xlsx,485,C:/Finance/Compliance/,2025-03-22T15:58:02,low
menu_info_6867.pdf,.pdf,1966,C:/Finance/Customers/,2025-10-17T12:22:15,medium
summary_guideline_6868.pdf,.pdf,2916,C:/Finance/Internal/Policies/,2022-07-04T19:09:40,medium
schedule_6869.csv,.csv,520,C:/Finance/PublicInfo/Guidelines/,2025-10-28T18:18:58,medium
menu_transaction_6870_archived.csv,.csv,189,C:/Finance/Transactions/,2022-04-02T18:03:25,low
memo_procedure_6871.pdf,.pdf,1665,C:/Finance/Internal/Policies/,2024-09-13T03:34:36,medium
balance_6872.xlsx,.xlsx,1287,C:/Finance/Accounts/,2025-09-17T18:50:21,low
invoice_balance_6873.pdf,.pdf,1254,C:/Finance/Accounts/,2024-02-24T05:35:03,high
credit_report_summary_6874.xlsx,.xlsx,636,C:/Finance/Transactions/,2022-08-16T14:09:01,low
menu_report_6875.xlsx,.xlsx,1124,C:/Finance/Reports/,2022-02-15T01:38:15,medium
transfer_6876.csv,.csv,129,C:/Finance/Transactions/,2022-05-05T00:02:32,low
customer_6877.pdf,.pdf,926,C:/Finance/Customers/,2022-03-27T22:01:41,low
public_notice_contract_6878.docx,.docx,663,C:/Finance/Loans/,2023-01-17T04:41:14,low
repayment_6879.pdf,.pdf,709,C:/Finance/Loans/,2022-05-13T11:29:52,high
public_notice_notice_6880.txt,.txt,88,C:/Finance/PublicInfo/Announcements/,2023-06-10T23:48:33,low
guidelines_announcement_6881.csv,.csv,422,C:/Finance/PublicInfo/Announcements/,2022-08-05T04:14:01,low
report_contract_6882.pdf,.pdf,584,C:/Finance/Customers/,2023-08-29T10:07:03,medium
salary_6883_confidential.docx,.docx,462,C:/Finance/HR/,2023-02-25T02:56:27,medium
menu_roster_6884.docx,.docx,427,C:/Finance/HR/,2025-03-04T02:46:28,low
notice_6885.txt,.txt,58,C:/Finance/PublicInfo/Guidelines/,2022-09-21T07:51:52,medium
summary_6886.pdf,.pdf,9,C:/Finance/Transactions/,2025-09-08T18:51:47,low
info_payroll_6887.xlsx,.xlsx,285,C:/Finance/HR/,2022-05-22T18:16:52,low
info_repayment_6888.pdf,.pdf,684,C:/Finance/Loans/,2025-03-13T11:28:22,low
summary_schedule_6889_confidential.txt,.txt,23,C:/Finance/PublicInfo/Guidelines/,2025-10-10T01:20:23,high
announcement_customer_6890.docx,.docx,1096,C:/Finance/Customers/,2025-11-17T13:48:44,low
review_6891.docx,.docx,842,C:/Finance/Compliance/,2022-06-12T18:39:52,high
guideline_6892.xlsx,.xlsx,2079,C:/Finance/Compliance/,2023-04-30T16:01:09,medium
policy_guideline_6893_archived.docx,.docx,711,C:/Finance/Internal/Policies/,2023-08-08T13:42:04,medium
transaction_report_6894.docx,.docx,751,C:/Finance/HR/,2025-11-30T17:34:32,low
menu_notice_6895.txt,.txt,51,C:/Finance/PublicInfo/Guidelines/,2023-01-26T17:33:40,medium
invoice_transaction_6896.csv,.csv,801,C:/Finance/Transactions/,2022-08-14T17:11:41,medium
summary_customer_6897_confidential.docx,.docx,382,C:/Finance/Customers/,2024-08-29T08:53:29,low
agreement_6898.pdf,.pdf,1082,C:/Finance/Loans/,2024-08-01T08:03:01,low
guideline_6899.xlsx,.xlsx,656,C:/Finance/Compliance/,2025-04-22T23:46:02,medium
memo_repayment_6900_v2.xlsx,.xlsx,846,C:/Finance/Loans/,2025-12-17T13:23:36,medium
info_6901.pdf,.pdf,1500,C:/Finance/PublicInfo/Guidelines/,2023-11-08T07:15:17,low
menu_schedule_6902_draft.pdf,.pdf,1866,C:/Finance/PublicInfo/Announcements/,2022-07-26T22:32:17,low
info_6903.pdf,.pdf,107,C:/Finance/PublicInfo/Announcements/,2022-02-24T00:59:06,low
audit_6904.pdf,.pdf,414,C:/Finance/Accounts/,2024-05-10T15:34:39,low
statement_policy_6905_confidential.pdf,.pdf,592,C:/Finance/Internal/Policies/,2025-05-04T14:19:10,medium
protocol_6906.docx,.docx,57,C:/Finance/Internal/Policies/,2024-08-14T08:33:38,low
announcement_contract_6907.pdf,.pdf,1951,C:/Finance/Customers/,2025-06-02T06:12:30,high
transaction_contract_6908.docx,.docx,320,C:/Finance/Loans/,2023-02-08T20:29:11,low
ssn_analysis_6909.pdf,.pdf,38,C:/Finance/Reports/,2025-06-08T08:26:58,medium
summary_6910.pdf,.pdf,544,C:/Finance/Reports/,2022-09-10T17:37:10,medium
info_account_6911.xlsx,.xlsx,655,C:/Finance/Accounts/,2024-01-20T00:39:55,medium
salary_6912.docx,.docx,31,C:/Finance/HR/,2024-01-09T12:32:44,medium
memo_analysis_6913.xlsx,.xlsx,1407,C:/Finance/Reports/,2023-01-19T13:19:46,medium
bank_statement_contract_6914_archived.docx,.docx,1025,C:/Finance/Loans/,2022-07-09T19:39:19,medium
notice_6915.txt,.txt,75,C:/Finance/PublicInfo/Guidelines/,2024-09-01T16:58:59,low
schedule_report_6916.csv,.csv,160,C:/Finance/Reports/,2025-03-17T14:14:40,low
audit_6917.pdf,.pdf,1563,C:/Finance/Accounts/,2022-05-24T21:11:42,medium
ledger_policy_6918.docx,.docx,170,C:/Finance/Internal/Policies/,2024-08-13T23:20:20,medium
statement_audit_6919.xlsx,.xlsx,346,C:/Finance/Compliance/,2025-03-06T23:52:03,low
transfer_6920.pdf,.pdf,329,C:/Finance/Transactions/,2022-11-14T15:34:05,medium
policy_transfer_6921.csv,.csv,280,C:/Finance/Transactions/,2024-06-02T02:48:43,low
announcement_6922.pdf,.pdf,497,C:/Finance/PublicInfo/Guidelines/,2024-01-29T07:37:16,low
invoice_report_6923.pdf,.pdf,1129,C:/Finance/HR/,2025-06-04T03:11:44,medium
announcement_6924.txt,.txt,24,C:/Finance/PublicInfo/Guidelines/,2024-07-26T22:38:57,low
repayment_6925.xls,.xls,131,C:/Finance/Loans/,2025-04-14T09:51:31,high
report_protocol_6926.pdf,.pdf,1257,C:/Finance/Internal/Policies/,2023-12-06T18:45:45,high
policy_6927.xlsx,.xlsx,381,C:/Finance/Compliance/,2022-02-03T03:48:33,high
memo_6928.xlsx,.xlsx,1353,C:/Finance/Reports/,2025-03-01T01:07:22,high
profile_6929.csv,.csv,217,C:/Finance/Customers/,2023-03-15T13:11:23,high
ssn_profile_6930.csv,.csv,30,C:/Finance/Customers/,2024-09-22T06:07:30,low
announcement_contract_6931_draft.docx,.docx,52,C:/Finance/Customers/,2022-09-05T17:35:37,low
policy_roster_6932.docx,.docx,14,C:/Finance/HR/,2024-10-23T21:41:25,low
info_6933.docx,.docx,552,C:/Finance/Customers/,2024-02-11T21:38:44,low
salary_6934_confidential.pdf,.pdf,2555,C:/Finance/HR/,2024-06-24T18:45:21,high
announcement_transfer_6935.csv,.csv,135,C:/Finance/Transactions/,2025-07-13T16:24:29,low
salary_6936.xlsx,.xlsx,1522,C:/Finance/HR/,2024-07-10T16:04:05,low
procedure_6937.docx,.docx,82,C:/Finance/Internal/Policies/,2025-09-16T22:54:13,low
agreement_6938.docx,.docx,470,C:/Finance/Loans/,2023-10-18T19:47:57,high
customer_6939.csv,.csv,210,C:/Finance/Customers/,2024-02-04T14:27:16,low
notice_6940.pdf,.pdf,1352,C:/Finance/PublicInfo/Guidelines/,2025-12-30T18:31:31,low
announcement_announcement_6941.pdf,.pdf,47,C:/Finance/PublicInfo/Guidelines/,2024-01-06T11:09:27,low
transaction_protocol_6942_draft.xlsx,.xlsx,128,C:/Finance/Internal/Policies/,2022-05-09T14:32:58,low
menu_report_6943_archived.pdf,.pdf,1596,C:/Finance/Reports/,2025-03-31T18:14:51,medium
transaction_6944_confidential.csv,.csv,277,C:/Finance/Transactions/,2022-10-21T03:21:30,low
report_repayment_6945.pdf,.pdf,1054,C:/Finance/Loans/,2024-03-21T19:23:18,medium
announcement_salary_6946.pdf,.pdf,180,C:/Finance/HR/,2025-01-26T21:57:11,medium
schedule_audit_6947.pdf,.pdf,1406,C:/Finance/Accounts/,2023-03-06T21:22:32,low
policy_6948.pdf,.pdf,584,C:/Finance/Compliance/,2025-11-27T18:48:36,high
announcement_schedule_6949.pdf,.pdf,393,C:/Finance/PublicInfo/Guidelines/,2023-12-12T00:36:10,medium
protocol_6950.pdf,.pdf,808,C:/Finance/Internal/Policies/,2023-02-16T21:42:28,medium
loan_6951.docx,.docx,96,C:/Finance/Loans/,2023-12-03T06:48:51,high
memo_6952.pdf,.pdf,1054,C:/Finance/Reports/,2023-07-10T15:20:54,low
schedule_announcement_6953.pdf,.pdf,1157,C:/Finance/PublicInfo/Announcements/,2022-01-30T09:02:06,low
transaction_6954.xlsx,.xlsx,1179,C:/Finance/Transactions/,2023-09-23T13:40:55,low
info_summary_6955.csv,.csv,242,C:/Finance/Reports/,2025-05-31T20:10:24,low
notice_6956_final.pdf,.pdf,1819,C:/Finance/PublicInfo/Announcements/,2024-05-16T02:15:57,low
schedule_repayment_6957.xls,.xls,735,C:/Finance/Loans/,2023-04-19T14:37:15,low
analysis_transfer_6958.csv,.csv,10,C:/Finance/Transactions/,2023-10-16T11:56:02,medium
info_notice_6959.pdf,.pdf,612,C:/Finance/PublicInfo/Guidelines/,2022-09-23T15:03:42,medium
guideline_6960.pdf,.pdf,1099,C:/Finance/Internal/Policies/,2022-02-18T12:30:27,medium
audit_6961_confidential.xlsx,.xlsx,1359,C:/Finance/Compliance/,2025-07-24T09:51:24,low
ledger_salary_6962.xlsx,.xlsx,2053,C:/Finance/HR/,2022-07-11T18:11:32,low
loan_6963.pdf,.pdf,1453,C:/Finance/Loans/,2024-03-27T00:32:24,high
schedule_6964.csv,.csv,598,C:/Finance/PublicInfo/Guidelines/,2022-02-17T02:58:21,low
analysis_ledger_6965_confidential.csv,.csv,295,C:/Finance/Accounts/,2024-06-25T04:52:48,low
info_6966.txt,.txt,127,C:/Finance/PublicInfo/Announcements/,2024-01-23T09:56:49,medium
policy_notice_6967_confidential.pdf,.pdf,1497,C:/Finance/PublicInfo/Announcements/,2025-08-26T11:30:50,low
loan_6968.docx,.docx,84,C:/Finance/Loans/,2022-05-20T10:49:25,medium
info_notice_6969.csv,.csv,76,C:/Finance/PublicInfo/Announcements/,2024-07-25T03:45:28,high
report_customer_6970.docx,.docx,289,C:/Finance/Customers/,2023-05-13T04:21:21,medium
statement_6971.xlsx,.xlsx,1580,C:/Finance/Transactions/,2025-04-15T23:17:26,high
announcement_loan_6972.xls,.xls,1753,C:/Finance/Loans/,2024-05-07T05:35:26,low
policy_6973.docx,.docx,184,C:/Finance/Internal/Policies/,2024-06-22T23:40:28,low
policy_audit_6974_confidential.pdf,.pdf,424,C:/Finance/Accounts/,2024-07-22T07:43:20,low
account_6975.xlsx,.xlsx,370,C:/Finance/Accounts/,2023-02-08T00:03:01,medium
salary_6976.pdf,.pdf,1790,C:/Finance/HR/,2025-06-21T18:27:34,high
payroll_6977.pdf,.pdf,438,C:/Finance/HR/,2024-03-27T23:20:17,low
analysis_6978.pdf,.pdf,345,C:/Finance/Reports/,2023-09-16T09:18:45,medium
loan_6979.xlsx,.xlsx,529,C:/Finance/Loans/,2025-11-15T00:52:50,medium
protocol_6980.docx,.docx,584,C:/Finance/Internal/Policies/,2022-06-07T08:44:29,low
menu_info_6981.txt,.txt,153,C:/Finance/PublicInfo/Guidelines/,2024-02-04T07:03:15,low
payroll_6982.docx,.docx,421,C:/Finance/HR/,2025-04-07T02:39:56,medium
policy_protocol_6983.xlsx,.xlsx,1821,C:/Finance/Internal/Policies/,2023-04-24T21:28:30,medium
memo_6984_confidential.xlsx,.xlsx,667,C:/Finance/Reports/,2022-09-20T15:41:24,medium
schedule_schedule_6985.txt,.txt,146,C:/Finance/PublicInfo/Guidelines/,2024-12-05T12:22:56,high
customer_schedule_6986.csv,.csv,527,C:/Finance/PublicInfo/Announcements/,2023-04-17T05:55:28,low
transaction_schedule_6987.pdf,.pdf,415,C:/Finance/PublicInfo/Announcements/,2023-07-11T15:04:24,high
schedule_6988.txt,.txt,61,C:/Finance/PublicInfo/Announcements/,2023-04-11T03:35:21,high
summary_6989.pdf,.pdf,617,C:/Finance/Transactions/,2022-12-27T05:23:01,medium
review_6990.xlsx,.xlsx,1093,C:/Finance/Compliance/,2022-10-10T09:35:54,low
audit_6991.pdf,.pdf,1401,C:/Finance/Accounts/,2025-05-05T19:22:59,medium
payroll_6992.docx,.docx,214,C:/Finance/HR/,2025-07-13T03:30:32,low
customer_6993_draft.csv,.csv,722,C:/Finance/Customers/,2022-10-03T16:48:42,medium
menu_procedure_6994.xlsx,.xlsx,585,C:/Finance/Internal/Policies/,2023-02-18T14:02:09,medium
guideline_6995.docx,.docx,102,C:/Finance/Compliance/,2022-03-25T13:08:27,low
public_notice_agreement_6996.xls,.xls,891,C:/Finance/Loans/,2022-05-20T11:17:00,low
transfer_6997.csv,.csv,146,C:/Finance/Transactions/,2022-05-07T10:06:32,low
summary_payroll_6998.xlsx,.xlsx,802,C:/Finance/HR/,2024-04-25T21:04:09,low
transaction_memo_6999.pdf,.pdf,610,C:/Finance/Reports/,2024-11-02T14:20:01,medium
policy_announcement_7000_final.csv,.csv,351,C:/Finance/PublicInfo/Announcements/,2023-02-15T22:07:12,medium
schedule_audit_7001.csv,.csv,87,C:/Finance/Accounts/,2023-08-16T07:25:20,low
statement_report_7002.docx,.docx,469,C:/Finance/HR/,2023-11-12T07:27:03,low
report_review_7003.pdf,.pdf,954,C:/Finance/Compliance/,2022-05-04T00:02:30,medium
ledger_roster_7004.xlsx,.xlsx,1359,C:/Finance/HR/,2022-08-05T23:36:57,low
balance_7005.csv,.csv,263,C:/Finance/Accounts/,2024-08-18T06:43:45,low
info_7006.txt,.txt,111,C:/Finance/PublicInfo/Guidelines/,2023-03-21T14:19:14,low
announcement_announcement_7007.pdf,.pdf,553,C:/Finance/PublicInfo/Announcements/,2022-10-25T16:00:27,low
payroll_7008.docx,.docx,320,C:/Finance/HR/,2024-04-03T03:59:41,low
policy_transfer_7009.csv,.csv,349,C:/Finance/Transactions/,2023-09-27T15:56:08,low
info_account_7010_archived.csv,.csv,379,C:/Finance/Accounts/,2023-02-11T07:51:40,low
announcement_roster_7011.pdf,.pdf,708,C:/Finance/HR/,2022-11-04T05:06:32,medium
menu_protocol_7012.docx,.docx,178,C:/Finance/Internal/Policies/,2022-06-24T20:13:11,medium
info_guideline_7013.docx,.docx,706,C:/Finance/Internal/Policies/,2024-08-19T04:29:13,low
public_notice_schedule_7014.txt,.txt,101,C:/Finance/PublicInfo/Guidelines/,2023-08-18T23:56:23,medium
passwords_info_7015.txt,.txt,91,C:/Finance/PublicInfo/Guidelines/,2023-08-15T16:27:11,low
statement_7016.pdf,.pdf,1072,C:/Finance/Transactions/,2025-09-08T00:04:53,low
customer_announcement_7017.pdf,.pdf,645,C:/Finance/PublicInfo/Guidelines/,2023-04-18T21:17:38,high
report_info_7018.csv,.csv,45,C:/Finance/Customers/,2024-05-08T18:57:10,low
policy_notice_7019.pdf,.pdf,1473,C:/Finance/PublicInfo/Guidelines/,2025-11-21T17:04:15,low
info_announcement_7020.pdf,.pdf,3547,C:/Finance/PublicInfo/Guidelines/,2025-12-15T16:58:38,high
policy_7021.docx,.docx,1447,C:/Finance/Internal/Policies/,2024-04-16T20:33:41,low
public_notice_ledger_7022.csv,.csv,538,C:/Finance/Accounts/,2025-02-16T07:58:27,low
transfer_7023.xlsx,.xlsx,106,C:/Finance/Transactions/,2022-03-16T02:53:19,medium
contract_7024.csv,.csv,1053,C:/Finance/Customers/,2025-02-11T07:03:51,high
summary_contract_7025.xlsx,.xlsx,521,C:/Finance/Loans/,2024-07-11T22:55:51,medium
summary_7026.pdf,.pdf,378,C:/Finance/Transactions/,2025-01-10T20:59:49,low
transaction_memo_7027.xlsx,.xlsx,640,C:/Finance/Reports/,2022-08-05T01:28:13,medium
report_7028.docx,.docx,270,C:/Finance/HR/,2025-09-11T03:10:24,low
schedule_7029.pdf,.pdf,238,C:/Finance/PublicInfo/Announcements/,2022-08-19T02:19:30,low
ssn_notice_7030.csv,.csv,191,C:/Finance/PublicInfo/Guidelines/,2023-09-30T00:54:21,low
balance_7031_final.csv,.csv,104,C:/Finance/Accounts/,2023-08-29T03:54:39,medium
profile_7032.pdf,.pdf,2167,C:/Finance/Customers/,2023-03-11T11:23:04,low
announcement_protocol_7033.xlsx,.xlsx,2604,C:/Finance/Internal/Policies/,2023-06-25T16:36:36,low
audit_7034.pdf,.pdf,531,C:/Finance/Accounts/,2025-03-26T05:24:59,high
transaction_7035.xlsx,.xlsx,1789,C:/Finance/Transactions/,2023-09-01T04:32:34,low
report_payroll_7036.docx,.docx,629,C:/Finance/HR/,2025-07-27T20:39:04,medium
summary_7037.xlsx,.xlsx,54,C:/Finance/Transactions/,2024-03-30T22:21:59,low
profile_7038.docx,.docx,368,C:/Finance/Customers/,2023-01-19T12:04:30,medium
info_ledger_7039.pdf,.pdf,163,C:/Finance/Accounts/,2024-09-02T09:50:42,medium
guidelines_ledger_7040.csv,.csv,288,C:/Finance/Accounts/,2022-10-07T09:48:09,medium
salary_summary_7041.csv,.csv,485,C:/Finance/Transactions/,2024-05-01T09:07:13,low
review_7042.docx,.docx,144,C:/Finance/Compliance/,2024-10-01T17:08:49,low
loan_7043.pdf,.pdf,2151,C:/Finance/Loans/,2023-09-10T08:24:49,medium
policy_7044.pdf,.pdf,218,C:/Finance/Internal/Policies/,2023-01-15T15:33:21,low
payroll_7045.docx,.docx,185,C:/Finance/HR/,2025-11-18T18:17:32,medium
ledger_summary_7046.csv,.csv,381,C:/Finance/Reports/,2024-11-18T23:26:10,medium
schedule_announcement_7047.csv,.csv,20,C:/Finance/PublicInfo/Guidelines/,2023-11-07T11:42:19,high
announcement_ledger_7048_confidential.pdf,.pdf,993,C:/Finance/Accounts/,2024-05-16T07:06:35,medium
analysis_notice_7049.pdf,.pdf,1153,C:/Finance/PublicInfo/Announcements/,2023-07-16T05:16:43,low
protocol_7050.docx,.docx,292,C:/Finance/Internal/Policies/,2023-01-01T00:19:31,high
ledger_protocol_7051.pdf,.pdf,316,C:/Finance/Internal/Policies/,2023-05-06T18:01:29,low
policy_guideline_7052.xlsx,.xlsx,28,C:/Finance/Internal/Policies/,2023-08-12T05:39:37,low
analysis_transaction_7053.pdf,.pdf,1141,C:/Finance/Transactions/,2023-02-05T21:19:57,low
info_info_7054_archived.csv,.csv,154,C:/Finance/PublicInfo/Guidelines/,2024-03-17T09:05:34,medium
announcement_7055.pdf,.pdf,9,C:/Finance/PublicInfo/Guidelines/,2022-10-27T03:59:57,low
invoice_ledger_7056_v2.csv,.csv,170,C:/Finance/Accounts/,2022-02-17T02:08:29,low
schedule_payroll_7057.docx,.docx,5,C:/Finance/HR/,2024-10-17T10:07:58,low
account_7058.csv,.csv,478,C:/Finance/Accounts/,2022-07-02T23:40:41,low
menu_loan_7059.xlsx,.xlsx,763,C:/Finance/Loans/,2023-02-22T03:52:45,medium
statement_repayment_7060.pdf,.pdf,1516,C:/Finance/Loans/,2023-05-08T07:49:54,high
schedule_report_7061.pdf,.pdf,967,C:/Finance/HR/,2024-08-15T03:22:38,low
schedule_payroll_7062.pdf,.pdf,711,C:/Finance/HR/,2024-12-03T19:58:05,low
statement_notice_7063_confidential.csv,.csv,772,C:/Finance/PublicInfo/Guidelines/,2025-07-06T20:44:41,high
procedure_7064_final.docx,.docx,489,C:/Finance/Internal/Policies/,2024-03-07T03:18:53,medium
summary_7065.pdf,.pdf,1655,C:/Finance/Reports/,2023-03-24T07:17:24,low
passwords_account_7066.pdf,.pdf,1379,C:/Finance/Accounts/,2024-01-20T05:06:09,low
loan_7067_archived.xls,.xls,1337,C:/Finance/Loans/,2025-06-13T20:34:21,low
policy_7068.pdf,.pdf,1319,C:/Finance/Internal/Policies/,2024-12-22T04:12:49,medium
statement_notice_7069.pdf,.pdf,153,C:/Finance/PublicInfo/Guidelines/,2025-05-08T07:41:36,low
announcement_7070.pdf,.pdf,1358,C:/Finance/PublicInfo/Guidelines/,2023-11-14T03:40:04,medium
analysis_7071.xlsx,.xlsx,249,C:/Finance/Reports/,2023-12-10T15:44:34,low
policy_review_7072.docx,.docx,763,C:/Finance/Compliance/,2025-03-04T14:54:21,low
schedule_report_7073.pdf,.pdf,870,C:/Finance/HR/,2024-08-14T23:24:46,low
roster_7074.xlsx,.xlsx,68,C:/Finance/HR/,2023-07-05T18:53:25,low
menu_memo_7075.xlsx,.xlsx,266,C:/Finance/Reports/,2022-11-11T05:27:15,medium
transfer_7076.xlsx,.xlsx,304,C:/Finance/Transactions/,2022-04-15T03:32:18,low
policy_report_7077.xlsx,.xlsx,720,C:/Finance/HR/,2024-08-25T09:01:38,low
report_7078.csv,.csv,197,C:/Finance/Reports/,2025-06-24T11:31:51,low
announcement_salary_7079.docx,.docx,187,C:/Finance/HR/,2023-07-17T08:59:49,high
invoice_agreement_7080.xlsx,.xlsx,190,C:/Finance/Loans/,2023-05-21T18:19:32,low
policy_info_7081.pdf,.pdf,1986,C:/Finance/PublicInfo/Announcements/,2023-09-17T14:02:05,medium
protocol_7082.docx,.docx,266,C:/Finance/Internal/Policies/,2024-09-25T06:50:20,medium
loan_7083.pdf,.pdf,111,C:/Finance/Loans/,2024-02-03T08:05:50,high
audit_7084.xlsx,.xlsx,1154,C:/Finance/Accounts/,2024-05-23T23:58:07,low
loan_contract_review_7085.docx,.docx,401,C:/Finance/Compliance/,2023-12-04T20:49:19,medium
guidelines_review_7086_v2.pdf,.pdf,2168,C:/Finance/Compliance/,2025-04-23T06:31:39,low
tax_info_review_7087.pdf,.pdf,2563,C:/Finance/Compliance/,2023-11-15T11:53:57,high
summary_schedule_7088.csv,.csv,282,C:/Finance/PublicInfo/Announcements/,2022-05-23T09:30:40,high
announcement_contract_7089.xlsx,.xlsx,1914,C:/Finance/Loans/,2024-01-18T20:17:37,low
info_7090.txt,.txt,113,C:/Finance/PublicInfo/Guidelines/,2024-01-01T18:30:24,low
menu_loan_7091.pdf,.pdf,1594,C:/Finance/Loans/,2022-01-13T12:00:37,medium
analysis_protocol_7092.pdf,.pdf,681,C:/Finance/Internal/Policies/,2025-08-31T03:00:59,low
announcement_7093.pdf,.pdf,1094,C:/Finance/PublicInfo/Announcements/,2024-09-14T12:10:23,low
salary_7094.docx,.docx,76,C:/Finance/HR/,2024-01-16T07:57:50,low
profile_7095.csv,.csv,7,C:/Finance/Customers/,2022-03-29T04:05:52,low
summary_7096.csv,.csv,1,C:/Finance/Transactions/,2023-01-21T00:46:06,low
transfer_7097.xlsx,.xlsx,530,C:/Finance/Transactions/,2022-02-20T05:35:01,low
announcement_7098.txt,.txt,31,C:/Finance/PublicInfo/Guidelines/,2022-06-12T11:48:46,low
contract_7099.docx,.docx,133,C:/Finance/Customers/,2024-03-20T08:42:29,medium
public_notice_transfer_7100.pdf,.pdf,1426,C:/Finance/Transactions/,2022-10-09T02:53:58,low
schedule_schedule_7101.pdf,.pdf,2082,C:/Finance/PublicInfo/Announcements/,2024-06-18T11:40:05,high
audit_announcement_7102.pdf,.pdf,1149,C:/Finance/PublicInfo/Guidelines/,2023-02-07T17:05:12,low
guidelines_guideline_7103.xlsx,.xlsx,378,C:/Finance/Compliance/,2022-07-22T22:04:51,low
customer_7104.pdf,.pdf,2,C:/Finance/Customers/,2023-10-07T06:18:36,low
info_7105.pdf,.pdf,368,C:/Finance/PublicInfo/Announcements/,2025-06-19T09:37:35,low
protocol_7106.xlsx,.xlsx,702,C:/Finance/Internal/Policies/,2024-02-22T19:58:21,high
credit_report_balance_7107_v2.pdf,.pdf,2240,C:/Finance/Accounts/,2025-12-25T05:38:45,low
menu_guideline_7108_final.pdf,.pdf,567,C:/Finance/Compliance/,2025-02-14T17:33:35,low
report_guideline_7109.pdf,.pdf,1144,C:/Finance/Internal/Policies/,2024-12-19T19:03:23,low
memo_7110.xlsx,.xlsx,582,C:/Finance/Reports/,2022-01-11T17:12:50,low
loan_contract_memo_7111.pdf,.pdf,192,C:/Finance/Reports/,2025-04-22T17:31:43,high
ledger_analysis_7112.xlsx,.xlsx,883,C:/Finance/Reports/,2025-01-27T08:59:55,high
announcement_roster_7113.xlsx,.xlsx,1005,C:/Finance/HR/,2022-02-09T08:29:56,low
schedule_7114.txt,.txt,1,C:/Finance/PublicInfo/Announcements/,2025-12-31T19:22:11,low
schedule_account_7115.xlsx,.xlsx,1246,C:/Finance/Accounts/,2025-07-01T14:33:41,low
report_7116.pdf,.pdf,617,C:/Finance/Reports/,2025-08-06T14:21:53,high
ledger_audit_7117.csv,.csv,209,C:/Finance/Accounts/,2022-10-14T11:44:46,high
salary_7118.xlsx,.xlsx,929,C:/Finance/HR/,2025-07-29T06:57:20,low
summary_payroll_7119.pdf,.pdf,69,C:/Finance/HR/,2024-07-08T06:51:24,medium
policy_7120.xlsx,.xlsx,659,C:/Finance/Compliance/,2023-12-07T07:35:16,medium
analysis_7121.csv,.csv,475,C:/Finance/Reports/,2023-11-21T13:25:52,low
tax_info_salary_7122_final.xlsx,.xlsx,1797,C:/Finance/HR/,2023-11-01T05:32:34,low
analysis_notice_7123.csv,.csv,198,C:/Finance/PublicInfo/Guidelines/,2023-05-07T23:27:08,low
memo_7124.csv,.csv,513,C:/Finance/Reports/,2024-05-07T17:59:43,medium
policy_customer_7125.docx,.docx,518,C:/Finance/Customers/,2024-03-02T05:21:41,medium
audit_7126_confidential.xlsx,.xlsx,1515,C:/Finance/Accounts/,2024-11-19T16:14:27,medium
info_7127_final.pdf,.pdf,199,C:/Finance/PublicInfo/Announcements/,2024-10-25T08:05:14,low
statement_guideline_7128.pdf,.pdf,2300,C:/Finance/Internal/Policies/,2022-09-17T21:56:44,medium
procedure_7129.pdf,.pdf,909,C:/Finance/Internal/Policies/,2022-08-23T09:10:29,low
guidelines_audit_7130.pdf,.pdf,104,C:/Finance/Accounts/,2023-08-26T14:47:25,low
schedule_7131.csv,.csv,368,C:/Finance/PublicInfo/Announcements/,2024-08-16T10:20:45,medium
info_7132.txt,.txt,58,C:/Finance/PublicInfo/Announcements/,2025-09-19T17:27:49,low
info_audit_7133.pdf,.pdf,1815,C:/Finance/Accounts/,2024-03-12T22:03:26,high
ledger_announcement_7134.csv,.csv,15,C:/Finance/PublicInfo/Guidelines/,2023-01-03T15:33:38,medium
review_7135.pdf,.pdf,396,C:/Finance/Compliance/,2025-12-01T15:16:37,medium
menu_transaction_7136.xlsx,.xlsx,19,C:/Finance/Transactions/,2025-01-06T05:13:40,medium
policy_info_7137.csv,.csv,293,C:/Finance/PublicInfo/Guidelines/,2025-05-30T10:47:29,medium
account_7138.xlsx,.xlsx,1624,C:/Finance/Accounts/,2024-08-14T20:39:29,medium
schedule_policy_7139.pdf,.pdf,124,C:/Finance/Compliance/,2025-11-13T19:36:37,low
customer_contract_7140_archived.docx,.docx,565,C:/Finance/Customers/,2022-06-09T19:51:25,high
statement_audit_7141.docx,.docx,510,C:/Finance/Compliance/,2023-03-09T08:42:26,low
info_salary_7142.pdf,.pdf,99,C:/Finance/HR/,2025-02-28T12:57:41,low
invoice_agreement_7143.xls,.xls,61,C:/Finance/Loans/,2024-06-08T15:35:43,low
schedule_protocol_7144_archived.pdf,.pdf,23,C:/Finance/Internal/Policies/,2024-03-28T06:05:41,low
report_guideline_7145.pdf,.pdf,1461,C:/Finance/Compliance/,2024-11-12T15:26:37,high
account_7146.csv,.csv,2,C:/Finance/Accounts/,2025-05-23T13:25:35,low
analysis_loan_7147_draft.xls,.xls,134,C:/Finance/Loans/,2025-11-05T21:30:27,low
guideline_7148.xlsx,.xlsx,303,C:/Finance/Compliance/,2024-06-27T20:25:02,high
contract_7149.pdf,.pdf,585,C:/Finance/Customers/,2022-06-04T15:14:43,medium
credit_report_policy_7150.pdf,.pdf,525,C:/Finance/Compliance/,2022-10-13T23:05:24,low
schedule_customer_7151_v2.pdf,.pdf,1298,C:/Finance/Customers/,2025-10-29T16:59:42,medium
repayment_7152.pdf,.pdf,1317,C:/Finance/Loans/,2022-06-18T17:02:21,low
announcement_7153.txt,.txt,65,C:/Finance/PublicInfo/Guidelines/,2022-08-13T12:23:19,low
policy_transfer_7154.csv,.csv,307,C:/Finance/Transactions/,2025-05-01T05:38:43,medium
profile_7155.csv,.csv,60,C:/Finance/Customers/,2022-11-12T01:52:59,high
transfer_7156.xlsx,.xlsx,571,C:/Finance/Transactions/,2023-02-01T12:44:48,low
ledger_notice_7157_confidential.csv,.csv,336,C:/Finance/PublicInfo/Announcements/,2024-09-21T12:42:33,low
schedule_7158.pdf,.pdf,5,C:/Finance/PublicInfo/Guidelines/,2025-12-11T14:05:41,low
transfer_7159.csv,.csv,104,C:/Finance/Transactions/,2022-03-03T04:43:58,low
schedule_customer_7160.docx,.docx,730,C:/Finance/Customers/,2024-01-17T21:43:39,medium
confidential_analysis_7161.pdf,.pdf,1896,C:/Finance/Reports/,2022-06-25T00:05:26,medium
review_7162.pdf,.pdf,393,C:/Finance/Compliance/,2024-11-23T00:31:39,low
invoice_info_7163.txt,.txt,34,C:/Finance/PublicInfo/Announcements/,2022-01-06T18:55:16,medium
invoice_contract_7164.docx,.docx,124,C:/Finance/Loans/,2023-12-22T18:42:35,low
ledger_7165_archived.xlsx,.xlsx,1067,C:/Finance/Accounts/,2025-04-25T00:36:04,medium
repayment_7166.xls,.xls,394,C:/Finance/Loans/,2023-10-12T07:51:50,low
info_7167.csv,.csv,49,C:/Finance/PublicInfo/Announcements/,2024-11-13T12:23:39,medium
schedule_7168_final.txt,.txt,33,C:/Finance/PublicInfo/Guidelines/,2025-05-04T00:42:08,medium
invoice_announcement_7169.pdf,.pdf,2056,C:/Finance/PublicInfo/Guidelines/,2025-09-26T10:43:52,medium
transaction_7170.pdf,.pdf,131,C:/Finance/Transactions/,2022-10-22T23:29:37,low
ledger_7171.pdf,.pdf,195,C:/Finance/Accounts/,2022-09-21T18:27:51,low
announcement_ledger_7172.pdf,.pdf,477,C:/Finance/Accounts/,2023-11-03T13:01:42,medium
summary_account_7173.csv,.csv,112,C:/Finance/Accounts/,2023-06-29T14:22:26,medium
transfer_7174.pdf,.pdf,2288,C:/Finance/Transactions/,2024-02-01T10:11:50,medium
guideline_7175.xlsx,.xlsx,700,C:/Finance/Compliance/,2023-08-23T05:38:00,low
summary_notice_7176.csv,.csv,977,C:/Finance/PublicInfo/Announcements/,2023-07-18T00:20:45,low
info_audit_7177.docx,.docx,534,C:/Finance/Compliance/,2024-01-03T17:17:31,high
info_7178.pdf,.pdf,455,C:/Finance/PublicInfo/Guidelines/,2024-03-10T03:32:18,low
policy_7179.docx,.docx,476,C:/Finance/Internal/Policies/,2024-04-08T01:45:16,medium
announcement_7180.pdf,.pdf,551,C:/Finance/PublicInfo/Guidelines/,2025-03-25T15:19:55,low
announcement_audit_7181.xlsx,.xlsx,419,C:/Finance/Accounts/,2025-11-05T22:53:44,low
summary_7182.pdf,.pdf,2296,C:/Finance/Reports/,2022-07-30T09:05:07,low
tax_info_info_7183.docx,.docx,644,C:/Finance/Customers/,2023-03-11T03:05:43,medium
repayment_7184.xls,.xls,756,C:/Finance/Loans/,2024-06-12T14:54:32,high
announcement_7185.txt,.txt,39,C:/Finance/PublicInfo/Guidelines/,2025-08-29T19:42:01,low
contract_7186.pdf,.pdf,1116,C:/Finance/Loans/,2023-07-21T21:35:54,low
statement_info_7187.txt,.txt,31,C:/Finance/PublicInfo/Announcements/,2023-12-18T17:30:45,low
public_notice_salary_7188.xlsx,.xlsx,569,C:/Finance/HR/,2023-03-09T04:39:59,low
statement_review_7189_confidential.pdf,.pdf,788,C:/Finance/Compliance/,2025-01-28T19:57:47,medium
announcement_7190.pdf,.pdf,1336,C:/Finance/PublicInfo/Announcements/,2025-11-25T05:34:08,low
audit_7191.xlsx,.xlsx,110,C:/Finance/Accounts/,2022-03-24T08:01:14,high
memo_contract_7192.xls,.xls,806,C:/Finance/Loans/,2024-04-22T13:15:21,low
info_7193.csv,.csv,81,C:/Finance/PublicInfo/Guidelines/,2025-12-29T07:17:45,low
analysis_7194.pdf,.pdf,1626,C:/Finance/Reports/,2022-04-02T20:21:01,low
invoice_policy_7195.xlsx,.xlsx,476,C:/Finance/Compliance/,2022-05-01T07:33:49,low
info_notice_7196.txt,.txt,96,C:/Finance/PublicInfo/Guidelines/,2023-10-02T22:22:08,low
memo_7197.xlsx,.xlsx,1687,C:/Finance/Reports/,2023-06-28T02:14:25,low
announcement_report_7198.xlsx,.xlsx,336,C:/Finance/Reports/,2025-10-26T13:53:27,low
public_notice_profile_7199.docx,.docx,678,C:/Finance/Customers/,2025-01-05T16:26:49,low
guidelines_guideline_7200.xlsx,.xlsx,1466,C:/Finance/Compliance/,2024-10-18T10:15:35,medium
public_notice_guideline_7201.docx,.docx,511,C:/Finance/Internal/Policies/,2022-08-29T05:21:26,low
account_7202.csv,.csv,630,C:/Finance/Accounts/,2024-09-22T10:21:08,medium
memo_transaction_7203.pdf,.pdf,59,C:/Finance/Transactions/,2023-02-23T18:28:51,medium
guidelines_repayment_7204.pdf,.pdf,1781,C:/Finance/Loans/,2022-07-02T01:28:55,low
roster_7205_confidential.docx,.docx,119,C:/Finance/HR/,2024-07-02T11:45:52,medium
announcement_agreement_7206.xlsx,.xlsx,728,C:/Finance/Loans/,2025-04-28T05:44:41,medium
policy_repayment_7207.xls,.xls,4268,C:/Finance/Loans/,2023-11-19T10:26:04,low
schedule_ledger_7208.csv,.csv,189,C:/Finance/Accounts/,2024-08-10T13:58:00,medium
customer_7209.docx,.docx,556,C:/Finance/Customers/,2023-03-15T23:07:10,low
contract_7210.csv,.csv,388,C:/Finance/Customers/,2025-03-07T04:50:38,low
report_customer_7211.csv,.csv,88,C:/Finance/Customers/,2022-05-27T22:30:09,low
contract_7212.xls,.xls,1572,C:/Finance/Loans/,2022-01-26T02:48:08,high
tax_info_repayment_7213.docx,.docx,177,C:/Finance/Loans/,2025-06-20T19:26:46,high
analysis_policy_7214.xlsx,.xlsx,1544,C:/Finance/Internal/Policies/,2023-01-10T00:00:05,medium
audit_7215.docx,.docx,115,C:/Finance/Compliance/,2023-03-18T19:04:27,medium
info_memo_7216.xlsx,.xlsx,259,C:/Finance/Reports/,2024-09-08T08:21:11,medium
announcement_7217.csv,.csv,488,C:/Finance/PublicInfo/Announcements/,2025-04-03T05:34:33,low
analysis_profile_7218.csv,.csv,278,C:/Finance/Customers/,2022-05-24T04:24:14,low
announcement_contract_7219.xls,.xls,2836,C:/Finance/Loans/,2025-12-11T11:10:02,medium
transaction_7220.pdf,.pdf,51,C:/Finance/Transactions/,2023-01-07T08:41:30,low
ledger_7221.pdf,.pdf,618,C:/Finance/Accounts/,2023-09-12T10:34:40,medium
policy_announcement_7222.pdf,.pdf,652,C:/Finance/PublicInfo/Announcements/,2025-08-03T07:37:22,low
tax_info_profile_7223.pdf,.pdf,1872,C:/Finance/Customers/,2024-01-29T20:35:22,high
roster_7224_draft.docx,.docx,310,C:/Finance/HR/,2025-03-29T17:03:51,medium
info_7225.csv,.csv,396,C:/Finance/PublicInfo/Guidelines/,2023-06-18T08:10:53,high
guidelines_loan_7226.docx,.docx,989,C:/Finance/Loans/,2024-05-25T23:06:16,high
ledger_7227.xlsx,.xlsx,971,C:/Finance/Accounts/,2024-07-15T03:22:53,high
report_7228.pdf,.pdf,632,C:/Finance/Reports/,2022-06-25T05:39:20,low
info_guideline_7229.docx,.docx,391,C:/Finance/Compliance/,2022-03-24T20:49:31,medium
invoice_ledger_7230.csv,.csv,334,C:/Finance/Accounts/,2024-03-05T19:04:03,low
policy_7231.docx,.docx,50,C:/Finance/Internal/Policies/,2022-01-18T08:24:05,low
salary_policy_7232.docx,.docx,746,C:/Finance/Compliance/,2024-11-27T17:37:49,low
transfer_7233.xlsx,.xlsx,41,C:/Finance/Transactions/,2022-07-31T02:59:30,medium
info_7234_final.txt,.txt,136,C:/Finance/PublicInfo/Announcements/,2023-11-22T04:00:16,low
repayment_7235.pdf,.pdf,50,C:/Finance/Loans/,2025-02-04T08:53:34,low
schedule_7236.txt,.txt,95,C:/Finance/PublicInfo/Announcements/,2024-02-20T19:52:11,low
report_summary_7237.xlsx,.xlsx,258,C:/Finance/Transactions/,2023-08-08T00:19:18,low
info_analysis_7238.xlsx,.xlsx,942,C:/Finance/Reports/,2024-12-24T21:39:45,medium
account_number_announcement_7239.csv,.csv,284,C:/Finance/PublicInfo/Announcements/,2024-04-20T05:26:23,low
ledger_7240.xlsx,.xlsx,2199,C:/Finance/Accounts/,2024-04-07T18:56:53,low
memo_statement_7241.xlsx,.xlsx,727,C:/Finance/Transactions/,2022-04-09T05:34:26,medium
info_schedule_7242.csv,.csv,775,C:/Finance/PublicInfo/Announcements/,2023-07-12T14:52:35,low
announcement_schedule_7243.txt,.txt,78,C:/Finance/PublicInfo/Announcements/,2022-08-21T03:39:49,low
info_salary_7244.pdf,.pdf,585,C:/Finance/HR/,2025-12-20T06:19:31,medium
procedure_7245_v2.docx,.docx,387,C:/Finance/Internal/Policies/,2024-05-20T01:09:47,low
protocol_7246.pdf,.pdf,1038,C:/Finance/Internal/Policies/,2025-05-10T07:35:39,medium
guidelines_summary_7247.xlsx,.xlsx,2599,C:/Finance/Reports/,2024-05-15T04:41:34,medium
menu_guideline_7248.xlsx,.xlsx,276,C:/Finance/Compliance/,2022-03-18T10:58:33,low
info_audit_7249.pdf,.pdf,16,C:/Finance/Compliance/,2022-02-20T10:34:53,high
info_7250.pdf,.pdf,315,C:/Finance/Customers/,2025-05-25T04:56:52,low
guidelines_info_7251.csv,.csv,608,C:/Finance/Customers/,2024-02-23T10:11:18,high
info_7252.txt,.txt,54,C:/Finance/PublicInfo/Guidelines/,2024-09-20T20:09:26,medium
announcement_guideline_7253.pdf,.pdf,258,C:/Finance/Compliance/,2024-08-08T07:23:38,low
profile_7254.pdf,.pdf,2113,C:/Finance/Customers/,2024-07-13T18:16:35,medium
memo_7255.xlsx,.xlsx,567,C:/Finance/Reports/,2024-12-26T22:36:11,low
notice_7256.txt,.txt,11,C:/Finance/PublicInfo/Announcements/,2022-05-30T10:28:22,low
ledger_analysis_7257.csv,.csv,510,C:/Finance/Reports/,2023-03-04T05:33:09,low
announcement_7258.txt,.txt,124,C:/Finance/PublicInfo/Guidelines/,2024-06-03T05:39:05,low
account_7259.xlsx,.xlsx,129,C:/Finance/Accounts/,2025-09-08T22:56:02,low
statement_announcement_7260.pdf,.pdf,1087,C:/Finance/PublicInfo/Announcements/,2023-01-17T22:18:21,high
summary_7261.pdf,.pdf,2174,C:/Finance/Reports/,2022-01-01T06:23:25,medium
contract_7262.docx,.docx,167,C:/Finance/Customers/,2025-12-23T03:33:25,medium
balance_7263.csv,.csv,340,C:/Finance/Accounts/,2023-05-12T08:54:48,low
customer_7264.pdf,.pdf,1461,C:/Finance/Customers/,2022-06-13T18:56:43,medium
policy_7265.xlsx,.xlsx,1786,C:/Finance/Internal/Policies/,2023-09-01T01:03:07,medium
customer_7266_final.pdf,.pdf,6,C:/Finance/Customers/,2023-11-19T01:46:01,medium
protocol_7267.docx,.docx,174,C:/Finance/Internal/Policies/,2022-10-12T23:24:32,low
loan_7268_archived.docx,.docx,396,C:/Finance/Loans/,2024-12-01T03:49:48,low
payroll_7269.xlsx,.xlsx,870,C:/Finance/HR/,2025-06-28T06:33:36,low
pin_statement_7270.xlsx,.xlsx,1305,C:/Finance/Transactions/,2022-03-21T12:00:38,low
policy_analysis_7271.xlsx,.xlsx,84,C:/Finance/Reports/,2022-04-20T16:05:30,low
profile_7272.pdf,.pdf,62,C:/Finance/Customers/,2023-11-29T09:48:03,low
account_7273.xlsx,.xlsx,653,C:/Finance/Accounts/,2023-10-02T01:25:46,medium
pin_customer_7274.pdf,.pdf,1252,C:/Finance/Customers/,2023-05-09T14:17:26,medium
ledger_account_7275.pdf,.pdf,709,C:/Finance/Accounts/,2022-06-07T05:58:24,low
policy_policy_7276.pdf,.pdf,388,C:/Finance/Compliance/,2024-02-08T10:28:54,low
guideline_7277_v2.docx,.docx,158,C:/Finance/Internal/Policies/,2022-10-23T04:35:39,medium
transfer_7278.xlsx,.xlsx,873,C:/Finance/Transactions/,2024-04-29T14:37:25,high
account_number_repayment_7279.xlsx,.xlsx,1101,C:/Finance/Loans/,2023-05-08T02:57:55,high
notice_7280.csv,.csv,533,C:/Finance/PublicInfo/Announcements/,2022-08-30T12:37:18,low
announcement_info_7281.pdf,.pdf,822,C:/Finance/Customers/,2023-01-12T07:40:20,high
audit_7282.pdf,.pdf,36,C:/Finance/Accounts/,2023-09-25T20:33:44,low
public_notice_payroll_7283.pdf,.pdf,2311,C:/Finance/HR/,2023-05-29T10:25:40,medium
summary_contract_7284.docx,.docx,591,C:/Finance/Loans/,2024-05-31T06:11:48,low
payroll_7285.docx,.docx,66,C:/Finance/HR/,2023-04-13T17:16:01,medium
notice_7286.txt,.txt,103,C:/Finance/PublicInfo/Announcements/,2024-03-23T10:08:37,low
info_policy_7287.xlsx,.xlsx,703,C:/Finance/Compliance/,2023-02-23T12:40:33,low
procedure_7288_final.xlsx,.xlsx,711,C:/Finance/Internal/Policies/,2022-10-22T13:45:18,low
public_notice_contract_7289.docx,.docx,639,C:/Finance/Customers/,2024-08-20T05:08:39,high
repayment_7290.xls,.xls,1486,C:/Finance/Loans/,2023-05-18T00:19:05,medium
payroll_7291.pdf,.pdf,72,C:/Finance/HR/,2024-06-27T13:58:44,low
schedule_announcement_7292.txt,.txt,130,C:/Finance/PublicInfo/Announcements/,2022-08-14T07:24:19,low
account_number_contract_7293.pdf,.pdf,1178,C:/Finance/Loans/,2025-12-19T01:03:45,high
statement_7294.csv,.csv,473,C:/Finance/Transactions/,2025-01-21T05:06:31,medium
guidelines_procedure_7295.docx,.docx,565,C:/Finance/Internal/Policies/,2022-02-09T13:45:26,low
transaction_transaction_7296.pdf,.pdf,947,C:/Finance/Transactions/,2025-10-08T11:14:33,medium
audit_7297.xlsx,.xlsx,1305,C:/Finance/Compliance/,2022-11-09T23:45:03,medium
contract_7298.pdf,.pdf,419,C:/Finance/Customers/,2024-02-21T02:56:28,low
statement_policy_7299.pdf,.pdf,874,C:/Finance/Compliance/,2025-05-12T11:02:34,low
statement_7300.xlsx,.xlsx,693,C:/Finance/Transactions/,2023-07-05T11:36:03,medium
announcement_roster_7301.xlsx,.xlsx,580,C:/Finance/HR/,2022-10-19T02:34:57,low
passwords_procedure_7302.xlsx,.xlsx,3171,C:/Finance/Internal/Policies/,2024-05-25T11:50:37,high
customer_7303.docx,.docx,249,C:/Finance/Customers/,2024-10-01T02:32:58,low
public_notice_info_7304.docx,.docx,615,C:/Finance/Customers/,2025-01-09T20:57:52,low
info_7305.txt,.txt,28,C:/Finance/PublicInfo/Announcements/,2023-06-21T18:35:35,medium
info_review_7306.pdf,.pdf,273,C:/Finance/Compliance/,2025-12-30T20:56:12,low
announcement_7307.pdf,.pdf,85,C:/Finance/PublicInfo/Guidelines/,2024-11-02T22:47:12,low
roster_7308.docx,.docx,436,C:/Finance/HR/,2025-01-23T04:28:28,medium
payroll_7309.xlsx,.xlsx,552,C:/Finance/HR/,2022-08-11T07:13:33,high
info_7310.pdf,.pdf,721,C:/Finance/PublicInfo/Announcements/,2024-09-11T05:56:30,medium
invoice_contract_7311.xls,.xls,261,C:/Finance/Loans/,2022-07-24T02:41:54,low
report_policy_7312.xlsx,.xlsx,38,C:/Finance/Compliance/,2025-11-28T00:58:09,medium
profile_7313.docx,.docx,251,C:/Finance/Customers/,2022-08-23T23:50:56,medium
ledger_summary_7314.xlsx,.xlsx,514,C:/Finance/Reports/,2022-05-16T23:39:25,high
transaction_7315.csv,.csv,212,C:/Finance/Transactions/,2025-09-01T10:21:38,high
info_7316.pdf,.pdf,1726,C:/Finance/PublicInfo/Guidelines/,2024-10-11T00:10:54,low
payroll_7317.pdf,.pdf,336,C:/Finance/HR/,2025-04-06T09:11:27,medium
policy_analysis_7318.pdf,.pdf,583,C:/Finance/Reports/,2022-07-13T00:31:28,low
bank_statement_protocol_7319.docx,.docx,85,C:/Finance/Internal/Policies/,2025-01-10T10:10:14,medium
payroll_7320.docx,.docx,277,C:/Finance/HR/,2024-03-06T04:21:37,low
summary_contract_7321_final.pdf,.pdf,379,C:/Finance/Customers/,2025-05-29T20:06:43,low
announcement_info_7322.pdf,.pdf,916,C:/Finance/PublicInfo/Announcements/,2025-11-25T10:20:43,low
announcement_transaction_7323.xlsx,.xlsx,1236,C:/Finance/Transactions/,2022-04-12T13:57:37,medium
announcement_audit_7324.pdf,.pdf,609,C:/Finance/Accounts/,2024-12-01T19:39:43,low
review_7325.docx,.docx,98,C:/Finance/Compliance/,2025-03-06T12:48:14,medium
schedule_info_7326.txt,.txt,58,C:/Finance/PublicInfo/Guidelines/,2024-03-05T00:37:16,low
review_7327.pdf,.pdf,727,C:/Finance/Compliance/,2025-10-05T23:57:48,medium
public_notice_agreement_7328.docx,.docx,725,C:/Finance/Loans/,2023-12-26T04:10:16,high
announcement_7329_archived.csv,.csv,200,C:/Finance/PublicInfo/Guidelines/,2024-03-14T18:34:46,low
analysis_7330.pdf,.pdf,352,C:/Finance/Reports/,2025-03-05T21:14:00,low
protocol_7331.pdf,.pdf,631,C:/Finance/Internal/Policies/,2022-10-13T04:39:13,low
invoice_audit_7332.xlsx,.xlsx,771,C:/Finance/Compliance/,2022-01-18T23:26:24,medium
info_balance_7333.xlsx,.xlsx,97,C:/Finance/Accounts/,2025-09-16T10:29:51,low
summary_audit_7334_confidential.pdf,.pdf,1386,C:/Finance/Compliance/,2023-10-04T09:06:55,low
contract_7335_v2.pdf,.pdf,899,C:/Finance/Customers/,2024-01-04T13:04:51,high
invoice_report_7336_final.xlsx,.xlsx,936,C:/Finance/Reports/,2024-05-10T03:30:15,low
ledger_protocol_7337.docx,.docx,278,C:/Finance/Internal/Policies/,2024-09-13T10:21:21,high
menu_summary_7338.pdf,.pdf,285,C:/Finance/Reports/,2024-10-14T18:04:53,medium
announcement_7339.pdf,.pdf,52,C:/Finance/PublicInfo/Guidelines/,2023-11-08T17:32:28,low
customer_7340.pdf,.pdf,1216,C:/Finance/Customers/,2022-06-30T21:20:07,medium
invoice_account_7341.xlsx,.xlsx,767,C:/Finance/Accounts/,2022-11-07T23:41:44,medium
announcement_summary_7342.pdf,.pdf,377,C:/Finance/Transactions/,2025-09-20T02:53:07,low
payroll_7343.pdf,.pdf,1998,C:/Finance/HR/,2022-08-18T09:08:37,low
menu_announcement_7344.txt,.txt,14,C:/Finance/PublicInfo/Announcements/,2023-04-07T08:45:12,low
account_7345.pdf,.pdf,1596,C:/Finance/Accounts/,2024-04-21T17:34:27,low
summary_info_7346.csv,.csv,67,C:/Finance/Customers/,2023-08-30T16:16:41,medium
payroll_7347_confidential.xlsx,.xlsx,1574,C:/Finance/HR/,2024-10-13T23:58:14,high
protocol_7348.docx,.docx,649,C:/Finance/Internal/Policies/,2022-06-24T18:19:44,low
public_notice_analysis_7349.xlsx,.xlsx,370,C:/Finance/Reports/,2024-11-07T05:59:06,low
public_notice_announcement_7350_archived.pdf,.pdf,40,C:/Finance/PublicInfo/Guidelines/,2023-05-28T03:24:31,low
schedule_transaction_7351.pdf,.pdf,829,C:/Finance/Transactions/,2025-06-06T15:02:32,medium
audit_7352.xlsx,.xlsx,763,C:/Finance/Compliance/,2022-10-13T14:12:14,low
procedure_7353.pdf,.pdf,1270,C:/Finance/Internal/Policies/,2025-04-30T08:19:58,low
guidelines_protocol_7354.docx,.docx,310,C:/Finance/Internal/Policies/,2025-06-12T20:37:34,medium
ledger_7355.csv,.csv,292,C:/Finance/Accounts/,2025-03-01T09:52:33,medium
announcement_7356.txt,.txt,76,C:/Finance/PublicInfo/Announcements/,2023-02-24T01:56:25,low
salary_7357.xlsx,.xlsx,533,C:/Finance/HR/,2024-04-07T01:52:54,medium
announcement_7358_v2.txt,.txt,92,C:/Finance/PublicInfo/Guidelines/,2023-10-18T10:31:58,low
ledger_roster_7359.pdf,.pdf,1632,C:/Finance/HR/,2024-01-06T16:10:03,low
transaction_payroll_7360.docx,.docx,229,C:/Finance/HR/,2024-09-16T05:29:37,low
guidelines_schedule_7361.pdf,.pdf,135,C:/Finance/PublicInfo/Announcements/,2024-07-16T13:45:36,low
profile_7362.docx,.docx,424,C:/Finance/Customers/,2022-07-18T03:17:12,medium
announcement_7363.txt,.txt,128,C:/Finance/PublicInfo/Announcements/,2022-07-07T02:25:59,medium
info_7364_draft.pdf,.pdf,791,C:/Finance/PublicInfo/Announcements/,2025-05-02T02:52:46,low
announcement_summary_7365.csv,.csv,264,C:/Finance/Transactions/,2023-06-30T03:39:36,high
payroll_7366.docx,.docx,283,C:/Finance/HR/,2025-09-01T14:28:05,low
audit_7367.pdf,.pdf,1714,C:/Finance/Compliance/,2023-09-16T08:27:17,low
guidelines_profile_7368_draft.csv,.csv,792,C:/Finance/Customers/,2023-12-02T05:58:27,medium
procedure_7369_v2.pdf,.pdf,519,C:/Finance/Internal/Policies/,2024-01-27T04:56:28,high
statement_7370.xlsx,.xlsx,749,C:/Finance/Transactions/,2023-04-24T21:30:21,low
analysis_summary_7371.pdf,.pdf,18,C:/Finance/Transactions/,2023-01-15T04:05:09,low
announcement_7372_draft.txt,.txt,65,C:/Finance/PublicInfo/Announcements/,2023-10-14T11:17:54,low
info_balance_7373.pdf,.pdf,1921,C:/Finance/Accounts/,2022-02-26T13:58:07,low
balance_7374.xlsx,.xlsx,1145,C:/Finance/Accounts/,2022-07-11T14:07:09,high
guidelines_review_7375.docx,.docx,680,C:/Finance/Compliance/,2023-06-02T16:58:32,low
transaction_salary_7376.pdf,.pdf,1189,C:/Finance/HR/,2022-06-03T04:31:21,medium
summary_7377.xlsx,.xlsx,645,C:/Finance/Reports/,2023-09-08T19:36:19,low
menu_notice_7378.csv,.csv,220,C:/Finance/PublicInfo/Guidelines/,2022-03-26T06:37:00,low
summary_7379.xlsx,.xlsx,1038,C:/Finance/Transactions/,2025-02-12T00:06:03,low
ledger_7380.csv,.csv,49,C:/Finance/Accounts/,2022-12-14T17:45:56,low
statement_protocol_7381.xlsx,.xlsx,242,C:/Finance/Internal/Policies/,2022-02-16T07:58:01,low
agreement_7382.pdf,.pdf,1182,C:/Finance/Loans/,2025-07-14T22:46:08,medium
announcement_salary_7383.xlsx,.xlsx,795,C:/Finance/HR/,2023-01-14T18:38:24,low
schedule_info_7384.pdf,.pdf,79,C:/Finance/Customers/,2025-03-02T05:56:39,medium
info_payroll_7385_draft.pdf,.pdf,871,C:/Finance/HR/,2023-06-01T12:01:01,low
report_customer_7386.csv,.csv,911,C:/Finance/Customers/,2024-12-21T20:26:02,low
notice_7387_confidential.csv,.csv,556,C:/Finance/PublicInfo/Announcements/,2023-03-06T15:10:24,low
announcement_transaction_7388.pdf,.pdf,2354,C:/Finance/Transactions/,2022-09-21T11:26:23,high
account_7389.csv,.csv,323,C:/Finance/Accounts/,2024-11-04T04:07:50,high
policy_7390.xlsx,.xlsx,75,C:/Finance/Compliance/,2024-02-08T03:34:40,low
report_7391.xlsx,.xlsx,1234,C:/Finance/Reports/,2022-10-13T16:44:20,medium
statement_policy_7392.docx,.docx,622,C:/Finance/Internal/Policies/,2024-08-05T00:42:18,medium
review_7393.pdf,.pdf,1032,C:/Finance/Compliance/,2023-02-24T14:51:09,medium
notice_7394.pdf,.pdf,992,C:/Finance/PublicInfo/Announcements/,2024-11-12T23:51:51,low
announcement_7395.csv,.csv,45,C:/Finance/PublicInfo/Announcements/,2022-12-30T03:05:41,high
policy_7396_v2.pdf,.pdf,829,C:/Finance/Compliance/,2023-03-23T06:30:58,low
audit_7397.csv,.csv,7,C:/Finance/Accounts/,2025-01-03T13:04:22,medium
summary_analysis_7398.csv,.csv,107,C:/Finance/Reports/,2023-02-09T13:19:48,low
bank_statement_protocol_7399.docx,.docx,403,C:/Finance/Internal/Policies/,2022-03-15T07:30:06,medium
policy_7400.docx,.docx,383,C:/Finance/Internal/Policies/,2023-08-20T01:15:59,medium
policy_7401.pdf,.pdf,924,C:/Finance/Compliance/,2023-03-22T16:40:14,low
guideline_7402.docx,.docx,122,C:/Finance/Internal/Policies/,2023-05-30T20:27:06,medium
notice_7403.pdf,.pdf,1099,C:/Finance/PublicInfo/Announcements/,2024-02-21T23:50:54,low
invoice_statement_7404.pdf,.pdf,1175,C:/Finance/Transactions/,2025-07-30T19:41:56,low
agreement_7405.xlsx,.xlsx,205,C:/Finance/Loans/,2024-11-29T00:26:47,high
payroll_7406_draft.docx,.docx,853,C:/Finance/HR/,2024-01-22T07:57:49,high
analysis_info_7407.txt,.txt,36,C:/Finance/PublicInfo/Announcements/,2022-06-28T15:29:30,low
guideline_7408.docx,.docx,313,C:/Finance/Compliance/,2025-06-17T11:07:40,medium
protocol_7409.docx,.docx,440,C:/Finance/Internal/Policies/,2025-06-04T15:18:50,medium
info_summary_7410_archived.pdf,.pdf,944,C:/Finance/Transactions/,2022-07-05T16:47:50,low
account_7411.xlsx,.xlsx,1480,C:/Finance/Accounts/,2024-02-01T13:19:21,medium
statement_7412.xlsx,.xlsx,3450,C:/Finance/Transactions/,2025-06-09T11:57:42,high
summary_7413.csv,.csv,336,C:/Finance/Transactions/,2024-06-16T20:56:51,low
schedule_guideline_7414.xlsx,.xlsx,864,C:/Finance/Compliance/,2024-12-30T15:28:20,low
info_7415.csv,.csv,425,C:/Finance/Customers/,2024-12-27T13:22:38,high
audit_repayment_7416.docx,.docx,261,C:/Finance/Loans/,2022-11-17T02:23:44,low
loan_7417.pdf,.pdf,290,C:/Finance/Loans/,2024-08-22T13:32:11,high
passwords_account_7418.pdf,.pdf,1237,C:/Finance/Accounts/,2024-01-15T23:48:47,low
transfer_7419.csv,.csv,442,C:/Finance/Transactions/,2024-12-19T05:12:46,high
guidelines_notice_7420.pdf,.pdf,1782,C:/Finance/PublicInfo/Announcements/,2023-11-19T07:54:06,high
audit_7421.xlsx,.xlsx,1138,C:/Finance/Accounts/,2023-03-25T23:03:53,low
summary_announcement_7422.csv,.csv,193,C:/Finance/PublicInfo/Announcements/,2024-11-15T02:59:26,low
analysis_7423_archived.csv,.csv,311,C:/Finance/Reports/,2024-06-12T10:31:52,low
analysis_salary_7424.docx,.docx,262,C:/Finance/HR/,2025-11-29T20:49:16,low
report_balance_7425.csv,.csv,321,C:/Finance/Accounts/,2023-07-15T05:51:01,medium
memo_summary_7426_archived.xlsx,.xlsx,1411,C:/Finance/Transactions/,2022-09-27T11:20:50,low
agreement_7427.xlsx,.xlsx,674,C:/Finance/Loans/,2025-10-20T23:18:37,medium
customer_7428.pdf,.pdf,114,C:/Finance/Customers/,2025-06-13T00:14:06,low
invoice_balance_7429.xlsx,.xlsx,1036,C:/Finance/Accounts/,2023-05-10T23:24:44,high
statement_7430.pdf,.pdf,638,C:/Finance/Transactions/,2025-10-02T13:04:58,low
analysis_profile_7431.csv,.csv,630,C:/Finance/Customers/,2022-09-18T11:47:38,medium
transfer_7432.pdf,.pdf,267,C:/Finance/Transactions/,2023-10-27T07:50:01,low
ledger_7433.csv,.csv,113,C:/Finance/Accounts/,2023-06-28T11:59:25,low
audit_customer_7434.pdf,.pdf,558,C:/Finance/Customers/,2025-07-08T14:38:44,low
summary_7435.pdf,.pdf,20,C:/Finance/Reports/,2024-08-29T11:30:31,high
agreement_7436.pdf,.pdf,2806,C:/Finance/Loans/,2024-07-26T16:17:26,high
invoice_report_7437_archived.pdf,.pdf,891,C:/Finance/Reports/,2023-05-03T08:00:18,low
notice_7438.txt,.txt,67,C:/Finance/PublicInfo/Announcements/,2023-09-18T20:08:40,low
policy_7439.pdf,.pdf,556,C:/Finance/Internal/Policies/,2024-08-17T21:46:17,low
announcement_policy_7440.pdf,.pdf,797,C:/Finance/Internal/Policies/,2023-05-13T10:45:03,low
invoice_roster_7441.pdf,.pdf,1239,C:/Finance/HR/,2025-10-26T00:07:55,low
memo_announcement_7442.csv,.csv,187,C:/Finance/PublicInfo/Guidelines/,2024-01-23T10:01:17,low
menu_schedule_7443.pdf,.pdf,278,C:/Finance/PublicInfo/Guidelines/,2023-10-27T23:03:07,low
analysis_balance_7444_draft.xlsx,.xlsx,1647,C:/Finance/Accounts/,2023-04-05T13:48:32,high
summary_audit_7445.pdf,.pdf,2306,C:/Finance/Accounts/,2024-01-12T12:49:28,low
analysis_info_7446_archived.csv,.csv,362,C:/Finance/PublicInfo/Announcements/,2024-04-24T11:55:23,medium
review_7447.xlsx,.xlsx,3,C:/Finance/Compliance/,2023-02-21T10:15:47,medium
transfer_7448.csv,.csv,394,C:/Finance/Transactions/,2023-05-18T06:49:27,low
ledger_payroll_7449.xlsx,.xlsx,268,C:/Finance/HR/,2025-11-07T07:06:07,low
guidelines_repayment_7450.pdf,.pdf,982,C:/Finance/Loans/,2025-04-26T16:12:21,high
announcement_schedule_7451.csv,.csv,468,C:/Finance/PublicInfo/Guidelines/,2025-09-29T10:17:16,medium
summary_7452.pdf,.pdf,1300,C:/Finance/Transactions/,2022-11-24T08:52:12,high
announcement_agreement_7453.pdf,.pdf,3824,C:/Finance/Loans/,2023-10-01T02:26:24,high
pin_analysis_7454.xlsx,.xlsx,535,C:/Finance/Reports/,2024-06-22T21:43:14,low
announcement_7455.txt,.txt,162,C:/Finance/PublicInfo/Guidelines/,2022-01-14T01:34:08,high
protocol_7456.pdf,.pdf,542,C:/Finance/Internal/Policies/,2022-12-28T08:31:32,medium
menu_profile_7457.docx,.docx,721,C:/Finance/Customers/,2023-02-05T11:07:36,medium
account_7458.csv,.csv,391,C:/Finance/Accounts/,2025-06-24T23:09:17,low
transfer_7459.pdf,.pdf,1697,C:/Finance/Transactions/,2023-09-03T20:41:44,medium
protocol_7460.xlsx,.xlsx,721,C:/Finance/Internal/Policies/,2025-11-02T01:22:04,low
invoice_report_7461.pdf,.pdf,318,C:/Finance/HR/,2024-05-07T08:10:37,low
memo_7462.csv,.csv,444,C:/Finance/Reports/,2023-09-11T16:16:47,low
guidelines_schedule_7463.pdf,.pdf,1560,C:/Finance/PublicInfo/Guidelines/,2022-03-28T23:18:32,low
review_7464_draft.xlsx,.xlsx,559,C:/Finance/Compliance/,2022-06-11T10:35:45,medium
transaction_analysis_7465.pdf,.pdf,1765,C:/Finance/Reports/,2022-02-03T07:54:34,low
invoice_policy_7466.docx,.docx,614,C:/Finance/Internal/Policies/,2022-01-15T06:17:32,low
info_7467_draft.docx,.docx,214,C:/Finance/Customers/,2022-06-08T01:47:55,low
schedule_policy_7468.pdf,.pdf,604,C:/Finance/Compliance/,2025-11-13T07:38:50,high
analysis_7469.pdf,.pdf,584,C:/Finance/Reports/,2023-08-01T19:21:04,medium
menu_notice_7470.pdf,.pdf,1435,C:/Finance/PublicInfo/Guidelines/,2024-02-14T21:43:35,low
announcement_loan_7471.pdf,.pdf,147,C:/Finance/Loans/,2023-11-09T20:36:08,high
schedule_announcement_7472.txt,.txt,99,C:/Finance/PublicInfo/Announcements/,2023-09-17T03:04:35,low
info_statement_7473.xlsx,.xlsx,512,C:/Finance/Transactions/,2024-11-29T02:56:44,low
public_notice_guideline_7474.docx,.docx,212,C:/Finance/Internal/Policies/,2022-07-30T01:18:21,medium
guideline_7475.xlsx,.xlsx,88,C:/Finance/Internal/Policies/,2024-09-17T10:32:36,low
guideline_7476.docx,.docx,657,C:/Finance/Internal/Policies/,2022-07-23T16:16:41,low
summary_info_7477.pdf,.pdf,1443,C:/Finance/PublicInfo/Announcements/,2025-08-19T11:14:06,low
ledger_info_7478.txt,.txt,61,C:/Finance/PublicInfo/Guidelines/,2022-11-26T14:07:00,low
statement_report_7479.docx,.docx,264,C:/Finance/HR/,2023-08-06T23:08:01,medium
procedure_7480.pdf,.pdf,61,C:/Finance/Internal/Policies/,2025-01-10T14:45:58,low
audit_summary_7481_archived.xlsx,.xlsx,1379,C:/Finance/Reports/,2024-01-17T07:22:47,medium
notice_7482.csv,.csv,88,C:/Finance/PublicInfo/Guidelines/,2023-01-04T13:05:17,low
summary_7483.xlsx,.xlsx,1433,C:/Finance/Reports/,2025-05-05T20:26:22,medium
procedure_7484.xlsx,.xlsx,1091,C:/Finance/Internal/Policies/,2025-05-30T03:20:58,medium
analysis_report_7485.xlsx,.xlsx,948,C:/Finance/HR/,2025-12-19T13:38:11,low
memo_7486_confidential.csv,.csv,611,C:/Finance/Reports/,2025-02-17T23:38:05,high
info_announcement_7487_archived.pdf,.pdf,1239,C:/Finance/PublicInfo/Guidelines/,2024-09-01T12:49:38,low
audit_7488.pdf,.pdf,662,C:/Finance/Compliance/,2024-12-20T17:10:36,medium
policy_notice_7489.txt,.txt,22,C:/Finance/PublicInfo/Announcements/,2022-08-08T17:05:44,medium
info_7490.pdf,.pdf,895,C:/Finance/PublicInfo/Guidelines/,2024-04-19T02:58:33,high
guidelines_schedule_7491.csv,.csv,242,C:/Finance/PublicInfo/Announcements/,2025-12-13T08:01:34,low
info_contract_7492.xlsx,.xlsx,1419,C:/Finance/Loans/,2024-09-13T20:01:34,low
ssn_roster_7493.docx,.docx,405,C:/Finance/HR/,2022-09-07T20:11:15,high
schedule_7494.pdf,.pdf,1309,C:/Finance/PublicInfo/Guidelines/,2025-06-12T21:06:33,medium
guidelines_announcement_7495.pdf,.pdf,713,C:/Finance/PublicInfo/Guidelines/,2025-09-22T16:37:21,low
contract_7496.docx,.docx,1051,C:/Finance/Customers/,2023-03-25T13:12:13,high
announcement_report_7497_final.docx,.docx,489,C:/Finance/HR/,2022-04-14T17:01:07,low
public_notice_report_7498.pdf,.pdf,446,C:/Finance/HR/,2023-05-17T10:28:46,low
report_7499.xlsx,.xlsx,165,C:/Finance/HR/,2024-10-02T02:08:07,medium
report_7500.xlsx,.xlsx,603,C:/Finance/HR/,2024-07-16T01:25:30,high
transaction_notice_7501.txt,.txt,14,C:/Finance/PublicInfo/Announcements/,2022-10-15T19:47:42,low
menu_summary_7502_confidential.pdf,.pdf,982,C:/Finance/Reports/,2022-01-16T09:08:37,low
info_customer_7503_final.pdf,.pdf,848,C:/Finance/Customers/,2023-02-27T18:40:12,high
report_notice_7504.csv,.csv,18,C:/Finance/PublicInfo/Guidelines/,2025-08-09T15:13:28,high
contract_7505.csv,.csv,74,C:/Finance/Customers/,2023-05-04T09:58:26,low
info_balance_7506.csv,.csv,278,C:/Finance/Accounts/,2023-03-18T14:13:26,medium
summary_7507.xlsx,.xlsx,1626,C:/Finance/Transactions/,2025-02-05T06:22:10,high
schedule_notice_7508_draft.pdf,.pdf,889,C:/Finance/PublicInfo/Guidelines/,2022-05-21T17:10:50,medium
tax_info_transfer_7509.pdf,.pdf,133,C:/Finance/Transactions/,2023-09-10T03:15:02,low
analysis_announcement_7510_draft.csv,.csv,266,C:/Finance/PublicInfo/Announcements/,2022-08-03T02:56:30,medium
protocol_7511.pdf,.pdf,896,C:/Finance/Internal/Policies/,2024-09-22T10:57:21,low
info_report_7512.docx,.docx,25,C:/Finance/HR/,2023-03-19T06:21:54,low
announcement_7513_archived.pdf,.pdf,1271,C:/Finance/PublicInfo/Announcements/,2023-11-03T01:45:01,low
analysis_protocol_7514.pdf,.pdf,1135,C:/Finance/Internal/Policies/,2022-05-10T11:01:44,medium
announcement_roster_7515.xlsx,.xlsx,891,C:/Finance/HR/,2025-02-28T13:55:02,low
statement_info_7516.pdf,.pdf,1145,C:/Finance/Customers/,2025-05-08T13:48:07,low
passwords_loan_7517.xls,.xls,265,C:/Finance/Loans/,2023-05-18T12:44:57,medium
procedure_7518.xlsx,.xlsx,909,C:/Finance/Internal/Policies/,2022-07-02T22:44:39,medium
schedule_7519.txt,.txt,45,C:/Finance/PublicInfo/Announcements/,2024-04-05T06:44:19,high
summary_7520.csv,.csv,340,C:/Finance/Transactions/,2022-07-04T23:29:52,medium
passwords_memo_7521_final.xlsx,.xlsx,1368,C:/Finance/Reports/,2025-03-21T06:19:59,low
guideline_7522_final.docx,.docx,370,C:/Finance/Internal/Policies/,2023-12-22T15:13:59,low
ledger_policy_7523_v2.docx,.docx,852,C:/Finance/Compliance/,2025-05-13T06:11:27,medium
memo_payroll_7524.pdf,.pdf,1840,C:/Finance/HR/,2024-06-10T20:02:20,high
guidelines_statement_7525.pdf,.pdf,935,C:/Finance/Transactions/,2022-04-06T06:12:13,medium
info_7526.pdf,.pdf,139,C:/Finance/PublicInfo/Announcements/,2025-08-24T07:55:57,medium
menu_audit_7527.pdf,.pdf,1139,C:/Finance/Accounts/,2022-06-15T07:40:17,medium
announcement_balance_7528.xlsx,.xlsx,79,C:/Finance/Accounts/,2022-02-27T01:21:07,high
protocol_7529.pdf,.pdf,1709,C:/Finance/Internal/Policies/,2022-11-10T14:16:43,low
account_number_salary_7530.pdf,.pdf,1254,C:/Finance/HR/,2023-04-27T10:30:44,low
menu_loan_7531_archived.pdf,.pdf,536,C:/Finance/Loans/,2023-08-25T04:49:07,low
menu_info_7532.txt,.txt,33,C:/Finance/PublicInfo/Announcements/,2025-10-12T09:34:04,low
menu_transfer_7533.xlsx,.xlsx,463,C:/Finance/Transactions/,2024-08-10T11:21:32,low
credit_report_info_7534.pdf,.pdf,752,C:/Finance/PublicInfo/Announcements/,2023-03-09T20:56:35,medium
agreement_7535_confidential.pdf,.pdf,343,C:/Finance/Loans/,2025-03-07T15:31:56,low
contract_7536_draft.xls,.xls,287,C:/Finance/Loans/,2022-08-27T23:46:38,medium
summary_7537.xlsx,.xlsx,1159,C:/Finance/Reports/,2022-10-13T01:18:46,medium
schedule_loan_7538.pdf,.pdf,574,C:/Finance/Loans/,2024-12-12T07:42:32,low
procedure_7539.xlsx,.xlsx,193,C:/Finance/Internal/Policies/,2023-12-18T15:09:41,low
agreement_7540.pdf,.pdf,1647,C:/Finance/Loans/,2023-12-22T21:15:38,low
account_number_statement_7541.xlsx,.xlsx,1846,C:/Finance/Transactions/,2023-06-20T17:06:58,medium
tax_info_roster_7542.xlsx,.xlsx,53,C:/Finance/HR/,2024-05-13T02:56:11,medium
announcement_account_7543_final.xlsx,.xlsx,1755,C:/Finance/Accounts/,2022-05-30T23:39:19,high
agreement_7544.xlsx,.xlsx,1042,C:/Finance/Loans/,2025-12-31T21:21:19,high
audit_7545.pdf,.pdf,352,C:/Finance/Compliance/,2022-07-24T16:46:28,low
statement_7546_confidential.xlsx,.xlsx,750,C:/Finance/Transactions/,2023-12-17T20:22:54,low
report_analysis_7547.pdf,.pdf,810,C:/Finance/Reports/,2022-12-20T13:48:29,medium
loan_7548.xls,.xls,395,C:/Finance/Loans/,2023-03-12T04:44:54,low
menu_profile_7549.docx,.docx,44,C:/Finance/Customers/,2022-06-10T19:13:15,low
ledger_7550.csv,.csv,49,C:/Finance/Accounts/,2023-09-25T12:18:48,low
analysis_7551.xlsx,.xlsx,729,C:/Finance/Reports/,2022-02-07T21:10:28,low
policy_notice_7552.csv,.csv,144,C:/Finance/PublicInfo/Guidelines/,2024-07-09T16:15:24,low
policy_repayment_7553.xlsx,.xlsx,869,C:/Finance/Loans/,2022-09-26T17:42:17,low
repayment_7554.docx,.docx,51,C:/Finance/Loans/,2022-12-23T00:23:37,low
audit_guideline_7555.docx,.docx,221,C:/Finance/Internal/Policies/,2025-03-08T16:06:55,medium
info_7556_archived.pdf,.pdf,111,C:/Finance/Customers/,2024-09-13T00:20:19,medium
audit_7557.docx,.docx,170,C:/Finance/Compliance/,2025-10-03T17:37:37,medium
schedule_report_7558.xlsx,.xlsx,1413,C:/Finance/Reports/,2025-03-22T04:09:21,high
menu_statement_7559_final.pdf,.pdf,291,C:/Finance/Transactions/,2025-01-10T12:39:32,low
info_7560.docx,.docx,42,C:/Finance/Customers/,2024-12-14T01:38:11,medium
policy_7561.pdf,.pdf,674,C:/Finance/Internal/Policies/,2023-02-28T01:11:01,low
schedule_guideline_7562.docx,.docx,490,C:/Finance/Compliance/,2022-05-23T14:25:32,medium
procedure_7563.pdf,.pdf,572,C:/Finance/Internal/Policies/,2022-02-03T09:46:25,low
schedule_repayment_7564_confidential.xls,.xls,325,C:/Finance/Loans/,2022-01-28T18:49:38,medium
balance_7565_final.pdf,.pdf,915,C:/Finance/Accounts/,2024-05-13T17:38:40,low
invoice_agreement_7566_archived.docx,.docx,463,C:/Finance/Loans/,2024-03-23T10:03:03,low
public_notice_guideline_7567.pdf,.pdf,1201,C:/Finance/Compliance/,2023-08-26T18:09:04,high
policy_7568.docx,.docx,45,C:/Finance/Internal/Policies/,2025-08-01T17:22:47,medium
schedule_7569.csv,.csv,84,C:/Finance/PublicInfo/Announcements/,2023-07-15T11:33:42,low
analysis_loan_7570.xls,.xls,584,C:/Finance/Loans/,2022-01-11T01:42:11,medium
guidelines_review_7571.pdf,.pdf,1346,C:/Finance/Compliance/,2025-02-13T21:58:39,low
guideline_7572.pdf,.pdf,2778,C:/Finance/Internal/Policies/,2024-03-05T00:38:53,low
guideline_7573.docx,.docx,648,C:/Finance/Internal/Policies/,2024-07-29T22:31:09,low
memo_memo_7574_archived.pdf,.pdf,291,C:/Finance/Reports/,2024-04-10T02:12:10,low
info_protocol_7575.docx,.docx,498,C:/Finance/Internal/Policies/,2024-07-01T22:25:45,high
report_info_7576.pdf,.pdf,1014,C:/Finance/PublicInfo/Guidelines/,2024-10-01T18:06:53,low
memo_memo_7577.csv,.csv,181,C:/Finance/Reports/,2024-05-22T15:25:35,low
summary_audit_7578.csv,.csv,50,C:/Finance/Accounts/,2023-12-26T08:06:49,high
public_notice_report_7579.xlsx,.xlsx,38,C:/Finance/Reports/,2025-08-22T02:04:12,low
audit_7580_v2.csv,.csv,181,C:/Finance/Accounts/,2022-12-24T09:52:15,low
memo_payroll_7581.xlsx,.xlsx,788,C:/Finance/HR/,2022-03-29T00:35:31,low
ledger_7582.pdf,.pdf,460,C:/Finance/Accounts/,2025-03-20T14:23:26,low
analysis_policy_7583.pdf,.pdf,358,C:/Finance/Compliance/,2025-06-14T07:04:06,low
credit_report_statement_7584.csv,.csv,171,C:/Finance/Transactions/,2022-11-07T09:38:36,low
announcement_notice_7585.pdf,.pdf,713,C:/Finance/PublicInfo/Announcements/,2022-06-24T04:54:51,high
announcement_schedule_7586.pdf,.pdf,132,C:/Finance/PublicInfo/Guidelines/,2024-01-07T00:35:55,low
info_guideline_7587.pdf,.pdf,160,C:/Finance/Internal/Policies/,2022-09-20T07:44:09,medium
ledger_7588.xlsx,.xlsx,699,C:/Finance/Accounts/,2023-10-12T21:20:23,low
summary_ledger_7589.csv,.csv,399,C:/Finance/Accounts/,2022-01-08T05:49:06,medium
policy_7590.docx,.docx,275,C:/Finance/Internal/Policies/,2023-03-13T00:37:46,low
schedule_summary_7591.xlsx,.xlsx,191,C:/Finance/Reports/,2023-06-30T12:51:01,low
customer_policy_7592.docx,.docx,609,C:/Finance/Internal/Policies/,2025-11-01T10:16:18,low
roster_7593.xlsx,.xlsx,906,C:/Finance/HR/,2024-09-28T01:08:47,medium
schedule_7594_draft.csv,.csv,318,C:/Finance/PublicInfo/Guidelines/,2022-05-13T10:32:39,low
announcement_audit_7595.xlsx,.xlsx,53,C:/Finance/Compliance/,2024-12-22T00:22:16,low
credit_report_salary_7596.pdf,.pdf,172,C:/Finance/HR/,2022-09-23T04:36:39,medium
audit_7597.docx,.docx,669,C:/Finance/Compliance/,2022-05-14T15:15:54,low
announcement_roster_7598.docx,.docx,416,C:/Finance/HR/,2023-06-04T00:16:20,low
invoice_guideline_7599.xlsx,.xlsx,964,C:/Finance/Internal/Policies/,2023-06-11T19:49:08,low
report_report_7600.xlsx,.xlsx,517,C:/Finance/Reports/,2024-06-09T13:40:36,low
guidelines_roster_7601.xlsx,.xlsx,52,C:/Finance/HR/,2022-02-14T17:07:10,medium
audit_7602.pdf,.pdf,851,C:/Finance/Compliance/,2022-01-19T16:19:43,medium
policy_7603.pdf,.pdf,1747,C:/Finance/Internal/Policies/,2025-05-23T06:21:44,low
report_7604.xlsx,.xlsx,402,C:/Finance/HR/,2024-01-14T15:56:01,high
announcement_7605.pdf,.pdf,1893,C:/Finance/PublicInfo/Announcements/,2024-09-09T01:11:58,low
menu_procedure_7606.docx,.docx,753,C:/Finance/Internal/Policies/,2023-03-24T02:24:10,medium
menu_guideline_7607_draft.docx,.docx,73,C:/Finance/Internal/Policies/,2022-09-22T13:50:01,medium
loan_7608.pdf,.pdf,1916,C:/Finance/Loans/,2024-05-29T17:29:59,medium
summary_7609.csv,.csv,366,C:/Finance/Reports/,2022-09-05T01:27:10,medium
schedule_7610.pdf,.pdf,587,C:/Finance/PublicInfo/Announcements/,2022-04-17T10:40:26,low
statement_ledger_7611.pdf,.pdf,1218,C:/Finance/Accounts/,2024-08-31T22:33:50,high
info_7612.txt,.txt,45,C:/Finance/PublicInfo/Guidelines/,2023-08-21T11:41:22,high
memo_statement_7613.xlsx,.xlsx,1500,C:/Finance/Transactions/,2025-08-02T23:53:42,low
public_notice_analysis_7614.xlsx,.xlsx,45,C:/Finance/Reports/,2024-12-12T00:28:35,low
memo_notice_7615.pdf,.pdf,487,C:/Finance/PublicInfo/Announcements/,2025-06-11T17:23:14,low
account_number_ledger_7616.csv,.csv,363,C:/Finance/Accounts/,2022-06-02T04:18:00,low
guidelines_notice_7617.txt,.txt,122,C:/Finance/PublicInfo/Announcements/,2025-10-23T13:40:46,low
transaction_7618.xlsx,.xlsx,187,C:/Finance/Transactions/,2025-01-23T07:09:17,high
analysis_7619.xlsx,.xlsx,1678,C:/Finance/Reports/,2023-12-25T06:02:55,low
announcement_loan_7620.xlsx,.xlsx,396,C:/Finance/Loans/,2022-07-23T15:26:29,low
tax_info_schedule_7621.pdf,.pdf,1331,C:/Finance/PublicInfo/Guidelines/,2024-04-27T10:09:26,low
announcement_7622.txt,.txt,30,C:/Finance/PublicInfo/Announcements/,2022-07-21T20:28:28,medium
report_audit_7623.csv,.csv,157,C:/Finance/Accounts/,2023-07-19T10:51:39,medium
guideline_7624.docx,.docx,517,C:/Finance/Compliance/,2024-12-27T09:48:07,low
transfer_7625.pdf,.pdf,985,C:/Finance/Transactions/,2023-03-21T12:57:23,high
account_7626_v2.pdf,.pdf,1240,C:/Finance/Accounts/,2022-03-30T07:22:02,low
guidelines_statement_7627_v2.pdf,.pdf,1395,C:/Finance/Transactions/,2023-06-17T19:00:46,low
announcement_repayment_7628.docx,.docx,16,C:/Finance/Loans/,2022-10-04T03:27:36,low
customer_notice_7629.txt,.txt,142,C:/Finance/PublicInfo/Guidelines/,2022-08-29T17:49:40,medium
public_notice_statement_7630.xlsx,.xlsx,562,C:/Finance/Transactions/,2022-09-07T09:04:32,medium
loan_7631.docx,.docx,702,C:/Finance/Loans/,2022-01-12T15:34:10,low
notice_7632.csv,.csv,65,C:/Finance/PublicInfo/Announcements/,2024-09-30T02:30:57,high
analysis_7633.xlsx,.xlsx,803,C:/Finance/Reports/,2023-05-07T08:13:43,high
customer_7634.pdf,.pdf,566,C:/Finance/Customers/,2024-10-14T04:25:09,high
repayment_7635.docx,.docx,318,C:/Finance/Loans/,2024-02-07T17:56:04,low
announcement_roster_7636.pdf,.pdf,1450,C:/Finance/HR/,2023-03-07T00:28:56,low
info_7637.pdf,.pdf,1221,C:/Finance/PublicInfo/Guidelines/,2023-02-17T02:48:35,medium
announcement_7638.txt,.txt,92,C:/Finance/PublicInfo/Announcements/,2022-12-01T21:08:10,low
schedule_salary_7639.xlsx,.xlsx,5,C:/Finance/HR/,2023-10-17T09:52:32,low
schedule_account_7640.xlsx,.xlsx,296,C:/Finance/Accounts/,2025-09-16T01:14:35,medium
notice_7641.txt,.txt,23,C:/Finance/PublicInfo/Guidelines/,2023-09-05T23:57:36,medium
contract_7642.pdf,.pdf,589,C:/Finance/Customers/,2024-03-15T23:36:25,low
audit_7643.docx,.docx,322,C:/Finance/Compliance/,2025-07-16T09:24:55,low
info_guideline_7644.xlsx,.xlsx,412,C:/Finance/Internal/Policies/,2024-05-15T03:11:25,low
memo_info_7645.pdf,.pdf,1484,C:/Finance/PublicInfo/Guidelines/,2025-10-20T10:48:18,high
announcement_payroll_7646.pdf,.pdf,217,C:/Finance/HR/,2022-07-19T08:22:32,low
announcement_announcement_7647.txt,.txt,101,C:/Finance/PublicInfo/Announcements/,2023-01-01T18:21:24,low
customer_7648.csv,.csv,258,C:/Finance/Customers/,2023-12-10T21:13:06,low
statement_procedure_7649.pdf,.pdf,711,C:/Finance/Internal/Policies/,2024-06-24T00:12:05,high
summary_audit_7650.pdf,.pdf,1501,C:/Finance/Compliance/,2023-11-20T05:56:24,medium
info_7651.docx,.docx,453,C:/Finance/Customers/,2025-08-21T13:18:58,low
tax_info_notice_7652_final.csv,.csv,599,C:/Finance/PublicInfo/Announcements/,2022-12-17T14:23:53,low
memo_7653.xlsx,.xlsx,727,C:/Finance/Reports/,2023-10-29T02:20:57,low
customer_review_7654.xlsx,.xlsx,1402,C:/Finance/Compliance/,2023-12-08T13:07:13,medium
report_policy_7655.xlsx,.xlsx,823,C:/Finance/Internal/Policies/,2025-01-25T12:22:35,medium
notice_7656.txt,.txt,4,C:/Finance/PublicInfo/Guidelines/,2022-07-14T02:25:32,low
report_balance_7657.pdf,.pdf,1641,C:/Finance/Accounts/,2022-04-16T01:01:07,medium
ledger_balance_7658.xlsx,.xlsx,519,C:/Finance/Accounts/,2023-05-20T03:26:57,low
payroll_7659_v2.pdf,.pdf,1282,C:/Finance/HR/,2024-04-08T16:20:57,medium
audit_7660.docx,.docx,43,C:/Finance/Compliance/,2025-03-19T16:25:21,low
analysis_report_7661.pdf,.pdf,210,C:/Finance/HR/,2025-08-23T19:04:12,high
statement_7662.csv,.csv,419,C:/Finance/Transactions/,2023-02-01T15:46:46,low
memo_loan_7663.docx,.docx,310,C:/Finance/Loans/,2022-08-22T23:32:51,medium
guidelines_announcement_7664.csv,.csv,564,C:/Finance/PublicInfo/Announcements/,2022-09-18T16:52:26,low
payroll_7665.docx,.docx,860,C:/Finance/HR/,2023-09-05T22:00:20,low
public_notice_schedule_7666.pdf,.pdf,1008,C:/Finance/PublicInfo/Announcements/,2025-07-10T14:09:35,low
credit_report_transfer_7667.xlsx,.xlsx,987,C:/Finance/Transactions/,2022-10-04T20:14:56,medium
memo_7668.xlsx,.xlsx,289,C:/Finance/Reports/,2025-11-05T23:56:04,medium
guidelines_customer_7669.csv,.csv,206,C:/Finance/Customers/,2025-04-11T17:06:24,low
salary_policy_7670.docx,.docx,726,C:/Finance/Compliance/,2022-09-15T15:04:18,medium
guidelines_agreement_7671.xlsx,.xlsx,174,C:/Finance/Loans/,2022-11-19T13:12:40,medium
memo_audit_7672.xlsx,.xlsx,1216,C:/Finance/Accounts/,2024-12-02T13:42:36,medium
schedule_schedule_7673.csv,.csv,476,C:/Finance/PublicInfo/Announcements/,2025-03-18T23:49:59,low
profile_7674.csv,.csv,123,C:/Finance/Customers/,2022-05-15T15:54:31,high
invoice_report_7675.csv,.csv,269,C:/Finance/Reports/,2024-12-27T16:07:12,medium
policy_contract_7676.pdf,.pdf,1985,C:/Finance/Loans/,2022-07-20T01:21:34,high
announcement_audit_7677_v2.pdf,.pdf,638,C:/Finance/Accounts/,2025-02-17T21:16:30,low
report_7678.xlsx,.xlsx,194,C:/Finance/Reports/,2024-01-04T21:21:51,low
schedule_contract_7679.docx,.docx,42,C:/Finance/Customers/,2023-10-16T18:33:26,high
policy_7680.pdf,.pdf,7,C:/Finance/Internal/Policies/,2025-03-03T13:51:12,medium
guidelines_procedure_7681.xlsx,.xlsx,193,C:/Finance/Internal/Policies/,2025-05-17T22:23:47,low
transaction_7682.pdf,.pdf,1047,C:/Finance/Transactions/,2025-03-13T22:31:59,medium
guidelines_report_7683.pdf,.pdf,148,C:/Finance/Reports/,2022-05-28T19:00:07,high
procedure_7684.docx,.docx,154,C:/Finance/Internal/Policies/,2023-03-09T08:19:47,medium
profile_7685.csv,.csv,313,C:/Finance/Customers/,2024-11-26T04:58:33,medium
customer_7686.csv,.csv,367,C:/Finance/Customers/,2022-08-06T01:12:46,medium
announcement_7687.pdf,.pdf,561,C:/Finance/PublicInfo/Announcements/,2022-02-10T01:00:20,low
contract_7688.pdf,.pdf,753,C:/Finance/Customers/,2023-09-29T11:01:28,low
contract_7689.pdf,.pdf,477,C:/Finance/Loans/,2024-07-15T12:28:32,medium
guidelines_roster_7690.docx,.docx,785,C:/Finance/HR/,2025-09-19T03:11:20,medium
loan_7691_archived.xlsx,.xlsx,513,C:/Finance/Loans/,2023-07-18T14:48:59,low
info_profile_7692.docx,.docx,597,C:/Finance/Customers/,2023-03-15T19:07:10,low
info_7693.txt,.txt,1,C:/Finance/PublicInfo/Announcements/,2022-12-04T14:52:15,low
report_transaction_7694.csv,.csv,209,C:/Finance/Transactions/,2025-05-28T09:33:37,low
loan_contract_audit_7695.pdf,.pdf,1067,C:/Finance/Compliance/,2024-08-24T10:21:41,low
guideline_7696.xlsx,.xlsx,398,C:/Finance/Compliance/,2023-02-08T09:32:53,medium
analysis_7697.xlsx,.xlsx,1321,C:/Finance/Reports/,2025-04-16T09:56:30,medium
statement_announcement_7698.pdf,.pdf,762,C:/Finance/PublicInfo/Announcements/,2025-02-08T22:30:02,low
customer_schedule_7699.txt,.txt,14,C:/Finance/PublicInfo/Announcements/,2022-04-13T16:52:29,low
guideline_7700.xlsx,.xlsx,288,C:/Finance/Compliance/,2023-08-17T04:35:14,high
invoice_schedule_7701.csv,.csv,575,C:/Finance/PublicInfo/Announcements/,2025-12-06T08:39:24,low
announcement_7702.csv,.csv,127,C:/Finance/PublicInfo/Guidelines/,2023-09-14T01:31:19,high
public_notice_payroll_7703.pdf,.pdf,925,C:/Finance/HR/,2025-08-03T14:36:02,medium
menu_policy_7704.pdf,.pdf,315,C:/Finance/Compliance/,2022-04-03T12:46:05,low
agreement_7705.docx,.docx,359,C:/Finance/Loans/,2023-05-22T03:15:32,low
info_transaction_7706.csv,.csv,453,C:/Finance/Transactions/,2023-10-01T19:41:40,high
balance_7707.csv,.csv,508,C:/Finance/Accounts/,2023-12-14T09:35:38,medium
audit_7708.pdf,.pdf,161,C:/Finance/Accounts/,2022-11-01T03:29:25,low
confidential_transfer_7709.xlsx,.xlsx,1013,C:/Finance/Transactions/,2022-01-13T23:55:08,medium
transaction_ledger_7710.csv,.csv,449,C:/Finance/Accounts/,2025-05-27T21:57:32,medium
guidelines_protocol_7711.pdf,.pdf,1224,C:/Finance/Internal/Policies/,2022-01-25T05:56:59,high
loan_7712.docx,.docx,208,C:/Finance/Loans/,2024-05-16T19:21:29,low
agreement_7713.pdf,.pdf,499,C:/Finance/Loans/,2022-07-25T16:52:12,low
schedule_7714.txt,.txt,43,C:/Finance/PublicInfo/Announcements/,2022-11-29T05:14:00,low
guideline_7715.pdf,.pdf,786,C:/Finance/Internal/Policies/,2022-10-17T14:15:38,medium
policy_7716.docx,.docx,38,C:/Finance/Compliance/,2022-11-05T00:19:24,low
policy_agreement_7717_draft.xls,.xls,916,C:/Finance/Loans/,2023-11-29T20:53:15,low
protocol_7718.docx,.docx,258,C:/Finance/Internal/Policies/,2023-02-14T09:23:58,low
statement_notice_7719.csv,.csv,104,C:/Finance/PublicInfo/Guidelines/,2022-10-11T00:25:05,low
transaction_7720.csv,.csv,185,C:/Finance/Transactions/,2024-12-30T06:38:36,low
info_payroll_7721.pdf,.pdf,609,C:/Finance/HR/,2022-09-16T10:07:51,medium
report_review_7722.docx,.docx,94,C:/Finance/Compliance/,2024-01-09T08:42:41,medium
audit_7723.pdf,.pdf,1607,C:/Finance/Compliance/,2025-06-22T15:43:53,high
analysis_contract_7724.pdf,.pdf,481,C:/Finance/Loans/,2025-02-20T10:07:06,medium
schedule_balance_7725.pdf,.pdf,1588,C:/Finance/Accounts/,2022-10-12T22:23:35,low
balance_7726.xlsx,.xlsx,1388,C:/Finance/Accounts/,2022-03-20T12:36:28,low
policy_7727_final.xlsx,.xlsx,2104,C:/Finance/Internal/Policies/,2024-04-03T01:33:14,medium
policy_announcement_7728.txt,.txt,93,C:/Finance/PublicInfo/Announcements/,2022-05-02T23:26:13,medium
guidelines_audit_7729.pdf,.pdf,1112,C:/Finance/Compliance/,2024-06-05T05:06:25,medium
transaction_notice_7730.csv,.csv,529,C:/Finance/PublicInfo/Announcements/,2024-10-25T07:40:48,low
transfer_7731.pdf,.pdf,151,C:/Finance/Transactions/,2023-05-27T15:37:36,low
salary_7732.docx,.docx,99,C:/Finance/HR/,2023-09-01T17:43:53,low
menu_audit_7733.pdf,.pdf,662,C:/Finance/Compliance/,2022-06-15T11:20:09,low
payroll_7734.docx,.docx,361,C:/Finance/HR/,2022-02-10T04:34:45,medium
bank_statement_guideline_7735_draft.docx,.docx,491,C:/Finance/Compliance/,2023-06-26T03:45:57,low
account_7736.csv,.csv,250,C:/Finance/Accounts/,2023-03-17T08:46:18,high
customer_7737.pdf,.pdf,1377,C:/Finance/Customers/,2024-04-22T06:48:39,low
transaction_schedule_7738.pdf,.pdf,1049,C:/Finance/PublicInfo/Guidelines/,2023-12-23T06:46:32,low
procedure_7739.xlsx,.xlsx,297,C:/Finance/Internal/Policies/,2024-05-07T18:56:29,low
info_announcement_7740.txt,.txt,154,C:/Finance/PublicInfo/Announcements/,2022-10-18T18:52:03,medium
review_7741.pdf,.pdf,708,C:/Finance/Compliance/,2022-05-12T12:02:09,medium
notice_7742.csv,.csv,138,C:/Finance/PublicInfo/Announcements/,2023-07-14T23:34:13,low
payroll_7743.docx,.docx,426,C:/Finance/HR/,2024-12-01T16:49:58,medium
report_loan_7744.pdf,.pdf,1377,C:/Finance/Loans/,2025-09-16T09:49:32,medium
loan_7745.docx,.docx,346,C:/Finance/Loans/,2025-09-06T06:48:41,low
audit_schedule_7746.txt,.txt,101,C:/Finance/PublicInfo/Announcements/,2024-03-19T18:02:50,low
guidelines_guideline_7747.docx,.docx,723,C:/Finance/Compliance/,2024-03-19T20:15:07,low
summary_7748.csv,.csv,228,C:/Finance/Reports/,2023-09-11T22:07:25,low
schedule_repayment_7749.docx,.docx,593,C:/Finance/Loans/,2024-07-27T10:33:39,medium
bank_statement_analysis_7750_draft.csv,.csv,508,C:/Finance/Reports/,2024-01-22T08:10:27,high
summary_analysis_7751.pdf,.pdf,1,C:/Finance/Reports/,2025-04-17T05:16:00,high
guidelines_summary_7752.csv,.csv,33,C:/Finance/Transactions/,2023-09-03T02:37:01,medium
account_7753.pdf,.pdf,667,C:/Finance/Accounts/,2024-04-16T09:04:05,low
schedule_info_7754.csv,.csv,287,C:/Finance/Customers/,2022-07-02T21:29:52,low
report_7755_confidential.pdf,.pdf,184,C:/Finance/Reports/,2022-06-30T03:11:24,low
memo_7756.pdf,.pdf,1877,C:/Finance/Reports/,2025-03-15T18:56:13,high
info_7757.pdf,.pdf,473,C:/Finance/Customers/,2022-03-11T08:44:30,low
audit_7758.xlsx,.xlsx,460,C:/Finance/Accounts/,2025-03-08T16:53:40,high
info_7759.txt,.txt,84,C:/Finance/PublicInfo/Announcements/,2023-10-28T22:26:42,low
account_7760.csv,.csv,168,C:/Finance/Accounts/,2022-06-17T01:33:06,low
analysis_7761.pdf,.pdf,1016,C:/Finance/Reports/,2023-08-08T17:04:37,medium
contract_7762.pdf,.pdf,659,C:/Finance/Customers/,2022-12-10T12:13:39,low
ledger_7763_draft.pdf,.pdf,2137,C:/Finance/Accounts/,2024-03-29T06:23:50,low
contract_7764.pdf,.pdf,1899,C:/Finance/Loans/,2025-08-22T12:18:09,medium
public_notice_transfer_7765.csv,.csv,293,C:/Finance/Transactions/,2023-03-03T03:50:21,low
customer_7766.docx,.docx,244,C:/Finance/Customers/,2022-08-18T14:26:59,low
menu_repayment_7767.xls,.xls,645,C:/Finance/Loans/,2025-03-18T14:15:06,low
tax_info_transaction_7768.xlsx,.xlsx,299,C:/Finance/Transactions/,2025-04-19T01:11:36,low
invoice_procedure_7769_confidential.pdf,.pdf,1575,C:/Finance/Internal/Policies/,2023-02-10T10:21:01,high
salary_7770.xlsx,.xlsx,295,C:/Finance/HR/,2025-10-23T23:30:34,low
contract_7771_v2.xls,.xls,2119,C:/Finance/Loans/,2025-01-22T22:20:29,low
report_7772.csv,.csv,573,C:/Finance/Reports/,2024-09-21T23:13:30,medium
info_7773.csv,.csv,105,C:/Finance/PublicInfo/Guidelines/,2025-08-28T10:29:07,medium
report_policy_7774.docx,.docx,101,C:/Finance/Compliance/,2023-11-29T23:26:14,medium
guideline_7775.xlsx,.xlsx,529,C:/Finance/Compliance/,2024-12-14T17:51:26,low
public_notice_salary_7776.pdf,.pdf,1436,C:/Finance/HR/,2023-07-08T21:35:29,high
payroll_7777.xlsx,.xlsx,955,C:/Finance/HR/,2023-02-01T17:02:10,low
contract_7778.docx,.docx,203,C:/Finance/Loans/,2023-01-11T00:52:39,low
contract_7779.xls,.xls,1227,C:/Finance/Loans/,2024-01-07T06:23:35,high
audit_7780.xlsx,.xlsx,903,C:/Finance/Compliance/,2024-03-14T18:06:03,low
transaction_statement_7781.csv,.csv,305,C:/Finance/Transactions/,2025-12-29T17:11:13,high
announcement_7782.csv,.csv,250,C:/Finance/PublicInfo/Guidelines/,2024-02-20T08:59:14,low
menu_customer_7783.csv,.csv,11,C:/Finance/Customers/,2023-07-03T14:25:12,high
contract_7784.csv,.csv,244,C:/Finance/Customers/,2022-09-27T08:07:09,low
bank_statement_account_7785.pdf,.pdf,1732,C:/Finance/Accounts/,2025-01-21T05:30:33,high
statement_7786.csv,.csv,247,C:/Finance/Transactions/,2022-04-26T04:22:29,low
statement_7787.pdf,.pdf,812,C:/Finance/Transactions/,2025-06-10T19:45:34,medium
transaction_agreement_7788.pdf,.pdf,1365,C:/Finance/Loans/,2025-05-05T02:36:31,low
analysis_guideline_7789.docx,.docx,283,C:/Finance/Compliance/,2022-01-29T20:45:06,low
analysis_info_7790.txt,.txt,81,C:/Finance/PublicInfo/Announcements/,2022-05-15T08:29:48,high
guideline_7791.pdf,.pdf,518,C:/Finance/Internal/Policies/,2024-08-22T13:33:15,low
confidential_audit_7792.csv,.csv,21,C:/Finance/Accounts/,2022-12-04T18:58:03,low
report_7793.csv,.csv,631,C:/Finance/Reports/,2024-03-20T00:12:54,low
audit_7794.docx,.docx,398,C:/Finance/Compliance/,2025-09-06T01:36:31,low
review_7795.docx,.docx,60,C:/Finance/Compliance/,2024-06-23T22:42:35,high
audit_profile_7796.docx,.docx,407,C:/Finance/Customers/,2022-07-12T13:48:56,medium
audit_salary_7797.pdf,.pdf,459,C:/Finance/HR/,2023-12-08T08:38:19,medium
info_announcement_7798.pdf,.pdf,1111,C:/Finance/PublicInfo/Announcements/,2023-10-26T16:45:40,low
schedule_7799.pdf,.pdf,160,C:/Finance/PublicInfo/Guidelines/,2022-03-31T12:43:38,low
info_7800.csv,.csv,87,C:/Finance/Customers/,2025-10-08T08:39:55,low
summary_contract_7801_draft.pdf,.pdf,833,C:/Finance/Customers/,2025-06-16T23:59:48,medium
info_report_7802.xlsx,.xlsx,1177,C:/Finance/HR/,2024-03-26T02:45:44,medium
memo_profile_7803.pdf,.pdf,1457,C:/Finance/Customers/,2024-10-24T15:30:46,low
guidelines_ledger_7804.xlsx,.xlsx,1021,C:/Finance/Accounts/,2022-05-13T16:55:22,medium
menu_audit_7805_archived.xlsx,.xlsx,347,C:/Finance/Compliance/,2024-06-17T18:23:06,low
public_notice_notice_7806.csv,.csv,250,C:/Finance/PublicInfo/Guidelines/,2024-04-18T12:46:25,medium
invoice_report_7807.xlsx,.xlsx,915,C:/Finance/Reports/,2025-03-25T23:57:51,medium
report_transaction_7808.xlsx,.xlsx,1787,C:/Finance/Transactions/,2023-10-31T01:02:07,low
report_info_7809.pdf,.pdf,1122,C:/Finance/Customers/,2025-07-02T10:35:26,medium
transaction_account_7810.pdf,.pdf,1619,C:/Finance/Accounts/,2024-08-18T06:04:01,low
analysis_notice_7811.txt,.txt,102,C:/Finance/PublicInfo/Guidelines/,2022-12-21T17:35:22,medium
review_7812.docx,.docx,624,C:/Finance/Compliance/,2022-10-05T21:23:28,high
guideline_7813_draft.docx,.docx,583,C:/Finance/Internal/Policies/,2023-08-06T12:39:54,low
announcement_summary_7814.csv,.csv,33,C:/Finance/Transactions/,2025-10-11T14:16:00,low
policy_7815.xlsx,.xlsx,2285,C:/Finance/Compliance/,2023-04-24T19:06:05,medium
transaction_review_7816.docx,.docx,236,C:/Finance/Compliance/,2025-09-21T01:21:51,medium
transaction_transaction_7817.xlsx,.xlsx,1475,C:/Finance/Transactions/,2023-04-17T17:09:33,low
invoice_transaction_7818.pdf,.pdf,210,C:/Finance/Transactions/,2022-09-15T18:11:30,medium
guidelines_audit_7819.xlsx,.xlsx,496,C:/Finance/Accounts/,2023-08-01T22:54:00,low
audit_7820.csv,.csv,636,C:/Finance/Accounts/,2024-03-30T12:03:50,medium
schedule_7821.pdf,.pdf,854,C:/Finance/PublicInfo/Guidelines/,2024-02-27T12:49:32,low
announcement_7822.txt,.txt,36,C:/Finance/PublicInfo/Announcements/,2023-06-10T06:31:03,low
policy_loan_7823.docx,.docx,1104,C:/Finance/Loans/,2024-12-30T19:28:18,low
ledger_audit_7824.xlsx,.xlsx,773,C:/Finance/Accounts/,2024-12-15T14:36:15,high
analysis_7825.pdf,.pdf,2343,C:/Finance/Reports/,2023-07-30T07:20:54,medium
announcement_7826_confidential.pdf,.pdf,403,C:/Finance/PublicInfo/Announcements/,2025-06-25T10:17:50,high
menu_ledger_7827.pdf,.pdf,547,C:/Finance/Accounts/,2023-01-05T04:08:46,high
announcement_7828.txt,.txt,72,C:/Finance/PublicInfo/Guidelines/,2022-02-15T06:21:03,medium
public_notice_transaction_7829_archived.csv,.csv,567,C:/Finance/Transactions/,2022-07-28T17:23:37,medium
analysis_schedule_7830.txt,.txt,117,C:/Finance/PublicInfo/Announcements/,2024-08-07T18:08:36,medium
ledger_roster_7831.xlsx,.xlsx,1009,C:/Finance/HR/,2023-10-10T07:45:05,medium
announcement_7832.pdf,.pdf,131,C:/Finance/PublicInfo/Guidelines/,2023-04-22T18:17:43,low
profile_7833_v2.docx,.docx,185,C:/Finance/Customers/,2023-08-20T20:14:01,medium
memo_audit_7834_confidential.pdf,.pdf,783,C:/Finance/Compliance/,2022-01-11T03:37:16,medium
review_7835.docx,.docx,699,C:/Finance/Compliance/,2025-07-19T13:35:56,high
credit_report_loan_7836.pdf,.pdf,907,C:/Finance/Loans/,2023-07-06T10:17:21,low
report_contract_7837.pdf,.pdf,249,C:/Finance/Customers/,2022-06-27T16:25:34,high
contract_7838.pdf,.pdf,1202,C:/Finance/Customers/,2025-10-01T15:30:00,low
summary_info_7839.csv,.csv,483,C:/Finance/PublicInfo/Announcements/,2024-02-10T21:28:54,medium
transfer_7840.pdf,.pdf,1762,C:/Finance/Transactions/,2025-11-28T16:46:05,medium
public_notice_audit_7841.pdf,.pdf,346,C:/Finance/Accounts/,2022-05-09T00:57:21,low
audit_7842.xlsx,.xlsx,963,C:/Finance/Compliance/,2025-11-22T18:56:57,medium
analysis_7843.csv,.csv,262,C:/Finance/Reports/,2025-05-26T21:43:12,medium
bank_statement_balance_7844.csv,.csv,107,C:/Finance/Accounts/,2025-06-30T00:36:23,medium
protocol_7845_archived.pdf,.pdf,1565,C:/Finance/Internal/Policies/,2024-08-13T12:39:42,low
transaction_profile_7846_archived.pdf,.pdf,1272,C:/Finance/Customers/,2022-04-04T19:04:55,low
credit_report_policy_7847.docx,.docx,161,C:/Finance/Compliance/,2025-03-01T22:50:02,low
profile_7848.pdf,.pdf,443,C:/Finance/Customers/,2024-02-02T21:44:36,low
repayment_7849.pdf,.pdf,639,C:/Finance/Loans/,2025-12-02T12:47:18,low
memo_announcement_7850.pdf,.pdf,99,C:/Finance/PublicInfo/Guidelines/,2024-05-22T23:44:07,low
profile_7851.pdf,.pdf,696,C:/Finance/Customers/,2024-01-01T15:21:11,high
info_ledger_7852_draft.csv,.csv,95,C:/Finance/Accounts/,2022-09-12T16:55:21,high
pin_audit_7853.pdf,.pdf,24,C:/Finance/Compliance/,2022-06-19T11:34:17,low
transaction_payroll_7854.pdf,.pdf,547,C:/Finance/HR/,2024-02-17T08:23:34,low
schedule_info_7855.csv,.csv,42,C:/Finance/Customers/,2023-05-06T18:21:16,medium
analysis_7856.csv,.csv,180,C:/Finance/Reports/,2022-08-17T08:46:37,medium
audit_payroll_7857.docx,.docx,326,C:/Finance/HR/,2025-12-19T00:59:11,low
menu_summary_7858.csv,.csv,241,C:/Finance/Transactions/,2023-07-30T22:57:03,medium
public_notice_policy_7859.pdf,.pdf,1388,C:/Finance/Internal/Policies/,2022-03-16T13:05:49,low
contract_7860.pdf,.pdf,284,C:/Finance/Loans/,2024-04-16T16:48:47,low
menu_agreement_7861.docx,.docx,783,C:/Finance/Loans/,2024-06-03T08:57:08,high
transaction_payroll_7862_v2.xlsx,.xlsx,687,C:/Finance/HR/,2025-05-01T19:34:37,low
transfer_7863.csv,.csv,232,C:/Finance/Transactions/,2023-04-09T17:35:38,medium
guideline_7864.pdf,.pdf,530,C:/Finance/Internal/Policies/,2023-01-08T09:24:48,low
policy_7865.xlsx,.xlsx,969,C:/Finance/Internal/Policies/,2024-12-21T16:26:04,low
menu_policy_7866.pdf,.pdf,317,C:/Finance/Compliance/,2023-01-31T09:54:26,low
report_7867.xlsx,.xlsx,491,C:/Finance/HR/,2022-04-29T04:00:35,medium
tax_info_ledger_7868.csv,.csv,319,C:/Finance/Accounts/,2025-10-12T02:08:48,low
ledger_customer_7869_final.csv,.csv,585,C:/Finance/Customers/,2025-03-24T12:25:01,medium
guideline_7870.pdf,.pdf,599,C:/Finance/Compliance/,2025-02-05T03:29:05,medium
report_7871.xlsx,.xlsx,612,C:/Finance/HR/,2024-02-06T23:15:21,low
pin_transaction_7872.csv,.csv,175,C:/Finance/Transactions/,2025-12-06T11:27:49,low
credit_report_analysis_7873_v2.pdf,.pdf,2829,C:/Finance/Reports/,2025-11-29T03:49:20,high
audit_7874.pdf,.pdf,335,C:/Finance/Accounts/,2024-09-01T16:42:06,low
customer_7875.csv,.csv,276,C:/Finance/Customers/,2025-10-01T20:22:08,low
schedule_procedure_7876.docx,.docx,89,C:/Finance/Internal/Policies/,2022-02-05T18:41:09,low
menu_protocol_7877.pdf,.pdf,540,C:/Finance/Internal/Policies/,2025-08-28T20:57:45,high
analysis_procedure_7878.docx,.docx,480,C:/Finance/Internal/Policies/,2022-04-30T02:54:31,low
salary_audit_7879.csv,.csv,280,C:/Finance/Accounts/,2022-07-20T20:42:43,high
guidelines_notice_7880.csv,.csv,257,C:/Finance/PublicInfo/Announcements/,2025-04-04T07:14:42,low
guidelines_info_7881_confidential.pdf,.pdf,66,C:/Finance/Customers/,2023-07-07T06:38:34,low
public_notice_memo_7882.pdf,.pdf,1186,C:/Finance/Reports/,2025-02-25T00:51:24,low
report_7883.xlsx,.xlsx,464,C:/Finance/HR/,2022-11-19T03:36:54,low
roster_7884.docx,.docx,713,C:/Finance/HR/,2024-07-23T18:47:54,medium
guideline_7885.pdf,.pdf,1209,C:/Finance/Internal/Policies/,2025-05-06T05:27:42,low
policy_7886.xlsx,.xlsx,1217,C:/Finance/Internal/Policies/,2025-04-01T00:02:16,medium
summary_7887.xlsx,.xlsx,747,C:/Finance/Transactions/,2025-06-29T08:22:33,high
info_7888_v2.pdf,.pdf,474,C:/Finance/PublicInfo/Announcements/,2024-01-23T23:01:14,high
announcement_schedule_7889.pdf,.pdf,1528,C:/Finance/PublicInfo/Announcements/,2023-06-23T02:25:21,high
audit_7890.pdf,.pdf,1539,C:/Finance/Compliance/,2022-03-10T12:36:27,low
agreement_7891.xls,.xls,843,C:/Finance/Loans/,2022-03-21T21:52:03,low
statement_statement_7892.xlsx,.xlsx,1395,C:/Finance/Transactions/,2025-05-22T04:40:26,medium
info_7893.docx,.docx,354,C:/Finance/Customers/,2023-07-29T13:39:05,low
contract_7894_archived.pdf,.pdf,133,C:/Finance/Customers/,2023-09-30T01:14:18,medium
statement_roster_7895.pdf,.pdf,1318,C:/Finance/HR/,2023-05-23T22:42:29,high
schedule_roster_7896.pdf,.pdf,554,C:/Finance/HR/,2022-12-27T09:44:46,low
agreement_7897.docx,.docx,600,C:/Finance/Loans/,2025-10-31T15:35:23,medium
balance_7898.xlsx,.xlsx,244,C:/Finance/Accounts/,2022-10-03T19:00:21,low
statement_notice_7899.txt,.txt,125,C:/Finance/PublicInfo/Announcements/,2022-12-23T19:40:31,low
payroll_7900.docx,.docx,879,C:/Finance/HR/,2022-12-03T15:41:17,medium
notice_7901.pdf,.pdf,1313,C:/Finance/PublicInfo/Guidelines/,2024-03-04T17:07:28,low
announcement_7902.pdf,.pdf,419,C:/Finance/PublicInfo/Guidelines/,2025-10-11T08:23:01,low
memo_7903.pdf,.pdf,1416,C:/Finance/Reports/,2023-08-05T04:47:44,high
policy_customer_7904.pdf,.pdf,383,C:/Finance/Customers/,2024-04-04T20:39:34,low
ledger_loan_7905.xls,.xls,1375,C:/Finance/Loans/,2023-07-10T09:43:38,medium
schedule_7906_confidential.csv,.csv,342,C:/Finance/PublicInfo/Guidelines/,2022-11-30T18:56:12,low
report_policy_7907.pdf,.pdf,1600,C:/Finance/Compliance/,2024-09-29T20:25:57,medium
info_7908.pdf,.pdf,246,C:/Finance/PublicInfo/Announcements/,2025-06-14T04:45:15,low
memo_profile_7909.csv,.csv,258,C:/Finance/Customers/,2024-09-18T20:04:21,low
info_guideline_7910.docx,.docx,110,C:/Finance/Internal/Policies/,2022-06-15T17:27:21,low
bank_statement_summary_7911.pdf,.pdf,740,C:/Finance/Reports/,2025-04-14T11:11:33,high
account_7912.xlsx,.xlsx,849,C:/Finance/Accounts/,2022-05-17T08:56:24,medium
memo_announcement_7913.pdf,.pdf,222,C:/Finance/PublicInfo/Announcements/,2022-06-10T06:33:31,medium
info_announcement_7914.pdf,.pdf,1006,C:/Finance/PublicInfo/Announcements/,2023-04-18T07:05:06,low
public_notice_profile_7915.docx,.docx,243,C:/Finance/Customers/,2024-08-22T05:23:24,high
loan_contract_info_7916.csv,.csv,334,C:/Finance/PublicInfo/Announcements/,2025-07-29T00:05:02,low
ledger_schedule_7917.txt,.txt,40,C:/Finance/PublicInfo/Announcements/,2025-04-25T05:36:54,medium
schedule_summary_7918.xlsx,.xlsx,425,C:/Finance/Reports/,2022-05-23T15:13:08,low
guidelines_protocol_7919.pdf,.pdf,1603,C:/Finance/Internal/Policies/,2022-02-02T13:07:42,low
policy_guideline_7920.pdf,.pdf,468,C:/Finance/Compliance/,2022-01-16T21:34:04,high
guidelines_guideline_7921.docx,.docx,288,C:/Finance/Internal/Policies/,2023-10-04T13:54:49,low
guidelines_agreement_7922.pdf,.pdf,879,C:/Finance/Loans/,2022-07-20T20:11:49,high
transaction_transfer_7923.csv,.csv,511,C:/Finance/Transactions/,2023-11-02T00:51:04,high
ssn_repayment_7924.xlsx,.xlsx,1061,C:/Finance/Loans/,2022-10-26T12:53:09,low
profile_7925.csv,.csv,248,C:/Finance/Customers/,2025-09-07T06:48:27,high
report_contract_7926.xls,.xls,582,C:/Finance/Loans/,2022-09-25T08:18:57,medium
procedure_7927.docx,.docx,409,C:/Finance/Internal/Policies/,2023-05-09T00:33:21,medium
memo_7928.xlsx,.xlsx,374,C:/Finance/Reports/,2022-08-03T04:20:35,medium
schedule_7929.txt,.txt,109,C:/Finance/PublicInfo/Announcements/,2023-01-01T02:59:02,low
credit_report_contract_7930.pdf,.pdf,2027,C:/Finance/Loans/,2022-05-28T17:47:18,high
loan_contract_policy_7931.docx,.docx,491,C:/Finance/Internal/Policies/,2022-03-16T20:51:06,high
repayment_7932.pdf,.pdf,106,C:/Finance/Loans/,2023-08-07T00:52:22,low
notice_7933.csv,.csv,252,C:/Finance/PublicInfo/Announcements/,2024-05-05T15:42:38,medium
summary_transfer_7934_archived.xlsx,.xlsx,1583,C:/Finance/Transactions/,2023-03-25T06:15:53,high
loan_contract_balance_7935.csv,.csv,326,C:/Finance/Accounts/,2025-01-31T13:22:05,low
public_notice_policy_7936.xlsx,.xlsx,686,C:/Finance/Internal/Policies/,2024-11-27T01:27:29,medium
account_7937.xlsx,.xlsx,71,C:/Finance/Accounts/,2025-06-04T07:17:07,low
repayment_7938.xls,.xls,328,C:/Finance/Loans/,2024-05-18T04:32:24,low
repayment_7939.xls,.xls,65,C:/Finance/Loans/,2025-04-16T11:37:25,medium
statement_procedure_7940_archived.docx,.docx,580,C:/Finance/Internal/Policies/,2024-10-03T11:05:40,medium
summary_profile_7941.docx,.docx,702,C:/Finance/Customers/,2025-09-23T04:14:30,low
review_7942.docx,.docx,222,C:/Finance/Compliance/,2024-12-20T08:07:02,medium
review_7943.pdf,.pdf,967,C:/Finance/Compliance/,2025-11-04T00:48:31,medium
transaction_7944.pdf,.pdf,794,C:/Finance/Transactions/,2024-03-21T11:55:33,high
summary_7945.csv,.csv,301,C:/Finance/Reports/,2023-04-09T07:45:37,medium
repayment_7946.docx,.docx,84,C:/Finance/Loans/,2023-06-30T21:51:48,low
ledger_roster_7947.pdf,.pdf,941,C:/Finance/HR/,2024-07-15T10:03:46,low
policy_memo_7948.pdf,.pdf,612,C:/Finance/Reports/,2025-07-12T06:08:49,high
announcement_schedule_7949.txt,.txt,98,C:/Finance/PublicInfo/Guidelines/,2022-02-16T10:10:01,high
public_notice_ledger_7950.xlsx,.xlsx,1547,C:/Finance/Accounts/,2024-03-09T20:59:51,low
agreement_7951.pdf,.pdf,974,C:/Finance/Loans/,2023-11-30T12:49:20,low
guidelines_announcement_7952.pdf,.pdf,716,C:/Finance/PublicInfo/Guidelines/,2024-08-15T05:28:10,low
memo_transfer_7953_v2.pdf,.pdf,141,C:/Finance/Transactions/,2025-08-25T02:48:56,medium
menu_summary_7954.pdf,.pdf,1839,C:/Finance/Transactions/,2024-03-17T18:10:57,low
memo_7955.xlsx,.xlsx,852,C:/Finance/Reports/,2025-05-11T21:27:35,high
memo_7956.xlsx,.xlsx,890,C:/Finance/Reports/,2024-06-02T18:52:01,medium
customer_7957.docx,.docx,287,C:/Finance/Customers/,2023-01-26T08:57:15,high
policy_7958.xlsx,.xlsx,2881,C:/Finance/Compliance/,2022-03-22T08:09:10,low
ledger_memo_7959.xlsx,.xlsx,594,C:/Finance/Reports/,2022-07-30T21:43:17,low
audit_7960.pdf,.pdf,457,C:/Finance/Compliance/,2025-10-02T00:09:07,high
schedule_schedule_7961.pdf,.pdf,585,C:/Finance/PublicInfo/Guidelines/,2023-04-25T05:19:51,low
announcement_notice_7962.pdf,.pdf,159,C:/Finance/PublicInfo/Guidelines/,2025-03-04T10:15:56,low
ledger_7963.xlsx,.xlsx,1727,C:/Finance/Accounts/,2025-07-10T11:40:52,low
schedule_policy_7964.pdf,.pdf,1157,C:/Finance/Compliance/,2023-07-16T23:43:47,high
public_notice_announcement_7965.csv,.csv,373,C:/Finance/PublicInfo/Guidelines/,2024-08-23T22:13:12,high
customer_repayment_7966.xlsx,.xlsx,138,C:/Finance/Loans/,2024-01-31T14:09:07,medium
announcement_balance_7967.xlsx,.xlsx,526,C:/Finance/Accounts/,2022-01-08T00:29:39,medium
menu_salary_7968.docx,.docx,429,C:/Finance/HR/,2024-06-24T22:47:31,high
report_7969.pdf,.pdf,517,C:/Finance/Reports/,2025-12-11T00:07:08,low
profile_7970.csv,.csv,585,C:/Finance/Customers/,2024-05-26T10:38:25,medium
report_7971.pdf,.pdf,1937,C:/Finance/HR/,2024-09-09T23:26:22,medium
customer_7972.pdf,.pdf,504,C:/Finance/Customers/,2024-09-01T16:48:36,low
schedule_transaction_7973.csv,.csv,325,C:/Finance/Transactions/,2025-04-18T10:44:44,low
notice_7974.txt,.txt,66,C:/Finance/PublicInfo/Announcements/,2024-02-26T12:41:12,low
guidelines_memo_7975.pdf,.pdf,228,C:/Finance/Reports/,2023-05-28T17:58:39,medium
repayment_7976.docx,.docx,181,C:/Finance/Loans/,2022-07-06T16:39:32,medium
roster_7977.docx,.docx,352,C:/Finance/HR/,2022-10-23T12:40:16,low
repayment_7978.docx,.docx,124,C:/Finance/Loans/,2025-12-15T20:36:59,high
info_7979.csv,.csv,561,C:/Finance/Customers/,2024-04-01T04:44:48,low
bank_statement_guideline_7980.pdf,.pdf,2527,C:/Finance/Internal/Policies/,2025-08-17T03:51:32,high
review_7981.pdf,.pdf,1365,C:/Finance/Compliance/,2024-03-21T06:25:50,medium
schedule_analysis_7982.pdf,.pdf,1155,C:/Finance/Reports/,2025-12-15T06:37:33,low
invoice_contract_7983.pdf,.pdf,867,C:/Finance/Loans/,2023-05-16T13:13:31,medium
ledger_loan_7984_confidential.pdf,.pdf,3481,C:/Finance/Loans/,2022-11-26T09:32:33,high
analysis_protocol_7985.docx,.docx,373,C:/Finance/Internal/Policies/,2022-05-09T07:56:19,low
payroll_7986.pdf,.pdf,696,C:/Finance/HR/,2022-01-31T13:10:08,low
report_notice_7987.txt,.txt,71,C:/Finance/PublicInfo/Announcements/,2023-10-31T05:32:29,low
invoice_ledger_7988.pdf,.pdf,558,C:/Finance/Accounts/,2025-08-26T01:02:39,low
contract_7989.docx,.docx,139,C:/Finance/Customers/,2022-12-25T01:55:53,medium
announcement_profile_7990.docx,.docx,414,C:/Finance/Customers/,2024-10-03T02:09:42,high
protocol_7991.xlsx,.xlsx,1720,C:/Finance/Internal/Policies/,2022-04-04T14:27:47,low
schedule_7992.txt,.txt,101,C:/Finance/PublicInfo/Guidelines/,2022-10-13T17:10:08,medium
summary_7993_v2.pdf,.pdf,283,C:/Finance/Reports/,2025-11-18T03:23:58,low
schedule_audit_7994.pdf,.pdf,304,C:/Finance/Accounts/,2023-10-28T17:24:11,low
audit_7995.pdf,.pdf,1385,C:/Finance/Accounts/,2022-08-31T09:34:42,low
memo_7996.csv,.csv,207,C:/Finance/Reports/,2022-09-26T06:07:50,low
contract_7997.csv,.csv,419,C:/Finance/Customers/,2022-08-28T11:55:12,low
guidelines_schedule_7998.csv,.csv,381,C:/Finance/PublicInfo/Guidelines/,2022-11-21T11:02:38,low
schedule_analysis_7999.csv,.csv,218,C:/Finance/Reports/,2022-11-23T20:45:04,medium
agreement_8000_final.xls,.xls,228,C:/Finance/Loans/,2022-11-28T10:39:24,medium
procedure_8001.xlsx,.xlsx,431,C:/Finance/Internal/Policies/,2022-02-24T11:52:50,low
report_8002.xlsx,.xlsx,640,C:/Finance/Reports/,2022-06-07T08:01:05,low
audit_8003_confidential.pdf,.pdf,584,C:/Finance/Accounts/,2022-03-18T12:41:36,low
transaction_8004_v2.xlsx,.xlsx,1729,C:/Finance/Transactions/,2024-05-24T02:29:29,high
review_8005.pdf,.pdf,1140,C:/Finance/Compliance/,2025-05-14T03:40:04,medium
guidelines_info_8006.pdf,.pdf,646,C:/Finance/PublicInfo/Guidelines/,2024-06-18T06:19:56,low
statement_contract_8007.pdf,.pdf,84,C:/Finance/Customers/,2022-04-07T08:31:01,low
announcement_report_8008.docx,.docx,620,C:/Finance/HR/,2022-12-02T01:24:58,low
analysis_8009_archived.xlsx,.xlsx,1622,C:/Finance/Reports/,2022-03-26T10:24:36,low
report_8010.xlsx,.xlsx,686,C:/Finance/HR/,2023-04-07T20:10:47,high
summary_report_8011.docx,.docx,429,C:/Finance/HR/,2024-01-07T13:34:32,low
policy_summary_8012.pdf,.pdf,390,C:/Finance/Reports/,2025-04-06T21:28:25,medium
menu_announcement_8013.pdf,.pdf,841,C:/Finance/PublicInfo/Announcements/,2024-05-31T11:52:14,low
info_contract_8014_confidential.pdf,.pdf,157,C:/Finance/Customers/,2023-01-31T01:32:47,medium
notice_8015.csv,.csv,355,C:/Finance/PublicInfo/Announcements/,2023-12-31T13:05:22,high
invoice_procedure_8016_draft.docx,.docx,850,C:/Finance/Internal/Policies/,2025-07-03T17:37:04,high
summary_contract_8017_draft.xlsx,.xlsx,186,C:/Finance/Loans/,2022-05-22T18:27:05,medium
loan_contract_memo_8018.csv,.csv,447,C:/Finance/Reports/,2022-08-15T23:24:17,medium
schedule_announcement_8019.csv,.csv,249,C:/Finance/PublicInfo/Announcements/,2025-11-22T01:26:31,low
transaction_agreement_8020.xls,.xls,2511,C:/Finance/Loans/,2025-05-30T11:17:47,medium
report_8021.docx,.docx,256,C:/Finance/HR/,2023-01-23T01:55:22,medium
transfer_8022.pdf,.pdf,1811,C:/Finance/Transactions/,2024-09-08T17:33:10,medium
info_8023_draft.pdf,.pdf,385,C:/Finance/PublicInfo/Announcements/,2022-07-19T20:55:19,low
policy_8024.pdf,.pdf,142,C:/Finance/Internal/Policies/,2023-10-16T15:23:29,medium
guideline_8025_draft.docx,.docx,65,C:/Finance/Internal/Policies/,2025-07-29T03:20:13,medium
schedule_info_8026.pdf,.pdf,184,C:/Finance/PublicInfo/Guidelines/,2023-02-17T23:20:39,low
review_8027_draft.pdf,.pdf,1825,C:/Finance/Compliance/,2022-10-23T13:08:48,medium
customer_8028.docx,.docx,137,C:/Finance/Customers/,2025-05-16T07:42:52,low
public_notice_agreement_8029.pdf,.pdf,2068,C:/Finance/Loans/,2023-05-08T20:25:27,medium
menu_statement_8030.xlsx,.xlsx,1437,C:/Finance/Transactions/,2023-12-18T13:53:48,low
tax_info_report_8031.csv,.csv,538,C:/Finance/Reports/,2024-08-12T17:10:55,medium
invoice_guideline_8032.pdf,.pdf,1510,C:/Finance/Compliance/,2024-02-21T00:23:20,low
guideline_8033.xlsx,.xlsx,1077,C:/Finance/Compliance/,2022-08-21T19:18:11,low
contract_8034.pdf,.pdf,785,C:/Finance/Customers/,2022-12-06T10:57:49,medium
contract_8035_confidential.docx,.docx,938,C:/Finance/Loans/,2024-07-17T13:58:16,low
menu_salary_8036.pdf,.pdf,2350,C:/Finance/HR/,2022-06-04T16:30:09,low
pin_protocol_8037_archived.docx,.docx,65,C:/Finance/Internal/Policies/,2023-03-16T21:16:56,low
info_8038_v2.txt,.txt,89,C:/Finance/PublicInfo/Guidelines/,2024-11-07T20:57:15,low
guidelines_audit_8039.csv,.csv,305,C:/Finance/Accounts/,2025-08-26T06:37:59,low
memo_analysis_8040.xlsx,.xlsx,1580,C:/Finance/Reports/,2024-08-08T00:59:05,low
policy_memo_8041.xlsx,.xlsx,242,C:/Finance/Reports/,2024-12-02T05:23:56,low
procedure_8042.docx,.docx,363,C:/Finance/Internal/Policies/,2025-08-28T01:58:28,medium
analysis_report_8043.xlsx,.xlsx,666,C:/Finance/Reports/,2025-09-30T12:42:41,low
ledger_8044.xlsx,.xlsx,614,C:/Finance/Accounts/,2025-03-28T01:34:17,low
schedule_8045.csv,.csv,223,C:/Finance/PublicInfo/Announcements/,2022-06-15T19:34:23,medium
ledger_8046.pdf,.pdf,2020,C:/Finance/Accounts/,2023-05-04T05:31:33,medium
ledger_analysis_8047.csv,.csv,306,C:/Finance/Reports/,2023-03-30T21:44:50,low
analysis_policy_8048.xlsx,.xlsx,759,C:/Finance/Internal/Policies/,2022-12-09T14:08:30,medium
contract_8049.docx,.docx,703,C:/Finance/Loans/,2024-04-25T15:24:22,high
schedule_8050.pdf,.pdf,872,C:/Finance/PublicInfo/Announcements/,2025-01-07T10:49:15,low
protocol_8051.pdf,.pdf,240,C:/Finance/Internal/Policies/,2025-09-29T04:09:57,high
memo_profile_8052.docx,.docx,170,C:/Finance/Customers/,2023-04-02T13:34:57,low
report_8053.csv,.csv,66,C:/Finance/Reports/,2024-09-25T15:27:08,medium
tax_info_roster_8054.pdf,.pdf,985,C:/Finance/HR/,2022-01-11T14:05:07,low
public_notice_notice_8055.txt,.txt,67,C:/Finance/PublicInfo/Guidelines/,2023-11-30T11:02:27,low
invoice_contract_8056.pdf,.pdf,817,C:/Finance/Customers/,2025-08-25T08:06:58,low
policy_8057.pdf,.pdf,977,C:/Finance/Internal/Policies/,2025-02-20T22:25:48,low
transfer_8058.pdf,.pdf,1003,C:/Finance/Transactions/,2024-02-09T18:53:57,low
ledger_audit_8059.csv,.csv,14,C:/Finance/Accounts/,2025-02-09T21:01:07,low
audit_profile_8060.docx,.docx,22,C:/Finance/Customers/,2025-10-25T01:35:41,low
memo_info_8061.txt,.txt,134,C:/Finance/PublicInfo/Announcements/,2023-04-08T03:54:32,medium
ledger_balance_8062.pdf,.pdf,379,C:/Finance/Accounts/,2025-06-12T16:16:47,low
policy_account_8063.csv,.csv,274,C:/Finance/Accounts/,2022-01-28T00:06:56,low
contract_8064.docx,.docx,378,C:/Finance/Loans/,2022-01-17T08:41:21,low
summary_8065.pdf,.pdf,406,C:/Finance/Reports/,2025-06-18T13:43:40,medium
info_8066.pdf,.pdf,47,C:/Finance/PublicInfo/Announcements/,2023-11-11T06:51:47,low
account_8067.csv,.csv,489,C:/Finance/Accounts/,2024-06-19T01:31:07,medium
memo_transfer_8068.csv,.csv,416,C:/Finance/Transactions/,2023-12-03T12:02:04,low
info_account_8069.pdf,.pdf,1531,C:/Finance/Accounts/,2025-05-27T12:16:57,low
ledger_8070.pdf,.pdf,1320,C:/Finance/Accounts/,2023-10-23T15:07:38,medium
statement_8071.csv,.csv,362,C:/Finance/Transactions/,2024-10-18T22:27:48,low
policy_salary_8072.docx,.docx,353,C:/Finance/HR/,2024-11-10T13:24:33,low
ledger_8073.xlsx,.xlsx,160,C:/Finance/Accounts/,2024-12-09T15:53:00,low
schedule_ledger_8074.csv,.csv,367,C:/Finance/Accounts/,2024-10-13T04:29:16,low
public_notice_notice_8075.txt,.txt,123,C:/Finance/PublicInfo/Guidelines/,2024-05-26T03:55:40,high
schedule_report_8076.pdf,.pdf,296,C:/Finance/Reports/,2022-05-01T11:29:02,low
invoice_transfer_8077.pdf,.pdf,1639,C:/Finance/Transactions/,2024-04-25T18:15:19,high
account_8078.xlsx,.xlsx,1246,C:/Finance/Accounts/,2024-12-09T15:31:59,low
guidelines_notice_8079.pdf,.pdf,1016,C:/Finance/PublicInfo/Announcements/,2024-11-06T19:49:59,low
guidelines_salary_8080.docx,.docx,356,C:/Finance/HR/,2023-02-26T23:48:58,low
schedule_8081_confidential.csv,.csv,183,C:/Finance/PublicInfo/Guidelines/,2022-12-04T20:21:23,high
policy_8082.pdf,.pdf,957,C:/Finance/Internal/Policies/,2022-11-14T13:43:02,low
customer_8083.docx,.docx,549,C:/Finance/Customers/,2024-08-22T23:28:15,medium
announcement_8084.pdf,.pdf,594,C:/Finance/PublicInfo/Announcements/,2024-04-16T12:23:19,low
pin_customer_8085.docx,.docx,404,C:/Finance/Customers/,2023-10-07T17:46:45,low
policy_8086_draft.pdf,.pdf,391,C:/Finance/Internal/Policies/,2024-10-23T12:52:43,low
review_8087.xlsx,.xlsx,185,C:/Finance/Compliance/,2024-01-28T21:41:37,high
ledger_8088.xlsx,.xlsx,29,C:/Finance/Accounts/,2023-06-10T05:28:52,high
summary_report_8089.pdf,.pdf,633,C:/Finance/Reports/,2024-10-17T14:23:52,medium
schedule_8090.csv,.csv,195,C:/Finance/PublicInfo/Guidelines/,2022-03-25T01:42:16,low
notice_8091.txt,.txt,161,C:/Finance/PublicInfo/Announcements/,2022-01-10T20:57:45,high
agreement_8092.pdf,.pdf,1174,C:/Finance/Loans/,2023-12-13T01:32:13,low
invoice_info_8093.docx,.docx,300,C:/Finance/Customers/,2023-09-14T01:27:45,medium
report_8094.docx,.docx,619,C:/Finance/HR/,2025-11-02T02:02:52,high
contract_8095_v2.csv,.csv,648,C:/Finance/Customers/,2023-02-15T11:24:33,medium
report_8096.pdf,.pdf,121,C:/Finance/HR/,2025-03-08T14:31:25,low
summary_salary_8097.docx,.docx,491,C:/Finance/HR/,2025-03-09T05:45:40,medium
announcement_8098_final.csv,.csv,28,C:/Finance/PublicInfo/Announcements/,2024-10-19T16:58:02,medium
policy_review_8099.pdf,.pdf,1899,C:/Finance/Compliance/,2025-10-07T18:30:33,low
policy_8100.xlsx,.xlsx,614,C:/Finance/Internal/Policies/,2023-07-14T19:00:28,low
guidelines_audit_8101.pdf,.pdf,931,C:/Finance/Accounts/,2024-07-10T14:42:48,medium
notice_8102.pdf,.pdf,1364,C:/Finance/PublicInfo/Announcements/,2022-09-06T08:08:05,low
notice_8103_archived.txt,.txt,117,C:/Finance/PublicInfo/Guidelines/,2025-03-26T22:53:27,high
report_audit_8104.csv,.csv,43,C:/Finance/Accounts/,2023-06-26T00:08:22,low
info_balance_8105.pdf,.pdf,1807,C:/Finance/Accounts/,2023-07-31T06:16:17,high
memo_schedule_8106.csv,.csv,115,C:/Finance/PublicInfo/Guidelines/,2024-01-11T09:40:02,low
contract_8107.docx,.docx,804,C:/Finance/Loans/,2024-05-01T23:11:00,high
summary_8108.xlsx,.xlsx,929,C:/Finance/Reports/,2022-11-12T07:53:51,medium
memo_salary_8109_archived.docx,.docx,422,C:/Finance/HR/,2025-01-25T09:55:39,high
summary_8110.pdf,.pdf,538,C:/Finance/Reports/,2022-06-12T00:30:24,low
invoice_transfer_8111.csv,.csv,222,C:/Finance/Transactions/,2024-12-10T09:19:17,medium
analysis_review_8112.xlsx,.xlsx,247,C:/Finance/Compliance/,2023-02-10T04:26:32,low
contract_8113.docx,.docx,95,C:/Finance/Customers/,2024-01-22T06:54:31,low
announcement_8114.csv,.csv,806,C:/Finance/PublicInfo/Announcements/,2024-10-11T23:25:28,high
guidelines_policy_8115.docx,.docx,450,C:/Finance/Compliance/,2025-11-06T19:00:09,low
contract_8116.xlsx,.xlsx,1388,C:/Finance/Loans/,2022-07-31T11:46:13,high
transaction_8117.csv,.csv,263,C:/Finance/Transactions/,2024-09-10T07:32:45,low
guidelines_notice_8118.pdf,.pdf,464,C:/Finance/PublicInfo/Announcements/,2025-04-30T01:55:52,medium
guidelines_review_8119.pdf,.pdf,518,C:/Finance/Compliance/,2022-06-07T19:20:10,low
transaction_procedure_8120.docx,.docx,95,C:/Finance/Internal/Policies/,2023-09-27T12:29:24,medium
statement_notice_8121.txt,.txt,62,C:/Finance/PublicInfo/Guidelines/,2024-11-26T15:09:19,low
memo_notice_8122.txt,.txt,68,C:/Finance/PublicInfo/Guidelines/,2023-12-23T18:22:19,medium
report_8123.csv,.csv,663,C:/Finance/Reports/,2024-01-31T00:57:51,high
summary_8124.xlsx,.xlsx,129,C:/Finance/Transactions/,2023-03-19T01:42:19,low
public_notice_roster_8125.pdf,.pdf,1094,C:/Finance/HR/,2024-11-28T12:39:11,medium
loan_contract_analysis_8126.pdf,.pdf,954,C:/Finance/Reports/,2025-11-05T13:25:10,medium
guideline_8127.docx,.docx,544,C:/Finance/Internal/Policies/,2022-08-06T18:37:06,high
summary_notice_8128.pdf,.pdf,1457,C:/Finance/PublicInfo/Guidelines/,2022-05-15T11:59:49,low
memo_memo_8129.pdf,.pdf,796,C:/Finance/Reports/,2023-12-30T21:50:08,low
announcement_8130_final.pdf,.pdf,726,C:/Finance/PublicInfo/Guidelines/,2022-10-05T12:39:53,low
announcement_8131.txt,.txt,27,C:/Finance/PublicInfo/Announcements/,2023-07-25T01:03:08,low
guideline_8132.pdf,.pdf,621,C:/Finance/Internal/Policies/,2025-02-13T02:11:55,medium
report_protocol_8133.xlsx,.xlsx,164,C:/Finance/Internal/Policies/,2025-05-14T20:06:51,low
audit_8134.pdf,.pdf,1062,C:/Finance/Accounts/,2023-01-04T10:59:11,low
statement_8135.csv,.csv,277,C:/Finance/Transactions/,2025-10-11T22:18:16,low
guidelines_contract_8136.xls,.xls,673,C:/Finance/Loans/,2024-05-04T05:06:42,low
loan_8137.xls,.xls,444,C:/Finance/Loans/,2025-07-16T21:54:31,low
account_8138.xlsx,.xlsx,960,C:/Finance/Accounts/,2024-09-08T02:36:26,high
schedule_8139.pdf,.pdf,1681,C:/Finance/PublicInfo/Announcements/,2025-08-27T12:35:14,medium
ledger_protocol_8140.xlsx,.xlsx,1003,C:/Finance/Internal/Policies/,2022-03-02T20:58:43,low
payroll_8141.pdf,.pdf,2813,C:/Finance/HR/,2025-09-25T14:04:44,medium
notice_8142.pdf,.pdf,1337,C:/Finance/PublicInfo/Announcements/,2025-02-20T18:38:55,low
analysis_8143.xlsx,.xlsx,584,C:/Finance/Reports/,2025-06-15T02:04:35,low
summary_review_8144.docx,.docx,635,C:/Finance/Compliance/,2024-03-10T07:33:28,medium
credit_report_profile_8145_final.pdf,.pdf,821,C:/Finance/Customers/,2024-07-19T20:12:07,low
info_8146.pdf,.pdf,430,C:/Finance/Customers/,2022-08-02T06:43:43,medium
memo_report_8147.pdf,.pdf,523,C:/Finance/HR/,2024-05-23T21:50:47,low
audit_8148.csv,.csv,72,C:/Finance/Accounts/,2025-09-07T04:17:14,medium
invoice_protocol_8149.docx,.docx,831,C:/Finance/Internal/Policies/,2024-01-14T20:50:36,high
announcement_contract_8150.xlsx,.xlsx,320,C:/Finance/Loans/,2024-05-10T02:01:58,low
info_8151.docx,.docx,176,C:/Finance/Customers/,2023-12-22T16:25:12,medium
summary_schedule_8152.csv,.csv,310,C:/Finance/PublicInfo/Guidelines/,2023-11-02T23:34:32,low
report_announcement_8153.pdf,.pdf,1284,C:/Finance/PublicInfo/Guidelines/,2024-08-07T17:43:08,medium
schedule_profile_8154.pdf,.pdf,1868,C:/Finance/Customers/,2022-10-19T05:15:47,low
invoice_customer_8155.pdf,.pdf,233,C:/Finance/Customers/,2025-07-22T16:38:50,low
invoice_notice_8156.pdf,.pdf,586,C:/Finance/PublicInfo/Announcements/,2023-11-13T21:52:36,low
statement_customer_8157.pdf,.pdf,594,C:/Finance/Customers/,2023-12-31T00:30:14,low
transaction_repayment_8158.pdf,.pdf,144,C:/Finance/Loans/,2023-11-27T20:49:39,low
announcement_roster_8159.pdf,.pdf,1522,C:/Finance/HR/,2022-10-07T06:36:17,low
summary_8160.csv,.csv,423,C:/Finance/Reports/,2024-03-17T05:16:14,medium
loan_8161.xlsx,.xlsx,373,C:/Finance/Loans/,2025-05-02T09:12:15,high
transaction_8162.csv,.csv,187,C:/Finance/Transactions/,2023-08-06T16:59:05,low
public_notice_loan_8163.docx,.docx,299,C:/Finance/Loans/,2022-04-10T07:53:37,low
statement_8164.xlsx,.xlsx,783,C:/Finance/Transactions/,2025-05-25T20:48:59,low
agreement_8165_final.docx,.docx,488,C:/Finance/Loans/,2022-09-12T09:19:38,low
protocol_8166.xlsx,.xlsx,184,C:/Finance/Internal/Policies/,2025-01-29T09:23:32,medium
report_notice_8167.txt,.txt,26,C:/Finance/PublicInfo/Announcements/,2024-10-15T01:56:02,low
statement_review_8168.pdf,.pdf,299,C:/Finance/Compliance/,2024-07-29T02:42:47,medium
info_ledger_8169.pdf,.pdf,681,C:/Finance/Accounts/,2024-03-29T22:22:49,low
customer_8170.pdf,.pdf,1899,C:/Finance/Customers/,2022-07-25T00:45:16,high
analysis_repayment_8171.pdf,.pdf,996,C:/Finance/Loans/,2022-06-19T09:47:03,high
contract_8172.xls,.xls,1797,C:/Finance/Loans/,2022-10-09T02:58:54,low
report_8173.csv,.csv,657,C:/Finance/Reports/,2023-02-24T21:42:34,low
schedule_8174.txt,.txt,19,C:/Finance/PublicInfo/Guidelines/,2025-08-28T14:52:22,low
statement_balance_8175_archived.csv,.csv,409,C:/Finance/Accounts/,2022-05-15T06:20:37,low
guidelines_audit_8176.docx,.docx,623,C:/Finance/Compliance/,2024-04-24T13:50:50,low
loan_8177.xls,.xls,826,C:/Finance/Loans/,2025-05-19T12:10:44,high
passwords_analysis_8178.csv,.csv,185,C:/Finance/Reports/,2023-12-01T13:12:58,medium
memo_policy_8179.xlsx,.xlsx,63,C:/Finance/Internal/Policies/,2023-06-12T14:31:38,low
notice_8180.csv,.csv,506,C:/Finance/PublicInfo/Guidelines/,2025-05-28T13:53:47,medium
statement_info_8181.txt,.txt,58,C:/Finance/PublicInfo/Announcements/,2024-06-15T11:35:38,medium
procedure_8182.pdf,.pdf,959,C:/Finance/Internal/Policies/,2024-02-19T08:19:33,medium
statement_review_8183.pdf,.pdf,230,C:/Finance/Compliance/,2023-08-09T21:13:17,low
guidelines_notice_8184.txt,.txt,127,C:/Finance/PublicInfo/Announcements/,2024-07-04T18:56:15,low
report_8185_final.xlsx,.xlsx,2158,C:/Finance/Reports/,2022-01-22T14:02:56,low
profile_8186.pdf,.pdf,1523,C:/Finance/Customers/,2022-11-06T11:25:09,low
info_account_8187.xlsx,.xlsx,2200,C:/Finance/Accounts/,2025-11-16T01:11:21,high
transaction_8188.csv,.csv,298,C:/Finance/Transactions/,2025-10-13T22:39:30,low
account_8189.csv,.csv,111,C:/Finance/Accounts/,2023-08-22T04:22:00,medium
info_transfer_8190.xlsx,.xlsx,305,C:/Finance/Transactions/,2022-03-08T05:44:34,low
customer_8191.pdf,.pdf,337,C:/Finance/Customers/,2024-06-12T05:43:37,low
invoice_summary_8192.xlsx,.xlsx,1261,C:/Finance/Reports/,2024-06-11T07:55:32,low
schedule_roster_8193.pdf,.pdf,690,C:/Finance/HR/,2025-01-13T21:51:12,low
memo_account_8194.xlsx,.xlsx,1486,C:/Finance/Accounts/,2024-07-07T21:57:26,medium
guidelines_notice_8195.txt,.txt,91,C:/Finance/PublicInfo/Announcements/,2022-03-27T01:58:54,low
analysis_payroll_8196.xlsx,.xlsx,508,C:/Finance/HR/,2025-03-29T23:21:09,low
policy_transaction_8197.xlsx,.xlsx,778,C:/Finance/Transactions/,2023-01-25T01:59:28,medium
customer_8198.docx,.docx,65,C:/Finance/Customers/,2022-06-04T15:10:28,low
analysis_info_8199.txt,.txt,106,C:/Finance/PublicInfo/Announcements/,2023-12-29T19:05:30,low
memo_8200.xlsx,.xlsx,1145,C:/Finance/Reports/,2022-07-02T17:09:07,low
memo_audit_8201.csv,.csv,252,C:/Finance/Accounts/,2023-02-08T16:47:44,low
info_notice_8202.csv,.csv,18,C:/Finance/PublicInfo/Announcements/,2022-03-08T08:51:25,low
audit_8203.xlsx,.xlsx,375,C:/Finance/Compliance/,2025-12-10T04:36:08,medium
analysis_agreement_8204.docx,.docx,669,C:/Finance/Loans/,2024-05-20T09:02:28,low
account_8205.xlsx,.xlsx,177,C:/Finance/Accounts/,2023-07-31T13:43:25,low
contract_8206.csv,.csv,88,C:/Finance/Customers/,2024-06-08T03:33:31,medium
schedule_8207_draft.pdf,.pdf,206,C:/Finance/PublicInfo/Guidelines/,2024-12-31T17:26:31,low
guidelines_policy_8208.docx,.docx,1059,C:/Finance/Internal/Policies/,2025-02-14T10:04:53,medium
guideline_8209.xlsx,.xlsx,140,C:/Finance/Compliance/,2024-05-14T23:40:17,low
schedule_8210.csv,.csv,180,C:/Finance/PublicInfo/Guidelines/,2025-01-27T01:09:37,low
ledger_payroll_8211.xlsx,.xlsx,444,C:/Finance/HR/,2025-10-17T10:15:20,low
announcement_schedule_8212.csv,.csv,174,C:/Finance/PublicInfo/Guidelines/,2025-06-01T16:05:29,low
info_8213.txt,.txt,120,C:/Finance/PublicInfo/Guidelines/,2025-12-31T00:04:04,low
schedule_8214.pdf,.pdf,1457,C:/Finance/PublicInfo/Guidelines/,2022-04-05T08:28:32,low
ledger_8215.xlsx,.xlsx,684,C:/Finance/Accounts/,2022-05-22T08:19:52,low
salary_salary_8216.docx,.docx,871,C:/Finance/HR/,2024-08-16T21:29:35,low
invoice_account_8217.xlsx,.xlsx,771,C:/Finance/Accounts/,2025-10-17T07:59:54,low
procedure_8218.pdf,.pdf,561,C:/Finance/Internal/Policies/,2025-12-13T16:59:29,low
menu_balance_8219.xlsx,.xlsx,2387,C:/Finance/Accounts/,2023-06-15T12:46:31,high
analysis_policy_8220.pdf,.pdf,2114,C:/Finance/Compliance/,2024-07-22T18:23:43,high
announcement_8221.txt,.txt,13,C:/Finance/PublicInfo/Announcements/,2023-12-12T08:10:35,high
procedure_8222.xlsx,.xlsx,571,C:/Finance/Internal/Policies/,2022-07-21T21:58:51,low
report_8223.xlsx,.xlsx,587,C:/Finance/Reports/,2024-10-13T12:31:07,low
summary_loan_8224.xlsx,.xlsx,1307,C:/Finance/Loans/,2023-06-28T15:57:09,low
notice_8225.csv,.csv,485,C:/Finance/PublicInfo/Announcements/,2023-12-25T00:05:29,medium
public_notice_report_8226.pdf,.pdf,1201,C:/Finance/HR/,2025-08-09T03:03:39,low
review_8227.docx,.docx,767,C:/Finance/Compliance/,2025-07-09T04:50:30,low
protocol_8228.pdf,.pdf,176,C:/Finance/Internal/Policies/,2025-02-12T08:13:26,medium
schedule_8229.txt,.txt,101,C:/Finance/PublicInfo/Announcements/,2023-12-12T00:42:56,low
audit_8230.docx,.docx,648,C:/Finance/Compliance/,2022-03-13T16:07:15,medium
guideline_8231.pdf,.pdf,324,C:/Finance/Internal/Policies/,2023-10-09T05:09:09,low
announcement_info_8232_confidential.txt,.txt,57,C:/Finance/PublicInfo/Guidelines/,2025-07-21T01:51:18,low
summary_review_8233.xlsx,.xlsx,793,C:/Finance/Compliance/,2024-11-03T08:41:48,low
menu_schedule_8234_confidential.csv,.csv,271,C:/Finance/PublicInfo/Guidelines/,2022-05-13T08:30:14,low
schedule_agreement_8235.pdf,.pdf,1650,C:/Finance/Loans/,2023-02-23T03:42:40,low
announcement_8236.pdf,.pdf,1540,C:/Finance/PublicInfo/Guidelines/,2023-03-21T19:13:46,low
account_8237_draft.pdf,.pdf,1461,C:/Finance/Accounts/,2023-03-31T10:49:59,high
policy_guideline_8238.xlsx,.xlsx,888,C:/Finance/Compliance/,2022-01-26T19:30:53,low
audit_8239.pdf,.pdf,1084,C:/Finance/Compliance/,2025-09-15T16:10:22,low
memo_8240.xlsx,.xlsx,494,C:/Finance/Reports/,2023-03-21T14:13:48,low
passwords_info_8241.csv,.csv,440,C:/Finance/PublicInfo/Guidelines/,2024-03-09T15:40:38,low
notice_8242.pdf,.pdf,602,C:/Finance/PublicInfo/Announcements/,2024-02-27T18:45:52,low
repayment_8243_draft.docx,.docx,753,C:/Finance/Loans/,2025-01-31T17:03:10,low
credit_report_payroll_8244.xlsx,.xlsx,32,C:/Finance/HR/,2024-08-05T23:43:35,medium
summary_customer_8245.csv,.csv,216,C:/Finance/Customers/,2024-03-22T03:36:25,low
loan_contract_repayment_8246.xlsx,.xlsx,202,C:/Finance/Loans/,2024-10-09T13:18:07,low
summary_8247_confidential.xlsx,.xlsx,404,C:/Finance/Transactions/,2023-04-10T12:12:30,low
memo_guideline_8248_v2.docx,.docx,66,C:/Finance/Internal/Policies/,2023-06-26T20:08:50,low
report_contract_8249.docx,.docx,246,C:/Finance/Loans/,2023-03-26T23:15:42,low
payroll_8250.pdf,.pdf,9,C:/Finance/HR/,2024-05-04T20:42:11,low
policy_policy_8251.docx,.docx,593,C:/Finance/Compliance/,2023-07-25T15:08:14,high
statement_info_8252.pdf,.pdf,393,C:/Finance/PublicInfo/Guidelines/,2025-06-11T15:27:33,low
agreement_8253.xls,.xls,313,C:/Finance/Loans/,2024-03-29T21:07:44,high
loan_8254.docx,.docx,1052,C:/Finance/Loans/,2023-01-25T09:50:55,high
info_account_8255.xlsx,.xlsx,67,C:/Finance/Accounts/,2023-06-14T15:42:19,low
report_contract_8256.xls,.xls,68,C:/Finance/Loans/,2025-10-23T14:26:13,high
statement_audit_8257.csv,.csv,127,C:/Finance/Accounts/,2022-02-21T00:54:27,medium
policy_audit_8258.xlsx,.xlsx,336,C:/Finance/Accounts/,2022-03-17T11:09:36,medium
summary_guideline_8259.pdf,.pdf,495,C:/Finance/Compliance/,2025-12-21T15:42:17,low
menu_memo_8260.xlsx,.xlsx,348,C:/Finance/Reports/,2022-03-08T18:48:22,low
schedule_8261.pdf,.pdf,567,C:/Finance/PublicInfo/Announcements/,2024-03-14T20:49:46,medium
policy_8262.pdf,.pdf,172,C:/Finance/Internal/Policies/,2024-01-22T09:09:55,medium
agreement_8263.docx,.docx,375,C:/Finance/Loans/,2024-07-27T18:34:44,high
schedule_schedule_8264.csv,.csv,370,C:/Finance/PublicInfo/Guidelines/,2025-11-20T22:40:19,low
notice_8265.csv,.csv,531,C:/Finance/PublicInfo/Guidelines/,2022-05-04T02:09:43,medium
procedure_8266.xlsx,.xlsx,767,C:/Finance/Internal/Policies/,2025-08-31T05:25:56,high
transaction_summary_8267.csv,.csv,8,C:/Finance/Transactions/,2025-02-26T08:41:09,low
protocol_8268.docx,.docx,95,C:/Finance/Internal/Policies/,2023-08-02T05:40:07,medium
customer_8269.docx,.docx,209,C:/Finance/Customers/,2023-01-15T11:36:08,medium
schedule_policy_8270.docx,.docx,373,C:/Finance/Internal/Policies/,2023-03-17T12:41:37,low
policy_summary_8271.csv,.csv,68,C:/Finance/Transactions/,2024-01-16T20:47:34,high
transfer_8272.xlsx,.xlsx,1113,C:/Finance/Transactions/,2025-04-13T05:45:59,low
audit_policy_8273.pdf,.pdf,1504,C:/Finance/Compliance/,2023-07-20T09:32:29,high
announcement_repayment_8274.docx,.docx,759,C:/Finance/Loans/,2023-10-01T06:48:54,low
statement_statement_8275.csv,.csv,36,C:/Finance/Transactions/,2023-10-01T22:38:53,medium
policy_8276.pdf,.pdf,1587,C:/Finance/Internal/Policies/,2024-01-14T05:04:04,medium
announcement_info_8277.pdf,.pdf,1362,C:/Finance/Customers/,2025-02-04T13:12:28,high
audit_8278.csv,.csv,187,C:/Finance/Accounts/,2022-05-30T16:29:52,low
ledger_repayment_8279.pdf,.pdf,894,C:/Finance/Loans/,2022-05-04T13:11:46,medium
repayment_8280.xls,.xls,2029,C:/Finance/Loans/,2023-09-03T03:31:03,medium
transaction_8281.csv,.csv,478,C:/Finance/Transactions/,2024-03-19T12:28:01,low
report_loan_8282.pdf,.pdf,384,C:/Finance/Loans/,2023-10-10T12:01:07,high
guideline_8283.docx,.docx,343,C:/Finance/Internal/Policies/,2024-05-07T06:37:11,high
report_policy_8284_final.pdf,.pdf,1160,C:/Finance/Internal/Policies/,2023-12-15T21:52:46,low
guidelines_summary_8285.pdf,.pdf,573,C:/Finance/Transactions/,2023-02-04T17:12:13,medium
repayment_8286.pdf,.pdf,334,C:/Finance/Loans/,2023-05-09T12:57:23,low
public_notice_account_8287.pdf,.pdf,2038,C:/Finance/Accounts/,2022-08-13T05:16:41,medium
protocol_8288.xlsx,.xlsx,1273,C:/Finance/Internal/Policies/,2025-05-20T09:26:40,medium
summary_8289.xlsx,.xlsx,507,C:/Finance/Reports/,2025-08-02T00:19:14,low
ledger_guideline_8290.pdf,.pdf,1118,C:/Finance/Compliance/,2022-01-19T08:41:20,low
invoice_statement_8291.csv,.csv,235,C:/Finance/Transactions/,2024-07-19T07:56:51,low
info_8292.csv,.csv,246,C:/Finance/Customers/,2024-12-12T05:55:05,high
loan_8293.pdf,.pdf,401,C:/Finance/Loans/,2025-01-03T04:34:03,low
report_8294.pdf,.pdf,782,C:/Finance/Reports/,2024-06-03T10:22:35,low
audit_8295.xlsx,.xlsx,283,C:/Finance/Accounts/,2024-04-20T04:33:35,high
public_notice_account_8296.xlsx,.xlsx,131,C:/Finance/Accounts/,2023-04-29T03:59:39,low
policy_8297.pdf,.pdf,906,C:/Finance/Internal/Policies/,2025-02-22T11:14:41,low
repayment_8298.xlsx,.xlsx,172,C:/Finance/Loans/,2023-11-07T03:13:22,low
memo_guideline_8299_draft.pdf,.pdf,430,C:/Finance/Compliance/,2022-02-08T05:38:16,low
credit_report_payroll_8300_draft.xlsx,.xlsx,90,C:/Finance/HR/,2024-02-14T07:46:03,medium
ledger_contract_8301_v2.xls,.xls,12,C:/Finance/Loans/,2023-04-29T21:36:53,low
contract_8302_v2.docx,.docx,305,C:/Finance/Loans/,2025-01-20T19:19:20,low
info_schedule_8303.txt,.txt,51,C:/Finance/PublicInfo/Guidelines/,2025-05-03T04:48:20,low
transaction_salary_8304.pdf,.pdf,761,C:/Finance/HR/,2023-10-24T14:15:12,medium
contract_8305.xlsx,.xlsx,197,C:/Finance/Loans/,2023-08-14T13:46:37,medium
report_8306.pdf,.pdf,352,C:/Finance/Reports/,2025-06-15T23:38:54,low
public_notice_review_8307.xlsx,.xlsx,312,C:/Finance/Compliance/,2024-09-11T14:49:03,low
info_8308.csv,.csv,117,C:/Finance/PublicInfo/Announcements/,2025-08-06T22:54:22,low
confidential_notice_8309.pdf,.pdf,753,C:/Finance/PublicInfo/Guidelines/,2023-10-14T20:35:43,low
summary_8310.csv,.csv,193,C:/Finance/Reports/,2023-08-04T08:42:45,medium
loan_8311.pdf,.pdf,1604,C:/Finance/Loans/,2022-04-05T00:57:27,low
review_8312.pdf,.pdf,301,C:/Finance/Compliance/,2023-02-04T02:50:55,low
notice_8313.txt,.txt,80,C:/Finance/PublicInfo/Announcements/,2025-03-25T05:03:42,low
invoice_loan_8314.docx,.docx,441,C:/Finance/Loans/,2023-12-21T05:07:26,medium
public_notice_info_8315.csv,.csv,79,C:/Finance/Customers/,2022-11-03T04:17:14,low
info_procedure_8316.docx,.docx,172,C:/Finance/Internal/Policies/,2024-03-09T15:42:51,low
guideline_8317_final.xlsx,.xlsx,106,C:/Finance/Compliance/,2025-11-22T16:11:48,medium
announcement_8318.csv,.csv,411,C:/Finance/PublicInfo/Announcements/,2023-08-27T05:51:20,low
customer_8319_final.pdf,.pdf,221,C:/Finance/Customers/,2023-06-30T23:13:30,high
summary_8320.csv,.csv,148,C:/Finance/Reports/,2022-01-05T02:56:25,high
analysis_8321.csv,.csv,261,C:/Finance/Reports/,2023-12-23T09:09:44,low
info_8322_archived.txt,.txt,89,C:/Finance/PublicInfo/Guidelines/,2024-11-25T07:05:32,low
policy_schedule_8323.pdf,.pdf,63,C:/Finance/PublicInfo/Guidelines/,2025-03-13T10:25:50,low
transaction_8324.csv,.csv,492,C:/Finance/Transactions/,2022-05-12T09:16:24,low
ledger_8325.pdf,.pdf,746,C:/Finance/Accounts/,2024-04-22T22:00:36,low
public_notice_procedure_8326.pdf,.pdf,212,C:/Finance/Internal/Policies/,2024-01-26T20:23:33,low
invoice_info_8327.txt,.txt,91,C:/Finance/PublicInfo/Guidelines/,2022-04-14T09:17:33,medium
schedule_summary_8328.csv,.csv,189,C:/Finance/Transactions/,2022-05-14T22:25:55,low
account_number_memo_8329.xlsx,.xlsx,861,C:/Finance/Reports/,2023-05-22T08:37:03,high
transaction_info_8330_v2.docx,.docx,186,C:/Finance/Customers/,2022-10-28T21:49:13,medium
ledger_8331.csv,.csv,178,C:/Finance/Accounts/,2022-07-05T05:34:00,low
guidelines_summary_8332.xlsx,.xlsx,383,C:/Finance/Reports/,2025-01-16T16:35:04,medium
public_notice_review_8333_v2.docx,.docx,332,C:/Finance/Compliance/,2025-11-19T15:45:32,high
guideline_8334.pdf,.pdf,896,C:/Finance/Internal/Policies/,2022-10-02T23:59:07,low
policy_salary_8335.docx,.docx,129,C:/Finance/HR/,2025-05-21T08:14:04,medium
announcement_review_8336.pdf,.pdf,2218,C:/Finance/Compliance/,2024-09-14T06:47:11,low
ledger_ledger_8337.csv,.csv,172,C:/Finance/Accounts/,2025-10-06T02:14:40,medium
summary_schedule_8338_v2.txt,.txt,139,C:/Finance/PublicInfo/Announcements/,2025-06-24T16:23:01,low
ledger_info_8339_draft.pdf,.pdf,1661,C:/Finance/PublicInfo/Guidelines/,2023-02-09T01:33:32,low
ledger_guideline_8340.docx,.docx,389,C:/Finance/Compliance/,2022-07-05T13:02:30,high
ledger_8341.pdf,.pdf,405,C:/Finance/Accounts/,2022-05-10T19:49:32,medium
contract_8342.pdf,.pdf,233,C:/Finance/Customers/,2024-09-15T08:00:58,low
public_notice_guideline_8343.docx,.docx,485,C:/Finance/Compliance/,2022-12-07T03:35:04,low
announcement_8344.txt,.txt,88,C:/Finance/PublicInfo/Announcements/,2024-09-10T08:09:57,low
menu_statement_8345.xlsx,.xlsx,917,C:/Finance/Transactions/,2025-02-27T01:12:05,medium
policy_salary_8346.xlsx,.xlsx,1673,C:/Finance/HR/,2022-06-03T09:21:04,medium
ledger_policy_8347_v2.docx,.docx,250,C:/Finance/Compliance/,2022-07-17T18:32:42,medium
announcement_roster_8348.pdf,.pdf,648,C:/Finance/HR/,2023-01-04T05:24:06,medium
repayment_8349.xlsx,.xlsx,204,C:/Finance/Loans/,2023-07-22T23:57:38,low
ssn_info_8350_v2.pdf,.pdf,239,C:/Finance/PublicInfo/Guidelines/,2025-11-03T14:31:58,medium
report_8351.pdf,.pdf,861,C:/Finance/HR/,2024-11-07T11:15:41,medium
schedule_report_8352.csv,.csv,444,C:/Finance/Reports/,2023-06-14T01:00:18,low
schedule_protocol_8353.xlsx,.xlsx,602,C:/Finance/Internal/Policies/,2024-01-03T19:31:42,low
ledger_info_8354.csv,.csv,23,C:/Finance/PublicInfo/Guidelines/,2023-02-19T08:14:40,low
analysis_info_8355.pdf,.pdf,2198,C:/Finance/Customers/,2022-09-14T15:42:52,low
bank_statement_procedure_8356_confidential.docx,.docx,440,C:/Finance/Internal/Policies/,2022-01-02T19:47:40,low
statement_agreement_8357.pdf,.pdf,463,C:/Finance/Loans/,2023-06-25T10:27:46,high
analysis_8358.pdf,.pdf,306,C:/Finance/Reports/,2022-07-26T09:36:03,low
invoice_info_8359.txt,.txt,110,C:/Finance/PublicInfo/Guidelines/,2024-05-22T11:14:47,low
guidelines_policy_8360.docx,.docx,216,C:/Finance/Compliance/,2024-11-19T13:04:15,low
audit_8361.pdf,.pdf,2486,C:/Finance/Compliance/,2025-09-09T15:56:18,high
info_8362.docx,.docx,545,C:/Finance/Customers/,2023-05-07T15:33:04,low
summary_schedule_8363.pdf,.pdf,841,C:/Finance/PublicInfo/Announcements/,2025-07-19T08:40:52,low
invoice_memo_8364.csv,.csv,180,C:/Finance/Reports/,2025-02-04T15:36:09,low
contract_8365.pdf,.pdf,1416,C:/Finance/Customers/,2023-02-18T07:01:13,medium
public_notice_guideline_8366.xlsx,.xlsx,1040,C:/Finance/Internal/Policies/,2024-04-19T23:36:23,low
agreement_8367.pdf,.pdf,597,C:/Finance/Loans/,2024-02-15T19:36:19,medium
invoice_review_8368_draft.pdf,.pdf,310,C:/Finance/Compliance/,2022-06-13T13:37:14,low
agreement_8369.xls,.xls,1558,C:/Finance/Loans/,2022-05-20T20:15:17,low
guidelines_salary_8370.pdf,.pdf,615,C:/Finance/HR/,2023-12-23T12:04:11,medium
payroll_8371.pdf,.pdf,1263,C:/Finance/HR/,2023-02-07T07:33:53,low
schedule_agreement_8372.xls,.xls,681,C:/Finance/Loans/,2024-04-22T22:59:15,low
pin_repayment_8373.docx,.docx,421,C:/Finance/Loans/,2025-05-30T13:54:54,low
summary_transaction_8374_draft.pdf,.pdf,1561,C:/Finance/Transactions/,2022-08-18T21:28:32,high
info_transaction_8375.pdf,.pdf,699,C:/Finance/Transactions/,2025-08-17T15:00:59,high
guidelines_audit_8376.csv,.csv,449,C:/Finance/Accounts/,2025-09-13T14:21:59,medium
policy_balance_8377.xlsx,.xlsx,965,C:/Finance/Accounts/,2023-11-09T03:54:50,high
review_8378.pdf,.pdf,2408,C:/Finance/Compliance/,2024-08-25T08:47:23,low
report_8379.pdf,.pdf,666,C:/Finance/HR/,2023-10-17T17:39:08,low
transfer_8380.csv,.csv,99,C:/Finance/Transactions/,2022-04-10T07:02:17,low
schedule_8381.txt,.txt,54,C:/Finance/PublicInfo/Announcements/,2023-02-08T17:28:21,low
schedule_audit_8382.docx,.docx,703,C:/Finance/Compliance/,2024-10-06T07:39:04,low
schedule_schedule_8383.pdf,.pdf,2,C:/Finance/PublicInfo/Guidelines/,2023-07-04T20:10:50,low
public_notice_balance_8384.csv,.csv,38,C:/Finance/Accounts/,2025-04-10T23:08:19,medium
audit_account_8385.csv,.csv,169,C:/Finance/Accounts/,2023-10-08T01:28:11,low
schedule_guideline_8386.pdf,.pdf,616,C:/Finance/Compliance/,2024-01-17T21:38:34,high
schedule_8387.pdf,.pdf,1062,C:/Finance/PublicInfo/Guidelines/,2024-10-22T12:47:16,low
announcement_guideline_8388.docx,.docx,770,C:/Finance/Compliance/,2022-06-17T02:45:24,low
policy_8389.xlsx,.xlsx,1216,C:/Finance/Internal/Policies/,2025-03-23T23:18:49,low
ledger_roster_8390.xlsx,.xlsx,237,C:/Finance/HR/,2024-05-03T09:02:00,low
pin_transfer_8391.xlsx,.xlsx,309,C:/Finance/Transactions/,2022-04-13T18:24:28,high
memo_customer_8392.docx,.docx,642,C:/Finance/Customers/,2023-01-29T15:56:10,low
salary_8393.docx,.docx,193,C:/Finance/HR/,2022-08-08T06:14:39,low
info_agreement_8394.xls,.xls,211,C:/Finance/Loans/,2023-11-25T06:33:07,low
statement_procedure_8395.docx,.docx,135,C:/Finance/Internal/Policies/,2024-01-15T11:45:18,low
policy_info_8396.txt,.txt,49,C:/Finance/PublicInfo/Announcements/,2025-11-29T05:37:50,low
info_schedule_8397.pdf,.pdf,127,C:/Finance/PublicInfo/Announcements/,2024-07-05T07:21:27,low
balance_8398.xlsx,.xlsx,998,C:/Finance/Accounts/,2023-01-26T17:30:08,low
credit_report_roster_8399.docx,.docx,464,C:/Finance/HR/,2023-10-07T08:53:27,medium
contract_8400.pdf,.pdf,3432,C:/Finance/Loans/,2022-01-21T07:42:00,medium
info_8401.csv,.csv,49,C:/Finance/Customers/,2024-02-14T00:23:04,medium
audit_8402.pdf,.pdf,2128,C:/Finance/Accounts/,2022-07-27T15:57:56,medium
protocol_8403.docx,.docx,417,C:/Finance/Internal/Policies/,2022-08-10T09:46:18,low
transaction_payroll_8404.docx,.docx,481,C:/Finance/HR/,2023-09-04T10:03:12,low
contract_8405.docx,.docx,717,C:/Finance/Customers/,2025-04-10T22:12:41,medium
memo_8406.pdf,.pdf,442,C:/Finance/Reports/,2022-08-17T12:52:07,medium
analysis_statement_8407.xlsx,.xlsx,247,C:/Finance/Transactions/,2024-01-19T19:12:56,low
review_8408.docx,.docx,69,C:/Finance/Compliance/,2023-05-05T00:04:21,low
guidelines_protocol_8409.docx,.docx,1350,C:/Finance/Internal/Policies/,2024-02-27T03:06:25,low
account_8410.pdf,.pdf,61,C:/Finance/Accounts/,2024-04-24T10:54:34,low
schedule_8411.pdf,.pdf,258,C:/Finance/PublicInfo/Announcements/,2025-07-22T22:26:49,low
guideline_8412.xlsx,.xlsx,2018,C:/Finance/Compliance/,2022-10-20T00:56:05,medium
invoice_review_8413.xlsx,.xlsx,123,C:/Finance/Compliance/,2024-04-18T19:22:55,medium
loan_8414.pdf,.pdf,395,C:/Finance/Loans/,2022-09-21T21:53:50,low
contract_8415_draft.xls,.xls,1500,C:/Finance/Loans/,2025-01-11T23:34:20,low
transfer_8416.pdf,.pdf,1574,C:/Finance/Transactions/,2022-09-14T09:58:42,medium
notice_8417.csv,.csv,261,C:/Finance/PublicInfo/Guidelines/,2023-07-11T05:05:58,low
guideline_8418.pdf,.pdf,958,C:/Finance/Internal/Policies/,2022-08-06T06:09:35,low
profile_8419.docx,.docx,663,C:/Finance/Customers/,2022-10-15T03:27:39,high
report_info_8420.pdf,.pdf,1605,C:/Finance/PublicInfo/Announcements/,2025-08-25T19:08:05,medium
ssn_salary_8421.pdf,.pdf,357,C:/Finance/HR/,2025-10-11T00:59:34,high
protocol_8422.pdf,.pdf,962,C:/Finance/Internal/Policies/,2023-04-23T03:34:01,medium
summary_review_8423.xlsx,.xlsx,270,C:/Finance/Compliance/,2022-05-06T10:13:47,high
profile_8424.pdf,.pdf,533,C:/Finance/Customers/,2024-05-31T10:43:22,low
analysis_memo_8425.pdf,.pdf,679,C:/Finance/Reports/,2023-02-11T08:46:27,low
transaction_notice_8426.pdf,.pdf,688,C:/Finance/PublicInfo/Announcements/,2025-02-04T18:35:15,low
statement_audit_8427.pdf,.pdf,2254,C:/Finance/Accounts/,2025-11-20T01:04:53,low
statement_account_8428.pdf,.pdf,1296,C:/Finance/Accounts/,2023-03-11T13:01:32,low
credit_report_notice_8429.csv,.csv,243,C:/Finance/PublicInfo/Announcements/,2023-12-06T23:02:03,medium
memo_contract_8430.docx,.docx,19,C:/Finance/Loans/,2024-07-07T03:42:23,low
public_notice_agreement_8431.xlsx,.xlsx,1018,C:/Finance/Loans/,2023-03-13T06:17:05,low
summary_loan_8432.docx,.docx,297,C:/Finance/Loans/,2022-07-05T05:22:19,low
schedule_8433.pdf,.pdf,114,C:/Finance/PublicInfo/Announcements/,2024-08-31T10:27:19,medium
info_info_8434.txt,.txt,26,C:/Finance/PublicInfo/Announcements/,2024-07-01T00:18:04,low
guideline_8435.docx,.docx,330,C:/Finance/Compliance/,2022-02-08T12:06:10,high
guidelines_info_8436.csv,.csv,217,C:/Finance/PublicInfo/Guidelines/,2024-07-07T13:53:06,low
invoice_profile_8437.docx,.docx,472,C:/Finance/Customers/,2024-04-05T22:30:36,medium
ledger_8438.csv,.csv,734,C:/Finance/Accounts/,2024-03-30T19:24:58,high
review_8439.pdf,.pdf,246,C:/Finance/Compliance/,2024-02-11T00:37:27,medium
analysis_8440.pdf,.pdf,1343,C:/Finance/Reports/,2022-02-05T16:13:28,low
balance_8441.csv,.csv,107,C:/Finance/Accounts/,2025-09-03T16:28:00,low
guideline_8442.pdf,.pdf,1151,C:/Finance/Compliance/,2023-02-15T06:08:45,low
summary_8443.csv,.csv,252,C:/Finance/Reports/,2022-08-25T20:51:58,low
contract_8444.pdf,.pdf,415,C:/Finance/Loans/,2022-01-18T18:13:55,low
menu_analysis_8445.xlsx,.xlsx,313,C:/Finance/Reports/,2022-12-27T13:27:05,low
audit_8446.csv,.csv,9,C:/Finance/Accounts/,2022-09-16T08:52:16,high
protocol_8447_v2.xlsx,.xlsx,90,C:/Finance/Internal/Policies/,2024-04-18T03:48:38,low
schedule_profile_8448.pdf,.pdf,1162,C:/Finance/Customers/,2023-10-29T13:31:16,low
audit_8449.xlsx,.xlsx,60,C:/Finance/Compliance/,2025-04-10T19:22:59,low
announcement_8450.csv,.csv,326,C:/Finance/PublicInfo/Announcements/,2024-11-16T01:16:29,medium
public_notice_contract_8451.xlsx,.xlsx,1252,C:/Finance/Loans/,2025-02-15T09:00:37,low
info_review_8452.docx,.docx,452,C:/Finance/Compliance/,2023-07-22T16:13:32,low
schedule_8453_confidential.csv,.csv,448,C:/Finance/PublicInfo/Announcements/,2025-09-21T14:07:18,low
info_schedule_8454.pdf,.pdf,1233,C:/Finance/PublicInfo/Announcements/,2023-08-30T02:05:50,high
balance_8455.csv,.csv,474,C:/Finance/Accounts/,2022-08-05T20:28:21,high
audit_8456.pdf,.pdf,235,C:/Finance/Compliance/,2025-03-09T13:52:38,low
guidelines_loan_8457.docx,.docx,755,C:/Finance/Loans/,2024-04-20T03:00:51,high
report_8458_final.csv,.csv,253,C:/Finance/Reports/,2025-09-17T13:21:07,low
transaction_repayment_8459.xls,.xls,55,C:/Finance/Loans/,2024-03-03T16:22:25,low
statement_8460.csv,.csv,363,C:/Finance/Transactions/,2025-09-23T22:50:17,low
info_8461.pdf,.pdf,1950,C:/Finance/Customers/,2025-12-14T07:58:44,low
account_8462_final.xlsx,.xlsx,1660,C:/Finance/Accounts/,2025-06-05T04:32:33,medium
menu_transaction_8463.pdf,.pdf,3056,C:/Finance/Transactions/,2024-07-13T14:59:06,high
summary_8464.xlsx,.xlsx,1170,C:/Finance/Transactions/,2025-08-06T20:41:56,medium
policy_8465.pdf,.pdf,448,C:/Finance/Internal/Policies/,2025-03-30T21:46:53,low
info_8466.pdf,.pdf,1562,C:/Finance/PublicInfo/Announcements/,2023-09-09T21:59:11,medium
statement_report_8467.docx,.docx,819,C:/Finance/HR/,2022-10-05T23:47:57,low
ledger_8468.xlsx,.xlsx,1384,C:/Finance/Accounts/,2022-07-05T02:08:15,medium
info_balance_8469.xlsx,.xlsx,553,C:/Finance/Accounts/,2023-07-10T20:39:10,low
bank_statement_audit_8470.xlsx,.xlsx,996,C:/Finance/Compliance/,2022-08-05T10:01:27,medium
schedule_audit_8471.docx,.docx,592,C:/Finance/Compliance/,2023-04-03T23:19:50,low
summary_payroll_8472_confidential.pdf,.pdf,485,C:/Finance/HR/,2024-06-12T10:33:24,low
schedule_8473.pdf,.pdf,893,C:/Finance/PublicInfo/Guidelines/,2023-10-31T09:52:49,low
payroll_8474.xlsx,.xlsx,381,C:/Finance/HR/,2023-01-12T02:54:14,low
policy_8475.xlsx,.xlsx,68,C:/Finance/Internal/Policies/,2023-08-18T23:45:34,low
pin_transaction_8476.pdf,.pdf,347,C:/Finance/Transactions/,2025-07-28T13:23:39,medium
info_8477.csv,.csv,543,C:/Finance/PublicInfo/Announcements/,2023-01-02T17:10:03,low
contract_8478_final.pdf,.pdf,1680,C:/Finance/Customers/,2024-10-30T09:15:04,medium
summary_8479.pdf,.pdf,485,C:/Finance/Reports/,2023-04-25T19:34:28,low
guidelines_salary_8480.pdf,.pdf,1663,C:/Finance/HR/,2025-08-24T03:55:37,medium
menu_payroll_8481.xlsx,.xlsx,636,C:/Finance/HR/,2023-09-10T15:04:59,low
summary_8482_archived.xlsx,.xlsx,286,C:/Finance/Reports/,2024-02-08T12:27:36,medium
public_notice_info_8483.txt,.txt,82,C:/Finance/PublicInfo/Announcements/,2022-12-19T16:14:03,low
audit_policy_8484.xlsx,.xlsx,711,C:/Finance/Compliance/,2025-03-13T23:17:52,low
ledger_notice_8485.pdf,.pdf,1827,C:/Finance/PublicInfo/Guidelines/,2022-12-30T04:52:35,low
summary_report_8486.pdf,.pdf,1108,C:/Finance/HR/,2024-07-08T04:32:57,medium
menu_review_8487.xlsx,.xlsx,575,C:/Finance/Compliance/,2025-10-09T15:59:08,low
notice_8488.csv,.csv,256,C:/Finance/PublicInfo/Announcements/,2024-03-01T18:14:56,low
agreement_8489_draft.pdf,.pdf,960,C:/Finance/Loans/,2022-04-25T02:17:55,low
report_account_8490_v2.xlsx,.xlsx,1890,C:/Finance/Accounts/,2022-01-14T20:53:55,medium
report_8491.docx,.docx,476,C:/Finance/HR/,2024-08-17T13:29:00,low
summary_8492.xlsx,.xlsx,85,C:/Finance/Transactions/,2025-04-23T20:21:41,low
customer_8493.csv,.csv,374,C:/Finance/Customers/,2025-06-29T10:06:44,low
ledger_payroll_8494.pdf,.pdf,1011,C:/Finance/HR/,2022-02-09T21:10:13,medium
announcement_8495.txt,.txt,74,C:/Finance/PublicInfo/Guidelines/,2022-10-01T09:55:42,low
announcement_8496.txt,.txt,26,C:/Finance/PublicInfo/Announcements/,2025-11-24T14:10:36,low
transaction_notice_8497.pdf,.pdf,1501,C:/Finance/PublicInfo/Announcements/,2022-06-22T09:01:47,medium
analysis_salary_8498_draft.pdf,.pdf,244,C:/Finance/HR/,2023-12-25T00:43:09,low
policy_summary_8499.pdf,.pdf,104,C:/Finance/Transactions/,2023-08-16T14:23:10,medium
customer_8500.docx,.docx,528,C:/Finance/Customers/,2024-01-07T01:02:03,low
invoice_protocol_8501.pdf,.pdf,985,C:/Finance/Internal/Policies/,2024-02-19T05:03:13,medium
info_loan_8502.xlsx,.xlsx,1388,C:/Finance/Loans/,2025-01-15T13:16:15,medium
announcement_8503.pdf,.pdf,1757,C:/Finance/PublicInfo/Announcements/,2024-07-19T14:03:22,low
audit_8504.docx,.docx,885,C:/Finance/Compliance/,2024-10-27T06:53:42,high
policy_info_8505.pdf,.pdf,1915,C:/Finance/PublicInfo/Announcements/,2022-11-17T00:36:18,medium
summary_8506.xlsx,.xlsx,1210,C:/Finance/Reports/,2024-08-09T23:49:29,medium
credit_report_review_8507.docx,.docx,460,C:/Finance/Compliance/,2025-12-31T10:13:38,low
report_loan_8508.xlsx,.xlsx,1513,C:/Finance/Loans/,2024-09-23T14:06:11,high
analysis_balance_8509.xlsx,.xlsx,658,C:/Finance/Accounts/,2023-01-28T23:22:47,low
summary_schedule_8510.txt,.txt,86,C:/Finance/PublicInfo/Guidelines/,2025-08-22T22:19:33,high
agreement_8511.docx,.docx,103,C:/Finance/Loans/,2025-04-06T00:13:55,high
notice_8512.pdf,.pdf,1786,C:/Finance/PublicInfo/Announcements/,2024-09-19T20:02:29,low
pin_info_8513.csv,.csv,41,C:/Finance/PublicInfo/Guidelines/,2022-08-23T19:43:50,low
review_8514.pdf,.pdf,710,C:/Finance/Compliance/,2023-09-13T11:58:59,low
info_8515.csv,.csv,180,C:/Finance/PublicInfo/Guidelines/,2024-03-12T04:14:53,low
guidelines_report_8516.xlsx,.xlsx,460,C:/Finance/HR/,2023-09-24T01:49:21,medium
confidential_profile_8517.docx,.docx,509,C:/Finance/Customers/,2025-03-27T18:25:57,low
credit_report_account_8518.csv,.csv,280,C:/Finance/Accounts/,2024-07-04T00:29:51,high
contract_8519.pdf,.pdf,1776,C:/Finance/Customers/,2024-02-01T11:36:39,low
audit_8520.docx,.docx,328,C:/Finance/Compliance/,2025-06-04T02:01:08,medium
report_8521_v2.docx,.docx,369,C:/Finance/HR/,2023-02-21T12:12:49,high
report_loan_8522.pdf,.pdf,743,C:/Finance/Loans/,2022-11-22T17:38:52,medium
audit_8523.docx,.docx,1076,C:/Finance/Compliance/,2023-11-01T06:56:41,medium
notice_8524.pdf,.pdf,38,C:/Finance/PublicInfo/Guidelines/,2023-06-04T02:35:38,low
invoice_repayment_8525.xlsx,.xlsx,556,C:/Finance/Loans/,2023-11-28T21:19:37,high
balance_8526.xlsx,.xlsx,534,C:/Finance/Accounts/,2025-10-13T14:16:11,low
procedure_8527.pdf,.pdf,1575,C:/Finance/Internal/Policies/,2022-01-14T19:42:11,low
notice_8528.txt,.txt,119,C:/Finance/PublicInfo/Guidelines/,2024-12-29T12:38:29,medium
memo_salary_8529.pdf,.pdf,82,C:/Finance/HR/,2025-11-11T16:18:26,medium
profile_8530.pdf,.pdf,1037,C:/Finance/Customers/,2023-05-07T05:42:44,medium
summary_transfer_8531.csv,.csv,139,C:/Finance/Transactions/,2025-11-18T18:36:00,medium
guideline_8532.docx,.docx,690,C:/Finance/Compliance/,2024-07-27T10:58:23,high
report_summary_8533.xlsx,.xlsx,73,C:/Finance/Transactions/,2022-01-10T07:30:55,medium
report_audit_8534.pdf,.pdf,359,C:/Finance/Compliance/,2024-05-16T15:21:42,medium
analysis_transaction_8535.csv,.csv,389,C:/Finance/Transactions/,2022-04-18T12:54:22,high
schedule_8536.pdf,.pdf,762,C:/Finance/PublicInfo/Guidelines/,2024-04-30T04:12:43,high
summary_contract_8537_archived.docx,.docx,1117,C:/Finance/Loans/,2023-07-16T08:32:37,low
schedule_8538.csv,.csv,384,C:/Finance/PublicInfo/Guidelines/,2023-08-23T13:07:59,low
statement_8539.pdf,.pdf,1573,C:/Finance/Transactions/,2025-12-05T06:01:32,low
ledger_guideline_8540.xlsx,.xlsx,181,C:/Finance/Internal/Policies/,2023-04-16T11:05:11,low
invoice_roster_8541.docx,.docx,330,C:/Finance/HR/,2024-08-17T05:31:06,medium
statement_8542.xlsx,.xlsx,382,C:/Finance/Transactions/,2022-03-26T14:28:38,high
menu_repayment_8543.docx,.docx,149,C:/Finance/Loans/,2025-06-05T01:14:56,low
schedule_agreement_8544.xls,.xls,1225,C:/Finance/Loans/,2023-01-31T17:14:22,low
review_8545.docx,.docx,36,C:/Finance/Compliance/,2023-04-23T08:35:52,medium
schedule_8546.txt,.txt,33,C:/Finance/PublicInfo/Guidelines/,2024-05-30T14:28:36,low
report_8547.pdf,.pdf,751,C:/Finance/HR/,2023-03-01T10:40:05,low
transaction_guideline_8548.docx,.docx,498,C:/Finance/Internal/Policies/,2022-05-16T19:44:00,medium
policy_8549.docx,.docx,104,C:/Finance/Compliance/,2022-03-05T19:55:22,low
ssn_contract_8550.csv,.csv,490,C:/Finance/Customers/,2025-05-26T18:16:15,high
review_8551.xlsx,.xlsx,1920,C:/Finance/Compliance/,2024-01-16T11:35:52,low
balance_8552.pdf,.pdf,1329,C:/Finance/Accounts/,2025-03-05T17:26:42,low
repayment_8553.pdf,.pdf,448,C:/Finance/Loans/,2025-09-11T23:00:34,low
info_transfer_8554.pdf,.pdf,1927,C:/Finance/Transactions/,2022-03-31T14:56:30,medium
loan_contract_memo_8555.csv,.csv,358,C:/Finance/Reports/,2023-02-26T04:12:55,medium
guidelines_contract_8556.pdf,.pdf,65,C:/Finance/Customers/,2024-03-09T08:19:49,low
policy_8557.docx,.docx,622,C:/Finance/Compliance/,2022-06-04T17:45:23,low
guidelines_salary_8558.pdf,.pdf,875,C:/Finance/HR/,2025-02-19T01:59:12,low
public_notice_protocol_8559.docx,.docx,423,C:/Finance/Internal/Policies/,2024-08-20T04:51:26,low
memo_summary_8560.csv,.csv,21,C:/Finance/Reports/,2022-09-02T10:00:13,medium
announcement_info_8561.txt,.txt,125,C:/Finance/PublicInfo/Announcements/,2024-01-27T02:32:06,low
account_8562.xlsx,.xlsx,439,C:/Finance/Accounts/,2024-03-12T19:00:14,medium
schedule_audit_8563_draft.xlsx,.xlsx,306,C:/Finance/Accounts/,2023-04-28T17:55:20,low
statement_contract_8564.pdf,.pdf,1384,C:/Finance/Loans/,2023-01-18T19:11:13,low
report_profile_8565_archived.pdf,.pdf,397,C:/Finance/Customers/,2023-01-24T17:56:16,medium
announcement_notice_8566.txt,.txt,103,C:/Finance/PublicInfo/Guidelines/,2022-03-13T06:20:45,low
guidelines_balance_8567.pdf,.pdf,188,C:/Finance/Accounts/,2022-06-04T09:34:52,high
passwords_transaction_8568.pdf,.pdf,397,C:/Finance/Transactions/,2024-11-25T04:39:38,low
loan_8569.xlsx,.xlsx,120,C:/Finance/Loans/,2023-10-06T04:39:28,medium
announcement_report_8570_v2.pdf,.pdf,279,C:/Finance/Reports/,2022-11-12T09:05:52,low
announcement_roster_8571.xlsx,.xlsx,857,C:/Finance/HR/,2024-02-03T04:50:22,low
summary_8572.xlsx,.xlsx,912,C:/Finance/Reports/,2024-10-28T12:20:45,medium
memo_8573.csv,.csv,208,C:/Finance/Reports/,2025-10-23T00:24:43,low
statement_8574.xlsx,.xlsx,335,C:/Finance/Transactions/,2022-08-29T15:11:25,low
report_8575.docx,.docx,722,C:/Finance/HR/,2025-03-01T11:40:42,medium
guideline_8576.pdf,.pdf,800,C:/Finance/Internal/Policies/,2022-07-05T02:51:36,medium
balance_8577.xlsx,.xlsx,543,C:/Finance/Accounts/,2024-12-13T01:31:49,low
info_protocol_8578.docx,.docx,547,C:/Finance/Internal/Policies/,2025-09-19T23:57:03,low
info_8579.pdf,.pdf,726,C:/Finance/PublicInfo/Announcements/,2025-08-02T11:06:24,low
balance_8580.pdf,.pdf,853,C:/Finance/Accounts/,2022-12-15T09:43:00,medium
contract_8581.docx,.docx,577,C:/Finance/Customers/,2024-02-09T09:30:29,high
info_schedule_8582.pdf,.pdf,859,C:/Finance/PublicInfo/Guidelines/,2025-03-05T07:32:10,low
notice_8583.txt,.txt,11,C:/Finance/PublicInfo/Announcements/,2024-04-09T23:04:35,low
agreement_8584.docx,.docx,624,C:/Finance/Loans/,2022-12-09T21:37:01,low
contract_8585.docx,.docx,1249,C:/Finance/Customers/,2022-08-11T01:55:52,high
analysis_contract_8586.xlsx,.xlsx,1286,C:/Finance/Loans/,2022-03-11T18:25:14,low
analysis_review_8587.pdf,.pdf,2408,C:/Finance/Compliance/,2025-03-23T12:59:44,medium
announcement_8588.pdf,.pdf,16,C:/Finance/PublicInfo/Announcements/,2023-01-10T03:01:20,low
customer_8589.pdf,.pdf,289,C:/Finance/Customers/,2024-06-16T08:02:25,medium
menu_guideline_8590.xlsx,.xlsx,95,C:/Finance/Compliance/,2022-07-14T04:04:22,low
info_8591.csv,.csv,74,C:/Finance/Customers/,2024-11-11T15:30:11,medium
profile_8592.docx,.docx,110,C:/Finance/Customers/,2025-05-09T00:52:28,low
audit_schedule_8593.csv,.csv,225,C:/Finance/PublicInfo/Guidelines/,2023-12-10T16:42:44,low
info_transaction_8594_v2.xlsx,.xlsx,154,C:/Finance/Transactions/,2024-08-11T07:09:50,high
announcement_procedure_8595_confidential.docx,.docx,1127,C:/Finance/Internal/Policies/,2024-06-08T18:33:00,high
guidelines_announcement_8596.csv,.csv,130,C:/Finance/PublicInfo/Guidelines/,2022-12-05T20:04:14,low
account_number_report_8597_final.pdf,.pdf,791,C:/Finance/Reports/,2022-01-12T08:02:32,medium
info_8598.docx,.docx,173,C:/Finance/Customers/,2023-03-10T17:47:31,low
transaction_schedule_8599_draft.pdf,.pdf,146,C:/Finance/PublicInfo/Guidelines/,2024-03-07T22:03:51,medium
summary_8600.pdf,.pdf,1710,C:/Finance/Reports/,2025-11-29T03:14:19,low
policy_8601.docx,.docx,27,C:/Finance/Compliance/,2025-06-04T04:17:17,low
profile_8602.docx,.docx,78,C:/Finance/Customers/,2025-02-24T08:02:50,low
report_info_8603.csv,.csv,45,C:/Finance/PublicInfo/Announcements/,2024-08-07T05:40:05,low
info_8604.pdf,.pdf,1143,C:/Finance/PublicInfo/Guidelines/,2022-02-21T20:09:32,low
summary_policy_8605.docx,.docx,1074,C:/Finance/Internal/Policies/,2025-11-19T13:17:06,high
transaction_audit_8606.csv,.csv,313,C:/Finance/Accounts/,2023-03-28T17:34:17,high
policy_8607.pdf,.pdf,754,C:/Finance/Compliance/,2024-08-24T12:17:38,low
audit_8608.xlsx,.xlsx,1913,C:/Finance/Compliance/,2023-06-18T10:15:47,high
contract_8609.xlsx,.xlsx,3015,C:/Finance/Loans/,2022-04-26T23:13:08,high
transaction_audit_8610.xlsx,.xlsx,1590,C:/Finance/Compliance/,2023-10-12T14:43:35,medium
contract_8611.pdf,.pdf,1656,C:/Finance/Loans/,2022-09-11T19:26:22,medium
schedule_guideline_8612.pdf,.pdf,919,C:/Finance/Compliance/,2023-12-13T13:02:43,low
report_8613.xlsx,.xlsx,725,C:/Finance/HR/,2025-12-11T07:59:57,medium
protocol_8614.xlsx,.xlsx,1270,C:/Finance/Internal/Policies/,2024-09-16T02:54:33,low
report_8615.pdf,.pdf,1247,C:/Finance/Reports/,2024-07-03T05:47:45,medium
transaction_summary_8616.csv,.csv,672,C:/Finance/Transactions/,2025-07-23T18:33:18,high
schedule_8617.csv,.csv,201,C:/Finance/PublicInfo/Guidelines/,2024-05-09T12:56:24,low
announcement_8618.txt,.txt,94,C:/Finance/PublicInfo/Announcements/,2022-08-25T07:24:55,low
audit_8619.csv,.csv,748,C:/Finance/Accounts/,2024-03-16T13:14:05,low
menu_summary_8620_final.xlsx,.xlsx,443,C:/Finance/Transactions/,2022-12-01T06:49:37,low
menu_procedure_8621.xlsx,.xlsx,563,C:/Finance/Internal/Policies/,2022-01-09T07:31:55,low
salary_8622.docx,.docx,479,C:/Finance/HR/,2023-12-27T08:44:00,low
notice_8623.pdf,.pdf,865,C:/Finance/PublicInfo/Guidelines/,2025-04-23T20:41:08,medium
schedule_protocol_8624.xlsx,.xlsx,582,C:/Finance/Internal/Policies/,2022-02-09T14:13:30,low
roster_8625.xlsx,.xlsx,145,C:/Finance/HR/,2022-12-03T21:41:48,high
info_schedule_8626_draft.txt,.txt,104,C:/Finance/PublicInfo/Announcements/,2022-04-21T17:28:07,medium
announcement_8627.txt,.txt,4,C:/Finance/PublicInfo/Guidelines/,2023-02-12T13:56:02,medium
statement_8628.xlsx,.xlsx,761,C:/Finance/Transactions/,2024-07-30T18:37:08,low
schedule_profile_8629.docx,.docx,263,C:/Finance/Customers/,2025-10-02T08:41:45,low
announcement_8630.csv,.csv,341,C:/Finance/PublicInfo/Guidelines/,2024-11-05T09:09:57,low
menu_announcement_8631_confidential.csv,.csv,316,C:/Finance/PublicInfo/Announcements/,2023-02-24T06:01:19,high
analysis_contract_8632.pdf,.pdf,1387,C:/Finance/Customers/,2022-11-02T17:23:16,low
announcement_info_8633.csv,.csv,18,C:/Finance/PublicInfo/Guidelines/,2022-09-05T16:30:25,medium
protocol_8634.docx,.docx,140,C:/Finance/Internal/Policies/,2023-04-20T21:05:36,medium
schedule_summary_8635_archived.pdf,.pdf,1302,C:/Finance/Reports/,2025-11-15T22:18:42,low
guidelines_agreement_8636.xlsx,.xlsx,1245,C:/Finance/Loans/,2022-09-03T05:24:22,low
info_contract_8637.csv,.csv,245,C:/Finance/Customers/,2023-08-22T15:26:09,high
tax_info_announcement_8638.csv,.csv,422,C:/Finance/PublicInfo/Announcements/,2024-11-16T04:13:15,medium
transaction_8639.pdf,.pdf,2163,C:/Finance/Transactions/,2022-07-09T01:24:16,medium
summary_8640.pdf,.pdf,433,C:/Finance/Reports/,2022-06-02T20:49:55,low
memo_roster_8641.docx,.docx,384,C:/Finance/HR/,2025-04-08T06:31:57,low
memo_schedule_8642.pdf,.pdf,1957,C:/Finance/PublicInfo/Announcements/,2025-06-13T13:54:38,low
summary_8643.csv,.csv,267,C:/Finance/Transactions/,2025-03-21T17:35:37,low
contract_8644.docx,.docx,602,C:/Finance/Customers/,2023-04-01T14:46:25,medium
memo_8645.pdf,.pdf,1213,C:/Finance/Reports/,2025-09-19T01:51:18,low
statement_contract_8646.pdf,.pdf,331,C:/Finance/Customers/,2025-04-11T00:15:51,high
contract_8647.xlsx,.xlsx,112,C:/Finance/Loans/,2024-11-02T10:25:53,low
public_notice_report_8648.pdf,.pdf,796,C:/Finance/Reports/,2025-08-16T09:12:15,medium
customer_8649_final.docx,.docx,185,C:/Finance/Customers/,2024-08-09T17:08:38,low
public_notice_transaction_8650.csv,.csv,396,C:/Finance/Transactions/,2025-09-02T11:03:43,low
info_8651.txt,.txt,106,C:/Finance/PublicInfo/Announcements/,2025-03-21T15:10:31,low
report_review_8652.pdf,.pdf,2612,C:/Finance/Compliance/,2023-04-27T16:09:22,low
repayment_8653.pdf,.pdf,1246,C:/Finance/Loans/,2022-12-30T14:50:39,low
protocol_8654_confidential.pdf,.pdf,390,C:/Finance/Internal/Policies/,2023-11-04T02:12:50,high
schedule_schedule_8655.pdf,.pdf,855,C:/Finance/PublicInfo/Announcements/,2023-07-07T08:57:04,low
announcement_customer_8656.pdf,.pdf,1708,C:/Finance/Customers/,2023-11-04T19:06:33,low
roster_8657_confidential.docx,.docx,850,C:/Finance/HR/,2023-09-12T09:37:21,high
report_8658.pdf,.pdf,160,C:/Finance/HR/,2023-05-04T06:57:09,low
memo_profile_8659.docx,.docx,317,C:/Finance/Customers/,2023-03-13T01:44:56,low
ledger_guideline_8660.pdf,.pdf,1189,C:/Finance/Compliance/,2022-04-14T22:40:34,medium
memo_8661.csv,.csv,274,C:/Finance/Reports/,2025-06-12T13:50:52,low
announcement_8662.csv,.csv,567,C:/Finance/PublicInfo/Guidelines/,2024-06-18T07:57:10,high
guideline_8663.pdf,.pdf,331,C:/Finance/Compliance/,2024-03-22T09:19:39,medium
notice_8664_draft.pdf,.pdf,908,C:/Finance/PublicInfo/Announcements/,2025-04-19T14:11:28,low
announcement_report_8665.docx,.docx,21,C:/Finance/HR/,2025-03-23T01:42:37,medium
summary_account_8666.csv,.csv,454,C:/Finance/Accounts/,2024-01-03T13:15:06,low
analysis_salary_8667.docx,.docx,313,C:/Finance/HR/,2025-06-16T05:08:26,low
passwords_transfer_8668.xlsx,.xlsx,329,C:/Finance/Transactions/,2025-05-02T20:45:35,high
repayment_8669_archived.xls,.xls,1109,C:/Finance/Loans/,2024-02-28T22:31:43,medium
salary_policy_8670_archived.docx,.docx,662,C:/Finance/Compliance/,2023-10-26T00:58:43,medium
statement_policy_8671_draft.xlsx,.xlsx,1826,C:/Finance/Internal/Policies/,2024-02-12T08:26:35,low
transaction_8672.pdf,.pdf,519,C:/Finance/Transactions/,2022-11-22T16:03:23,low
announcement_8673.csv,.csv,49,C:/Finance/PublicInfo/Guidelines/,2025-10-24T10:26:39,low
summary_profile_8674.pdf,.pdf,264,C:/Finance/Customers/,2022-02-08T06:53:39,high
summary_statement_8675.csv,.csv,2,C:/Finance/Transactions/,2024-02-23T21:49:38,low
policy_8676.docx,.docx,357,C:/Finance/Internal/Policies/,2023-03-30T20:17:19,low
audit_8677.pdf,.pdf,630,C:/Finance/Accounts/,2024-10-15T22:50:29,medium
transfer_8678.xlsx,.xlsx,275,C:/Finance/Transactions/,2023-09-01T04:01:30,medium
schedule_summary_8679_archived.xlsx,.xlsx,22,C:/Finance/Transactions/,2025-06-11T00:12:32,low
schedule_audit_8680_draft.pdf,.pdf,388,C:/Finance/Accounts/,2025-05-28T10:31:19,medium
ledger_memo_8681.pdf,.pdf,1308,C:/Finance/Reports/,2024-01-26T19:07:53,medium
menu_guideline_8682.pdf,.pdf,144,C:/Finance/Compliance/,2022-04-30T05:44:22,low
summary_procedure_8683.xlsx,.xlsx,91,C:/Finance/Internal/Policies/,2025-10-08T01:00:45,low
info_info_8684.csv,.csv,507,C:/Finance/Customers/,2023-03-11T02:58:15,high
info_8685.csv,.csv,125,C:/Finance/PublicInfo/Announcements/,2022-05-04T18:14:49,low
analysis_announcement_8686_confidential.txt,.txt,121,C:/Finance/PublicInfo/Announcements/,2025-08-19T22:53:54,low
schedule_8687_draft.pdf,.pdf,1389,C:/Finance/PublicInfo/Announcements/,2023-07-13T11:30:45,medium
info_info_8688.csv,.csv,56,C:/Finance/PublicInfo/Guidelines/,2023-08-13T07:10:46,low
audit_8689.docx,.docx,998,C:/Finance/Compliance/,2022-04-19T07:15:41,medium
protocol_8690.docx,.docx,65,C:/Finance/Internal/Policies/,2022-11-22T02:19:34,high
passwords_announcement_8691.txt,.txt,104,C:/Finance/PublicInfo/Guidelines/,2023-09-13T15:46:07,high
statement_8692.xlsx,.xlsx,898,C:/Finance/Transactions/,2025-06-14T07:33:30,low
info_8693.csv,.csv,141,C:/Finance/Customers/,2025-09-16T00:00:07,medium
contract_8694.csv,.csv,506,C:/Finance/Customers/,2022-11-08T20:59:12,high
procedure_8695.xlsx,.xlsx,443,C:/Finance/Internal/Policies/,2024-07-28T14:27:47,low
summary_8696.csv,.csv,699,C:/Finance/Transactions/,2022-08-16T18:33:30,medium
public_notice_customer_8697.csv,.csv,155,C:/Finance/Customers/,2022-03-03T01:14:14,low
salary_schedule_8698.txt,.txt,114,C:/Finance/PublicInfo/Guidelines/,2022-05-26T22:25:24,low
info_8699.csv,.csv,266,C:/Finance/PublicInfo/Guidelines/,2023-09-09T03:47:01,low
loan_8700.pdf,.pdf,1753,C:/Finance/Loans/,2022-02-28T04:16:32,low
agreement_8701.pdf,.pdf,1553,C:/Finance/Loans/,2025-12-19T22:35:53,medium
tax_info_report_8702.xlsx,.xlsx,36,C:/Finance/HR/,2025-10-30T12:01:49,low
menu_schedule_8703.txt,.txt,100,C:/Finance/PublicInfo/Guidelines/,2024-03-09T15:05:16,low
info_8704.csv,.csv,586,C:/Finance/PublicInfo/Guidelines/,2024-05-01T19:55:01,medium
agreement_8705.xlsx,.xlsx,455,C:/Finance/Loans/,2023-10-20T12:34:18,medium
policy_8706.docx,.docx,195,C:/Finance/Internal/Policies/,2024-04-03T15:43:01,low
audit_8707.csv,.csv,614,C:/Finance/Accounts/,2022-04-15T10:08:39,high
policy_schedule_8708.txt,.txt,52,C:/Finance/PublicInfo/Announcements/,2022-04-09T15:30:20,low
analysis_8709.pdf,.pdf,1318,C:/Finance/Reports/,2025-09-21T13:58:03,low
info_guideline_8710.pdf,.pdf,1557,C:/Finance/Internal/Policies/,2025-02-09T19:35:13,medium
public_notice_contract_8711.xls,.xls,951,C:/Finance/Loans/,2022-07-28T04:32:26,low
invoice_announcement_8712.pdf,.pdf,532,C:/Finance/PublicInfo/Guidelines/,2024-12-14T14:21:44,low
announcement_8713.csv,.csv,164,C:/Finance/PublicInfo/Announcements/,2024-12-28T17:46:32,medium
salary_info_8714.pdf,.pdf,956,C:/Finance/PublicInfo/Guidelines/,2024-12-20T16:17:33,medium
menu_guideline_8715.pdf,.pdf,342,C:/Finance/Internal/Policies/,2022-12-08T10:23:56,low
memo_announcement_8716_final.pdf,.pdf,697,C:/Finance/PublicInfo/Guidelines/,2024-07-15T19:54:06,low
statement_transfer_8717.xlsx,.xlsx,144,C:/Finance/Transactions/,2025-03-27T14:30:10,low
guidelines_memo_8718.xlsx,.xlsx,438,C:/Finance/Reports/,2023-12-05T18:15:15,medium
contract_8719.csv,.csv,572,C:/Finance/Customers/,2022-03-13T07:59:38,low
info_summary_8720.pdf,.pdf,339,C:/Finance/Transactions/,2022-11-17T22:12:21,low
ledger_info_8721.csv,.csv,131,C:/Finance/Customers/,2025-02-22T02:33:43,low
pin_announcement_8722.pdf,.pdf,1441,C:/Finance/PublicInfo/Announcements/,2022-12-23T00:53:42,high
passwords_procedure_8723.xlsx,.xlsx,92,C:/Finance/Internal/Policies/,2025-12-14T10:00:59,low
info_announcement_8724.csv,.csv,637,C:/Finance/PublicInfo/Guidelines/,2025-05-22T04:56:42,low
policy_repayment_8725.docx,.docx,356,C:/Finance/Loans/,2023-01-04T05:37:52,low
schedule_account_8726.xlsx,.xlsx,169,C:/Finance/Accounts/,2024-08-09T07:38:56,low
salary_8727.pdf,.pdf,930,C:/Finance/HR/,2023-08-05T11:54:17,medium
salary_8728.xlsx,.xlsx,477,C:/Finance/HR/,2024-05-26T23:28:13,medium
info_salary_8729.xlsx,.xlsx,1585,C:/Finance/HR/,2023-04-05T12:19:47,low
protocol_8730.docx,.docx,500,C:/Finance/Internal/Policies/,2025-04-10T18:40:15,medium
payroll_8731_draft.docx,.docx,907,C:/Finance/HR/,2023-02-26T04:23:55,medium
schedule_8732.txt,.txt,96,C:/Finance/PublicInfo/Guidelines/,2025-05-27T19:30:58,low
policy_info_8733_draft.txt,.txt,110,C:/Finance/PublicInfo/Guidelines/,2024-05-14T21:14:07,high
review_8734.xlsx,.xlsx,228,C:/Finance/Compliance/,2023-12-17T10:43:23,medium
statement_analysis_8735.pdf,.pdf,1346,C:/Finance/Reports/,2024-12-06T23:46:41,low
memo_info_8736.pdf,.pdf,189,C:/Finance/PublicInfo/Guidelines/,2023-06-18T18:04:27,low
guideline_8737.pdf,.pdf,338,C:/Finance/Internal/Policies/,2025-11-04T09:16:59,low
memo_loan_8738_archived.xlsx,.xlsx,842,C:/Finance/Loans/,2023-11-01T12:59:17,medium
loan_8739.xlsx,.xlsx,243,C:/Finance/Loans/,2023-01-12T07:09:47,medium
transaction_schedule_8740.txt,.txt,67,C:/Finance/PublicInfo/Guidelines/,2022-01-06T04:28:28,medium
loan_8741.xls,.xls,588,C:/Finance/Loans/,2022-08-08T05:45:58,high
memo_repayment_8742.docx,.docx,109,C:/Finance/Loans/,2025-05-05T07:52:10,high
analysis_contract_8743.docx,.docx,10,C:/Finance/Customers/,2023-02-28T00:30:19,low
info_8744.pdf,.pdf,538,C:/Finance/Customers/,2025-10-15T11:26:53,medium
customer_8745.pdf,.pdf,676,C:/Finance/Customers/,2024-08-15T13:46:31,low
customer_report_8746.docx,.docx,395,C:/Finance/HR/,2024-03-19T23:08:57,high
summary_audit_8747_archived.csv,.csv,177,C:/Finance/Accounts/,2022-04-26T11:10:16,high
guidelines_transaction_8748.pdf,.pdf,1574,C:/Finance/Transactions/,2024-02-05T15:22:59,medium
info_8749.docx,.docx,348,C:/Finance/Customers/,2024-04-06T23:35:04,medium
bank_statement_policy_8750.xlsx,.xlsx,153,C:/Finance/Internal/Policies/,2025-07-11T01:25:21,high
info_report_8751.csv,.csv,585,C:/Finance/Reports/,2024-02-19T04:00:10,medium
protocol_8752_confidential.pdf,.pdf,608,C:/Finance/Internal/Policies/,2022-02-05T23:34:25,medium
notice_8753.txt,.txt,29,C:/Finance/PublicInfo/Guidelines/,2025-06-01T15:29:37,medium
guideline_8754.docx,.docx,358,C:/Finance/Internal/Policies/,2022-03-27T23:11:57,medium
info_8755.pdf,.pdf,2124,C:/Finance/PublicInfo/Guidelines/,2022-05-16T20:42:45,medium
memo_audit_8756.csv,.csv,837,C:/Finance/Accounts/,2025-09-01T19:15:36,low
memo_protocol_8757.pdf,.pdf,979,C:/Finance/Internal/Policies/,2022-08-15T13:08:55,high
statement_8758.pdf,.pdf,1870,C:/Finance/Transactions/,2024-01-24T17:43:23,low
info_report_8759.xlsx,.xlsx,12,C:/Finance/HR/,2023-07-05T16:16:06,low
report_8760.csv,.csv,296,C:/Finance/Reports/,2023-08-26T18:26:03,low
summary_8761.pdf,.pdf,530,C:/Finance/Transactions/,2023-07-29T01:05:54,high
schedule_8762.csv,.csv,262,C:/Finance/PublicInfo/Guidelines/,2024-07-16T11:12:15,low
procedure_8763.pdf,.pdf,358,C:/Finance/Internal/Policies/,2024-10-01T16:05:39,low
menu_contract_8764.pdf,.pdf,199,C:/Finance/Loans/,2023-06-02T02:26:26,low
announcement_account_8765.xlsx,.xlsx,572,C:/Finance/Accounts/,2023-06-04T17:07:58,low
menu_announcement_8766.pdf,.pdf,1281,C:/Finance/PublicInfo/Announcements/,2022-07-25T16:05:21,low
info_8767_final.txt,.txt,106,C:/Finance/PublicInfo/Guidelines/,2024-08-04T05:55:15,low
agreement_8768.xls,.xls,761,C:/Finance/Loans/,2023-03-30T22:15:26,medium
balance_8769.pdf,.pdf,1274,C:/Finance/Accounts/,2022-02-22T03:29:59,high
ssn_schedule_8770.csv,.csv,6,C:/Finance/PublicInfo/Guidelines/,2024-12-06T14:23:57,low
schedule_memo_8771.xlsx,.xlsx,307,C:/Finance/Reports/,2025-04-23T05:48:06,low
announcement_policy_8772_draft.xlsx,.xlsx,1431,C:/Finance/Compliance/,2023-07-08T05:46:22,low
public_notice_info_8773.txt,.txt,133,C:/Finance/PublicInfo/Guidelines/,2024-10-25T08:50:31,medium
transaction_8774.xlsx,.xlsx,278,C:/Finance/Transactions/,2024-10-19T22:39:12,medium
schedule_8775.txt,.txt,63,C:/Finance/PublicInfo/Guidelines/,2025-06-26T15:18:08,low
loan_8776.docx,.docx,171,C:/Finance/Loans/,2023-10-11T02:49:18,medium
policy_protocol_8777.xlsx,.xlsx,1121,C:/Finance/Internal/Policies/,2022-06-14T10:22:00,low
announcement_info_8778.txt,.txt,50,C:/Finance/PublicInfo/Guidelines/,2022-01-21T18:02:57,low
agreement_8779.xlsx,.xlsx,1596,C:/Finance/Loans/,2022-12-05T20:09:11,low
report_transfer_8780.xlsx,.xlsx,931,C:/Finance/Transactions/,2022-07-11T00:22:05,medium
customer_8781.docx,.docx,735,C:/Finance/Customers/,2024-05-05T00:41:56,medium
audit_8782.docx,.docx,318,C:/Finance/Compliance/,2023-10-07T10:49:55,medium
payroll_8783_v2.pdf,.pdf,2282,C:/Finance/HR/,2024-01-30T12:22:56,low
payroll_8784.xlsx,.xlsx,405,C:/Finance/HR/,2025-02-04T14:48:37,low
summary_8785_archived.csv,.csv,474,C:/Finance/Transactions/,2023-01-24T06:34:06,high
transfer_8786_final.pdf,.pdf,528,C:/Finance/Transactions/,2023-10-04T17:29:27,low
payroll_8787.docx,.docx,409,C:/Finance/HR/,2024-01-30T02:12:43,medium
policy_8788.xlsx,.xlsx,958,C:/Finance/Compliance/,2025-12-14T03:05:16,low
customer_8789.docx,.docx,114,C:/Finance/Customers/,2025-06-10T16:39:18,high
schedule_summary_8790.csv,.csv,232,C:/Finance/Transactions/,2023-12-09T08:42:56,low
schedule_8791.csv,.csv,240,C:/Finance/PublicInfo/Announcements/,2023-06-20T22:18:07,medium
info_8792.txt,.txt,87,C:/Finance/PublicInfo/Guidelines/,2024-02-09T22:41:20,medium
policy_memo_8793.xlsx,.xlsx,479,C:/Finance/Reports/,2022-03-04T01:17:17,low
loan_8794.docx,.docx,1080,C:/Finance/Loans/,2025-01-03T19:21:40,high
repayment_8795.xlsx,.xlsx,249,C:/Finance/Loans/,2024-02-24T13:31:08,low
memo_8796.xlsx,.xlsx,722,C:/Finance/Reports/,2025-12-19T10:37:12,medium
public_notice_procedure_8797_confidential.docx,.docx,533,C:/Finance/Internal/Policies/,2022-06-08T12:19:19,medium
invoice_info_8798.csv,.csv,505,C:/Finance/PublicInfo/Guidelines/,2023-06-01T19:46:19,high
customer_schedule_8799.txt,.txt,65,C:/Finance/PublicInfo/Guidelines/,2022-03-21T21:39:51,low
procedure_8800.pdf,.pdf,359,C:/Finance/Internal/Policies/,2023-04-28T22:21:39,low
statement_balance_8801.xlsx,.xlsx,1493,C:/Finance/Accounts/,2023-07-30T04:00:53,low
invoice_info_8802.csv,.csv,134,C:/Finance/PublicInfo/Announcements/,2023-08-01T08:17:15,medium
menu_ledger_8803.csv,.csv,562,C:/Finance/Accounts/,2024-08-02T17:00:59,medium
payroll_8804.docx,.docx,74,C:/Finance/HR/,2025-11-29T00:48:50,medium
notice_8805_final.pdf,.pdf,132,C:/Finance/PublicInfo/Announcements/,2024-09-30T18:13:01,low
policy_procedure_8806.xlsx,.xlsx,7,C:/Finance/Internal/Policies/,2022-11-11T14:19:32,low
guidelines_guideline_8807.xlsx,.xlsx,507,C:/Finance/Compliance/,2025-01-07T18:35:19,medium
balance_8808.xlsx,.xlsx,152,C:/Finance/Accounts/,2022-07-22T21:47:03,low
notice_8809.pdf,.pdf,427,C:/Finance/PublicInfo/Announcements/,2024-03-24T04:57:38,medium
credit_report_payroll_8810.docx,.docx,589,C:/Finance/HR/,2023-12-16T22:28:29,medium
review_8811.pdf,.pdf,974,C:/Finance/Compliance/,2023-05-08T17:40:36,low
account_8812.csv,.csv,147,C:/Finance/Accounts/,2022-10-10T11:02:23,low
procedure_8813.xlsx,.xlsx,528,C:/Finance/Internal/Policies/,2024-10-13T03:28:53,low
audit_8814.csv,.csv,225,C:/Finance/Accounts/,2024-02-25T04:35:23,low
payroll_8815.pdf,.pdf,1666,C:/Finance/HR/,2022-02-03T15:07:07,medium
transaction_8816.pdf,.pdf,732,C:/Finance/Transactions/,2022-10-13T08:17:01,low
memo_8817.xlsx,.xlsx,944,C:/Finance/Reports/,2024-02-07T12:35:37,low
tax_info_profile_8818.pdf,.pdf,1379,C:/Finance/Customers/,2022-11-24T00:44:19,medium
report_8819_v2.docx,.docx,536,C:/Finance/HR/,2023-11-27T13:45:03,medium
info_8820.pdf,.pdf,714,C:/Finance/Customers/,2023-11-30T16:19:08,low
statement_statement_8821_archived.xlsx,.xlsx,3,C:/Finance/Transactions/,2023-07-04T00:12:37,low
audit_8822.xlsx,.xlsx,398,C:/Finance/Accounts/,2025-12-09T16:31:09,low
guidelines_policy_8823.pdf,.pdf,1928,C:/Finance/Compliance/,2023-06-19T20:45:30,medium
transfer_8824.xlsx,.xlsx,190,C:/Finance/Transactions/,2023-11-14T04:32:42,low
memo_summary_8825.pdf,.pdf,805,C:/Finance/Reports/,2022-02-24T04:13:32,high
transaction_info_8826.docx,.docx,786,C:/Finance/Customers/,2022-12-09T09:06:47,low
agreement_8827.docx,.docx,275,C:/Finance/Loans/,2022-05-01T09:41:07,medium
report_8828.pdf,.pdf,33,C:/Finance/HR/,2022-10-23T20:07:35,medium
info_8829.csv,.csv,314,C:/Finance/Customers/,2023-08-15T06:36:31,low
info_8830.csv,.csv,94,C:/Finance/Customers/,2024-09-05T04:07:57,low
info_procedure_8831.pdf,.pdf,3049,C:/Finance/Internal/Policies/,2025-08-05T19:32:15,high
menu_balance_8832.xlsx,.xlsx,562,C:/Finance/Accounts/,2024-11-29T07:56:08,high
public_notice_ledger_8833.csv,.csv,324,C:/Finance/Accounts/,2024-09-17T09:01:15,medium
transfer_8834_confidential.xlsx,.xlsx,1685,C:/Finance/Transactions/,2024-05-16T14:00:12,medium
report_guideline_8835.xlsx,.xlsx,897,C:/Finance/Compliance/,2024-01-05T19:59:23,medium
schedule_8836.csv,.csv,799,C:/Finance/PublicInfo/Guidelines/,2022-02-10T11:47:40,high
profile_8837.csv,.csv,337,C:/Finance/Customers/,2025-01-21T05:15:23,low
account_number_notice_8838.pdf,.pdf,793,C:/Finance/PublicInfo/Guidelines/,2025-09-13T01:21:35,low
confidential_payroll_8839.docx,.docx,547,C:/Finance/HR/,2023-02-11T22:09:09,high
statement_notice_8840.pdf,.pdf,304,C:/Finance/PublicInfo/Announcements/,2024-03-15T00:30:12,low
account_8841.csv,.csv,1040,C:/Finance/Accounts/,2024-09-12T03:24:04,high
report_8842.docx,.docx,762,C:/Finance/HR/,2022-02-27T10:32:51,low
contract_8843.docx,.docx,223,C:/Finance/Loans/,2022-07-07T07:00:50,medium
guideline_8844.pdf,.pdf,777,C:/Finance/Compliance/,2023-09-06T00:05:34,medium
schedule_8845.csv,.csv,340,C:/Finance/PublicInfo/Announcements/,2023-12-25T03:56:25,low
report_8846.csv,.csv,29,C:/Finance/Reports/,2022-06-16T09:48:24,low
analysis_transaction_8847.csv,.csv,554,C:/Finance/Transactions/,2025-02-16T17:34:54,low
agreement_8848.pdf,.pdf,1855,C:/Finance/Loans/,2023-01-19T03:07:20,medium
policy_8849.pdf,.pdf,36,C:/Finance/Internal/Policies/,2024-06-02T14:19:37,low
invoice_audit_8850.pdf,.pdf,184,C:/Finance/Compliance/,2024-07-04T07:52:32,low
audit_8851.docx,.docx,146,C:/Finance/Compliance/,2025-03-07T09:13:18,low
menu_audit_8852.docx,.docx,55,C:/Finance/Compliance/,2022-01-31T04:44:03,low
info_procedure_8853.xlsx,.xlsx,3256,C:/Finance/Internal/Policies/,2025-06-20T22:51:07,high
statement_8854.csv,.csv,283,C:/Finance/Transactions/,2023-03-14T16:17:46,low
account_8855.csv,.csv,534,C:/Finance/Accounts/,2023-07-24T06:45:30,medium
notice_8856.pdf,.pdf,2559,C:/Finance/PublicInfo/Announcements/,2024-08-22T08:04:52,low
ledger_policy_8857.pdf,.pdf,1359,C:/Finance/Compliance/,2024-07-15T01:52:11,medium
notice_8858.txt,.txt,24,C:/Finance/PublicInfo/Announcements/,2023-02-16T07:41:27,low
info_8859.csv,.csv,79,C:/Finance/PublicInfo/Announcements/,2024-12-09T19:36:52,low
policy_loan_8860.xlsx,.xlsx,1169,C:/Finance/Loans/,2022-06-25T23:07:38,low
public_notice_policy_8861.xlsx,.xlsx,488,C:/Finance/Internal/Policies/,2024-07-22T18:17:26,medium
invoice_account_8862.xlsx,.xlsx,1549,C:/Finance/Accounts/,2025-12-05T11:12:21,medium
audit_8863_archived.xlsx,.xlsx,852,C:/Finance/Accounts/,2022-06-16T03:08:53,low
analysis_announcement_8864.txt,.txt,106,C:/Finance/PublicInfo/Announcements/,2022-04-19T20:33:57,medium
agreement_8865.xls,.xls,684,C:/Finance/Loans/,2024-10-08T15:35:57,low
policy_repayment_8866.xlsx,.xlsx,745,C:/Finance/Loans/,2023-12-29T20:31:35,low
guidelines_roster_8867.docx,.docx,521,C:/Finance/HR/,2022-04-12T12:28:23,high
announcement_8868_archived.csv,.csv,373,C:/Finance/PublicInfo/Announcements/,2023-12-22T21:23:21,low
protocol_8869.pdf,.pdf,107,C:/Finance/Internal/Policies/,2022-04-29T00:30:55,low
memo_8870.csv,.csv,415,C:/Finance/Reports/,2024-01-22T03:00:02,low
summary_8871.csv,.csv,406,C:/Finance/Transactions/,2025-12-27T18:19:47,low
memo_audit_8872.pdf,.pdf,651,C:/Finance/Accounts/,2024-09-19T07:34:14,low
account_8873.pdf,.pdf,196,C:/Finance/Accounts/,2022-08-31T01:42:30,high
info_8874.csv,.csv,480,C:/Finance/PublicInfo/Announcements/,2023-06-25T18:00:44,low
transaction_account_8875.xlsx,.xlsx,1470,C:/Finance/Accounts/,2022-06-16T20:24:44,low
invoice_notice_8876_draft.csv,.csv,237,C:/Finance/PublicInfo/Announcements/,2025-05-21T07:21:05,medium
customer_8877.pdf,.pdf,170,C:/Finance/Customers/,2023-07-10T01:50:55,medium
invoice_info_8878.pdf,.pdf,256,C:/Finance/PublicInfo/Announcements/,2025-01-16T10:16:57,medium
customer_loan_8879.xls,.xls,618,C:/Finance/Loans/,2025-07-11T09:28:49,low
policy_ledger_8880.pdf,.pdf,904,C:/Finance/Accounts/,2022-03-24T11:28:10,low
balance_8881_v2.xlsx,.xlsx,1173,C:/Finance/Accounts/,2022-12-02T17:24:59,medium
report_info_8882.csv,.csv,307,C:/Finance/PublicInfo/Guidelines/,2025-09-08T05:09:50,medium
invoice_customer_8883.csv,.csv,272,C:/Finance/Customers/,2022-08-18T09:50:56,low
statement_protocol_8884.pdf,.pdf,763,C:/Finance/Internal/Policies/,2022-07-08T20:05:19,low
repayment_8885.xls,.xls,222,C:/Finance/Loans/,2024-09-13T00:50:43,low
summary_8886.csv,.csv,123,C:/Finance/Transactions/,2022-03-18T16:51:25,low
schedule_8887.csv,.csv,74,C:/Finance/PublicInfo/Announcements/,2025-01-13T11:53:19,low
analysis_summary_8888.xlsx,.xlsx,1505,C:/Finance/Transactions/,2025-08-20T19:38:20,low
report_8889.csv,.csv,11,C:/Finance/Reports/,2024-09-27T09:08:19,low
ledger_summary_8890.csv,.csv,536,C:/Finance/Reports/,2024-05-13T05:17:55,low
ssn_audit_8891.pdf,.pdf,12,C:/Finance/Compliance/,2023-11-13T09:13:30,low
review_8892.xlsx,.xlsx,1454,C:/Finance/Compliance/,2024-08-05T19:17:44,medium
guideline_8893.xlsx,.xlsx,354,C:/Finance/Compliance/,2025-12-27T10:42:22,low
balance_8894.pdf,.pdf,1387,C:/Finance/Accounts/,2024-05-10T03:31:52,medium
policy_protocol_8895.pdf,.pdf,1984,C:/Finance/Internal/Policies/,2022-09-18T14:01:06,low
policy_8896.docx,.docx,429,C:/Finance/Compliance/,2025-09-06T03:57:56,medium
notice_8897.pdf,.pdf,25,C:/Finance/PublicInfo/Guidelines/,2023-08-24T14:18:57,low
summary_8898.csv,.csv,320,C:/Finance/Reports/,2022-04-04T09:59:58,high
announcement_8899.pdf,.pdf,324,C:/Finance/PublicInfo/Guidelines/,2023-12-04T22:00:46,low
report_payroll_8900.xlsx,.xlsx,1597,C:/Finance/HR/,2024-11-03T04:18:52,low
repayment_8901.xls,.xls,756,C:/Finance/Loans/,2025-04-25T15:35:37,low
info_contract_8902.xlsx,.xlsx,81,C:/Finance/Loans/,2022-05-16T22:47:58,medium
memo_info_8903.txt,.txt,88,C:/Finance/PublicInfo/Guidelines/,2025-10-26T11:04:31,low
account_8904_final.csv,.csv,26,C:/Finance/Accounts/,2025-12-14T14:55:26,medium
schedule_8905.txt,.txt,106,C:/Finance/PublicInfo/Announcements/,2023-05-13T15:13:05,low
statement_ledger_8906.csv,.csv,310,C:/Finance/Accounts/,2025-03-25T10:47:53,medium
loan_8907.pdf,.pdf,82,C:/Finance/Loans/,2024-07-31T01:04:06,medium
tax_info_procedure_8908.docx,.docx,97,C:/Finance/Internal/Policies/,2024-03-07T04:47:51,low
report_8909.xlsx,.xlsx,956,C:/Finance/HR/,2025-01-29T21:24:56,medium
info_8910.txt,.txt,10,C:/Finance/PublicInfo/Announcements/,2024-04-06T10:20:50,low
menu_loan_8911.xlsx,.xlsx,361,C:/Finance/Loans/,2024-07-08T05:00:53,high
announcement_audit_8912.docx,.docx,509,C:/Finance/Compliance/,2024-01-22T10:53:06,high
memo_ledger_8913.csv,.csv,315,C:/Finance/Accounts/,2023-02-26T03:15:27,medium
statement_8914.pdf,.pdf,822,C:/Finance/Transactions/,2022-05-15T07:57:38,low
summary_info_8915.txt,.txt,60,C:/Finance/PublicInfo/Announcements/,2024-08-29T06:29:48,low
analysis_repayment_8916.pdf,.pdf,194,C:/Finance/Loans/,2022-08-13T01:05:10,low
analysis_8917.pdf,.pdf,2240,C:/Finance/Reports/,2024-09-21T03:12:34,medium
memo_protocol_8918.docx,.docx,453,C:/Finance/Internal/Policies/,2024-01-14T05:58:41,low
info_8919.pdf,.pdf,2492,C:/Finance/PublicInfo/Guidelines/,2022-10-12T18:53:50,medium
info_8920.txt,.txt,6,C:/Finance/PublicInfo/Announcements/,2023-05-24T03:01:57,low
audit_8921.csv,.csv,402,C:/Finance/Accounts/,2022-09-17T19:49:14,low
report_8922.xlsx,.xlsx,1693,C:/Finance/HR/,2024-06-09T04:50:40,low
policy_8923.pdf,.pdf,750,C:/Finance/Compliance/,2022-12-31T13:19:37,medium
info_8924_draft.pdf,.pdf,1860,C:/Finance/PublicInfo/Announcements/,2022-06-21T11:51:42,high
info_schedule_8925_v2.txt,.txt,123,C:/Finance/PublicInfo/Announcements/,2023-08-18T10:52:59,low
tax_info_loan_8926_confidential.docx,.docx,340,C:/Finance/Loans/,2025-04-11T18:41:21,high
public_notice_agreement_8927_archived.docx,.docx,617,C:/Finance/Loans/,2025-01-24T14:30:06,low
contract_8928.docx,.docx,682,C:/Finance/Customers/,2025-10-12T06:17:03,low
transfer_8929.csv,.csv,101,C:/Finance/Transactions/,2023-09-16T18:24:20,medium
report_8930_confidential.xlsx,.xlsx,345,C:/Finance/HR/,2024-01-21T05:28:16,low
contract_8931_final.csv,.csv,672,C:/Finance/Customers/,2023-02-20T00:17:14,low
summary_salary_8932.docx,.docx,826,C:/Finance/HR/,2022-11-25T22:37:28,medium
announcement_contract_8933.csv,.csv,28,C:/Finance/Customers/,2024-12-12T10:08:19,medium
contract_8934.pdf,.pdf,287,C:/Finance/Customers/,2023-09-17T08:06:36,low
statement_transfer_8935.csv,.csv,42,C:/Finance/Transactions/,2022-06-13T08:53:14,medium
announcement_analysis_8936.pdf,.pdf,2934,C:/Finance/Reports/,2024-12-07T03:58:53,medium
policy_guideline_8937.docx,.docx,332,C:/Finance/Compliance/,2025-12-03T18:12:53,low
info_transaction_8938.xlsx,.xlsx,324,C:/Finance/Transactions/,2022-02-27T14:53:00,low
report_payroll_8939.xlsx,.xlsx,748,C:/Finance/HR/,2025-11-07T03:07:58,high
schedule_8940.txt,.txt,125,C:/Finance/PublicInfo/Announcements/,2024-12-27T17:04:07,medium
schedule_statement_8941.pdf,.pdf,151,C:/Finance/Transactions/,2024-05-08T01:47:56,low
announcement_8942.pdf,.pdf,169,C:/Finance/PublicInfo/Guidelines/,2025-07-17T02:30:37,medium
policy_guideline_8943.docx,.docx,131,C:/Finance/Compliance/,2025-09-26T04:16:30,medium
contract_8944.csv,.csv,65,C:/Finance/Customers/,2024-03-04T02:16:45,low
customer_protocol_8945_draft.pdf,.pdf,228,C:/Finance/Internal/Policies/,2023-09-04T07:12:54,medium
info_8946.csv,.csv,207,C:/Finance/PublicInfo/Guidelines/,2022-04-10T23:32:44,medium
transaction_8947.csv,.csv,35,C:/Finance/Transactions/,2024-09-23T07:51:40,low
transaction_8948.pdf,.pdf,256,C:/Finance/Transactions/,2022-10-11T23:14:25,low
ledger_policy_8949.docx,.docx,90,C:/Finance/Internal/Policies/,2024-05-16T22:00:30,low
audit_8950.pdf,.pdf,1388,C:/Finance/Accounts/,2022-06-09T22:17:23,high
profile_8951.csv,.csv,298,C:/Finance/Customers/,2025-10-02T01:38:49,medium
info_report_8952.docx,.docx,527,C:/Finance/HR/,2022-09-30T15:17:20,low
memo_8953.xlsx,.xlsx,1136,C:/Finance/Reports/,2023-07-03T07:50:33,low
statement_audit_8954.pdf,.pdf,1089,C:/Finance/Compliance/,2022-11-29T15:12:10,medium
info_protocol_8955.docx,.docx,353,C:/Finance/Internal/Policies/,2025-09-19T16:43:29,low
review_8956.pdf,.pdf,152,C:/Finance/Compliance/,2025-06-16T07:00:22,medium
contract_8957.pdf,.pdf,786,C:/Finance/Customers/,2022-04-16T05:58:05,high
transaction_8958.xlsx,.xlsx,1922,C:/Finance/Transactions/,2025-03-21T17:00:20,low
account_8959.xlsx,.xlsx,480,C:/Finance/Accounts/,2025-06-17T00:08:54,low
guidelines_procedure_8960_final.docx,.docx,372,C:/Finance/Internal/Policies/,2024-04-05T02:45:48,low
report_memo_8961_draft.xlsx,.xlsx,782,C:/Finance/Reports/,2022-12-12T03:54:55,medium
analysis_repayment_8962_confidential.pdf,.pdf,1337,C:/Finance/Loans/,2025-06-19T16:06:42,medium
summary_8963.xlsx,.xlsx,508,C:/Finance/Reports/,2024-04-29T11:36:17,low
statement_info_8964_final.pdf,.pdf,131,C:/Finance/PublicInfo/Guidelines/,2023-05-06T15:06:05,low
schedule_8965.pdf,.pdf,358,C:/Finance/PublicInfo/Guidelines/,2023-08-27T15:18:22,low
protocol_8966.pdf,.pdf,451,C:/Finance/Internal/Policies/,2022-05-31T18:29:06,high
info_8967.docx,.docx,313,C:/Finance/Customers/,2022-02-05T15:11:52,high
statement_summary_8968.pdf,.pdf,1759,C:/Finance/Reports/,2025-10-11T22:15:07,high
invoice_report_8969.pdf,.pdf,809,C:/Finance/Reports/,2022-04-29T03:15:25,low
menu_notice_8970.csv,.csv,162,C:/Finance/PublicInfo/Guidelines/,2023-02-07T00:55:27,medium
policy_info_8971.txt,.txt,75,C:/Finance/PublicInfo/Announcements/,2025-05-27T13:17:35,low
notice_8972.csv,.csv,410,C:/Finance/PublicInfo/Guidelines/,2025-02-04T02:22:34,low
repayment_8973_final.xls,.xls,372,C:/Finance/Loans/,2023-07-17T13:19:52,medium
notice_8974.csv,.csv,297,C:/Finance/PublicInfo/Announcements/,2023-04-25T06:25:34,medium
agreement_8975.pdf,.pdf,1276,C:/Finance/Loans/,2022-01-09T07:00:21,low
policy_summary_8976.xlsx,.xlsx,1400,C:/Finance/Transactions/,2024-07-17T02:40:28,medium
schedule_statement_8977.csv,.csv,144,C:/Finance/Transactions/,2022-02-09T11:36:19,high
announcement_8978.pdf,.pdf,1607,C:/Finance/PublicInfo/Announcements/,2022-02-09T18:55:49,low
report_profile_8979.csv,.csv,417,C:/Finance/Customers/,2023-06-28T05:48:12,high
info_8980.csv,.csv,434,C:/Finance/PublicInfo/Announcements/,2025-06-13T05:32:37,low
confidential_agreement_8981_confidential.docx,.docx,192,C:/Finance/Loans/,2022-10-17T05:01:57,medium
memo_summary_8982.csv,.csv,441,C:/Finance/Transactions/,2024-09-07T16:32:05,medium
audit_8983.pdf,.pdf,2322,C:/Finance/Accounts/,2022-08-18T15:07:45,high
credit_report_policy_8984_confidential.docx,.docx,584,C:/Finance/Internal/Policies/,2024-07-11T17:28:17,low
account_number_guideline_8985_draft.docx,.docx,248,C:/Finance/Compliance/,2022-08-25T06:54:12,low
report_balance_8986.csv,.csv,362,C:/Finance/Accounts/,2024-10-09T06:04:37,medium
ledger_payroll_8987.pdf,.pdf,651,C:/Finance/HR/,2025-07-07T19:42:02,medium
salary_8988.docx,.docx,531,C:/Finance/HR/,2025-06-11T17:15:53,low
protocol_8989.xlsx,.xlsx,1744,C:/Finance/Internal/Policies/,2023-05-08T23:07:01,medium
menu_roster_8990.pdf,.pdf,642,C:/Finance/HR/,2024-04-24T13:51:44,low
ledger_protocol_8991.pdf,.pdf,1901,C:/Finance/Internal/Policies/,2022-03-03T22:36:57,low
repayment_8992.xlsx,.xlsx,927,C:/Finance/Loans/,2023-11-28T03:17:34,low
transaction_contract_8993_final.pdf,.pdf,2072,C:/Finance/Loans/,2025-07-20T00:54:47,high
report_8994.xlsx,.xlsx,1728,C:/Finance/Reports/,2022-07-30T21:07:01,medium
summary_8995.csv,.csv,450,C:/Finance/Reports/,2024-07-02T12:56:26,medium
transaction_8996.pdf,.pdf,1147,C:/Finance/Transactions/,2023-06-22T08:09:45,medium
profile_8997.pdf,.pdf,1621,C:/Finance/Customers/,2023-12-03T05:28:42,low
transaction_memo_8998.csv,.csv,24,C:/Finance/Reports/,2023-10-31T13:25:01,medium
statement_policy_8999.xlsx,.xlsx,140,C:/Finance/Compliance/,2024-08-30T08:35:34,low
schedule_announcement_9000.csv,.csv,31,C:/Finance/PublicInfo/Guidelines/,2025-09-10T10:07:02,low
transaction_announcement_9001.txt,.txt,90,C:/Finance/PublicInfo/Guidelines/,2023-03-01T23:10:24,low
salary_report_9002.xlsx,.xlsx,334,C:/Finance/Reports/,2024-03-24T03:57:06,high
info_9003.pdf,.pdf,492,C:/Finance/PublicInfo/Announcements/,2025-11-24T07:18:31,medium
policy_9004.docx,.docx,501,C:/Finance/Internal/Policies/,2022-02-14T03:49:23,low
transfer_9005_final.csv,.csv,514,C:/Finance/Transactions/,2024-11-29T08:50:23,low
analysis_9006.xlsx,.xlsx,137,C:/Finance/Reports/,2024-07-20T12:00:46,low
schedule_schedule_9007.pdf,.pdf,499,C:/Finance/PublicInfo/Guidelines/,2024-08-08T04:12:32,low
analysis_info_9008.txt,.txt,16,C:/Finance/PublicInfo/Announcements/,2022-02-20T23:52:07,medium
report_announcement_9009.pdf,.pdf,766,C:/Finance/PublicInfo/Guidelines/,2022-06-11T22:37:35,low
salary_9010.pdf,.pdf,1735,C:/Finance/HR/,2025-07-31T11:54:03,high
credit_report_info_9011.txt,.txt,99,C:/Finance/PublicInfo/Guidelines/,2023-07-21T10:51:02,low
report_9012.docx,.docx,1095,C:/Finance/HR/,2023-03-01T09:51:32,low
roster_9013.pdf,.pdf,2399,C:/Finance/HR/,2025-02-17T09:02:47,medium
guidelines_contract_9014.pdf,.pdf,343,C:/Finance/Customers/,2024-10-17T22:47:16,high
schedule_9015.pdf,.pdf,74,C:/Finance/PublicInfo/Announcements/,2025-04-11T06:59:30,low
guidelines_report_9016.docx,.docx,64,C:/Finance/HR/,2022-10-27T15:11:16,low
audit_9017.pdf,.pdf,1101,C:/Finance/Compliance/,2023-05-09T12:44:03,low
announcement_9018_archived.pdf,.pdf,894,C:/Finance/PublicInfo/Guidelines/,2025-03-12T05:22:22,medium
summary_announcement_9019.pdf,.pdf,1676,C:/Finance/PublicInfo/Announcements/,2022-03-13T13:24:01,low
notice_9020.pdf,.pdf,325,C:/Finance/PublicInfo/Announcements/,2024-08-01T07:17:53,low
contract_9021_v2.docx,.docx,435,C:/Finance/Loans/,2023-10-06T16:00:53,low
agreement_9022.docx,.docx,555,C:/Finance/Loans/,2025-06-25T03:00:16,low
statement_announcement_9023.txt,.txt,60,C:/Finance/PublicInfo/Announcements/,2025-05-18T01:15:54,low
ssn_profile_9024.pdf,.pdf,1303,C:/Finance/Customers/,2023-02-08T23:38:10,high
analysis_9025.pdf,.pdf,2774,C:/Finance/Reports/,2024-07-21T22:25:34,high
announcement_customer_9026.pdf,.pdf,1816,C:/Finance/Customers/,2025-04-28T12:33:04,medium
summary_info_9027.pdf,.pdf,44,C:/Finance/PublicInfo/Announcements/,2025-10-24T22:16:35,medium
report_summary_9028.pdf,.pdf,601,C:/Finance/Reports/,2024-05-14T20:42:10,low
invoice_review_9029.xlsx,.xlsx,1328,C:/Finance/Compliance/,2025-06-15T13:14:01,low
summary_summary_9030.pdf,.pdf,172,C:/Finance/Transactions/,2024-01-30T11:00:20,medium
pin_report_9031.pdf,.pdf,665,C:/Finance/Reports/,2024-09-21T18:11:54,high
summary_9032.csv,.csv,345,C:/Finance/Transactions/,2022-07-24T18:43:53,low
pin_audit_9033.csv,.csv,398,C:/Finance/Accounts/,2024-04-25T08:50:08,high
info_9034.csv,.csv,198,C:/Finance/Customers/,2022-09-01T13:53:01,low
statement_9035.pdf,.pdf,1096,C:/Finance/Transactions/,2025-07-18T04:37:49,medium
policy_protocol_9036.pdf,.pdf,429,C:/Finance/Internal/Policies/,2023-01-17T06:43:45,low
guideline_9037_final.pdf,.pdf,1239,C:/Finance/Compliance/,2022-04-03T23:54:18,medium
info_protocol_9038.xlsx,.xlsx,951,C:/Finance/Internal/Policies/,2025-07-10T18:32:07,low
guidelines_notice_9039.txt,.txt,63,C:/Finance/PublicInfo/Guidelines/,2022-07-17T19:44:12,high
memo_memo_9040.csv,.csv,569,C:/Finance/Reports/,2024-11-01T14:13:53,medium
menu_info_9041.pdf,.pdf,2250,C:/Finance/Customers/,2022-06-28T07:54:55,low
menu_agreement_9042_final.xlsx,.xlsx,1091,C:/Finance/Loans/,2025-08-08T03:27:56,high
audit_9043.xlsx,.xlsx,59,C:/Finance/Compliance/,2022-07-25T11:36:36,medium
analysis_policy_9044.pdf,.pdf,715,C:/Finance/Internal/Policies/,2024-01-10T00:21:45,medium
announcement_transaction_9045_final.csv,.csv,103,C:/Finance/Transactions/,2024-06-08T13:03:16,low
public_notice_protocol_9046.docx,.docx,59,C:/Finance/Internal/Policies/,2023-08-30T10:35:33,low
customer_9047.docx,.docx,412,C:/Finance/Customers/,2022-11-23T00:42:52,low
salary_summary_9048.csv,.csv,505,C:/Finance/Transactions/,2022-10-29T03:54:56,high
audit_9049.pdf,.pdf,35,C:/Finance/Compliance/,2022-11-12T00:21:43,low
schedule_summary_9050.xlsx,.xlsx,590,C:/Finance/Reports/,2025-09-02T04:58:48,low
memo_9051.xlsx,.xlsx,658,C:/Finance/Reports/,2024-09-21T15:32:08,low
procedure_9052.xlsx,.xlsx,562,C:/Finance/Internal/Policies/,2025-06-16T17:06:06,low
ledger_9053.xlsx,.xlsx,121,C:/Finance/Accounts/,2025-12-08T18:30:47,medium
analysis_agreement_9054_archived.xlsx,.xlsx,320,C:/Finance/Loans/,2025-09-07T10:30:28,medium
transfer_9055.csv,.csv,262,C:/Finance/Transactions/,2022-06-07T03:17:54,low
audit_9056.xlsx,.xlsx,929,C:/Finance/Compliance/,2024-10-03T02:04:16,low
ledger_loan_9057_confidential.docx,.docx,795,C:/Finance/Loans/,2022-09-10T21:44:19,low
audit_9058.docx,.docx,217,C:/Finance/Compliance/,2023-08-30T09:18:07,low
salary_guideline_9059.xlsx,.xlsx,783,C:/Finance/Compliance/,2025-12-31T08:41:55,high
schedule_9060.csv,.csv,280,C:/Finance/PublicInfo/Announcements/,2025-09-06T06:21:13,low
audit_report_9061_final.xlsx,.xlsx,978,C:/Finance/Reports/,2022-11-01T13:36:14,low
customer_9062.csv,.csv,173,C:/Finance/Customers/,2024-09-24T03:36:06,high
analysis_9063.xlsx,.xlsx,1909,C:/Finance/Reports/,2025-02-15T08:28:42,medium
summary_report_9064.pdf,.pdf,60,C:/Finance/HR/,2023-12-19T22:04:19,medium
guideline_9065.pdf,.pdf,732,C:/Finance/Internal/Policies/,2023-04-13T04:38:21,medium
analysis_9066.pdf,.pdf,736,C:/Finance/Reports/,2025-09-02T11:14:25,low
summary_9067.pdf,.pdf,367,C:/Finance/Transactions/,2025-08-25T03:04:42,high
menu_schedule_9068.csv,.csv,36,C:/Finance/PublicInfo/Announcements/,2023-11-21T11:03:11,low
agreement_9069.docx,.docx,249,C:/Finance/Loans/,2023-08-10T21:02:21,low
statement_9070.xlsx,.xlsx,865,C:/Finance/Transactions/,2023-08-02T10:10:34,medium
summary_notice_9071.pdf,.pdf,877,C:/Finance/PublicInfo/Guidelines/,2024-10-31T14:58:48,low
policy_transaction_9072.xlsx,.xlsx,633,C:/Finance/Transactions/,2023-02-24T13:21:57,low
policy_9073.docx,.docx,537,C:/Finance/Internal/Policies/,2024-04-20T15:03:59,low
transaction_9074.pdf,.pdf,324,C:/Finance/Transactions/,2022-05-18T04:36:38,medium
analysis_audit_9075.xlsx,.xlsx,1278,C:/Finance/Compliance/,2024-11-03T08:16:39,low
summary_9076.xlsx,.xlsx,21,C:/Finance/Reports/,2024-09-30T00:37:30,medium
ledger_schedule_9077.csv,.csv,524,C:/Finance/PublicInfo/Announcements/,2022-11-21T03:56:54,medium
ledger_9078.xlsx,.xlsx,241,C:/Finance/Accounts/,2023-12-21T07:48:48,medium
customer_9079.csv,.csv,52,C:/Finance/Customers/,2022-11-25T17:45:38,low
info_transaction_9080.xlsx,.xlsx,1270,C:/Finance/Transactions/,2023-12-07T04:21:27,low
contract_9081.xlsx,.xlsx,160,C:/Finance/Loans/,2023-12-12T17:25:10,medium
confidential_memo_9082_draft.xlsx,.xlsx,329,C:/Finance/Reports/,2025-10-24T21:46:04,high
repayment_9083.docx,.docx,148,C:/Finance/Loans/,2022-12-20T18:54:29,high
customer_procedure_9084.docx,.docx,290,C:/Finance/Internal/Policies/,2025-11-18T05:35:20,low
notice_9085.pdf,.pdf,2008,C:/Finance/PublicInfo/Announcements/,2025-04-13T20:56:39,medium
policy_9086.pdf,.pdf,2008,C:/Finance/Internal/Policies/,2025-08-14T08:09:41,high
statement_9087.csv,.csv,409,C:/Finance/Transactions/,2023-06-08T03:44:13,low
profile_9088.docx,.docx,578,C:/Finance/Customers/,2023-06-12T15:13:54,low
announcement_9089.pdf,.pdf,876,C:/Finance/PublicInfo/Announcements/,2025-07-15T13:31:59,medium
statement_policy_9090.xlsx,.xlsx,741,C:/Finance/Compliance/,2025-10-31T21:20:54,medium
menu_roster_9091.pdf,.pdf,2763,C:/Finance/HR/,2023-03-05T11:31:55,low
protocol_9092.docx,.docx,78,C:/Finance/Internal/Policies/,2023-03-20T12:57:26,low
info_9093.pdf,.pdf,882,C:/Finance/PublicInfo/Guidelines/,2022-04-11T14:26:54,low
report_9094.xlsx,.xlsx,1467,C:/Finance/Reports/,2022-05-25T20:38:41,low
repayment_9095.pdf,.pdf,791,C:/Finance/Loans/,2025-07-04T05:43:58,high
repayment_9096.xls,.xls,93,C:/Finance/Loans/,2025-11-24T14:45:11,high
summary_9097.csv,.csv,463,C:/Finance/Transactions/,2024-02-26T09:32:10,medium
report_9098.xlsx,.xlsx,452,C:/Finance/HR/,2025-02-19T21:02:30,low
analysis_9099_v2.csv,.csv,154,C:/Finance/Reports/,2022-07-27T12:58:29,low
schedule_9100.txt,.txt,78,C:/Finance/PublicInfo/Guidelines/,2023-07-29T13:19:46,medium
summary_info_9101.csv,.csv,351,C:/Finance/PublicInfo/Guidelines/,2025-10-07T07:37:38,medium
policy_procedure_9102.docx,.docx,404,C:/Finance/Internal/Policies/,2024-02-28T15:19:08,high
announcement_summary_9103.pdf,.pdf,7,C:/Finance/Transactions/,2022-05-14T01:53:35,medium
info_profile_9104.csv,.csv,155,C:/Finance/Customers/,2024-05-18T12:52:59,low
report_agreement_9105.pdf,.pdf,1028,C:/Finance/Loans/,2023-09-20T05:32:38,high
payroll_9106.docx,.docx,530,C:/Finance/HR/,2025-08-13T12:03:30,low
report_notice_9107_archived.txt,.txt,4,C:/Finance/PublicInfo/Announcements/,2023-10-07T12:30:59,low
guidelines_transfer_9108.pdf,.pdf,1622,C:/Finance/Transactions/,2023-07-23T03:22:16,low
contract_9109.pdf,.pdf,273,C:/Finance/Loans/,2023-01-30T05:42:26,medium
payroll_9110.pdf,.pdf,1703,C:/Finance/HR/,2025-05-28T18:16:28,high
public_notice_policy_9111.docx,.docx,441,C:/Finance/Compliance/,2022-12-07T17:22:40,low
notice_9112.txt,.txt,52,C:/Finance/PublicInfo/Guidelines/,2022-04-16T01:19:10,low
announcement_9113.txt,.txt,147,C:/Finance/PublicInfo/Guidelines/,2024-11-20T02:30:01,medium
review_9114.docx,.docx,172,C:/Finance/Compliance/,2024-10-15T06:35:59,high
menu_announcement_9115.txt,.txt,85,C:/Finance/PublicInfo/Announcements/,2025-10-13T09:05:53,low
memo_9116.csv,.csv,392,C:/Finance/Reports/,2024-01-07T20:50:11,low
report_info_9117.csv,.csv,553,C:/Finance/Customers/,2025-09-05T23:48:37,medium
statement_loan_9118.xls,.xls,691,C:/Finance/Loans/,2022-03-21T07:35:15,low
guideline_9119.pdf,.pdf,1634,C:/Finance/Compliance/,2024-06-24T15:16:08,medium
menu_info_9120.pdf,.pdf,1093,C:/Finance/PublicInfo/Guidelines/,2024-08-18T16:18:33,low
info_9121_v2.pdf,.pdf,721,C:/Finance/PublicInfo/Guidelines/,2023-02-01T08:20:21,low
profile_9122.pdf,.pdf,486,C:/Finance/Customers/,2022-10-10T10:19:19,high
policy_summary_9123.xlsx,.xlsx,514,C:/Finance/Reports/,2025-07-27T09:43:51,low
guidelines_salary_9124.xlsx,.xlsx,401,C:/Finance/HR/,2023-11-12T12:44:13,medium
announcement_loan_9125.xls,.xls,41,C:/Finance/Loans/,2025-09-17T15:26:25,low
credit_report_policy_9126.xlsx,.xlsx,1466,C:/Finance/Internal/Policies/,2022-05-27T02:42:02,low
info_9127.pdf,.pdf,1403,C:/Finance/Customers/,2023-03-12T20:49:20,medium
announcement_9128.txt,.txt,111,C:/Finance/PublicInfo/Guidelines/,2023-08-13T22:49:51,low
report_9129.pdf,.pdf,778,C:/Finance/Reports/,2023-01-12T07:16:44,low
statement_summary_9130.pdf,.pdf,1602,C:/Finance/Reports/,2023-04-20T06:15:33,low
info_announcement_9131.txt,.txt,113,C:/Finance/PublicInfo/Guidelines/,2022-10-03T05:57:12,low
notice_9132.pdf,.pdf,878,C:/Finance/PublicInfo/Guidelines/,2022-06-27T13:36:13,low
info_9133.csv,.csv,323,C:/Finance/Customers/,2025-06-13T03:03:15,high
schedule_memo_9134_draft.csv,.csv,314,C:/Finance/Reports/,2022-10-12T10:25:54,low
tax_info_customer_9135.csv,.csv,175,C:/Finance/Customers/,2023-05-11T17:33:23,low
summary_9136.xlsx,.xlsx,1542,C:/Finance/Transactions/,2023-11-24T08:43:34,medium
statement_guideline_9137.docx,.docx,553,C:/Finance/Internal/Policies/,2023-05-24T22:14:10,medium
schedule_9138.txt,.txt,32,C:/Finance/PublicInfo/Announcements/,2024-05-18T23:13:09,low
announcement_9139_draft.txt,.txt,14,C:/Finance/PublicInfo/Guidelines/,2025-07-09T17:38:14,low
credit_report_summary_9140.csv,.csv,522,C:/Finance/Reports/,2023-09-05T14:02:40,high
schedule_9141.csv,.csv,313,C:/Finance/PublicInfo/Announcements/,2023-08-28T00:21:36,high
schedule_9142.csv,.csv,195,C:/Finance/PublicInfo/Announcements/,2024-06-28T10:11:36,medium
contract_9143.docx,.docx,553,C:/Finance/Loans/,2023-02-03T03:42:05,low
public_notice_report_9144.pdf,.pdf,757,C:/Finance/HR/,2025-09-11T06:05:10,high
account_9145.pdf,.pdf,123,C:/Finance/Accounts/,2023-12-25T18:39:01,low
audit_9146.pdf,.pdf,487,C:/Finance/Compliance/,2025-12-15T04:54:31,low
analysis_notice_9147.pdf,.pdf,648,C:/Finance/PublicInfo/Guidelines/,2023-10-29T03:04:25,low
transaction_policy_9148.pdf,.pdf,231,C:/Finance/Internal/Policies/,2023-01-03T11:00:15,low
announcement_report_9149.xlsx,.xlsx,354,C:/Finance/Reports/,2022-10-21T13:16:28,medium
ledger_9150.pdf,.pdf,256,C:/Finance/Accounts/,2024-01-12T08:21:43,high
contract_9151.pdf,.pdf,683,C:/Finance/Loans/,2025-12-16T19:32:56,medium
summary_9152.xlsx,.xlsx,896,C:/Finance/Reports/,2023-03-10T11:55:23,high
analysis_policy_9153.docx,.docx,695,C:/Finance/Compliance/,2023-03-31T23:10:00,low
invoice_repayment_9154.pdf,.pdf,613,C:/Finance/Loans/,2023-03-04T09:27:53,low
public_notice_info_9155.docx,.docx,367,C:/Finance/Customers/,2025-12-30T14:39:43,high
bank_statement_customer_9156.csv,.csv,440,C:/Finance/Customers/,2023-02-13T18:30:42,high
protocol_9157.xlsx,.xlsx,1707,C:/Finance/Internal/Policies/,2022-07-02T16:00:59,low
contract_9158.csv,.csv,866,C:/Finance/Customers/,2022-04-20T07:51:43,medium
summary_transaction_9159.xlsx,.xlsx,248,C:/Finance/Transactions/,2025-02-23T04:31:02,medium
public_notice_transfer_9160.csv,.csv,270,C:/Finance/Transactions/,2024-01-05T01:10:31,low
pin_notice_9161.pdf,.pdf,551,C:/Finance/PublicInfo/Announcements/,2023-06-09T10:44:16,high
schedule_analysis_9162.csv,.csv,321,C:/Finance/Reports/,2022-10-09T03:34:21,low
repayment_9163.xlsx,.xlsx,747,C:/Finance/Loans/,2023-05-06T21:55:16,low
policy_info_9164_final.docx,.docx,337,C:/Finance/Customers/,2024-04-04T14:57:39,medium
memo_transaction_9165.csv,.csv,776,C:/Finance/Transactions/,2024-02-23T10:42:35,low
announcement_9166.pdf,.pdf,1207,C:/Finance/PublicInfo/Guidelines/,2023-02-28T03:45:00,low
invoice_transaction_9167.csv,.csv,437,C:/Finance/Transactions/,2025-12-08T16:11:16,low
transaction_audit_9168.csv,.csv,605,C:/Finance/Accounts/,2023-10-19T07:39:33,medium
info_guideline_9169.pdf,.pdf,1391,C:/Finance/Compliance/,2022-12-06T07:15:03,low
memo_announcement_9170.pdf,.pdf,339,C:/Finance/PublicInfo/Guidelines/,2024-08-25T21:40:35,low
salary_9171.pdf,.pdf,1372,C:/Finance/HR/,2024-04-08T04:15:29,low
passwords_guideline_9172.docx,.docx,672,C:/Finance/Internal/Policies/,2025-05-29T07:13:16,medium
review_9173.xlsx,.xlsx,1044,C:/Finance/Compliance/,2024-03-22T13:32:56,low
report_9174.xlsx,.xlsx,1854,C:/Finance/Reports/,2022-06-05T16:32:20,low
protocol_9175.docx,.docx,227,C:/Finance/Internal/Policies/,2024-07-16T07:17:42,low
schedule_transaction_9176_confidential.pdf,.pdf,834,C:/Finance/Transactions/,2023-10-29T05:51:55,low
announcement_9177.csv,.csv,143,C:/Finance/PublicInfo/Announcements/,2022-07-03T00:53:10,high
notice_9178_draft.pdf,.pdf,596,C:/Finance/PublicInfo/Guidelines/,2025-12-31T16:55:12,low
info_9179.csv,.csv,262,C:/Finance/PublicInfo/Announcements/,2024-07-12T08:04:01,medium
invoice_payroll_9180.docx,.docx,762,C:/Finance/HR/,2022-01-18T11:48:51,medium
summary_schedule_9181.txt,.txt,13,C:/Finance/PublicInfo/Announcements/,2023-06-20T02:43:33,medium
schedule_9182.pdf,.pdf,1664,C:/Finance/PublicInfo/Announcements/,2024-07-29T07:10:37,low
contract_9183.docx,.docx,344,C:/Finance/Loans/,2025-08-17T01:34:10,low
audit_guideline_9184_v2.docx,.docx,427,C:/Finance/Compliance/,2025-08-18T17:55:52,low
transaction_9185.xlsx,.xlsx,1527,C:/Finance/Transactions/,2024-08-17T06:45:54,medium
summary_roster_9186.pdf,.pdf,242,C:/Finance/HR/,2022-06-30T09:38:05,low
audit_9187.csv,.csv,48,C:/Finance/Accounts/,2024-12-08T15:50:54,low
public_notice_review_9188.docx,.docx,19,C:/Finance/Compliance/,2022-11-14T11:53:26,low
analysis_analysis_9189.pdf,.pdf,528,C:/Finance/Reports/,2023-11-26T09:14:27,low
report_contract_9190.xls,.xls,989,C:/Finance/Loans/,2023-07-04T04:37:31,medium
policy_9191_v2.docx,.docx,299,C:/Finance/Internal/Policies/,2022-01-30T08:48:34,high
analysis_9192.pdf,.pdf,852,C:/Finance/Reports/,2024-03-03T23:31:42,low
policy_9193_final.pdf,.pdf,243,C:/Finance/Compliance/,2022-08-09T17:26:20,low
report_announcement_9194.csv,.csv,267,C:/Finance/PublicInfo/Guidelines/,2025-09-22T18:24:04,medium
info_notice_9195.pdf,.pdf,1768,C:/Finance/PublicInfo/Guidelines/,2024-09-30T00:32:29,medium
guidelines_agreement_9196.docx,.docx,255,C:/Finance/Loans/,2023-03-12T12:16:30,medium
roster_9197.docx,.docx,320,C:/Finance/HR/,2025-04-18T08:18:24,high
info_9198.pdf,.pdf,159,C:/Finance/Customers/,2023-04-09T21:01:00,medium
info_analysis_9199.xlsx,.xlsx,212,C:/Finance/Reports/,2022-06-10T15:32:22,medium
guidelines_memo_9200.csv,.csv,358,C:/Finance/Reports/,2022-08-12T07:53:57,low
audit_9201_confidential.xlsx,.xlsx,375,C:/Finance/Accounts/,2024-06-12T15:21:03,high
invoice_profile_9202.csv,.csv,260,C:/Finance/Customers/,2022-03-18T00:12:59,low
info_9203.pdf,.pdf,740,C:/Finance/Customers/,2023-02-09T07:15:19,medium
analysis_notice_9204.csv,.csv,25,C:/Finance/PublicInfo/Guidelines/,2022-06-01T01:52:59,low
announcement_9205.csv,.csv,339,C:/Finance/PublicInfo/Guidelines/,2025-04-06T05:45:32,low
pin_guideline_9206_v2.xlsx,.xlsx,875,C:/Finance/Internal/Policies/,2024-09-17T22:06:03,high
customer_9207.pdf,.pdf,521,C:/Finance/Customers/,2023-02-15T04:57:29,low
summary_customer_9208.csv,.csv,387,C:/Finance/Customers/,2023-02-27T07:03:19,medium
guidelines_announcement_9209.csv,.csv,211,C:/Finance/PublicInfo/Guidelines/,2024-11-03T11:29:00,low
ssn_contract_9210.pdf,.pdf,1184,C:/Finance/Loans/,2023-02-22T14:10:42,low
announcement_procedure_9211_v2.docx,.docx,1271,C:/Finance/Internal/Policies/,2025-07-10T07:20:41,low
memo_9212.csv,.csv,24,C:/Finance/Reports/,2022-05-27T12:37:56,low
announcement_transaction_9213.xlsx,.xlsx,619,C:/Finance/Transactions/,2025-09-30T04:08:28,low
schedule_salary_9214.pdf,.pdf,703,C:/Finance/HR/,2023-03-05T19:53:58,low
policy_schedule_9215.txt,.txt,32,C:/Finance/PublicInfo/Guidelines/,2024-02-24T09:04:16,low
guidelines_salary_9216.pdf,.pdf,399,C:/Finance/HR/,2022-10-06T11:22:31,low
analysis_audit_9217.xlsx,.xlsx,229,C:/Finance/Compliance/,2024-03-25T06:14:15,high
roster_9218.xlsx,.xlsx,1471,C:/Finance/HR/,2022-04-22T15:40:34,low
policy_announcement_9219.csv,.csv,18,C:/Finance/PublicInfo/Guidelines/,2025-04-20T21:02:28,medium
statement_procedure_9220.pdf,.pdf,1150,C:/Finance/Internal/Policies/,2022-09-25T08:52:36,low
summary_9221.xlsx,.xlsx,510,C:/Finance/Transactions/,2025-04-29T07:44:08,high
salary_9222.docx,.docx,808,C:/Finance/HR/,2023-12-05T10:03:21,low
ledger_schedule_9223.pdf,.pdf,264,C:/Finance/PublicInfo/Announcements/,2025-03-24T19:08:09,low
protocol_9224.pdf,.pdf,541,C:/Finance/Internal/Policies/,2025-01-09T18:49:02,low
schedule_info_9225.csv,.csv,493,C:/Finance/PublicInfo/Announcements/,2022-12-07T22:27:19,medium
statement_ledger_9226.xlsx,.xlsx,1506,C:/Finance/Accounts/,2022-07-02T20:45:14,medium
public_notice_memo_9227.xlsx,.xlsx,1593,C:/Finance/Reports/,2024-05-03T06:11:24,low
tax_info_announcement_9228.txt,.txt,110,C:/Finance/PublicInfo/Announcements/,2025-09-01T19:38:55,low
agreement_9229.docx,.docx,412,C:/Finance/Loans/,2022-04-22T07:26:00,medium
policy_audit_9230.csv,.csv,493,C:/Finance/Accounts/,2025-06-27T14:23:09,low
memo_procedure_9231.pdf,.pdf,304,C:/Finance/Internal/Policies/,2025-03-24T17:59:07,low
announcement_9232.pdf,.pdf,959,C:/Finance/PublicInfo/Guidelines/,2023-01-24T08:43:53,low
policy_account_9233.xlsx,.xlsx,1663,C:/Finance/Accounts/,2025-12-19T11:08:03,medium
notice_9234_final.csv,.csv,197,C:/Finance/PublicInfo/Guidelines/,2024-08-08T17:01:05,low
policy_transaction_9235.pdf,.pdf,822,C:/Finance/Transactions/,2023-06-17T13:44:28,low
account_9236_draft.pdf,.pdf,1938,C:/Finance/Accounts/,2023-10-12T03:33:09,low
passwords_memo_9237.xlsx,.xlsx,142,C:/Finance/Reports/,2023-05-31T03:50:19,low
procedure_9238.pdf,.pdf,1605,C:/Finance/Internal/Policies/,2024-07-18T03:11:24,medium
audit_protocol_9239.pdf,.pdf,1148,C:/Finance/Internal/Policies/,2025-01-14T06:15:15,high
policy_9240.pdf,.pdf,2161,C:/Finance/Internal/Policies/,2024-03-21T18:05:52,medium
ledger_balance_9241.xlsx,.xlsx,500,C:/Finance/Accounts/,2025-06-19T09:37:53,medium
roster_9242.xlsx,.xlsx,76,C:/Finance/HR/,2022-07-19T03:08:45,medium
policy_payroll_9243.pdf,.pdf,1134,C:/Finance/HR/,2023-03-25T14:48:15,low
guidelines_audit_9244_final.csv,.csv,400,C:/Finance/Accounts/,2022-05-21T04:45:27,high
repayment_9245_confidential.pdf,.pdf,1326,C:/Finance/Loans/,2022-12-10T07:49:41,high
info_customer_9246.pdf,.pdf,1333,C:/Finance/Customers/,2025-09-25T04:11:53,high
menu_profile_9247.pdf,.pdf,2494,C:/Finance/Customers/,2024-01-12T15:03:12,high
balance_9248.pdf,.pdf,670,C:/Finance/Accounts/,2024-07-23T14:25:23,medium
salary_9249.docx,.docx,568,C:/Finance/HR/,2023-10-26T13:21:00,low
announcement_9250.pdf,.pdf,1791,C:/Finance/PublicInfo/Guidelines/,2024-10-20T05:44:15,low
announcement_9251.txt,.txt,118,C:/Finance/PublicInfo/Announcements/,2023-01-28T19:29:14,high
public_notice_schedule_9252.txt,.txt,119,C:/Finance/PublicInfo/Announcements/,2022-03-21T10:33:20,medium
summary_customer_9253.pdf,.pdf,1265,C:/Finance/Customers/,2022-07-27T19:35:16,low
notice_9254.txt,.txt,61,C:/Finance/PublicInfo/Announcements/,2023-04-27T23:38:13,medium
schedule_9255.pdf,.pdf,230,C:/Finance/PublicInfo/Guidelines/,2025-08-16T18:18:31,low
ledger_memo_9256.pdf,.pdf,1217,C:/Finance/Reports/,2024-12-18T23:23:15,low
info_schedule_9257_final.txt,.txt,87,C:/Finance/PublicInfo/Guidelines/,2025-04-12T16:42:50,low
customer_report_9258.csv,.csv,268,C:/Finance/Reports/,2022-06-15T06:48:54,high
confidential_guideline_9259.docx,.docx,4,C:/Finance/Compliance/,2024-11-03T15:28:48,low
protocol_9260.xlsx,.xlsx,932,C:/Finance/Internal/Policies/,2025-10-19T00:33:00,low
ledger_memo_9261.pdf,.pdf,515,C:/Finance/Reports/,2022-05-15T10:56:33,medium
procedure_9262.xlsx,.xlsx,633,C:/Finance/Internal/Policies/,2022-08-30T07:07:26,medium
roster_9263.pdf,.pdf,536,C:/Finance/HR/,2023-07-14T00:06:04,low
info_9264.pdf,.pdf,1030,C:/Finance/Customers/,2024-03-11T07:36:07,medium
announcement_9265.csv,.csv,414,C:/Finance/PublicInfo/Announcements/,2022-04-23T16:19:20,low
payroll_9266_v2.pdf,.pdf,937,C:/Finance/HR/,2022-11-28T01:18:44,low
summary_guideline_9267.pdf,.pdf,2233,C:/Finance/Compliance/,2023-01-13T23:10:22,medium
review_9268.pdf,.pdf,1300,C:/Finance/Compliance/,2022-04-17T04:59:01,low
repayment_9269.xls,.xls,892,C:/Finance/Loans/,2025-05-31T19:05:51,high
statement_9270.pdf,.pdf,325,C:/Finance/Transactions/,2022-05-31T21:23:27,low
notice_9271.pdf,.pdf,2021,C:/Finance/PublicInfo/Guidelines/,2024-11-11T02:35:45,medium
announcement_9272.txt,.txt,54,C:/Finance/PublicInfo/Guidelines/,2024-01-15T15:35:21,low
payroll_9273.xlsx,.xlsx,618,C:/Finance/HR/,2024-12-09T06:13:23,medium
tax_info_guideline_9274.docx,.docx,15,C:/Finance/Internal/Policies/,2024-04-23T09:22:35,high
info_repayment_9275.xlsx,.xlsx,344,C:/Finance/Loans/,2023-04-13T21:00:53,high
announcement_info_9276.docx,.docx,476,C:/Finance/Customers/,2023-02-16T10:36:08,low
analysis_schedule_9277_final.pdf,.pdf,167,C:/Finance/PublicInfo/Announcements/,2025-08-06T14:04:43,low
announcement_9278.txt,.txt,85,C:/Finance/PublicInfo/Announcements/,2022-04-22T03:05:34,low
ledger_customer_9279.pdf,.pdf,717,C:/Finance/Customers/,2025-08-02T08:27:08,medium
report_procedure_9280_v2.xlsx,.xlsx,48,C:/Finance/Internal/Policies/,2025-01-14T18:51:59,low
payroll_9281.xlsx,.xlsx,1270,C:/Finance/HR/,2024-12-07T02:05:29,medium
statement_statement_9282_archived.csv,.csv,358,C:/Finance/Transactions/,2024-10-14T23:11:21,high
analysis_review_9283.xlsx,.xlsx,2293,C:/Finance/Compliance/,2023-08-22T06:06:29,medium
menu_summary_9284.csv,.csv,457,C:/Finance/Transactions/,2023-01-24T01:46:41,low
procedure_9285.pdf,.pdf,175,C:/Finance/Internal/Policies/,2023-12-02T12:31:36,high
customer_notice_9286.pdf,.pdf,1410,C:/Finance/PublicInfo/Guidelines/,2023-06-07T07:08:22,low
customer_9287.pdf,.pdf,1675,C:/Finance/Customers/,2025-11-29T13:14:42,low
account_9288.pdf,.pdf,1644,C:/Finance/Accounts/,2023-09-28T14:17:27,medium
procedure_9289.pdf,.pdf,90,C:/Finance/Internal/Policies/,2024-05-30T01:26:04,medium
memo_9290.csv,.csv,167,C:/Finance/Reports/,2024-03-17T13:06:58,low
memo_policy_9291.xlsx,.xlsx,1021,C:/Finance/Compliance/,2022-09-03T10:37:52,low
tax_info_salary_9292.pdf,.pdf,735,C:/Finance/HR/,2024-01-17T21:53:57,low
announcement_loan_9293.xlsx,.xlsx,724,C:/Finance/Loans/,2024-02-13T21:40:20,low
credit_report_statement_9294.csv,.csv,136,C:/Finance/Transactions/,2025-11-07T17:06:10,medium
pin_profile_9295.docx,.docx,291,C:/Finance/Customers/,2023-09-12T05:35:49,high
salary_9296_archived.pdf,.pdf,1250,C:/Finance/HR/,2023-11-16T07:50:00,high
policy_announcement_9297.txt,.txt,23,C:/Finance/PublicInfo/Guidelines/,2024-08-15T17:23:39,low
policy_9298.docx,.docx,635,C:/Finance/Compliance/,2025-08-01T10:46:50,low
report_9299.xlsx,.xlsx,852,C:/Finance/HR/,2022-06-23T12:59:55,low
report_payroll_9300.pdf,.pdf,281,C:/Finance/HR/,2022-06-26T05:29:00,low
notice_9301.csv,.csv,212,C:/Finance/PublicInfo/Guidelines/,2025-01-22T01:11:38,low
ledger_audit_9302.docx,.docx,853,C:/Finance/Compliance/,2023-10-20T00:17:54,high
report_9303.xlsx,.xlsx,1145,C:/Finance/HR/,2025-12-31T06:18:56,medium
tax_info_report_9304_confidential.pdf,.pdf,149,C:/Finance/HR/,2024-10-11T20:18:40,high
schedule_repayment_9305.pdf,.pdf,219,C:/Finance/Loans/,2025-07-14T09:07:56,low
menu_policy_9306.pdf,.pdf,1525,C:/Finance/Compliance/,2025-07-18T03:48:39,low
loan_9307.docx,.docx,851,C:/Finance/Loans/,2025-12-02T19:43:58,low
notice_9308.txt,.txt,66,C:/Finance/PublicInfo/Guidelines/,2024-07-08T04:53:01,low
report_9309.xlsx,.xlsx,282,C:/Finance/HR/,2024-08-22T14:41:34,medium
analysis_announcement_9310.csv,.csv,549,C:/Finance/PublicInfo/Guidelines/,2023-11-19T12:36:58,low
summary_9311_v2.pdf,.pdf,1690,C:/Finance/Reports/,2024-05-24T15:18:05,low
schedule_notice_9312.pdf,.pdf,1078,C:/Finance/PublicInfo/Announcements/,2025-06-09T20:40:46,low
roster_9313.docx,.docx,648,C:/Finance/HR/,2024-01-23T06:19:36,low
memo_announcement_9314.txt,.txt,107,C:/Finance/PublicInfo/Announcements/,2023-02-16T16:32:29,medium
summary_9315.xlsx,.xlsx,1057,C:/Finance/Reports/,2025-06-26T08:58:12,medium
notice_9316.csv,.csv,413,C:/Finance/PublicInfo/Guidelines/,2024-08-09T01:40:38,medium
audit_9317_draft.csv,.csv,188,C:/Finance/Accounts/,2022-08-25T03:45:43,low
info_9318.pdf,.pdf,199,C:/Finance/PublicInfo/Announcements/,2023-01-07T17:36:54,medium
analysis_report_9319.pdf,.pdf,1139,C:/Finance/HR/,2024-10-26T20:07:55,medium
guidelines_audit_9320_archived.pdf,.pdf,322,C:/Finance/Accounts/,2023-06-23T00:40:54,medium
report_audit_9321.xlsx,.xlsx,1850,C:/Finance/Accounts/,2023-08-19T16:05:53,high
schedule_9322.pdf,.pdf,1005,C:/Finance/PublicInfo/Guidelines/,2023-12-21T00:19:16,low
policy_9323.docx,.docx,709,C:/Finance/Internal/Policies/,2024-11-08T11:38:14,medium
schedule_transfer_9324_final.pdf,.pdf,1389,C:/Finance/Transactions/,2023-06-12T08:23:00,low
notice_9325.csv,.csv,91,C:/Finance/PublicInfo/Guidelines/,2025-05-10T07:15:48,low
announcement_9326.csv,.csv,531,C:/Finance/PublicInfo/Guidelines/,2023-07-13T06:35:53,low
announcement_statement_9327.pdf,.pdf,208,C:/Finance/Transactions/,2022-09-17T20:43:14,low
statement_guideline_9328.xlsx,.xlsx,533,C:/Finance/Compliance/,2023-06-18T18:34:24,low
analysis_9329.xlsx,.xlsx,168,C:/Finance/Reports/,2025-02-14T11:52:42,low
notice_9330.pdf,.pdf,2939,C:/Finance/PublicInfo/Announcements/,2024-03-09T03:18:59,high
announcement_schedule_9331.csv,.csv,328,C:/Finance/PublicInfo/Announcements/,2023-05-03T08:28:12,low
contract_9332_confidential.docx,.docx,50,C:/Finance/Customers/,2023-02-02T07:41:23,low
summary_payroll_9333_final.xlsx,.xlsx,257,C:/Finance/HR/,2024-08-25T00:15:31,low
contract_9334.docx,.docx,277,C:/Finance/Customers/,2022-09-30T14:21:27,low
policy_audit_9335.xlsx,.xlsx,1254,C:/Finance/Compliance/,2022-11-26T11:40:58,low
roster_9336.pdf,.pdf,448,C:/Finance/HR/,2022-07-25T06:55:11,low
transfer_9337.pdf,.pdf,466,C:/Finance/Transactions/,2023-11-01T03:47:03,low
notice_9338.pdf,.pdf,1395,C:/Finance/PublicInfo/Guidelines/,2025-09-21T08:51:52,low
ledger_transaction_9339.csv,.csv,179,C:/Finance/Transactions/,2025-11-22T10:51:03,low
report_audit_9340.xlsx,.xlsx,624,C:/Finance/Accounts/,2023-06-27T00:06:57,medium
statement_9341.xlsx,.xlsx,599,C:/Finance/Transactions/,2024-02-19T04:26:14,low
statement_9342_v2.xlsx,.xlsx,1224,C:/Finance/Transactions/,2025-05-14T04:00:23,low
announcement_schedule_9343_confidential.txt,.txt,73,C:/Finance/PublicInfo/Announcements/,2025-10-03T01:53:45,medium
bank_statement_audit_9344.pdf,.pdf,810,C:/Finance/Accounts/,2024-05-04T20:57:33,high
salary_9345.docx,.docx,195,C:/Finance/HR/,2023-12-28T08:27:31,low
roster_9346.docx,.docx,217,C:/Finance/HR/,2024-02-08T10:01:34,low
policy_summary_9347.xlsx,.xlsx,712,C:/Finance/Reports/,2025-06-28T02:03:49,low
announcement_audit_9348.pdf,.pdf,890,C:/Finance/Compliance/,2022-03-12T19:41:54,low
guideline_9349.docx,.docx,609,C:/Finance/Compliance/,2023-01-18T05:22:09,low
contract_9350.xls,.xls,72,C:/Finance/Loans/,2022-04-20T11:24:29,high
guidelines_procedure_9351.pdf,.pdf,1305,C:/Finance/Internal/Policies/,2025-10-18T23:04:00,low
audit_transaction_9352.pdf,.pdf,714,C:/Finance/Transactions/,2024-01-28T19:09:13,low
invoice_guideline_9353.docx,.docx,209,C:/Finance/Compliance/,2023-11-10T11:20:40,low
contract_9354_confidential.docx,.docx,227,C:/Finance/Loans/,2025-09-14T01:32:53,high
policy_account_9355.pdf,.pdf,53,C:/Finance/Accounts/,2022-11-15T00:01:02,medium
pin_balance_9356.xlsx,.xlsx,1196,C:/Finance/Accounts/,2023-11-16T05:34:16,medium
announcement_9357.csv,.csv,148,C:/Finance/PublicInfo/Guidelines/,2022-12-30T19:24:11,low
policy_9358.pdf,.pdf,40,C:/Finance/Internal/Policies/,2022-09-17T11:31:20,low
salary_protocol_9359_archived.pdf,.pdf,1266,C:/Finance/Internal/Policies/,2022-09-21T02:28:29,medium
procedure_9360.xlsx,.xlsx,720,C:/Finance/Internal/Policies/,2024-04-17T02:58:30,low
menu_statement_9361.csv,.csv,98,C:/Finance/Transactions/,2022-05-02T17:07:44,low
guidelines_review_9362.xlsx,.xlsx,843,C:/Finance/Compliance/,2023-01-06T17:53:41,medium
ledger_announcement_9363_archived.pdf,.pdf,1203,C:/Finance/PublicInfo/Announcements/,2023-04-11T03:11:59,low
menu_contract_9364.pdf,.pdf,645,C:/Finance/Customers/,2023-08-08T03:38:54,low
transaction_info_9365.csv,.csv,299,C:/Finance/PublicInfo/Announcements/,2025-04-12T21:32:27,medium
procedure_9366.pdf,.pdf,739,C:/Finance/Internal/Policies/,2022-10-27T04:14:51,low
info_9367.txt,.txt,117,C:/Finance/PublicInfo/Guidelines/,2024-10-13T18:50:34,low
statement_transfer_9368.xlsx,.xlsx,532,C:/Finance/Transactions/,2022-11-10T16:10:49,low
announcement_profile_9369.csv,.csv,177,C:/Finance/Customers/,2025-10-04T03:07:38,medium
balance_9370.pdf,.pdf,267,C:/Finance/Accounts/,2022-12-18T20:18:22,medium
audit_9371.pdf,.pdf,808,C:/Finance/Accounts/,2023-09-08T21:40:27,low
guideline_9372.pdf,.pdf,772,C:/Finance/Compliance/,2025-05-23T13:00:07,medium
account_9373.xlsx,.xlsx,155,C:/Finance/Accounts/,2025-08-31T14:22:46,low
salary_schedule_9374_confidential.txt,.txt,64,C:/Finance/PublicInfo/Announcements/,2025-07-06T00:49:47,low
tax_info_transaction_9375.pdf,.pdf,222,C:/Finance/Transactions/,2023-08-23T18:05:02,low
confidential_schedule_9376.csv,.csv,12,C:/Finance/PublicInfo/Announcements/,2022-11-27T20:17:11,low
customer_agreement_9377.docx,.docx,352,C:/Finance/Loans/,2024-09-23T08:09:11,high
invoice_guideline_9378_final.docx,.docx,117,C:/Finance/Compliance/,2023-06-19T10:33:37,medium
statement_statement_9379.pdf,.pdf,456,C:/Finance/Transactions/,2025-01-27T01:00:15,low
transfer_9380.csv,.csv,409,C:/Finance/Transactions/,2022-08-03T03:23:05,low
info_9381.csv,.csv,166,C:/Finance/Customers/,2024-04-29T21:32:21,low
policy_9382.docx,.docx,387,C:/Finance/Compliance/,2025-06-22T20:54:11,low
memo_roster_9383.pdf,.pdf,450,C:/Finance/HR/,2024-03-09T13:15:18,low
report_9384.xlsx,.xlsx,1471,C:/Finance/Reports/,2025-03-03T00:23:35,medium
customer_9385.csv,.csv,230,C:/Finance/Customers/,2024-04-07T23:26:17,high
customer_9386.csv,.csv,390,C:/Finance/Customers/,2025-12-04T23:53:17,low
summary_announcement_9387_archived.csv,.csv,473,C:/Finance/PublicInfo/Guidelines/,2025-06-09T21:44:57,low
info_notice_9388.pdf,.pdf,99,C:/Finance/PublicInfo/Announcements/,2022-03-04T11:05:41,low
passwords_protocol_9389.pdf,.pdf,782,C:/Finance/Internal/Policies/,2022-09-07T06:52:28,high
menu_report_9390.csv,.csv,170,C:/Finance/Reports/,2023-01-18T16:40:04,low
customer_9391.csv,.csv,82,C:/Finance/Customers/,2022-06-11T21:15:21,low
info_transaction_9392.csv,.csv,349,C:/Finance/Transactions/,2023-09-07T04:34:47,medium
summary_9393.xlsx,.xlsx,682,C:/Finance/Transactions/,2022-08-16T23:24:39,medium
menu_protocol_9394.pdf,.pdf,873,C:/Finance/Internal/Policies/,2025-12-06T16:22:43,low
announcement_9395.txt,.txt,85,C:/Finance/PublicInfo/Announcements/,2025-12-14T00:57:21,medium
policy_protocol_9396.docx,.docx,554,C:/Finance/Internal/Policies/,2025-06-19T04:22:33,low
summary_transaction_9397.xlsx,.xlsx,7,C:/Finance/Transactions/,2025-03-14T03:39:28,low
statement_customer_9398.pdf,.pdf,1811,C:/Finance/Customers/,2024-08-03T08:07:00,medium
contract_9399.docx,.docx,28,C:/Finance/Loans/,2022-01-20T13:06:35,medium
public_notice_contract_9400.csv,.csv,257,C:/Finance/Customers/,2024-09-02T00:46:14,medium
contract_9401.pdf,.pdf,145,C:/Finance/Customers/,2024-11-08T15:34:13,high
salary_info_9402.csv,.csv,436,C:/Finance/Customers/,2024-07-31T00:31:42,medium
public_notice_notice_9403.csv,.csv,575,C:/Finance/PublicInfo/Announcements/,2023-12-19T08:20:40,medium
summary_9404.pdf,.pdf,1086,C:/Finance/Reports/,2023-03-01T16:56:13,medium
transaction_9405.csv,.csv,254,C:/Finance/Transactions/,2023-08-18T03:49:31,high
pin_loan_9406.docx,.docx,507,C:/Finance/Loans/,2023-12-01T00:45:58,high
agreement_9407.pdf,.pdf,946,C:/Finance/Loans/,2025-03-17T10:30:47,high
guideline_9408.xlsx,.xlsx,1006,C:/Finance/Compliance/,2025-04-12T09:19:09,low
ledger_procedure_9409.xlsx,.xlsx,1429,C:/Finance/Internal/Policies/,2024-07-14T03:31:11,medium
procedure_9410.pdf,.pdf,1307,C:/Finance/Internal/Policies/,2024-05-17T12:46:02,low
ledger_schedule_9411.txt,.txt,46,C:/Finance/PublicInfo/Announcements/,2024-08-08T16:11:17,medium
statement_repayment_9412_draft.pdf,.pdf,533,C:/Finance/Loans/,2025-05-12T10:35:18,low
transaction_payroll_9413.docx,.docx,555,C:/Finance/HR/,2025-03-12T18:26:36,medium
menu_agreement_9414.xlsx,.xlsx,273,C:/Finance/Loans/,2024-10-05T15:13:25,low
report_9415.csv,.csv,371,C:/Finance/Reports/,2023-08-26T07:33:52,medium
summary_audit_9416.csv,.csv,274,C:/Finance/Accounts/,2024-07-11T06:18:02,low
statement_protocol_9417.pdf,.pdf,501,C:/Finance/Internal/Policies/,2025-01-21T15:22:28,medium
memo_account_9418.xlsx,.xlsx,2768,C:/Finance/Accounts/,2024-03-19T16:41:03,high
announcement_announcement_9419.pdf,.pdf,12,C:/Finance/PublicInfo/Guidelines/,2025-03-07T08:03:04,low
policy_transfer_9420.pdf,.pdf,1172,C:/Finance/Transactions/,2022-05-29T21:26:41,low
audit_9421.pdf,.pdf,712,C:/Finance/Accounts/,2024-09-07T03:12:36,high
policy_9422.xlsx,.xlsx,126,C:/Finance/Compliance/,2024-10-28T03:54:33,medium
info_loan_9423.pdf,.pdf,599,C:/Finance/Loans/,2024-08-13T14:32:03,low
salary_9424.xlsx,.xlsx,566,C:/Finance/HR/,2025-07-29T13:35:36,low
transaction_9425.csv,.csv,355,C:/Finance/Transactions/,2022-10-22T05:49:45,medium
analysis_customer_9426.pdf,.pdf,1015,C:/Finance/Customers/,2024-06-22T12:51:59,medium
public_notice_policy_9427.docx,.docx,173,C:/Finance/Compliance/,2022-09-11T07:44:36,low
confidential_contract_9428.csv,.csv,503,C:/Finance/Customers/,2024-03-29T17:25:19,low
ledger_guideline_9429_draft.pdf,.pdf,147,C:/Finance/Compliance/,2024-05-29T23:11:26,low
public_notice_summary_9430.csv,.csv,330,C:/Finance/Reports/,2024-12-15T00:19:39,low
policy_9431.xlsx,.xlsx,495,C:/Finance/Compliance/,2022-03-09T18:41:30,low
statement_analysis_9432.pdf,.pdf,75,C:/Finance/Reports/,2024-12-25T11:16:19,low
statement_9433.csv,.csv,132,C:/Finance/Transactions/,2022-08-08T09:41:56,low
analysis_loan_9434.docx,.docx,114,C:/Finance/Loans/,2023-09-28T02:55:48,low
policy_9435.xlsx,.xlsx,343,C:/Finance/Internal/Policies/,2025-11-08T17:08:13,low
contract_9436.csv,.csv,337,C:/Finance/Customers/,2023-12-02T21:49:33,low
guidelines_schedule_9437_draft.csv,.csv,600,C:/Finance/PublicInfo/Announcements/,2024-10-09T10:02:48,low
info_audit_9438.pdf,.pdf,1738,C:/Finance/Accounts/,2023-05-21T14:15:37,low
ledger_policy_9439.docx,.docx,982,C:/Finance/Compliance/,2025-10-01T04:36:23,medium
summary_9440.csv,.csv,509,C:/Finance/Transactions/,2024-11-07T23:25:01,low
ssn_loan_9441.docx,.docx,956,C:/Finance/Loans/,2022-06-21T22:07:25,high
menu_agreement_9442_draft.pdf,.pdf,1059,C:/Finance/Loans/,2022-11-09T03:53:11,low
guidelines_policy_9443.docx,.docx,238,C:/Finance/Compliance/,2025-05-10T02:56:13,medium
memo_9444.xlsx,.xlsx,3264,C:/Finance/Reports/,2024-02-03T22:08:27,high
report_9445.pdf,.pdf,415,C:/Finance/Reports/,2025-07-07T07:37:43,low
schedule_report_9446.pdf,.pdf,749,C:/Finance/Reports/,2023-07-13T05:23:56,low
guideline_9447.pdf,.pdf,1394,C:/Finance/Compliance/,2023-03-02T10:13:49,medium
public_notice_contract_9448.xlsx,.xlsx,1092,C:/Finance/Loans/,2024-10-09T06:00:29,medium
public_notice_audit_9449.xlsx,.xlsx,871,C:/Finance/Accounts/,2024-02-06T23:36:45,low
tax_info_notice_9450.txt,.txt,79,C:/Finance/PublicInfo/Guidelines/,2022-04-20T22:02:25,low
menu_agreement_9451.xls,.xls,1094,C:/Finance/Loans/,2023-04-27T07:15:55,low
schedule_customer_9452.csv,.csv,176,C:/Finance/Customers/,2025-11-11T01:31:55,medium
info_9453.pdf,.pdf,2867,C:/Finance/PublicInfo/Guidelines/,2022-07-15T04:50:29,low
info_audit_9454.pdf,.pdf,399,C:/Finance/Compliance/,2025-11-11T21:10:01,low
announcement_guideline_9455.docx,.docx,1050,C:/Finance/Compliance/,2025-12-21T16:46:11,medium
guidelines_protocol_9456.xlsx,.xlsx,243,C:/Finance/Internal/Policies/,2022-03-27T04:21:14,low
statement_9457.pdf,.pdf,645,C:/Finance/Transactions/,2025-05-08T09:08:58,low
schedule_9458.txt,.txt,53,C:/Finance/PublicInfo/Guidelines/,2025-05-10T07:40:10,low
audit_9459.csv,.csv,395,C:/Finance/Accounts/,2022-05-22T09:51:48,medium
ledger_salary_9460.pdf,.pdf,737,C:/Finance/HR/,2023-07-23T13:55:11,low
public_notice_contract_9461.pdf,.pdf,493,C:/Finance/Loans/,2025-07-04T09:55:00,low
balance_9462.pdf,.pdf,818,C:/Finance/Accounts/,2024-03-15T21:59:51,low
agreement_9463.xls,.xls,814,C:/Finance/Loans/,2023-02-21T19:05:43,low
salary_9464.xlsx,.xlsx,187,C:/Finance/HR/,2022-06-26T21:29:30,low
schedule_notice_9465.txt,.txt,56,C:/Finance/PublicInfo/Guidelines/,2025-06-16T19:05:11,low
repayment_9466.pdf,.pdf,1206,C:/Finance/Loans/,2023-10-04T13:08:56,high
info_ledger_9467.xlsx,.xlsx,1260,C:/Finance/Accounts/,2023-02-19T15:37:58,low
menu_schedule_9468.csv,.csv,307,C:/Finance/PublicInfo/Guidelines/,2024-10-30T20:17:20,medium
notice_9469_final.pdf,.pdf,358,C:/Finance/PublicInfo/Announcements/,2023-11-04T17:12:26,medium
ledger_announcement_9470.txt,.txt,79,C:/Finance/PublicInfo/Announcements/,2022-11-25T12:45:56,low
public_notice_notice_9471_final.csv,.csv,512,C:/Finance/PublicInfo/Announcements/,2024-03-08T20:35:15,low
public_notice_summary_9472.csv,.csv,795,C:/Finance/Reports/,2022-07-18T03:13:20,low
menu_info_9473.txt,.txt,41,C:/Finance/PublicInfo/Announcements/,2025-04-21T01:21:14,low
balance_9474.csv,.csv,20,C:/Finance/Accounts/,2022-08-04T23:44:41,low
account_9475.pdf,.pdf,449,C:/Finance/Accounts/,2023-02-25T04:30:59,high
transaction_profile_9476.docx,.docx,255,C:/Finance/Customers/,2023-03-17T22:35:09,low
balance_9477.xlsx,.xlsx,845,C:/Finance/Accounts/,2024-10-14T01:33:31,low
guidelines_customer_9478_archived.csv,.csv,408,C:/Finance/Customers/,2022-11-22T11:28:02,low
policy_9479.pdf,.pdf,213,C:/Finance/Compliance/,2022-10-15T05:03:28,low
ssn_loan_9480.docx,.docx,589,C:/Finance/Loans/,2024-05-18T07:37:45,high
summary_guideline_9481.pdf,.pdf,493,C:/Finance/Compliance/,2022-04-20T17:38:14,high
notice_9482.csv,.csv,378,C:/Finance/PublicInfo/Announcements/,2022-03-29T09:12:19,medium
protocol_9483.pdf,.pdf,506,C:/Finance/Internal/Policies/,2024-05-31T20:37:03,low
passwords_loan_9484.xlsx,.xlsx,1228,C:/Finance/Loans/,2023-09-03T02:58:29,low
contract_9485.pdf,.pdf,69,C:/Finance/Customers/,2024-08-08T07:43:39,low
procedure_9486.pdf,.pdf,467,C:/Finance/Internal/Policies/,2022-07-13T05:07:43,low
memo_9487.xlsx,.xlsx,874,C:/Finance/Reports/,2025-03-09T19:22:31,low
customer_balance_9488.csv,.csv,35,C:/Finance/Accounts/,2024-03-17T05:39:11,high
announcement_policy_9489.xlsx,.xlsx,961,C:/Finance/Compliance/,2022-11-01T07:13:18,high
info_protocol_9490_draft.pdf,.pdf,327,C:/Finance/Internal/Policies/,2022-07-15T06:48:28,low
balance_9491.xlsx,.xlsx,1110,C:/Finance/Accounts/,2023-06-01T08:15:34,medium
policy_guideline_9492_archived.pdf,.pdf,528,C:/Finance/Compliance/,2023-01-15T19:46:56,medium
salary_9493.xlsx,.xlsx,120,C:/Finance/HR/,2024-11-14T00:29:21,high
policy_9494.docx,.docx,206,C:/Finance/Compliance/,2023-11-05T02:02:33,low
memo_ledger_9495.xlsx,.xlsx,1112,C:/Finance/Accounts/,2023-05-31T15:44:23,medium
info_9496_final.csv,.csv,274,C:/Finance/Customers/,2025-03-13T18:02:36,low
announcement_roster_9497.docx,.docx,148,C:/Finance/HR/,2025-01-02T20:06:37,low
report_schedule_9498.csv,.csv,431,C:/Finance/PublicInfo/Announcements/,2025-12-13T19:51:06,low
schedule_contract_9499.docx,.docx,356,C:/Finance/Loans/,2025-03-05T08:25:38,low
announcement_policy_9500_archived.xlsx,.xlsx,1089,C:/Finance/Compliance/,2023-08-02T17:47:06,low
analysis_9501_draft.pdf,.pdf,536,C:/Finance/Reports/,2023-03-07T23:36:11,medium
analysis_roster_9502.pdf,.pdf,329,C:/Finance/HR/,2023-08-15T11:28:12,low
invoice_policy_9503.docx,.docx,696,C:/Finance/Internal/Policies/,2023-11-25T20:14:18,low
menu_analysis_9504.csv,.csv,211,C:/Finance/Reports/,2025-12-01T18:12:13,low
notice_9505.txt,.txt,21,C:/Finance/PublicInfo/Guidelines/,2024-11-11T05:11:02,low
menu_customer_9506.docx,.docx,967,C:/Finance/Customers/,2022-03-15T20:24:20,medium
schedule_9507.txt,.txt,24,C:/Finance/PublicInfo/Announcements/,2025-02-05T04:12:35,medium
schedule_transfer_9508_draft.pdf,.pdf,1337,C:/Finance/Transactions/,2022-02-08T00:38:45,medium
procedure_9509.pdf,.pdf,750,C:/Finance/Internal/Policies/,2022-12-12T20:24:41,low
announcement_account_9510_draft.pdf,.pdf,165,C:/Finance/Accounts/,2022-11-20T06:46:55,high
transfer_9511.xlsx,.xlsx,193,C:/Finance/Transactions/,2024-12-22T04:58:09,low
announcement_transfer_9512.xlsx,.xlsx,1747,C:/Finance/Transactions/,2022-10-26T13:39:39,low
transaction_9513.xlsx,.xlsx,1042,C:/Finance/Transactions/,2023-09-17T05:52:21,medium
analysis_9514.pdf,.pdf,1246,C:/Finance/Reports/,2023-10-04T04:02:47,medium
summary_9515.xlsx,.xlsx,423,C:/Finance/Transactions/,2022-05-16T17:49:18,low
balance_9516.csv,.csv,782,C:/Finance/Accounts/,2022-04-14T00:58:45,high
audit_9517.pdf,.pdf,682,C:/Finance/Accounts/,2025-03-18T06:23:31,high
info_protocol_9518.xlsx,.xlsx,362,C:/Finance/Internal/Policies/,2022-04-25T01:54:31,low
transfer_9519.xlsx,.xlsx,2069,C:/Finance/Transactions/,2023-01-11T07:37:25,medium
report_9520.pdf,.pdf,666,C:/Finance/HR/,2024-12-22T06:53:26,low
report_schedule_9521.pdf,.pdf,1152,C:/Finance/PublicInfo/Guidelines/,2025-08-14T11:00:26,medium
customer_9522.docx,.docx,317,C:/Finance/Customers/,2025-07-07T00:36:47,medium
announcement_contract_9523.pdf,.pdf,1051,C:/Finance/Customers/,2022-05-08T09:05:23,high
salary_9524.docx,.docx,709,C:/Finance/HR/,2022-09-14T05:52:32,medium
notice_9525.csv,.csv,125,C:/Finance/PublicInfo/Guidelines/,2025-08-18T22:07:24,high
public_notice_summary_9526.pdf,.pdf,1073,C:/Finance/Reports/,2023-07-06T01:54:45,medium
invoice_roster_9527.pdf,.pdf,517,C:/Finance/HR/,2023-01-31T04:27:15,medium
policy_9528.xlsx,.xlsx,430,C:/Finance/Compliance/,2023-08-22T11:33:51,high
notice_9529.txt,.txt,106,C:/Finance/PublicInfo/Announcements/,2024-06-09T15:43:42,low
account_number_profile_9530_archived.csv,.csv,170,C:/Finance/Customers/,2022-01-14T18:31:47,medium
announcement_review_9531.pdf,.pdf,434,C:/Finance/Compliance/,2022-04-08T09:01:03,medium
audit_9532.xlsx,.xlsx,505,C:/Finance/Compliance/,2025-10-06T20:49:28,medium
policy_info_9533.csv,.csv,215,C:/Finance/PublicInfo/Announcements/,2023-11-11T23:10:39,low
summary_info_9534.csv,.csv,431,C:/Finance/Customers/,2023-07-15T13:14:32,low
payroll_9535.pdf,.pdf,579,C:/Finance/HR/,2025-05-10T00:03:14,medium
report_info_9536.pdf,.pdf,1028,C:/Finance/PublicInfo/Announcements/,2023-02-28T22:03:16,low
policy_info_9537.pdf,.pdf,114,C:/Finance/Customers/,2022-03-05T12:07:29,low
announcement_9538.pdf,.pdf,2492,C:/Finance/PublicInfo/Announcements/,2022-04-13T01:13:42,high
agreement_9539.xls,.xls,263,C:/Finance/Loans/,2022-09-29T20:48:17,high
balance_9540.xlsx,.xlsx,956,C:/Finance/Accounts/,2022-12-06T22:55:23,medium
announcement_info_9541.txt,.txt,71,C:/Finance/PublicInfo/Guidelines/,2025-04-30T09:21:45,medium
announcement_profile_9542.pdf,.pdf,667,C:/Finance/Customers/,2022-02-05T04:33:07,high
guideline_9543.docx,.docx,495,C:/Finance/Internal/Policies/,2025-07-10T11:13:30,low
loan_contract_summary_9544.csv,.csv,528,C:/Finance/Transactions/,2023-10-08T09:05:06,low
agreement_9545.docx,.docx,150,C:/Finance/Loans/,2023-08-22T02:42:43,low
info_9546_archived.csv,.csv,388,C:/Finance/PublicInfo/Announcements/,2022-06-17T20:05:14,medium
account_number_info_9547.txt,.txt,22,C:/Finance/PublicInfo/Guidelines/,2024-10-22T01:31:24,medium
summary_9548.pdf,.pdf,562,C:/Finance/Transactions/,2025-05-20T12:38:26,low
guideline_9549.xlsx,.xlsx,197,C:/Finance/Internal/Policies/,2024-12-08T14:23:10,low
analysis_policy_9550.docx,.docx,194,C:/Finance/Internal/Policies/,2024-04-20T03:24:36,low
invoice_info_9551.txt,.txt,7,C:/Finance/PublicInfo/Guidelines/,2022-09-13T03:01:11,medium
report_schedule_9552.pdf,.pdf,757,C:/Finance/PublicInfo/Announcements/,2025-04-29T17:37:22,medium
summary_9553.pdf,.pdf,541,C:/Finance/Transactions/,2022-03-30T04:47:11,low
policy_9554.pdf,.pdf,864,C:/Finance/Compliance/,2023-04-26T12:55:37,low
guidelines_transfer_9555.xlsx,.xlsx,848,C:/Finance/Transactions/,2022-07-15T00:26:35,medium
notice_9556.txt,.txt,45,C:/Finance/PublicInfo/Guidelines/,2025-10-21T17:32:40,medium
ledger_9557_draft.pdf,.pdf,1400,C:/Finance/Accounts/,2024-04-01T05:18:59,low
report_audit_9558.xlsx,.xlsx,1783,C:/Finance/Compliance/,2022-09-05T13:00:24,low
notice_9559_archived.pdf,.pdf,2929,C:/Finance/PublicInfo/Announcements/,2022-04-29T22:25:43,low
statement_transfer_9560.xlsx,.xlsx,356,C:/Finance/Transactions/,2022-05-09T13:57:23,low
repayment_9561.pdf,.pdf,533,C:/Finance/Loans/,2022-07-15T13:40:16,high
loan_9562_draft.docx,.docx,555,C:/Finance/Loans/,2025-08-19T05:16:13,high
guideline_9563.docx,.docx,323,C:/Finance/Internal/Policies/,2023-07-20T13:34:00,low
ledger_9564.xlsx,.xlsx,703,C:/Finance/Accounts/,2024-01-29T09:40:35,high
statement_info_9565.csv,.csv,150,C:/Finance/PublicInfo/Guidelines/,2023-08-13T22:43:29,low
schedule_9566.pdf,.pdf,374,C:/Finance/PublicInfo/Announcements/,2023-03-24T01:35:21,medium
ledger_report_9567.docx,.docx,617,C:/Finance/HR/,2022-09-15T23:46:51,high
account_9568.pdf,.pdf,831,C:/Finance/Accounts/,2025-01-09T19:18:11,low
public_notice_summary_9569.pdf,.pdf,505,C:/Finance/Transactions/,2023-04-23T09:30:32,medium
statement_policy_9570.xlsx,.xlsx,69,C:/Finance/Compliance/,2025-02-26T18:01:34,low
report_9571.xlsx,.xlsx,634,C:/Finance/HR/,2024-08-20T02:45:07,low
info_agreement_9572_archived.docx,.docx,535,C:/Finance/Loans/,2025-09-21T17:15:02,low
tax_info_report_9573.docx,.docx,236,C:/Finance/HR/,2022-01-14T12:43:50,high
contract_9574_draft.csv,.csv,56,C:/Finance/Customers/,2024-10-21T01:04:41,low
contract_9575_confidential.pdf,.pdf,1718,C:/Finance/Customers/,2024-12-25T03:41:29,high
profile_9576.docx,.docx,371,C:/Finance/Customers/,2024-03-10T16:57:23,low
summary_audit_9577.pdf,.pdf,37,C:/Finance/Compliance/,2024-04-15T05:50:42,low
public_notice_contract_9578.docx,.docx,367,C:/Finance/Customers/,2023-05-09T09:17:00,medium
statement_policy_9579.pdf,.pdf,1831,C:/Finance/Internal/Policies/,2022-10-04T08:48:03,medium
transaction_memo_9580.csv,.csv,448,C:/Finance/Reports/,2024-09-26T16:04:16,low
notice_9581.pdf,.pdf,639,C:/Finance/PublicInfo/Guidelines/,2022-09-21T20:08:53,medium
info_9582.txt,.txt,102,C:/Finance/PublicInfo/Guidelines/,2023-01-06T17:07:59,medium
customer_9583.csv,.csv,182,C:/Finance/Customers/,2024-09-14T01:26:28,low
passwords_schedule_9584.csv,.csv,344,C:/Finance/PublicInfo/Announcements/,2025-04-20T19:54:48,medium
statement_9585.csv,.csv,859,C:/Finance/Transactions/,2023-05-11T20:20:48,low
account_number_summary_9586.xlsx,.xlsx,493,C:/Finance/Reports/,2025-12-07T08:57:50,low
profile_9587.docx,.docx,8,C:/Finance/Customers/,2024-03-24T15:11:17,low
payroll_9588.pdf,.pdf,2119,C:/Finance/HR/,2022-07-20T14:46:08,medium
menu_roster_9589.xlsx,.xlsx,440,C:/Finance/HR/,2024-12-15T02:03:59,low
account_9590.csv,.csv,211,C:/Finance/Accounts/,2024-08-08T07:47:11,high
repayment_9591.xls,.xls,2084,C:/Finance/Loans/,2024-09-16T17:22:51,low
customer_9592_draft.pdf,.pdf,200,C:/Finance/Customers/,2023-07-28T00:01:33,high
analysis_review_9593.pdf,.pdf,2032,C:/Finance/Compliance/,2022-01-03T16:57:26,medium
guidelines_transaction_9594.pdf,.pdf,48,C:/Finance/Transactions/,2023-03-10T01:55:26,low
contract_9595_archived.pdf,.pdf,1295,C:/Finance/Loans/,2024-09-04T21:07:38,medium
info_salary_9596.docx,.docx,390,C:/Finance/HR/,2023-08-22T20:16:34,medium
announcement_audit_9597.xlsx,.xlsx,312,C:/Finance/Compliance/,2024-01-05T20:25:58,low
info_9598.csv,.csv,28,C:/Finance/Customers/,2023-03-21T01:50:45,medium
customer_9599.docx,.docx,36,C:/Finance/Customers/,2023-01-20T13:22:00,high
public_notice_report_9600.csv,.csv,534,C:/Finance/Reports/,2025-01-05T16:07:44,low
report_9601.xlsx,.xlsx,762,C:/Finance/HR/,2024-06-19T08:17:01,low
schedule_9602.csv,.csv,212,C:/Finance/PublicInfo/Guidelines/,2023-02-26T11:38:35,high
report_9603.xlsx,.xlsx,167,C:/Finance/Reports/,2024-12-25T01:12:41,low
contract_9604.docx,.docx,11,C:/Finance/Loans/,2022-01-12T05:06:06,low
balance_9605.pdf,.pdf,728,C:/Finance/Accounts/,2024-10-08T00:49:49,medium
contract_9606_draft.docx,.docx,363,C:/Finance/Loans/,2022-01-11T11:16:25,medium
report_ledger_9607.xlsx,.xlsx,1048,C:/Finance/Accounts/,2025-08-28T16:59:47,medium
info_schedule_9608.txt,.txt,157,C:/Finance/PublicInfo/Guidelines/,2022-01-20T00:56:40,medium
audit_9609.docx,.docx,998,C:/Finance/Compliance/,2022-09-28T08:03:21,medium
analysis_9610.pdf,.pdf,851,C:/Finance/Reports/,2022-02-23T08:13:06,high
invoice_summary_9611.csv,.csv,373,C:/Finance/Transactions/,2022-08-09T01:01:18,medium
menu_payroll_9612.docx,.docx,341,C:/Finance/HR/,2024-05-20T17:40:49,low
payroll_9613.xlsx,.xlsx,79,C:/Finance/HR/,2025-01-30T19:52:28,high
notice_9614_draft.pdf,.pdf,1029,C:/Finance/PublicInfo/Guidelines/,2022-03-27T07:25:07,low
customer_9615.docx,.docx,76,C:/Finance/Customers/,2025-01-24T09:09:03,high
profile_9616.docx,.docx,114,C:/Finance/Customers/,2024-11-19T06:00:03,low
schedule_guideline_9617.docx,.docx,438,C:/Finance/Internal/Policies/,2024-09-01T00:57:37,medium
summary_announcement_9618.txt,.txt,71,C:/Finance/PublicInfo/Announcements/,2024-09-20T03:57:41,medium
ledger_protocol_9619.pdf,.pdf,2539,C:/Finance/Internal/Policies/,2024-04-09T08:19:19,high
review_9620.pdf,.pdf,307,C:/Finance/Compliance/,2025-06-11T13:01:14,low
contract_9621_v2.docx,.docx,374,C:/Finance/Customers/,2024-04-20T16:44:35,low
ledger_balance_9622.pdf,.pdf,1027,C:/Finance/Accounts/,2022-08-24T17:43:04,high
guidelines_agreement_9623.pdf,.pdf,1154,C:/Finance/Loans/,2024-09-09T15:27:29,high
audit_9624.csv,.csv,166,C:/Finance/Accounts/,2023-02-20T16:53:45,low
schedule_agreement_9625.xlsx,.xlsx,101,C:/Finance/Loans/,2025-11-06T03:30:33,low
report_procedure_9626.pdf,.pdf,373,C:/Finance/Internal/Policies/,2022-09-19T18:53:02,medium
guidelines_roster_9627.docx,.docx,2,C:/Finance/HR/,2022-08-26T22:14:00,low
menu_contract_9628.docx,.docx,499,C:/Finance/Loans/,2023-02-12T12:32:51,medium
ssn_info_9629.txt,.txt,102,C:/Finance/PublicInfo/Announcements/,2023-11-04T10:50:56,medium
schedule_analysis_9630.xlsx,.xlsx,589,C:/Finance/Reports/,2022-04-07T10:46:58,low
policy_schedule_9631_v2.txt,.txt,117,C:/Finance/PublicInfo/Guidelines/,2024-06-06T08:47:20,low
public_notice_contract_9632.docx,.docx,426,C:/Finance/Customers/,2025-06-14T00:14:13,high
pin_memo_9633.pdf,.pdf,1304,C:/Finance/Reports/,2024-05-16T15:06:21,low
account_9634.csv,.csv,128,C:/Finance/Accounts/,2023-08-14T23:54:34,high
account_number_info_9635_archived.csv,.csv,38,C:/Finance/PublicInfo/Guidelines/,2022-12-23T21:53:45,low
info_report_9636.docx,.docx,334,C:/Finance/HR/,2024-11-22T02:12:45,low
transaction_summary_9637.csv,.csv,74,C:/Finance/Transactions/,2023-03-10T02:35:27,low
memo_analysis_9638.pdf,.pdf,666,C:/Finance/Reports/,2025-01-06T01:58:16,low
analysis_9639.xlsx,.xlsx,171,C:/Finance/Reports/,2024-08-01T00:22:18,low
info_9640.txt,.txt,23,C:/Finance/PublicInfo/Announcements/,2025-04-14T07:20:34,low
menu_report_9641.xlsx,.xlsx,376,C:/Finance/Reports/,2023-12-29T06:55:30,high
transaction_protocol_9642.xlsx,.xlsx,823,C:/Finance/Internal/Policies/,2022-07-28T12:36:19,low
ledger_9643.xlsx,.xlsx,1132,C:/Finance/Accounts/,2022-03-10T23:23:20,medium
info_9644.csv,.csv,339,C:/Finance/PublicInfo/Guidelines/,2025-09-07T05:40:59,low
ledger_report_9645.pdf,.pdf,1109,C:/Finance/HR/,2023-05-18T16:45:41,high
announcement_9646.pdf,.pdf,115,C:/Finance/PublicInfo/Guidelines/,2022-09-29T14:49:44,low
statement_info_9647.pdf,.pdf,324,C:/Finance/PublicInfo/Announcements/,2022-11-10T15:18:25,low
analysis_summary_9648.xlsx,.xlsx,550,C:/Finance/Transactions/,2024-12-08T15:03:08,medium
protocol_9649.docx,.docx,1134,C:/Finance/Internal/Policies/,2025-01-16T18:34:56,low
schedule_schedule_9650.pdf,.pdf,57,C:/Finance/PublicInfo/Guidelines/,2023-01-13T01:12:27,medium
roster_9651.pdf,.pdf,568,C:/Finance/HR/,2025-12-12T17:55:51,low
ledger_guideline_9652.pdf,.pdf,566,C:/Finance/Compliance/,2022-12-16T05:56:06,low
summary_9653.csv,.csv,215,C:/Finance/Transactions/,2023-02-04T12:31:45,low
announcement_memo_9654.pdf,.pdf,35,C:/Finance/Reports/,2025-09-30T09:29:07,low
menu_account_9655.xlsx,.xlsx,261,C:/Finance/Accounts/,2022-09-06T21:55:47,low
credit_report_audit_9656_confidential.pdf,.pdf,549,C:/Finance/Compliance/,2022-01-28T10:04:35,medium
memo_9657.xlsx,.xlsx,235,C:/Finance/Reports/,2025-04-28T21:46:54,low
report_9658.pdf,.pdf,1415,C:/Finance/HR/,2025-01-26T11:54:40,medium
contract_9659.xls,.xls,2291,C:/Finance/Loans/,2024-08-29T01:36:15,medium
statement_loan_9660.xls,.xls,67,C:/Finance/Loans/,2023-10-06T04:29:18,medium
guidelines_policy_9661.pdf,.pdf,255,C:/Finance/Internal/Policies/,2022-07-11T19:05:17,low
public_notice_policy_9662.pdf,.pdf,1229,C:/Finance/Internal/Policies/,2025-06-02T15:39:17,low
profile_9663.docx,.docx,381,C:/Finance/Customers/,2024-03-09T22:22:43,high
guideline_9664.xlsx,.xlsx,973,C:/Finance/Compliance/,2025-10-03T15:01:00,low
statement_9665.xlsx,.xlsx,1173,C:/Finance/Transactions/,2024-09-16T20:03:02,low
ledger_9666.csv,.csv,259,C:/Finance/Accounts/,2023-12-02T08:12:03,low
invoice_contract_9667.docx,.docx,330,C:/Finance/Customers/,2025-07-17T23:21:46,high
ledger_payroll_9668.docx,.docx,550,C:/Finance/HR/,2025-02-02T11:33:57,low
menu_announcement_9669.txt,.txt,78,C:/Finance/PublicInfo/Announcements/,2022-01-20T06:27:23,low
menu_report_9670.xlsx,.xlsx,80,C:/Finance/Reports/,2024-06-30T03:40:13,medium
ledger_9671.xlsx,.xlsx,476,C:/Finance/Accounts/,2023-08-05T18:16:24,high
report_contract_9672.docx,.docx,534,C:/Finance/Loans/,2023-04-05T10:25:06,medium
salary_memo_9673.xlsx,.xlsx,603,C:/Finance/Reports/,2022-03-22T11:12:02,low
summary_9674.xlsx,.xlsx,52,C:/Finance/Transactions/,2024-03-08T20:35:42,low
statement_procedure_9675_draft.xlsx,.xlsx,2135,C:/Finance/Internal/Policies/,2022-03-27T15:35:04,low
schedule_analysis_9676.csv,.csv,293,C:/Finance/Reports/,2022-06-14T19:52:46,low
review_9677.pdf,.pdf,790,C:/Finance/Compliance/,2024-01-31T01:16:19,low
pin_policy_9678.docx,.docx,1274,C:/Finance/Compliance/,2024-10-11T17:07:33,high
confidential_summary_9679.pdf,.pdf,2069,C:/Finance/Reports/,2022-10-02T18:40:10,medium
info_9680_draft.docx,.docx,352,C:/Finance/Customers/,2023-09-17T09:49:50,low
audit_9681.xlsx,.xlsx,892,C:/Finance/Accounts/,2022-07-06T01:31:01,medium
transaction_notice_9682.txt,.txt,26,C:/Finance/PublicInfo/Guidelines/,2022-10-07T22:44:40,low
memo_9683.csv,.csv,254,C:/Finance/Reports/,2025-09-12T08:23:39,medium
statement_9684.xlsx,.xlsx,926,C:/Finance/Transactions/,2022-02-04T23:29:06,low
report_agreement_9685.pdf,.pdf,803,C:/Finance/Loans/,2022-10-20T01:11:08,medium
schedule_memo_9686.pdf,.pdf,853,C:/Finance/Reports/,2025-12-11T03:10:55,low
procedure_9687.xlsx,.xlsx,1291,C:/Finance/Internal/Policies/,2022-09-30T17:32:22,medium
customer_9688.csv,.csv,162,C:/Finance/Customers/,2025-06-25T23:03:28,low
analysis_schedule_9689.csv,.csv,81,C:/Finance/PublicInfo/Announcements/,2022-03-08T14:05:42,low
policy_salary_9690.docx,.docx,425,C:/Finance/HR/,2025-01-26T14:14:43,high
ledger_9691.xlsx,.xlsx,1440,C:/Finance/Accounts/,2023-03-07T00:03:43,low
schedule_9692.csv,.csv,91,C:/Finance/PublicInfo/Guidelines/,2022-11-04T23:33:01,medium
balance_9693.csv,.csv,187,C:/Finance/Accounts/,2023-08-31T23:41:23,medium
policy_announcement_9694.txt,.txt,85,C:/Finance/PublicInfo/Announcements/,2024-12-21T01:14:14,low
policy_9695_confidential.pdf,.pdf,1646,C:/Finance/Compliance/,2023-12-10T16:25:07,high
public_notice_report_9696.docx,.docx,306,C:/Finance/HR/,2025-12-28T16:29:04,low
summary_account_9697.xlsx,.xlsx,10,C:/Finance/Accounts/,2025-08-07T07:03:08,high
announcement_memo_9698.pdf,.pdf,292,C:/Finance/Reports/,2023-10-31T04:18:23,medium
public_notice_report_9699.csv,.csv,495,C:/Finance/Reports/,2024-09-21T21:24:15,low
ledger_contract_9700.csv,.csv,800,C:/Finance/Customers/,2025-07-16T23:52:27,low
roster_9701_archived.docx,.docx,329,C:/Finance/HR/,2022-10-24T16:37:50,low
policy_9702.pdf,.pdf,6,C:/Finance/Compliance/,2023-09-05T04:12:51,low
info_report_9703.pdf,.pdf,742,C:/Finance/Reports/,2025-06-22T22:44:47,medium
transfer_9704.xlsx,.xlsx,851,C:/Finance/Transactions/,2023-02-15T00:57:59,low
schedule_ledger_9705.csv,.csv,673,C:/Finance/Accounts/,2024-09-16T19:06:42,medium
guidelines_announcement_9706.txt,.txt,52,C:/Finance/PublicInfo/Announcements/,2025-06-25T21:07:46,medium
invoice_schedule_9707_v2.txt,.txt,24,C:/Finance/PublicInfo/Guidelines/,2022-11-02T07:06:40,low
payroll_9708.pdf,.pdf,6,C:/Finance/HR/,2024-04-07T12:47:09,medium
summary_9709.xlsx,.xlsx,492,C:/Finance/Transactions/,2023-06-23T10:56:06,medium
repayment_9710.pdf,.pdf,2175,C:/Finance/Loans/,2022-01-09T02:04:10,medium
policy_ledger_9711.pdf,.pdf,560,C:/Finance/Accounts/,2025-09-24T03:06:59,medium
protocol_9712.xlsx,.xlsx,2607,C:/Finance/Internal/Policies/,2022-11-19T22:56:34,medium
repayment_9713.xlsx,.xlsx,443,C:/Finance/Loans/,2022-06-25T00:10:04,high
report_info_9714.pdf,.pdf,454,C:/Finance/PublicInfo/Guidelines/,2024-05-02T08:19:28,low
schedule_9715.txt,.txt,83,C:/Finance/PublicInfo/Guidelines/,2022-10-17T06:34:46,low
report_9716.csv,.csv,81,C:/Finance/Reports/,2024-11-23T18:58:51,medium
review_9717.xlsx,.xlsx,259,C:/Finance/Compliance/,2022-05-15T12:31:56,low
guidelines_transaction_9718.csv,.csv,495,C:/Finance/Transactions/,2025-04-10T17:21:48,low
contract_9719.csv,.csv,109,C:/Finance/Customers/,2024-01-25T11:04:45,high
roster_9720.xlsx,.xlsx,740,C:/Finance/HR/,2022-08-29T03:07:17,low
menu_protocol_9721_archived.docx,.docx,250,C:/Finance/Internal/Policies/,2023-01-07T10:36:59,low
public_notice_notice_9722.csv,.csv,128,C:/Finance/PublicInfo/Guidelines/,2022-04-27T20:15:17,medium
ledger_info_9723.csv,.csv,489,C:/Finance/Customers/,2022-05-07T22:44:12,high
agreement_9724.docx,.docx,748,C:/Finance/Loans/,2023-09-17T22:57:55,high
contract_9725.docx,.docx,167,C:/Finance/Loans/,2022-03-28T06:32:25,high
announcement_guideline_9726_v2.docx,.docx,291,C:/Finance/Compliance/,2025-06-07T18:27:02,low
account_number_summary_9727.xlsx,.xlsx,434,C:/Finance/Transactions/,2022-06-15T03:09:46,high
announcement_summary_9728.csv,.csv,240,C:/Finance/Reports/,2022-11-17T02:42:47,medium
announcement_9729.txt,.txt,54,C:/Finance/PublicInfo/Announcements/,2023-07-22T13:59:00,low
report_9730.xlsx,.xlsx,1619,C:/Finance/Reports/,2022-01-29T18:57:57,high
statement_9731.csv,.csv,287,C:/Finance/Transactions/,2022-02-09T17:11:46,low
audit_ledger_9732_archived.pdf,.pdf,16,C:/Finance/Accounts/,2022-06-05T11:41:29,low
info_announcement_9733.txt,.txt,119,C:/Finance/PublicInfo/Guidelines/,2025-02-09T13:16:25,medium
summary_9734.csv,.csv,352,C:/Finance/Transactions/,2025-07-02T20:08:44,high
analysis_9735.pdf,.pdf,2157,C:/Finance/Reports/,2025-03-25T15:21:05,low
menu_profile_9736.pdf,.pdf,320,C:/Finance/Customers/,2022-10-13T19:14:12,medium
info_9737.txt,.txt,76,C:/Finance/PublicInfo/Guidelines/,2025-02-08T15:04:54,low
policy_contract_9738_confidential.xls,.xls,839,C:/Finance/Loans/,2023-02-23T10:42:23,medium
announcement_9739.pdf,.pdf,937,C:/Finance/PublicInfo/Guidelines/,2025-12-06T08:31:28,low
schedule_policy_9740.pdf,.pdf,1247,C:/Finance/Compliance/,2025-01-29T22:56:46,low
menu_customer_9741.pdf,.pdf,120,C:/Finance/Customers/,2022-06-11T23:04:52,high
transaction_9742.xlsx,.xlsx,550,C:/Finance/Transactions/,2023-12-09T17:05:24,low
announcement_agreement_9743.pdf,.pdf,1828,C:/Finance/Loans/,2022-06-27T00:36:43,high
loan_9744.docx,.docx,526,C:/Finance/Loans/,2025-03-19T16:11:04,low
summary_report_9745.csv,.csv,483,C:/Finance/Reports/,2023-10-04T14:54:23,medium
info_9746.pdf,.pdf,1051,C:/Finance/PublicInfo/Announcements/,2025-06-04T07:51:19,low
ledger_ledger_9747.csv,.csv,477,C:/Finance/Accounts/,2025-05-19T22:48:05,high
notice_9748.txt,.txt,88,C:/Finance/PublicInfo/Announcements/,2024-10-23T03:39:09,low
transfer_9749.pdf,.pdf,10,C:/Finance/Transactions/,2025-06-28T08:06:48,medium
info_9750.pdf,.pdf,440,C:/Finance/PublicInfo/Announcements/,2024-12-29T20:09:02,high
procedure_9751.xlsx,.xlsx,2331,C:/Finance/Internal/Policies/,2025-05-03T03:23:29,high
summary_statement_9752.xlsx,.xlsx,99,C:/Finance/Transactions/,2022-06-16T23:08:18,high
guidelines_analysis_9753_archived.csv,.csv,441,C:/Finance/Reports/,2024-11-26T14:13:52,low
credit_report_memo_9754.xlsx,.xlsx,233,C:/Finance/Reports/,2023-06-18T11:24:35,medium
policy_schedule_9755.pdf,.pdf,118,C:/Finance/PublicInfo/Announcements/,2023-10-18T15:02:12,low
schedule_schedule_9756.pdf,.pdf,1839,C:/Finance/PublicInfo/Announcements/,2024-03-07T04:41:20,medium
transaction_repayment_9757.xls,.xls,1490,C:/Finance/Loans/,2025-10-19T17:39:41,low
info_loan_9758.xlsx,.xlsx,199,C:/Finance/Loans/,2024-04-29T15:18:16,high
announcement_agreement_9759.pdf,.pdf,1412,C:/Finance/Loans/,2024-10-30T23:01:01,high
passwords_procedure_9760.pdf,.pdf,882,C:/Finance/Internal/Policies/,2024-03-03T22:40:11,medium
policy_analysis_9761.pdf,.pdf,976,C:/Finance/Reports/,2023-08-14T12:25:11,low
review_9762.pdf,.pdf,195,C:/Finance/Compliance/,2024-05-26T06:32:10,low
public_notice_summary_9763.xlsx,.xlsx,490,C:/Finance/Reports/,2025-12-24T08:09:44,medium
memo_customer_9764.docx,.docx,635,C:/Finance/Customers/,2024-08-05T16:40:06,medium
analysis_audit_9765.xlsx,.xlsx,1155,C:/Finance/Compliance/,2025-08-04T23:58:19,low
account_number_schedule_9766.pdf,.pdf,563,C:/Finance/PublicInfo/Guidelines/,2022-11-26T03:07:26,high
salary_transaction_9767.xlsx,.xlsx,418,C:/Finance/Transactions/,2025-12-11T22:52:47,low
statement_analysis_9768.pdf,.pdf,771,C:/Finance/Reports/,2023-05-12T08:13:15,low
transaction_9769.csv,.csv,570,C:/Finance/Transactions/,2023-11-28T03:55:45,medium
policy_repayment_9770.pdf,.pdf,2759,C:/Finance/Loans/,2023-06-30T03:15:06,low
profile_9771_v2.csv,.csv,41,C:/Finance/Customers/,2024-04-14T01:55:17,low
customer_9772.pdf,.pdf,1273,C:/Finance/Customers/,2024-01-20T03:21:41,medium
summary_9773.pdf,.pdf,1665,C:/Finance/Reports/,2023-02-17T12:14:36,medium
info_9774.csv,.csv,467,C:/Finance/Customers/,2022-10-29T01:00:08,high
schedule_info_9775.docx,.docx,941,C:/Finance/Customers/,2025-06-28T15:37:38,medium
menu_audit_9776_draft.xlsx,.xlsx,508,C:/Finance/Accounts/,2022-08-07T17:59:40,low
guidelines_ledger_9777.xlsx,.xlsx,824,C:/Finance/Accounts/,2024-06-06T10:05:52,low
audit_9778.docx,.docx,269,C:/Finance/Compliance/,2022-01-01T20:11:31,low
profile_9779.docx,.docx,44,C:/Finance/Customers/,2024-01-06T02:56:38,high
public_notice_ledger_9780.pdf,.pdf,900,C:/Finance/Accounts/,2025-09-05T13:48:49,medium
contract_9781.xlsx,.xlsx,612,C:/Finance/Loans/,2023-05-18T05:23:06,low
schedule_transaction_9782_draft.pdf,.pdf,1137,C:/Finance/Transactions/,2022-02-02T08:33:32,high
summary_info_9783_confidential.pdf,.pdf,939,C:/Finance/PublicInfo/Guidelines/,2023-07-27T13:42:42,low
account_number_guideline_9784.xlsx,.xlsx,386,C:/Finance/Internal/Policies/,2024-02-03T07:49:05,low
menu_summary_9785.pdf,.pdf,945,C:/Finance/Reports/,2023-03-15T09:04:45,medium
agreement_9786.xls,.xls,584,C:/Finance/Loans/,2022-10-18T14:06:04,medium
notice_9787.csv,.csv,423,C:/Finance/PublicInfo/Guidelines/,2024-06-24T19:05:53,low
account_9788.xlsx,.xlsx,786,C:/Finance/Accounts/,2023-05-30T11:08:08,high
loan_9789.xls,.xls,477,C:/Finance/Loans/,2023-09-11T20:45:21,low
payroll_9790.xlsx,.xlsx,1176,C:/Finance/HR/,2024-04-19T06:01:26,medium
account_9791.csv,.csv,130,C:/Finance/Accounts/,2025-12-23T09:14:33,low
customer_policy_9792.docx,.docx,100,C:/Finance/Compliance/,2022-04-03T05:49:59,low
guideline_9793.pdf,.pdf,996,C:/Finance/Compliance/,2023-03-21T09:01:49,low
account_9794.xlsx,.xlsx,59,C:/Finance/Accounts/,2023-08-03T10:00:46,high
menu_info_9795.pdf,.pdf,907,C:/Finance/PublicInfo/Announcements/,2022-12-22T17:29:34,medium
report_transfer_9796.xlsx,.xlsx,275,C:/Finance/Transactions/,2023-10-27T16:25:07,low
info_guideline_9797.pdf,.pdf,721,C:/Finance/Compliance/,2025-07-19T12:38:18,low
credit_report_repayment_9798.pdf,.pdf,453,C:/Finance/Loans/,2024-09-04T12:27:46,medium
statement_salary_9799.pdf,.pdf,1404,C:/Finance/HR/,2022-03-02T20:04:31,high
info_9800.csv,.csv,231,C:/Finance/PublicInfo/Guidelines/,2024-03-17T16:46:21,low
announcement_contract_9801.csv,.csv,347,C:/Finance/Customers/,2023-02-07T00:17:46,low
schedule_contract_9802.docx,.docx,556,C:/Finance/Loans/,2023-02-26T07:27:28,high
contract_9803.csv,.csv,572,C:/Finance/Customers/,2023-06-29T14:57:54,medium
schedule_repayment_9804.pdf,.pdf,1209,C:/Finance/Loans/,2022-05-05T15:23:14,medium
account_number_schedule_9805.csv,.csv,428,C:/Finance/PublicInfo/Announcements/,2022-01-14T21:09:04,low
summary_schedule_9806.csv,.csv,553,C:/Finance/PublicInfo/Guidelines/,2023-07-29T03:28:29,medium
schedule_salary_9807.pdf,.pdf,165,C:/Finance/HR/,2022-06-24T12:55:03,medium
account_9808_draft.xlsx,.xlsx,796,C:/Finance/Accounts/,2022-05-15T23:46:11,medium
summary_9809.pdf,.pdf,441,C:/Finance/Transactions/,2024-08-25T04:24:15,low
policy_summary_9810.csv,.csv,14,C:/Finance/Transactions/,2023-11-26T20:28:41,low
account_9811.xlsx,.xlsx,989,C:/Finance/Accounts/,2025-11-20T21:00:27,medium
public_notice_agreement_9812_confidential.xls,.xls,1396,C:/Finance/Loans/,2024-11-25T19:33:43,high
announcement_9813.csv,.csv,119,C:/Finance/PublicInfo/Announcements/,2023-04-27T00:04:08,medium
ledger_summary_9814.xlsx,.xlsx,1020,C:/Finance/Reports/,2023-11-15T03:07:04,medium
ledger_policy_9815_v2.pdf,.pdf,1611,C:/Finance/Internal/Policies/,2025-05-17T13:10:39,high
contract_9816.pdf,.pdf,137,C:/Finance/Loans/,2022-03-07T03:35:06,medium
info_9817_draft.pdf,.pdf,1554,C:/Finance/PublicInfo/Announcements/,2025-04-20T04:45:17,low
menu_transfer_9818_final.csv,.csv,196,C:/Finance/Transactions/,2022-11-10T20:08:03,low
balance_9819.pdf,.pdf,99,C:/Finance/Accounts/,2023-02-18T08:02:38,low
transaction_9820.xlsx,.xlsx,173,C:/Finance/Transactions/,2022-07-16T10:14:01,low
transaction_9821.xlsx,.xlsx,77,C:/Finance/Transactions/,2024-01-20T14:29:43,high
profile_9822.csv,.csv,313,C:/Finance/Customers/,2022-02-14T23:31:32,medium
pin_profile_9823.pdf,.pdf,186,C:/Finance/Customers/,2022-11-20T07:09:54,medium
loan_9824.xls,.xls,1,C:/Finance/Loans/,2024-05-10T15:07:58,low
statement_transaction_9825.csv,.csv,11,C:/Finance/Transactions/,2022-05-19T14:52:52,low
contract_9826.xls,.xls,984,C:/Finance/Loans/,2022-08-24T20:16:40,low
ssn_policy_9827.docx,.docx,538,C:/Finance/Internal/Policies/,2023-06-04T22:14:13,low
review_9828.docx,.docx,51,C:/Finance/Compliance/,2023-01-31T14:32:52,low
policy_9829.pdf,.pdf,697,C:/Finance/Internal/Policies/,2025-04-12T18:57:56,low
account_9830.xlsx,.xlsx,720,C:/Finance/Accounts/,2024-04-14T12:44:13,low
audit_9831.xlsx,.xlsx,903,C:/Finance/Accounts/,2022-06-17T09:20:04,high
public_notice_agreement_9832.xlsx,.xlsx,205,C:/Finance/Loans/,2025-05-10T21:23:06,low
transaction_agreement_9833.docx,.docx,76,C:/Finance/Loans/,2022-02-10T23:41:33,low
guideline_9834.docx,.docx,383,C:/Finance/Internal/Policies/,2023-09-06T19:55:35,low
ledger_announcement_9835_archived.txt,.txt,106,C:/Finance/PublicInfo/Guidelines/,2024-07-21T09:05:04,medium
bank_statement_repayment_9836.docx,.docx,591,C:/Finance/Loans/,2023-06-10T12:22:55,high
guideline_9837.xlsx,.xlsx,573,C:/Finance/Compliance/,2024-07-14T06:43:08,low
transfer_9838.csv,.csv,842,C:/Finance/Transactions/,2025-10-07T14:17:26,low
statement_policy_9839.xlsx,.xlsx,1559,C:/Finance/Internal/Policies/,2025-10-15T01:51:13,medium
announcement_contract_9840.pdf,.pdf,266,C:/Finance/Customers/,2024-03-30T00:39:39,high
policy_9841.pdf,.pdf,308,C:/Finance/Compliance/,2024-07-30T21:19:39,low
guideline_9842.xlsx,.xlsx,863,C:/Finance/Internal/Policies/,2022-09-08T07:13:09,low
ledger_9843.xlsx,.xlsx,1387,C:/Finance/Accounts/,2023-07-20T02:06:19,high
info_summary_9844.xlsx,.xlsx,1631,C:/Finance/Reports/,2023-08-04T07:44:00,high
policy_account_9845.pdf,.pdf,833,C:/Finance/Accounts/,2023-05-21T09:57:37,high
schedule_notice_9846.txt,.txt,102,C:/Finance/PublicInfo/Guidelines/,2022-11-23T17:41:55,low
public_notice_announcement_9847_final.txt,.txt,98,C:/Finance/PublicInfo/Guidelines/,2024-04-26T16:06:52,medium
report_9848.pdf,.pdf,396,C:/Finance/Reports/,2025-09-20T12:10:54,low
info_9849.csv,.csv,50,C:/Finance/Customers/,2025-04-13T10:58:51,medium
info_9850.csv,.csv,635,C:/Finance/PublicInfo/Announcements/,2023-09-14T02:41:17,high
guidelines_info_9851.txt,.txt,55,C:/Finance/PublicInfo/Announcements/,2023-02-12T18:30:01,low
info_transfer_9852.csv,.csv,530,C:/Finance/Transactions/,2025-04-20T10:19:50,medium
info_announcement_9853.txt,.txt,13,C:/Finance/PublicInfo/Guidelines/,2023-07-04T23:26:55,low
schedule_schedule_9854.pdf,.pdf,136,C:/Finance/PublicInfo/Guidelines/,2024-03-13T14:58:40,low
menu_audit_9855.pdf,.pdf,998,C:/Finance/Accounts/,2022-05-16T23:20:55,low
transfer_9856.xlsx,.xlsx,1451,C:/Finance/Transactions/,2024-01-31T13:05:04,low
summary_9857.pdf,.pdf,622,C:/Finance/Transactions/,2024-06-18T22:24:38,medium
roster_9858.xlsx,.xlsx,76,C:/Finance/HR/,2023-03-07T11:42:00,medium
invoice_info_9859.csv,.csv,203,C:/Finance/Customers/,2025-02-10T20:36:58,low
bank_statement_procedure_9860.xlsx,.xlsx,132,C:/Finance/Internal/Policies/,2022-12-19T13:40:07,medium
guideline_9861.docx,.docx,536,C:/Finance/Internal/Policies/,2022-06-02T02:42:10,low
menu_agreement_9862.pdf,.pdf,353,C:/Finance/Loans/,2022-02-06T04:46:37,low
guidelines_memo_9863.csv,.csv,274,C:/Finance/Reports/,2024-08-13T22:49:25,low
announcement_9864.pdf,.pdf,61,C:/Finance/PublicInfo/Guidelines/,2025-08-25T19:33:05,low
payroll_9865.xlsx,.xlsx,1,C:/Finance/HR/,2025-04-04T16:20:11,low
account_number_policy_9866.xlsx,.xlsx,514,C:/Finance/Compliance/,2023-12-01T20:38:33,low
memo_customer_9867.csv,.csv,442,C:/Finance/Customers/,2024-02-04T22:13:15,low
invoice_payroll_9868.pdf,.pdf,722,C:/Finance/HR/,2023-11-22T00:49:51,low
info_9869_confidential.pdf,.pdf,157,C:/Finance/Customers/,2022-07-06T18:21:47,high
public_notice_profile_9870.pdf,.pdf,684,C:/Finance/Customers/,2025-06-02T02:24:51,low
report_9871.xlsx,.xlsx,2601,C:/Finance/HR/,2022-05-02T05:45:05,low
audit_9872_confidential.csv,.csv,96,C:/Finance/Accounts/,2024-10-22T13:29:59,low
public_notice_protocol_9873.docx,.docx,444,C:/Finance/Internal/Policies/,2023-02-24T01:02:32,low
schedule_9874_archived.csv,.csv,103,C:/Finance/PublicInfo/Announcements/,2023-02-18T02:57:29,low
statement_9875.xlsx,.xlsx,447,C:/Finance/Transactions/,2025-03-13T14:45:53,medium
audit_9876.pdf,.pdf,508,C:/Finance/Compliance/,2024-03-30T17:08:01,medium
guidelines_audit_9877.pdf,.pdf,913,C:/Finance/Compliance/,2024-05-27T05:41:47,low
menu_contract_9878.docx,.docx,817,C:/Finance/Customers/,2022-01-25T15:43:36,low
info_info_9879.csv,.csv,100,C:/Finance/PublicInfo/Guidelines/,2022-09-01T05:41:16,low
transaction_report_9880.xlsx,.xlsx,628,C:/Finance/Reports/,2022-12-04T21:47:51,low
contract_9881.pdf,.pdf,1746,C:/Finance/Loans/,2023-08-31T08:06:29,low
review_9882.pdf,.pdf,1437,C:/Finance/Compliance/,2025-09-11T07:15:56,medium
review_9883_archived.xlsx,.xlsx,831,C:/Finance/Compliance/,2022-08-14T17:17:43,low
summary_9884.pdf,.pdf,1754,C:/Finance/Transactions/,2024-11-19T20:35:48,low
invoice_guideline_9885.xlsx,.xlsx,638,C:/Finance/Compliance/,2024-11-12T18:15:39,low
policy_9886.docx,.docx,132,C:/Finance/Compliance/,2023-02-17T10:54:59,medium
announcement_9887.txt,.txt,123,C:/Finance/PublicInfo/Announcements/,2024-08-02T19:24:16,high
agreement_9888.xlsx,.xlsx,1891,C:/Finance/Loans/,2023-07-09T05:07:09,medium
public_notice_audit_9889.pdf,.pdf,67,C:/Finance/Accounts/,2022-06-04T04:23:55,high
guideline_9890.xlsx,.xlsx,1753,C:/Finance/Compliance/,2023-09-20T08:25:53,low
profile_9891.docx,.docx,352,C:/Finance/Customers/,2023-08-28T20:58:45,high
customer_roster_9892.pdf,.pdf,308,C:/Finance/HR/,2024-06-01T09:20:13,medium
menu_notice_9893_confidential.csv,.csv,36,C:/Finance/PublicInfo/Guidelines/,2025-10-03T16:42:27,medium
info_contract_9894.csv,.csv,478,C:/Finance/Customers/,2025-04-20T08:47:00,medium
audit_report_9895.xlsx,.xlsx,1484,C:/Finance/Reports/,2024-11-01T22:45:32,high
procedure_9896.docx,.docx,279,C:/Finance/Internal/Policies/,2022-03-07T11:00:59,low
account_9897_confidential.pdf,.pdf,1859,C:/Finance/Accounts/,2024-05-26T18:03:21,high
transfer_9898.csv,.csv,644,C:/Finance/Transactions/,2023-05-03T04:30:36,low
schedule_notice_9899.txt,.txt,60,C:/Finance/PublicInfo/Guidelines/,2024-07-26T12:15:03,low
report_contract_9900.pdf,.pdf,423,C:/Finance/Loans/,2025-10-03T19:22:34,low
transaction_balance_9901.csv,.csv,261,C:/Finance/Accounts/,2025-09-09T15:12:06,low
menu_summary_9902_v2.pdf,.pdf,902,C:/Finance/Transactions/,2025-10-11T19:52:53,low
info_memo_9903.pdf,.pdf,1356,C:/Finance/Reports/,2025-11-27T04:51:17,high
info_summary_9904.pdf,.pdf,32,C:/Finance/Reports/,2025-12-20T21:14:49,medium
ledger_memo_9905.csv,.csv,206,C:/Finance/Reports/,2022-12-20T20:10:27,medium
policy_salary_9906.docx,.docx,567,C:/Finance/HR/,2022-10-26T06:13:15,high
summary_info_9907.csv,.csv,164,C:/Finance/PublicInfo/Announcements/,2024-02-22T12:16:18,low
report_summary_9908.pdf,.pdf,777,C:/Finance/Reports/,2025-11-23T15:35:42,low
roster_9909.docx,.docx,141,C:/Finance/HR/,2023-08-07T22:21:37,medium
procedure_9910.pdf,.pdf,1318,C:/Finance/Internal/Policies/,2022-03-13T00:13:16,medium
notice_9911.csv,.csv,305,C:/Finance/PublicInfo/Guidelines/,2024-11-28T04:41:29,high
analysis_analysis_9912.xlsx,.xlsx,1273,C:/Finance/Reports/,2023-07-04T16:08:41,low
protocol_9913.docx,.docx,214,C:/Finance/Internal/Policies/,2023-06-29T08:37:36,low
transfer_9914.xlsx,.xlsx,1033,C:/Finance/Transactions/,2025-02-22T08:03:42,low
info_contract_9915.xls,.xls,162,C:/Finance/Loans/,2023-01-07T08:28:10,low
announcement_info_9916.pdf,.pdf,157,C:/Finance/Customers/,2024-08-02T15:54:43,low
info_9917.csv,.csv,256,C:/Finance/PublicInfo/Announcements/,2022-02-11T00:22:38,low
audit_9918.pdf,.pdf,212,C:/Finance/Accounts/,2022-10-15T11:10:23,high
policy_9919.xlsx,.xlsx,325,C:/Finance/Internal/Policies/,2025-04-09T12:34:02,low
salary_9920.docx,.docx,788,C:/Finance/HR/,2023-07-12T16:07:21,low
public_notice_info_9921.docx,.docx,994,C:/Finance/Customers/,2024-11-14T00:07:45,low
report_9922.docx,.docx,984,C:/Finance/HR/,2022-05-19T16:46:58,low
public_notice_memo_9923.pdf,.pdf,1323,C:/Finance/Reports/,2022-03-13T20:22:59,low
guidelines_loan_9924.xlsx,.xlsx,1123,C:/Finance/Loans/,2024-10-05T10:56:00,medium
statement_statement_9925.xlsx,.xlsx,594,C:/Finance/Transactions/,2022-11-06T22:40:28,low
memo_roster_9926.pdf,.pdf,553,C:/Finance/HR/,2024-01-05T16:00:16,high
repayment_9927.pdf,.pdf,496,C:/Finance/Loans/,2024-06-19T09:09:31,low
menu_announcement_9928.pdf,.pdf,1781,C:/Finance/PublicInfo/Guidelines/,2022-06-17T11:39:00,medium
schedule_info_9929.docx,.docx,7,C:/Finance/Customers/,2022-11-25T01:36:19,low
repayment_9930.docx,.docx,168,C:/Finance/Loans/,2024-04-11T12:01:03,medium
bank_statement_transfer_9931.xlsx,.xlsx,1071,C:/Finance/Transactions/,2024-07-20T15:16:06,medium
policy_9932.xlsx,.xlsx,716,C:/Finance/Compliance/,2023-03-26T10:54:16,high
contract_9933.csv,.csv,100,C:/Finance/Customers/,2022-04-19T01:25:12,medium
payroll_9934.docx,.docx,353,C:/Finance/HR/,2025-07-23T14:41:45,low
ledger_9935_archived.xlsx,.xlsx,1175,C:/Finance/Accounts/,2024-07-29T18:36:14,high
roster_9936.docx,.docx,35,C:/Finance/HR/,2023-04-10T20:08:46,low
policy_schedule_9937.txt,.txt,119,C:/Finance/PublicInfo/Guidelines/,2023-05-29T11:50:51,medium
salary_roster_9938.pdf,.pdf,476,C:/Finance/HR/,2022-08-27T15:27:49,low
announcement_9939.txt,.txt,104,C:/Finance/PublicInfo/Announcements/,2025-03-07T11:11:07,low
ledger_9940.xlsx,.xlsx,1555,C:/Finance/Accounts/,2022-11-02T22:36:23,high
profile_9941.pdf,.pdf,398,C:/Finance/Customers/,2025-07-23T13:19:47,low
roster_9942.xlsx,.xlsx,628,C:/Finance/HR/,2024-03-16T01:01:31,low
confidential_policy_9943.pdf,.pdf,926,C:/Finance/Internal/Policies/,2024-09-04T01:23:01,medium
notice_9944.csv,.csv,749,C:/Finance/PublicInfo/Announcements/,2022-07-15T08:45:34,low
analysis_payroll_9945.xlsx,.xlsx,1145,C:/Finance/HR/,2024-03-10T13:05:35,medium
transaction_protocol_9946.docx,.docx,20,C:/Finance/Internal/Policies/,2022-10-07T15:35:42,low
agreement_9947.docx,.docx,1008,C:/Finance/Loans/,2022-12-04T02:45:52,medium
transaction_9948.xlsx,.xlsx,350,C:/Finance/Transactions/,2024-06-14T17:54:20,high
summary_9949.xlsx,.xlsx,971,C:/Finance/Transactions/,2023-12-23T13:23:24,low
invoice_transaction_9950.pdf,.pdf,290,C:/Finance/Transactions/,2023-08-05T00:03:13,low
bank_statement_statement_9951.csv,.csv,581,C:/Finance/Transactions/,2022-03-28T15:51:16,medium
announcement_contract_9952.pdf,.pdf,1109,C:/Finance/Customers/,2022-07-28T16:25:35,medium
guideline_9953.docx,.docx,274,C:/Finance/Internal/Policies/,2023-07-28T05:03:08,low
audit_9954.pdf,.pdf,39,C:/Finance/Accounts/,2022-10-28T02:19:21,high
audit_9955.docx,.docx,134,C:/Finance/Compliance/,2024-09-22T20:13:16,medium
loan_9956.xls,.xls,423,C:/Finance/Loans/,2024-03-21T15:23:30,low
analysis_account_9957.xlsx,.xlsx,1002,C:/Finance/Accounts/,2024-08-18T00:10:38,high
agreement_9958.docx,.docx,216,C:/Finance/Loans/,2024-11-18T17:12:22,low
public_notice_memo_9959_v2.csv,.csv,130,C:/Finance/Reports/,2023-07-15T14:20:39,low
ledger_audit_9960.csv,.csv,212,C:/Finance/Accounts/,2025-06-14T11:21:20,low
audit_9961.csv,.csv,10,C:/Finance/Accounts/,2022-01-20T18:22:45,low
info_9962.csv,.csv,251,C:/Finance/PublicInfo/Guidelines/,2024-04-02T17:24:45,low
menu_guideline_9963.xlsx,.xlsx,806,C:/Finance/Internal/Policies/,2024-08-22T19:32:29,medium
memo_protocol_9964.pdf,.pdf,1360,C:/Finance/Internal/Policies/,2024-08-16T03:14:20,low
agreement_9965.pdf,.pdf,53,C:/Finance/Loans/,2025-05-20T22:16:43,low
info_9966.txt,.txt,54,C:/Finance/PublicInfo/Guidelines/,2025-05-24T09:21:43,low
notice_9967.pdf,.pdf,40,C:/Finance/PublicInfo/Announcements/,2025-05-22T15:57:53,low
policy_9968.docx,.docx,56,C:/Finance/Compliance/,2025-06-30T02:12:27,medium
announcement_policy_9969.xlsx,.xlsx,41,C:/Finance/Internal/Policies/,2022-07-28T01:40:12,low
statement_procedure_9970.xlsx,.xlsx,939,C:/Finance/Internal/Policies/,2022-05-24T13:50:12,low
repayment_9971.xls,.xls,1844,C:/Finance/Loans/,2024-06-05T06:18:36,high
contract_9972.pdf,.pdf,1543,C:/Finance/Loans/,2025-10-22T23:30:43,low
report_report_9973.docx,.docx,338,C:/Finance/HR/,2025-04-02T04:11:37,low
memo_9974.xlsx,.xlsx,879,C:/Finance/Reports/,2023-01-03T04:51:59,low
roster_9975.pdf,.pdf,138,C:/Finance/HR/,2024-11-13T16:33:29,low
announcement_transaction_9976.csv,.csv,330,C:/Finance/Transactions/,2025-07-14T15:30:34,low
credit_report_account_9977.csv,.csv,395,C:/Finance/Accounts/,2022-01-23T19:11:55,low
guidelines_policy_9978.docx,.docx,801,C:/Finance/Compliance/,2024-05-31T23:43:31,medium
audit_9979.pdf,.pdf,585,C:/Finance/Compliance/,2024-06-11T18:02:09,low
memo_loan_9980.xlsx,.xlsx,1386,C:/Finance/Loans/,2024-05-02T00:11:06,medium
procedure_9981.pdf,.pdf,566,C:/Finance/Internal/Policies/,2025-01-28T05:04:17,medium
menu_notice_9982.csv,.csv,390,C:/Finance/PublicInfo/Announcements/,2023-02-19T14:54:54,high
ledger_review_9983.pdf,.pdf,1109,C:/Finance/Compliance/,2024-12-03T13:21:16,low
summary_policy_9984_archived.pdf,.pdf,487,C:/Finance/Compliance/,2023-04-12T17:57:26,medium
loan_9985.docx,.docx,536,C:/Finance/Loans/,2024-07-23T04:06:16,high
balance_9986.pdf,.pdf,1096,C:/Finance/Accounts/,2024-05-27T04:58:09,medium
announcement_9987.txt,.txt,51,C:/Finance/PublicInfo/Guidelines/,2024-03-12T01:42:56,medium
transfer_9988.csv,.csv,63,C:/Finance/Transactions/,2023-12-18T17:12:32,medium
tax_info_audit_9989_draft.csv,.csv,339,C:/Finance/Accounts/,2025-09-08T19:43:42,medium
review_9990.docx,.docx,263,C:/Finance/Compliance/,2023-12-02T15:03:25,low
statement_9991.pdf,.pdf,1618,C:/Finance/Transactions/,2022-02-17T12:03:15,low
tax_info_customer_9992_confidential.docx,.docx,842,C:/Finance/Customers/,2025-04-19T15:21:45,medium
memo_info_9993.txt,.txt,65,C:/Finance/PublicInfo/Guidelines/,2023-05-18T14:01:24,high
guideline_9994.docx,.docx,17,C:/Finance/Internal/Policies/,2025-10-15T20:18:01,low
guideline_9995.xlsx,.xlsx,260,C:/Finance/Internal/Policies/,2023-09-02T20:32:59,low
analysis_agreement_9996.pdf,.pdf,1591,C:/Finance/Loans/,2024-12-20T23:01:01,medium
menu_announcement_9997_final.pdf,.pdf,779,C:/Finance/PublicInfo/Announcements/,2023-10-13T06:37:07,low
summary_audit_9998_v2.pdf,.pdf,682,C:/Finance/Compliance/,2025-07-08T02:47:13,low
audit_9999.xlsx,.xlsx,706,C:/Finance/Accounts/,2024-04-14T23:06:18,low
