filename,extension,filesize_kb,file_path,date_modified,sensitivity
results_results_0000.xls,.xls,1279,C:/Healthcare/LabResults/,2023-02-16T06:55:15,low
notice_specimen_0001.xls,.xls,880,C:/Healthcare/LabResults/,2023-01-11T02:17:28,low
menu_policy_0002.docx,.docx,1153,C:/Healthcare/Insurance/,2025-07-26T20:32:16,high
meeting_0003.txt,.txt,14,C:/Healthcare/Meetings/,2025-08-18T20:05:15,low
maintenance_0004.pdf,.pdf,267,C:/Healthcare/Maintenance/,2023-06-06T21:36:22,low
parking_0005.pdf,.pdf,492,C:/Healthcare/PublicInfo/Menu/,2025-11-27T20:30:14,low
lab_results_0006.csv,.csv,31,C:/Healthcare/LabResults/,2025-11-29T12:16:09,low
maintenance_0007.txt,.txt,77,C:/Healthcare/Maintenance/,2024-02-20T22:06:12,low
test_0008.xls,.xls,1440,C:/Healthcare/LabResults/,2023-08-10T22:38:20,medium
meeting_0009.pdf,.pdf,1205,C:/Healthcare/Meetings/,2023-12-07T16:52:13,low
report_claim_0010.docx,.docx,92,C:/Healthcare/Insurance/,2025-07-14T16:19:50,low
notice_0011.txt,.txt,138,C:/Healthcare/PublicInfo/Parking/,2024-06-12T10:39:39,medium
report_test_0012.xls,.xls,726,C:/Healthcare/LabResults/,2025-09-19T13:45:49,medium
test_menu_0013.txt,.txt,1,C:/Healthcare/PublicInfo/Notices/,2025-07-19T10:16:21,low
summary_workorder_0014.pdf,.pdf,1932,C:/Healthcare/Maintenance/,2023-04-18T12:25:46,low
invoice_menu_0015.csv,.csv,362,C:/Healthcare/PublicInfo/Notices/,2025-12-07T16:07:46,low
public_schedule_0016.pdf,.pdf,712,C:/Healthcare/StaffSchedules/,2023-02-02T16:12:50,low
protocol_0017_final.pdf,.pdf,2074,C:/Healthcare/Internal/Protocols/,2023-04-21T01:45:12,medium
menu_0018.pdf,.pdf,1272,C:/Healthcare/PublicInfo/Notices/,2024-01-13T11:35:37,low
report_info_0019.csv,.csv,577,C:/Healthcare/PublicInfo/Parking/,2025-09-30T19:19:38,low
lab_0020.xls,.xls,109,C:/Healthcare/LabResults/,2024-03-08T16:54:56,high
info_0021.pdf,.pdf,1744,C:/Healthcare/PublicInfo/Parking/,2025-04-19T18:34:44,low
visit_0022.csv,.csv,338,C:/Healthcare/Patients/,2023-04-02T02:05:10,low
coverage_0023.docx,.docx,281,C:/Healthcare/Insurance/,2025-05-13T08:32:41,low
notice_notice_0024.pdf,.pdf,813,C:/Healthcare/PublicInfo/Parking/,2023-09-02T13:31:03,low
results_patient_0025.csv,.csv,761,C:/Healthcare/Patients/,2024-01-18T11:34:24,medium
guideline_0026.pdf,.pdf,475,C:/Healthcare/Internal/Protocols/,2025-11-06T09:11:38,low
public_log_0027.xlsx,.xlsx,1343,C:/Healthcare/Maintenance/,2025-05-24T13:55:27,low
summary_results_0028.xls,.xls,339,C:/Healthcare/LabResults/,2025-04-23T20:38:00,low
meeting_0029.docx,.docx,280,C:/Healthcare/Meetings/,2023-06-10T21:59:04,low
reimbursement_0030.pdf,.pdf,1072,C:/Healthcare/Insurance/,2025-12-03T23:45:02,medium
test_minutes_0031_archived.docx,.docx,360,C:/Healthcare/Meetings/,2024-02-11T22:24:00,high
invoice_0032.csv,.csv,741,C:/Healthcare/Insurance/,2023-08-20T13:08:47,high
announcement_menu_0033.pdf,.pdf,2221,C:/Healthcare/PublicInfo/Notices/,2023-03-03T23:23:19,low
report_workorder_0034.xlsx,.xlsx,351,C:/Healthcare/Maintenance/,2024-01-03T18:12:26,low
invoice_0035_draft.csv,.csv,14,C:/Healthcare/Insurance/,2024-01-21T12:20:43,low
agenda_0036.pdf,.pdf,1119,C:/Healthcare/Meetings/,2024-12-16T01:20:54,low
maintenance_0037.xlsx,.xlsx,161,C:/Healthcare/Maintenance/,2023-04-18T20:11:35,low
public_meeting_0038.pdf,.pdf,702,C:/Healthcare/Meetings/,2024-02-17T09:18:12,low
record_0039.pdf,.pdf,1437,C:/Healthcare/Patients/,2023-03-10T22:50:59,high
menu_0040.pdf,.pdf,429,C:/Healthcare/PublicInfo/Menu/,2024-05-02T15:37:24,high
parking_analysis_0041.csv,.csv,426,C:/Healthcare/LabResults/,2024-08-11T23:33:37,low
announcement_claim_0042.docx,.docx,125,C:/Healthcare/Insurance/,2024-11-17T06:58:35,low
maintenance_menu_0043.txt,.txt,90,C:/Healthcare/PublicInfo/Parking/,2023-12-31T20:32:09,low
report_minutes_0044.pdf,.pdf,1912,C:/Healthcare/Meetings/,2025-09-05T07:21:18,low
guideline_0045.docx,.docx,620,C:/Healthcare/Internal/Protocols/,2023-06-15T13:51:44,high
info_0046_v2.pdf,.pdf,850,C:/Healthcare/PublicInfo/Menu/,2024-12-22T19:09:19,low
info_0047.csv,.csv,259,C:/Healthcare/PublicInfo/Notices/,2025-05-01T02:08:48,low
info_0048.csv,.csv,254,C:/Healthcare/PublicInfo/Parking/,2025-03-20T19:27:56,low
report_parking_0049.txt,.txt,16,C:/Healthcare/PublicInfo/Parking/,2023-08-03T22:57:32,low
policy_0050_archived.pdf,.pdf,486,C:/Healthcare/Insurance/,2024-10-14T16:05:08,medium
notice_0051.csv,.csv,240,C:/Healthcare/PublicInfo/Menu/,2024-06-30T10:31:07,low
agenda_0052.txt,.txt,43,C:/Healthcare/Meetings/,2025-01-24T10:02:45,low
consent_0053.docx,.docx,460,C:/Healthcare/Patients/,2025-04-09T17:34:20,low
patient_0054_archived.csv,.csv,45,C:/Healthcare/Patients/,2024-08-11T22:00:59,high
workorder_0055.xlsx,.xlsx,690,C:/Healthcare/Maintenance/,2025-04-17T22:59:59,low
public_patient_0056.csv,.csv,52,C:/Healthcare/Patients/,2023-02-01T15:49:19,low
lab_protocol_0057.docx,.docx,280,C:/Healthcare/Internal/Protocols/,2025-08-01T07:49:38,low
lab_0058.csv,.csv,138,C:/Healthcare/LabResults/,2023-11-05T02:16:12,low
results_0059_draft.csv,.csv,135,C:/Healthcare/LabResults/,2025-05-29T03:29:41,low
parking_patient_0060.docx,.docx,256,C:/Healthcare/Patients/,2024-07-16T15:20:55,low
parking_0061.csv,.csv,128,C:/Healthcare/PublicInfo/Parking/,2025-07-09T09:03:17,low
report_agenda_0062.pdf,.pdf,905,C:/Healthcare/Meetings/,2023-02-14T14:00:48,low
results_parking_0063.csv,.csv,118,C:/Healthcare/PublicInfo/Parking/,2023-01-16T18:27:39,low
lab_info_0064.csv,.csv,84,C:/Healthcare/PublicInfo/Notices/,2023-01-27T18:52:31,low
menu_test_0065.xlsx,.xlsx,24,C:/Healthcare/LabResults/,2025-05-04T23:58:10,low
parking_workorder_0066.xlsx,.xlsx,2918,C:/Healthcare/Maintenance/,2025-12-08T03:09:44,medium
coverage_0067.pdf,.pdf,1082,C:/Healthcare/Insurance/,2023-06-06T03:53:05,low
parking_roster_0068.xlsx,.xlsx,712,C:/Healthcare/StaffSchedules/,2023-07-16T04:02:26,high
medical_info_0069.pdf,.pdf,890,C:/Healthcare/PublicInfo/Parking/,2023-06-27T05:28:36,low
consent_lab_0070.xlsx,.xlsx,2096,C:/Healthcare/LabResults/,2025-05-16T22:28:14,low
menu_0071.txt,.txt,101,C:/Healthcare/PublicInfo/Menu/,2024-04-06T22:07:41,low
announcement_protocol_0072.xlsx,.xlsx,773,C:/Healthcare/Internal/Protocols/,2025-10-22T22:32:44,low
report_results_0073_archived.xls,.xls,1363,C:/Healthcare/LabResults/,2024-03-15T04:30:17,medium
summary_menu_0074.pdf,.pdf,1655,C:/Healthcare/PublicInfo/Parking/,2023-04-21T22:21:06,low
public_diagnosis_0075.pdf,.pdf,468,C:/Healthcare/Patients/,2024-02-27T22:04:25,low
announcement_notice_0076.txt,.txt,7,C:/Healthcare/PublicInfo/Notices/,2025-06-12T12:58:37,low
procedure_0077.xlsx,.xlsx,1547,C:/Healthcare/Internal/Protocols/,2025-03-17T04:22:27,low
appointment_info_0078.csv,.csv,138,C:/Healthcare/PublicInfo/Parking/,2025-11-07T00:23:17,medium
analysis_0079.pdf,.pdf,1088,C:/Healthcare/LabResults/,2024-05-03T14:02:58,low
agenda_0080.pdf,.pdf,518,C:/Healthcare/Meetings/,2024-12-18T15:43:35,low
announcement_info_0081.pdf,.pdf,671,C:/Healthcare/PublicInfo/Menu/,2024-11-11T14:09:06,medium
menu_0082.pdf,.pdf,186,C:/Healthcare/PublicInfo/Parking/,2023-12-16T01:26:51,medium
test_results_0083.xlsx,.xlsx,752,C:/Healthcare/LabResults/,2025-01-03T13:37:46,medium
results_schedule_0084.csv,.csv,631,C:/Healthcare/StaffSchedules/,2024-10-06T14:10:29,low
maintenance_maintenance_0085.txt,.txt,129,C:/Healthcare/Maintenance/,2023-08-19T20:02:19,low
announcement_info_0086.txt,.txt,58,C:/Healthcare/PublicInfo/Parking/,2024-09-30T02:48:20,medium
maintenance_consent_0087.docx,.docx,278,C:/Healthcare/Patients/,2023-02-27T12:11:28,low
claim_0088.docx,.docx,319,C:/Healthcare/Insurance/,2023-08-12T22:30:12,medium
notice_0089.csv,.csv,196,C:/Healthcare/PublicInfo/Menu/,2025-10-06T11:39:59,low
specimen_0090.pdf,.pdf,1920,C:/Healthcare/LabResults/,2025-04-20T10:32:20,medium
lab_record_0091.xlsx,.xlsx,681,C:/Healthcare/Patients/,2023-06-06T03:10:53,medium
notice_notice_0092.pdf,.pdf,1203,C:/Healthcare/PublicInfo/Parking/,2024-10-02T02:24:09,low
results_protocol_0093.pdf,.pdf,778,C:/Healthcare/Internal/Protocols/,2023-12-27T16:36:45,low
public_notice_0094.txt,.txt,119,C:/Healthcare/PublicInfo/Parking/,2023-09-03T09:45:29,low
announcement_test_0095.xlsx,.xlsx,955,C:/Healthcare/LabResults/,2024-08-20T14:24:13,medium
parking_parking_0096.pdf,.pdf,317,C:/Healthcare/PublicInfo/Parking/,2025-05-29T03:21:46,low
record_0097.csv,.csv,337,C:/Healthcare/Patients/,2023-10-23T08:38:03,medium
procedure_0098.docx,.docx,955,C:/Healthcare/Internal/Protocols/,2023-03-03T05:46:48,high
meeting_0099.txt,.txt,109,C:/Healthcare/Meetings/,2025-04-17T22:34:43,high
maintenance_0100.pdf,.pdf,822,C:/Healthcare/Maintenance/,2024-06-10T04:13:11,low
diagnosis_analysis_0101.xlsx,.xlsx,867,C:/Healthcare/LabResults/,2025-04-13T12:51:56,medium
test_0102.xlsx,.xlsx,509,C:/Healthcare/LabResults/,2023-12-30T05:30:44,low
parking_0103.pdf,.pdf,730,C:/Healthcare/PublicInfo/Parking/,2025-12-25T02:03:04,medium
report_minutes_0104.docx,.docx,763,C:/Healthcare/Meetings/,2024-12-05T17:03:54,high
log_0105.pdf,.pdf,438,C:/Healthcare/Maintenance/,2023-06-03T19:47:38,low
parking_0106_draft.txt,.txt,121,C:/Healthcare/PublicInfo/Parking/,2024-01-02T18:55:01,medium
log_0107.xlsx,.xlsx,1140,C:/Healthcare/Maintenance/,2023-07-09T18:26:39,low
lab_notice_0108_draft.pdf,.pdf,482,C:/Healthcare/PublicInfo/Parking/,2025-05-10T22:21:50,medium
roster_0109.csv,.csv,313,C:/Healthcare/StaffSchedules/,2023-08-13T18:21:31,medium
claim_0110.docx,.docx,1175,C:/Healthcare/Insurance/,2024-01-05T14:43:59,high
report_protocol_0111.docx,.docx,175,C:/Healthcare/Internal/Protocols/,2025-03-08T06:53:52,low
protocol_0112.docx,.docx,235,C:/Healthcare/Internal/Protocols/,2023-02-18T09:22:48,low
consent_0113.csv,.csv,316,C:/Healthcare/Patients/,2023-05-06T12:05:14,low
medical_log_0114.pdf,.pdf,1899,C:/Healthcare/Maintenance/,2024-12-05T19:44:12,medium
lab_notice_0115.txt,.txt,36,C:/Healthcare/PublicInfo/Notices/,2024-10-04T20:05:17,low
public_maintenance_0116.txt,.txt,42,C:/Healthcare/Maintenance/,2025-12-02T22:32:38,medium
notice_0117.pdf,.pdf,415,C:/Healthcare/PublicInfo/Parking/,2023-04-04T04:15:10,low
procedure_0118.xlsx,.xlsx,21,C:/Healthcare/Internal/Protocols/,2023-03-21T22:02:55,medium
announcement_meeting_0119.docx,.docx,1014,C:/Healthcare/Meetings/,2024-07-24T23:40:09,medium
analysis_0120.csv,.csv,321,C:/Healthcare/LabResults/,2025-09-25T09:33:41,low
parking_0121_draft.pdf,.pdf,469,C:/Healthcare/PublicInfo/Notices/,2023-01-10T11:38:25,low
invoice_0122_final.csv,.csv,69,C:/Healthcare/Insurance/,2024-12-05T17:08:27,high
parking_log_0123.xlsx,.xlsx,688,C:/Healthcare/Maintenance/,2023-05-07T17:34:47,medium
announcement_agenda_0124.docx,.docx,270,C:/Healthcare/Meetings/,2025-11-19T13:47:44,low
protocol_0125.pdf,.pdf,1197,C:/Healthcare/Internal/Protocols/,2023-11-25T03:22:24,low
notice_claim_0126.csv,.csv,139,C:/Healthcare/Insurance/,2025-05-17T22:43:27,high
maintenance_0127.xlsx,.xlsx,1167,C:/Healthcare/Maintenance/,2024-10-28T20:52:41,low
guideline_0128_final.pdf,.pdf,1947,C:/Healthcare/Internal/Protocols/,2024-12-15T17:39:20,low
maintenance_0129.xlsx,.xlsx,2286,C:/Healthcare/Maintenance/,2024-06-11T09:58:21,medium
appointment_schedule_0130_confidential.xlsx,.xlsx,522,C:/Healthcare/StaffSchedules/,2025-09-29T15:51:29,low
results_policy_0131.pdf,.pdf,1490,C:/Healthcare/Insurance/,2025-02-06T14:01:04,low
info_0132.csv,.csv,97,C:/Healthcare/PublicInfo/Parking/,2024-05-17T02:04:35,low
credentials_log_0133.xlsx,.xlsx,12,C:/Healthcare/Maintenance/,2024-12-03T00:34:12,high
patient_0134.pdf,.pdf,1677,C:/Healthcare/Patients/,2024-08-20T06:32:44,low
notice_0135.txt,.txt,39,C:/Healthcare/PublicInfo/Parking/,2023-08-23T08:30:30,low
record_0136.docx,.docx,865,C:/Healthcare/Patients/,2024-11-11T00:48:40,high
parking_0137.txt,.txt,103,C:/Healthcare/PublicInfo/Parking/,2024-06-09T15:14:29,medium
guideline_0138_final.docx,.docx,178,C:/Healthcare/Internal/Protocols/,2025-10-16T22:28:59,low
announcement_procedure_0139.xlsx,.xlsx,336,C:/Healthcare/Internal/Protocols/,2025-07-13T08:44:41,low
maintenance_test_0140.xlsx,.xlsx,428,C:/Healthcare/LabResults/,2025-03-28T17:21:58,medium
parking_lab_0141.csv,.csv,555,C:/Healthcare/LabResults/,2023-12-18T22:08:12,medium
maintenance_claim_0142.pdf,.pdf,418,C:/Healthcare/Insurance/,2025-08-18T01:52:59,low
results_reimbursement_0143.docx,.docx,47,C:/Healthcare/Insurance/,2024-01-04T23:46:03,medium
info_0144.txt,.txt,126,C:/Healthcare/PublicInfo/Parking/,2025-11-19T17:06:40,medium
parking_guideline_0145.xlsx,.xlsx,414,C:/Healthcare/Internal/Protocols/,2024-01-24T08:47:43,medium
diagnosis_0146.xlsx,.xlsx,1385,C:/Healthcare/Patients/,2023-05-11T07:05:28,low
policy_0147.pdf,.pdf,924,C:/Healthcare/Insurance/,2024-06-27T01:28:34,high
parking_visit_0148.docx,.docx,55,C:/Healthcare/Patients/,2025-10-06T16:17:26,medium
summary_workorder_0149.txt,.txt,102,C:/Healthcare/Maintenance/,2025-08-13T21:50:45,low
diagnosis_visit_0150.csv,.csv,476,C:/Healthcare/Patients/,2024-04-12T19:43:49,medium
maintenance_specimen_0151.xls,.xls,486,C:/Healthcare/LabResults/,2025-03-11T14:35:59,low
invoice_protocol_0152.docx,.docx,314,C:/Healthcare/Internal/Protocols/,2024-07-14T04:16:57,medium
maintenance_specimen_0153.pdf,.pdf,553,C:/Healthcare/LabResults/,2024-01-30T00:46:01,low
diagnosis_patient_0154.docx,.docx,959,C:/Healthcare/Patients/,2025-09-25T13:09:27,high
invoice_0155.csv,.csv,640,C:/Healthcare/Insurance/,2024-12-11T23:31:53,low
diagnosis_patient_0156.pdf,.pdf,1106,C:/Healthcare/Patients/,2023-02-26T21:19:16,low
roster_0157.xlsx,.xlsx,1310,C:/Healthcare/StaffSchedules/,2024-09-13T09:53:33,medium
menu_info_0158.csv,.csv,257,C:/Healthcare/PublicInfo/Parking/,2024-10-21T10:29:40,low
results_0159.xlsx,.xlsx,1828,C:/Healthcare/LabResults/,2024-04-21T02:59:37,medium
public_info_0160.txt,.txt,70,C:/Healthcare/PublicInfo/Parking/,2025-09-20T09:08:37,low
record_0161.pdf,.pdf,141,C:/Healthcare/Patients/,2025-08-01T19:57:34,low
parking_0162.pdf,.pdf,1170,C:/Healthcare/PublicInfo/Parking/,2024-07-30T06:33:33,high
ssn_log_0163.pdf,.pdf,1636,C:/Healthcare/Maintenance/,2023-10-17T00:22:26,medium
notice_0164.txt,.txt,114,C:/Healthcare/PublicInfo/Parking/,2023-11-30T07:45:54,medium
guideline_0165.docx,.docx,688,C:/Healthcare/Internal/Protocols/,2024-11-22T10:56:52,high
test_0166.pdf,.pdf,75,C:/Healthcare/LabResults/,2024-04-10T23:11:43,low
policy_0167.csv,.csv,377,C:/Healthcare/Insurance/,2023-08-04T17:42:18,low
passwords_schedule_0168.pdf,.pdf,417,C:/Healthcare/StaffSchedules/,2024-04-25T11:11:37,low
info_0169.csv,.csv,871,C:/Healthcare/PublicInfo/Menu/,2025-09-24T20:07:06,low
test_0170.xlsx,.xlsx,250,C:/Healthcare/LabResults/,2023-07-20T10:41:50,low
notice_0171.txt,.txt,32,C:/Healthcare/PublicInfo/Menu/,2024-06-21T12:40:31,low
parking_0172.csv,.csv,540,C:/Healthcare/PublicInfo/Notices/,2025-08-12T11:32:47,low
menu_0173.pdf,.pdf,1889,C:/Healthcare/PublicInfo/Notices/,2025-05-25T13:12:12,low
confidential_diagnosis_0174.csv,.csv,165,C:/Healthcare/Patients/,2025-09-01T06:22:08,medium
info_0175.pdf,.pdf,492,C:/Healthcare/PublicInfo/Notices/,2025-12-05T17:22:29,low
schedule_visit_0176.pdf,.pdf,978,C:/Healthcare/Patients/,2024-06-20T12:20:51,low
announcement_notice_0177.pdf,.pdf,3228,C:/Healthcare/PublicInfo/Menu/,2024-03-26T19:53:15,medium
menu_0178.csv,.csv,359,C:/Healthcare/PublicInfo/Menu/,2025-03-10T14:19:58,low
notice_notice_0179.txt,.txt,50,C:/Healthcare/PublicInfo/Parking/,2025-06-25T04:38:41,low
announcement_log_0180.xlsx,.xlsx,1206,C:/Healthcare/Maintenance/,2024-02-15T20:15:51,high
schedule_maintenance_0181.txt,.txt,14,C:/Healthcare/Maintenance/,2025-05-04T04:09:29,low
meeting_0182_final.txt,.txt,80,C:/Healthcare/Meetings/,2025-05-16T13:28:41,low
appointment_workorder_0183.txt,.txt,88,C:/Healthcare/Maintenance/,2023-08-20T08:54:37,medium
guideline_0184.xlsx,.xlsx,175,C:/Healthcare/Internal/Protocols/,2025-03-02T19:31:08,low
info_0185.txt,.txt,27,C:/Healthcare/PublicInfo/Notices/,2024-10-09T01:44:48,low
procedure_0186.docx,.docx,348,C:/Healthcare/Internal/Protocols/,2025-06-17T15:05:10,low
credentials_protocol_0187.docx,.docx,72,C:/Healthcare/Internal/Protocols/,2024-01-12T05:44:32,low
visit_0188_draft.xlsx,.xlsx,244,C:/Healthcare/Patients/,2025-02-18T13:11:13,medium
procedure_0189.xlsx,.xlsx,266,C:/Healthcare/Internal/Protocols/,2025-10-25T17:36:16,low
menu_info_0190.txt,.txt,54,C:/Healthcare/PublicInfo/Parking/,2024-01-18T22:53:58,low
summary_agenda_0191.docx,.docx,183,C:/Healthcare/Meetings/,2024-02-29T19:14:09,low
agenda_0192.pdf,.pdf,872,C:/Healthcare/Meetings/,2023-08-16T13:01:32,medium
minutes_0193.pdf,.pdf,1759,C:/Healthcare/Meetings/,2023-11-10T21:38:28,low
parking_0194.pdf,.pdf,1436,C:/Healthcare/PublicInfo/Notices/,2025-11-06T13:13:12,low
report_info_0195.pdf,.pdf,459,C:/Healthcare/PublicInfo/Notices/,2023-09-03T08:28:12,low
info_0196.txt,.txt,85,C:/Healthcare/PublicInfo/Menu/,2024-05-13T21:59:59,medium
minutes_0197.docx,.docx,296,C:/Healthcare/Meetings/,2023-02-27T22:34:45,medium
claim_0198.docx,.docx,423,C:/Healthcare/Insurance/,2024-03-25T16:06:39,medium
patient_0199.pdf,.pdf,450,C:/Healthcare/Patients/,2025-03-25T12:00:42,medium
appointment_info_0200.csv,.csv,227,C:/Healthcare/PublicInfo/Parking/,2023-10-17T06:00:16,high
diagnosis_0201.xlsx,.xlsx,193,C:/Healthcare/Patients/,2024-09-21T21:46:36,medium
lab_notice_0202.txt,.txt,69,C:/Healthcare/PublicInfo/Menu/,2024-11-24T23:30:26,medium
public_meeting_0203_draft.txt,.txt,35,C:/Healthcare/Meetings/,2024-12-23T23:10:58,high
meeting_0204.pdf,.pdf,384,C:/Healthcare/Meetings/,2024-07-24T23:01:47,low
guideline_0205.docx,.docx,89,C:/Healthcare/Internal/Protocols/,2025-05-03T04:56:47,low
menu_0206.csv,.csv,46,C:/Healthcare/PublicInfo/Parking/,2025-03-27T08:18:29,low
notice_0207_confidential.txt,.txt,143,C:/Healthcare/PublicInfo/Parking/,2025-03-19T07:44:19,medium
appointment_info_0208_confidential.pdf,.pdf,1715,C:/Healthcare/PublicInfo/Parking/,2025-05-26T00:07:58,low
record_0209.docx,.docx,702,C:/Healthcare/Patients/,2025-06-17T09:00:24,medium
specimen_0210.xls,.xls,592,C:/Healthcare/LabResults/,2024-09-27T03:39:51,high
invoice_0211.csv,.csv,174,C:/Healthcare/Insurance/,2024-08-09T10:05:02,low
menu_0212.pdf,.pdf,1299,C:/Healthcare/PublicInfo/Menu/,2025-04-01T12:40:44,low
report_claim_0213.csv,.csv,441,C:/Healthcare/Insurance/,2023-12-23T18:29:49,low
results_schedule_0214.csv,.csv,277,C:/Healthcare/StaffSchedules/,2023-01-25T07:19:03,low
report_shift_0215.xlsx,.xlsx,619,C:/Healthcare/StaffSchedules/,2023-12-31T00:48:05,high
notice_0216.pdf,.pdf,96,C:/Healthcare/PublicInfo/Notices/,2025-06-13T22:57:00,low
workorder_0217.pdf,.pdf,2713,C:/Healthcare/Maintenance/,2024-10-04T10:38:31,low
meeting_0218.pdf,.pdf,543,C:/Healthcare/Meetings/,2025-02-08T22:04:56,low
consent_0219.csv,.csv,107,C:/Healthcare/Patients/,2024-08-07T19:27:11,medium
maintenance_policy_0220.csv,.csv,356,C:/Healthcare/Insurance/,2024-10-09T00:32:19,low
parking_menu_0221.txt,.txt,74,C:/Healthcare/PublicInfo/Notices/,2023-05-24T15:18:27,low
summary_info_0222.csv,.csv,463,C:/Healthcare/PublicInfo/Notices/,2025-11-09T01:29:23,low
summary_parking_0223.pdf,.pdf,1036,C:/Healthcare/PublicInfo/Notices/,2025-01-13T23:27:51,low
shift_0224.csv,.csv,255,C:/Healthcare/StaffSchedules/,2025-04-08T23:55:07,low
schedule_workorder_0225_archived.xlsx,.xlsx,960,C:/Healthcare/Maintenance/,2023-03-13T00:23:43,medium
protocol_0226.xlsx,.xlsx,24,C:/Healthcare/Internal/Protocols/,2023-08-25T18:18:33,low
maintenance_roster_0227.xlsx,.xlsx,653,C:/Healthcare/StaffSchedules/,2025-09-23T20:06:11,low
parking_0228.txt,.txt,117,C:/Healthcare/PublicInfo/Parking/,2025-09-24T00:23:27,low
patient_0229.docx,.docx,921,C:/Healthcare/Patients/,2025-09-06T18:15:42,low
results_schedule_0230.xlsx,.xlsx,127,C:/Healthcare/StaffSchedules/,2025-10-21T03:54:06,low
schedule_notice_0231_draft.pdf,.pdf,1,C:/Healthcare/PublicInfo/Parking/,2024-10-30T20:55:57,medium
results_policy_0232.pdf,.pdf,654,C:/Healthcare/Insurance/,2024-08-02T12:22:15,low
lab_menu_0233.txt,.txt,9,C:/Healthcare/PublicInfo/Menu/,2023-05-26T05:57:05,medium
notice_0234.txt,.txt,16,C:/Healthcare/PublicInfo/Menu/,2024-05-29T14:39:49,low
procedure_0235.xlsx,.xlsx,769,C:/Healthcare/Internal/Protocols/,2025-05-30T11:14:40,medium
parking_0236.pdf,.pdf,3,C:/Healthcare/PublicInfo/Parking/,2024-05-03T12:50:21,low
consent_0237.csv,.csv,377,C:/Healthcare/Patients/,2024-08-27T12:48:35,medium
menu_0238.pdf,.pdf,342,C:/Healthcare/PublicInfo/Notices/,2024-06-21T06:34:36,low
report_record_0239.pdf,.pdf,1409,C:/Healthcare/Patients/,2025-09-12T01:49:01,low
menu_agenda_0240.txt,.txt,147,C:/Healthcare/Meetings/,2025-10-23T07:38:02,medium
menu_0241.pdf,.pdf,1947,C:/Healthcare/PublicInfo/Menu/,2025-09-11T17:32:16,high
notice_claim_0242_draft.csv,.csv,337,C:/Healthcare/Insurance/,2024-10-31T12:04:51,low
notice_notice_0243_confidential.txt,.txt,72,C:/Healthcare/PublicInfo/Parking/,2024-10-04T19:57:27,low
menu_0244.csv,.csv,261,C:/Healthcare/PublicInfo/Menu/,2024-04-12T18:59:14,medium
payroll_agenda_0245.docx,.docx,609,C:/Healthcare/Meetings/,2025-08-28T22:56:41,high
menu_0246.txt,.txt,103,C:/Healthcare/PublicInfo/Parking/,2024-05-26T22:12:20,medium
menu_0247.pdf,.pdf,336,C:/Healthcare/PublicInfo/Parking/,2023-10-03T22:47:50,low
public_info_0248.csv,.csv,220,C:/Healthcare/PublicInfo/Menu/,2024-07-21T00:45:56,low
appointment_results_0249.pdf,.pdf,507,C:/Healthcare/LabResults/,2024-11-12T02:47:07,low
payroll_meeting_0250.txt,.txt,38,C:/Healthcare/Meetings/,2023-04-25T21:37:12,low
schedule_info_0251.csv,.csv,123,C:/Healthcare/PublicInfo/Parking/,2025-09-18T09:05:18,low
lab_test_0252.xls,.xls,71,C:/Healthcare/LabResults/,2024-05-30T02:49:15,low
results_menu_0253.pdf,.pdf,169,C:/Healthcare/PublicInfo/Menu/,2024-06-19T21:18:58,low
notice_patient_0254.docx,.docx,167,C:/Healthcare/Patients/,2025-03-20T12:34:08,medium
lab_info_0255.pdf,.pdf,2105,C:/Healthcare/PublicInfo/Parking/,2025-10-03T14:04:10,low
lab_results_0256.csv,.csv,571,C:/Healthcare/LabResults/,2024-09-21T05:15:46,medium
invoice_0257_confidential.pdf,.pdf,934,C:/Healthcare/Insurance/,2023-01-07T21:54:34,low
roster_0258.xlsx,.xlsx,729,C:/Healthcare/StaffSchedules/,2023-11-03T03:27:41,low
info_0259.pdf,.pdf,443,C:/Healthcare/PublicInfo/Parking/,2025-06-30T21:07:19,low
specimen_0260.xlsx,.xlsx,64,C:/Healthcare/LabResults/,2025-07-05T19:04:17,low
menu_test_0261_draft.csv,.csv,185,C:/Healthcare/LabResults/,2024-08-19T01:44:39,medium
menu_0262.pdf,.pdf,941,C:/Healthcare/PublicInfo/Menu/,2024-12-01T14:32:05,medium
notice_guideline_0263.docx,.docx,464,C:/Healthcare/Internal/Protocols/,2025-11-29T15:20:31,low
info_0264.txt,.txt,48,C:/Healthcare/PublicInfo/Parking/,2024-03-29T17:54:04,low
menu_consent_0265.pdf,.pdf,311,C:/Healthcare/Patients/,2024-02-21T03:37:20,low
maintenance_notice_0266.csv,.csv,66,C:/Healthcare/PublicInfo/Notices/,2025-10-12T10:38:50,medium
shift_0267.xlsx,.xlsx,1973,C:/Healthcare/StaffSchedules/,2023-07-02T08:28:05,low
schedule_0268.xlsx,.xlsx,302,C:/Healthcare/StaffSchedules/,2023-08-05T07:03:20,low
schedule_0269.pdf,.pdf,26,C:/Healthcare/StaffSchedules/,2025-12-29T17:01:36,medium
test_meeting_0270.pdf,.pdf,2638,C:/Healthcare/Meetings/,2023-04-03T02:20:16,medium
test_minutes_0271.txt,.txt,72,C:/Healthcare/Meetings/,2024-02-22T10:30:05,low
patient_info_0272.txt,.txt,81,C:/Healthcare/PublicInfo/Menu/,2024-12-07T08:16:56,low
insurance_claim_notice_0273.pdf,.pdf,522,C:/Healthcare/PublicInfo/Parking/,2025-04-10T04:47:17,low
menu_info_0274.pdf,.pdf,178,C:/Healthcare/PublicInfo/Menu/,2025-01-23T22:42:30,low
maintenance_0275_archived.txt,.txt,47,C:/Healthcare/Maintenance/,2024-10-26T13:30:50,high
schedule_0276.pdf,.pdf,714,C:/Healthcare/StaffSchedules/,2024-07-13T22:00:18,low
meeting_0277.pdf,.pdf,498,C:/Healthcare/Meetings/,2023-12-30T17:30:54,high
notice_0278.txt,.txt,64,C:/Healthcare/PublicInfo/Menu/,2025-03-17T22:17:07,medium
notice_0279.pdf,.pdf,906,C:/Healthcare/PublicInfo/Parking/,2024-08-18T01:52:55,low
summary_test_0280.csv,.csv,240,C:/Healthcare/LabResults/,2025-11-17T21:30:00,low
reimbursement_0281.pdf,.pdf,516,C:/Healthcare/Insurance/,2023-08-24T03:38:11,medium
menu_notice_0282.txt,.txt,94,C:/Healthcare/PublicInfo/Menu/,2023-08-06T05:14:50,medium
appointment_schedule_0283.xlsx,.xlsx,1075,C:/Healthcare/StaffSchedules/,2025-10-19T19:07:52,low
minutes_0284.pdf,.pdf,957,C:/Healthcare/Meetings/,2024-01-07T19:16:55,medium
notice_0285.txt,.txt,75,C:/Healthcare/PublicInfo/Parking/,2023-07-25T00:40:42,low
parking_0286.csv,.csv,444,C:/Healthcare/PublicInfo/Menu/,2023-04-24T09:19:59,medium
patient_0287.xlsx,.xlsx,462,C:/Healthcare/Patients/,2024-10-07T08:25:38,medium
appointment_menu_0288.txt,.txt,48,C:/Healthcare/PublicInfo/Menu/,2024-05-22T14:08:02,low
notice_0289.txt,.txt,52,C:/Healthcare/PublicInfo/Menu/,2023-03-31T22:53:24,low
schedule_schedule_0290.xlsx,.xlsx,540,C:/Healthcare/StaffSchedules/,2023-08-02T03:37:35,low
diagnosis_0291.pdf,.pdf,708,C:/Healthcare/Patients/,2024-02-22T12:15:58,low
payroll_test_0292.csv,.csv,73,C:/Healthcare/LabResults/,2025-03-04T11:19:43,low
maintenance_0293.xlsx,.xlsx,1630,C:/Healthcare/Maintenance/,2023-06-29T03:56:54,medium
confidential_roster_0294_draft.pdf,.pdf,2674,C:/Healthcare/StaffSchedules/,2025-05-08T20:17:35,high
lab_parking_0295.pdf,.pdf,1136,C:/Healthcare/PublicInfo/Menu/,2023-10-06T14:26:31,medium
shift_0296_archived.pdf,.pdf,698,C:/Healthcare/StaffSchedules/,2023-05-15T04:41:08,low
parking_parking_0297.txt,.txt,129,C:/Healthcare/PublicInfo/Notices/,2025-04-29T01:12:19,low
roster_0298.xlsx,.xlsx,739,C:/Healthcare/StaffSchedules/,2024-06-04T10:21:10,medium
record_0299_confidential.xlsx,.xlsx,827,C:/Healthcare/Patients/,2023-08-10T04:04:05,medium
meeting_0300.pdf,.pdf,149,C:/Healthcare/Meetings/,2025-06-21T04:41:54,low
analysis_0301_confidential.xlsx,.xlsx,1183,C:/Healthcare/LabResults/,2024-03-29T02:28:13,high
agenda_0302.txt,.txt,66,C:/Healthcare/Meetings/,2024-12-04T08:02:10,low
minutes_0303.pdf,.pdf,991,C:/Healthcare/Meetings/,2024-12-24T23:47:38,low
maintenance_maintenance_0304.pdf,.pdf,2063,C:/Healthcare/Maintenance/,2024-04-17T13:57:23,low
guideline_0305.docx,.docx,617,C:/Healthcare/Internal/Protocols/,2023-03-18T01:00:40,low
minutes_0306.pdf,.pdf,215,C:/Healthcare/Meetings/,2023-05-28T03:36:51,low
notice_0307_v2.pdf,.pdf,1105,C:/Healthcare/PublicInfo/Parking/,2025-09-06T03:11:44,high
test_lab_0308_final.csv,.csv,274,C:/Healthcare/LabResults/,2024-05-30T01:04:33,low
menu_specimen_0309.xls,.xls,69,C:/Healthcare/LabResults/,2024-07-03T19:57:39,low
invoice_roster_0310_confidential.pdf,.pdf,905,C:/Healthcare/StaffSchedules/,2025-01-14T03:34:03,low
schedule_visit_0311.pdf,.pdf,1918,C:/Healthcare/Patients/,2023-01-31T08:07:49,medium
announcement_info_0312.csv,.csv,254,C:/Healthcare/PublicInfo/Menu/,2025-07-16T14:06:40,low
shift_0313_archived.xlsx,.xlsx,471,C:/Healthcare/StaffSchedules/,2023-09-05T23:14:39,low
lab_0314.xls,.xls,1248,C:/Healthcare/LabResults/,2023-09-27T20:27:14,low
public_coverage_0315.pdf,.pdf,1532,C:/Healthcare/Insurance/,2025-05-24T18:13:15,low
shift_0316.pdf,.pdf,1104,C:/Healthcare/StaffSchedules/,2025-07-23T15:36:52,medium
parking_schedule_0317.xlsx,.xlsx,1546,C:/Healthcare/StaffSchedules/,2024-05-17T16:15:55,low
visit_0318.pdf,.pdf,1483,C:/Healthcare/Patients/,2024-08-03T08:28:25,low
parking_menu_0319.txt,.txt,101,C:/Healthcare/PublicInfo/Menu/,2025-05-23T00:01:57,low
appointment_protocol_0320.xlsx,.xlsx,301,C:/Healthcare/Internal/Protocols/,2025-12-26T12:46:18,medium
procedure_0321_confidential.pdf,.pdf,881,C:/Healthcare/Internal/Protocols/,2025-09-20T15:45:36,medium
procedure_0322_draft.docx,.docx,49,C:/Healthcare/Internal/Protocols/,2025-11-06T20:19:35,medium
results_log_0323_draft.pdf,.pdf,518,C:/Healthcare/Maintenance/,2024-10-13T21:48:22,low
schedule_coverage_0324.csv,.csv,358,C:/Healthcare/Insurance/,2025-12-03T11:11:48,low
shift_0325_draft.xlsx,.xlsx,205,C:/Healthcare/StaffSchedules/,2023-04-27T12:17:34,high
parking_0326.csv,.csv,422,C:/Healthcare/PublicInfo/Notices/,2025-10-12T09:17:08,low
claim_0327.docx,.docx,338,C:/Healthcare/Insurance/,2025-04-19T01:20:08,medium
notice_minutes_0328.docx,.docx,114,C:/Healthcare/Meetings/,2023-05-17T03:01:19,low
agenda_0329.txt,.txt,50,C:/Healthcare/Meetings/,2025-09-18T09:28:20,high
notice_agenda_0330.txt,.txt,64,C:/Healthcare/Meetings/,2023-10-15T04:52:17,low
schedule_maintenance_0331.txt,.txt,72,C:/Healthcare/Maintenance/,2025-05-26T12:38:15,medium
patient_0332_draft.pdf,.pdf,465,C:/Healthcare/Patients/,2023-12-20T10:17:25,low
announcement_info_0333.pdf,.pdf,169,C:/Healthcare/PublicInfo/Notices/,2024-04-09T06:00:51,low
lab_0334.xlsx,.xlsx,760,C:/Healthcare/LabResults/,2025-08-21T13:27:28,low
policy_0335.pdf,.pdf,1109,C:/Healthcare/Insurance/,2023-03-08T07:04:22,high
menu_0336.pdf,.pdf,900,C:/Healthcare/PublicInfo/Menu/,2023-04-15T02:23:12,low
test_0337.xlsx,.xlsx,405,C:/Healthcare/LabResults/,2024-10-13T19:35:31,high
specimen_0338.xlsx,.xlsx,298,C:/Healthcare/LabResults/,2024-03-20T10:18:52,low
parking_0339.csv,.csv,204,C:/Healthcare/PublicInfo/Notices/,2024-03-03T20:11:00,low
info_0340_draft.pdf,.pdf,1568,C:/Healthcare/PublicInfo/Menu/,2024-02-22T05:33:01,low
workorder_0341.xlsx,.xlsx,1071,C:/Healthcare/Maintenance/,2023-12-21T02:52:06,low
coverage_0342.pdf,.pdf,426,C:/Healthcare/Insurance/,2023-11-25T09:12:32,medium
parking_0343.csv,.csv,383,C:/Healthcare/PublicInfo/Menu/,2025-02-26T06:41:50,low
notice_0344.pdf,.pdf,789,C:/Healthcare/PublicInfo/Menu/,2023-02-21T08:58:40,low
menu_parking_0345.pdf,.pdf,1562,C:/Healthcare/PublicInfo/Parking/,2024-01-11T20:06:21,low
maintenance_workorder_0346.pdf,.pdf,1817,C:/Healthcare/Maintenance/,2025-12-06T02:12:34,medium
menu_specimen_0347.xls,.xls,826,C:/Healthcare/LabResults/,2025-10-09T04:56:11,medium
notice_0348.txt,.txt,44,C:/Healthcare/PublicInfo/Menu/,2024-01-28T01:47:51,medium
public_procedure_0349.xlsx,.xlsx,499,C:/Healthcare/Internal/Protocols/,2024-04-14T08:47:07,medium
notice_notice_0350.csv,.csv,257,C:/Healthcare/PublicInfo/Notices/,2025-08-04T03:02:01,low
report_agenda_0351.pdf,.pdf,1445,C:/Healthcare/Meetings/,2025-10-09T00:25:49,low
menu_minutes_0352.pdf,.pdf,1703,C:/Healthcare/Meetings/,2023-02-09T13:02:28,low
invoice_info_0353.csv,.csv,15,C:/Healthcare/PublicInfo/Parking/,2023-12-12T10:18:02,medium
public_parking_0354.txt,.txt,117,C:/Healthcare/PublicInfo/Notices/,2023-10-09T09:14:03,low
summary_meeting_0355.pdf,.pdf,422,C:/Healthcare/Meetings/,2023-05-19T17:20:19,medium
shift_0356.xlsx,.xlsx,33,C:/Healthcare/StaffSchedules/,2024-12-21T10:14:57,low
specimen_0357.xlsx,.xlsx,155,C:/Healthcare/LabResults/,2023-07-06T03:03:42,low
maintenance_menu_0358.txt,.txt,157,C:/Healthcare/PublicInfo/Menu/,2023-08-11T11:47:00,low
workorder_0359.txt,.txt,12,C:/Healthcare/Maintenance/,2023-01-08T07:43:55,medium
menu_0360.pdf,.pdf,987,C:/Healthcare/PublicInfo/Parking/,2023-07-21T00:36:13,medium
schedule_guideline_0361.pdf,.pdf,700,C:/Healthcare/Internal/Protocols/,2024-05-15T12:58:34,medium
menu_0362.pdf,.pdf,571,C:/Healthcare/PublicInfo/Notices/,2025-02-20T21:44:38,low
confidential_guideline_0363.docx,.docx,30,C:/Healthcare/Internal/Protocols/,2025-12-02T21:01:11,medium
coverage_0364.pdf,.pdf,2387,C:/Healthcare/Insurance/,2023-01-30T17:01:18,high
roster_0365.xlsx,.xlsx,1000,C:/Healthcare/StaffSchedules/,2025-10-07T13:54:11,low
diagnosis_0366.docx,.docx,483,C:/Healthcare/Patients/,2023-01-31T16:01:35,low
schedule_patient_0367.xlsx,.xlsx,344,C:/Healthcare/Patients/,2024-04-12T18:26:06,high
parking_0368.txt,.txt,94,C:/Healthcare/PublicInfo/Menu/,2025-08-17T13:26:56,low
analysis_0369.xls,.xls,423,C:/Healthcare/LabResults/,2023-11-10T06:55:17,high
notice_log_0370.pdf,.pdf,1600,C:/Healthcare/Maintenance/,2025-11-09T08:17:53,low
analysis_0371.pdf,.pdf,918,C:/Healthcare/LabResults/,2023-06-07T08:22:57,high
parking_agenda_0372.docx,.docx,381,C:/Healthcare/Meetings/,2025-11-17T07:41:06,medium
test_maintenance_0373_v2.pdf,.pdf,929,C:/Healthcare/Maintenance/,2025-08-23T22:38:47,medium
test_agenda_0374.txt,.txt,65,C:/Healthcare/Meetings/,2024-08-22T04:30:56,low
menu_0375_final.csv,.csv,296,C:/Healthcare/PublicInfo/Parking/,2025-07-06T16:46:03,low
menu_0376.csv,.csv,58,C:/Healthcare/PublicInfo/Parking/,2023-07-22T23:11:01,low
invoice_info_0377_draft.csv,.csv,559,C:/Healthcare/PublicInfo/Parking/,2025-06-14T19:01:59,high
guideline_0378.docx,.docx,97,C:/Healthcare/Internal/Protocols/,2024-01-22T03:37:19,low
info_0379.pdf,.pdf,1347,C:/Healthcare/PublicInfo/Parking/,2023-01-19T02:09:07,low
schedule_policy_0380_archived.docx,.docx,356,C:/Healthcare/Insurance/,2025-05-05T03:57:44,medium
invoice_info_0381.txt,.txt,84,C:/Healthcare/PublicInfo/Menu/,2025-10-11T23:30:40,low
announcement_diagnosis_0382_final.pdf,.pdf,2221,C:/Healthcare/Patients/,2025-05-23T13:16:40,low
parking_shift_0383.csv,.csv,75,C:/Healthcare/StaffSchedules/,2025-07-20T23:48:00,low
schedule_notice_0384_v2.csv,.csv,489,C:/Healthcare/PublicInfo/Parking/,2025-04-30T19:23:05,low
results_info_0385.txt,.txt,20,C:/Healthcare/PublicInfo/Notices/,2024-01-31T00:35:33,low
test_guideline_0386.docx,.docx,100,C:/Healthcare/Internal/Protocols/,2023-03-14T05:39:32,medium
guideline_0387.docx,.docx,630,C:/Healthcare/Internal/Protocols/,2025-04-03T21:24:57,low
announcement_consent_0388.docx,.docx,255,C:/Healthcare/Patients/,2023-07-19T10:25:11,low
test_0389.xlsx,.xlsx,2408,C:/Healthcare/LabResults/,2024-01-21T15:00:46,medium
parking_agenda_0390.docx,.docx,553,C:/Healthcare/Meetings/,2025-12-25T17:36:12,low
menu_0391.csv,.csv,226,C:/Healthcare/PublicInfo/Notices/,2025-11-10T11:54:32,low
policy_0392.csv,.csv,219,C:/Healthcare/Insurance/,2024-07-01T04:22:37,low
info_0393.txt,.txt,110,C:/Healthcare/PublicInfo/Notices/,2023-01-20T20:07:09,low
notice_notice_0394.pdf,.pdf,2465,C:/Healthcare/PublicInfo/Notices/,2023-04-07T08:45:04,medium
parking_agenda_0395_confidential.pdf,.pdf,1145,C:/Healthcare/Meetings/,2025-12-17T09:33:05,low
payroll_agenda_0396.docx,.docx,267,C:/Healthcare/Meetings/,2024-01-26T10:40:35,low
shift_0397.csv,.csv,228,C:/Healthcare/StaffSchedules/,2025-07-03T00:35:43,low
lab_menu_0398.csv,.csv,40,C:/Healthcare/PublicInfo/Notices/,2025-03-09T05:35:57,low
announcement_test_0399.xlsx,.xlsx,1085,C:/Healthcare/LabResults/,2023-08-29T11:34:29,medium
notice_diagnosis_0400.pdf,.pdf,1656,C:/Healthcare/Patients/,2024-05-08T18:38:33,low
report_menu_0401.pdf,.pdf,697,C:/Healthcare/PublicInfo/Notices/,2024-05-30T13:30:51,medium
log_0402.xlsx,.xlsx,1074,C:/Healthcare/Maintenance/,2025-11-05T03:50:01,low
log_0403.pdf,.pdf,911,C:/Healthcare/Maintenance/,2024-08-15T10:36:04,medium
parking_lab_0404.xlsx,.xlsx,1144,C:/Healthcare/LabResults/,2023-03-10T02:54:30,medium
appointment_minutes_0405.txt,.txt,103,C:/Healthcare/Meetings/,2025-04-08T07:21:14,medium
lab_visit_0406.xlsx,.xlsx,578,C:/Healthcare/Patients/,2024-11-07T02:50:23,high
invoice_test_0407_final.csv,.csv,4,C:/Healthcare/LabResults/,2023-12-20T15:14:39,low
schedule_agenda_0408.docx,.docx,962,C:/Healthcare/Meetings/,2023-04-09T05:40:05,medium
guideline_0409.docx,.docx,518,C:/Healthcare/Internal/Protocols/,2023-05-15T09:08:54,high
schedule_meeting_0410_v2.txt,.txt,105,C:/Healthcare/Meetings/,2024-04-03T05:35:39,medium
coverage_0411.pdf,.pdf,1024,C:/Healthcare/Insurance/,2023-03-06T21:24:56,high
announcement_patient_0412.xlsx,.xlsx,306,C:/Healthcare/Patients/,2025-09-30T10:04:18,low
appointment_parking_0413.pdf,.pdf,1519,C:/Healthcare/PublicInfo/Notices/,2025-05-02T14:39:09,low
consent_notice_0414.txt,.txt,58,C:/Healthcare/PublicInfo/Parking/,2024-07-08T19:04:59,low
summary_reimbursement_0415_v2.docx,.docx,168,C:/Healthcare/Insurance/,2025-06-26T11:26:01,medium
parking_invoice_0416.docx,.docx,200,C:/Healthcare/Insurance/,2024-03-05T19:22:18,low
workorder_0417.xlsx,.xlsx,386,C:/Healthcare/Maintenance/,2023-10-01T01:11:11,medium
maintenance_protocol_0418.docx,.docx,3,C:/Healthcare/Internal/Protocols/,2023-01-29T22:35:15,low
info_0419.txt,.txt,9,C:/Healthcare/PublicInfo/Notices/,2025-04-18T08:37:16,medium
invoice_menu_0420.txt,.txt,28,C:/Healthcare/PublicInfo/Parking/,2024-12-22T21:18:51,low
announcement_notice_0421.txt,.txt,36,C:/Healthcare/PublicInfo/Notices/,2023-09-05T08:14:31,low
policy_0422.docx,.docx,199,C:/Healthcare/Insurance/,2025-01-27T12:37:01,medium
schedule_0423.xlsx,.xlsx,1036,C:/Healthcare/StaffSchedules/,2023-03-14T03:18:50,medium
public_diagnosis_0424.csv,.csv,258,C:/Healthcare/Patients/,2024-08-08T02:53:11,low
notice_0425.pdf,.pdf,232,C:/Healthcare/PublicInfo/Menu/,2024-07-02T04:59:28,low
announcement_maintenance_0426.pdf,.pdf,222,C:/Healthcare/Maintenance/,2023-11-25T13:55:45,medium
public_claim_0427.pdf,.pdf,1528,C:/Healthcare/Insurance/,2025-01-14T03:12:12,medium
shift_0428_final.csv,.csv,525,C:/Healthcare/StaffSchedules/,2025-03-07T08:42:34,medium
results_record_0429.csv,.csv,251,C:/Healthcare/Patients/,2025-10-24T23:38:38,medium
appointment_agenda_0430.txt,.txt,30,C:/Healthcare/Meetings/,2025-06-24T02:37:20,low
menu_coverage_0431.docx,.docx,309,C:/Healthcare/Insurance/,2023-01-26T17:29:58,low
schedule_0432.csv,.csv,560,C:/Healthcare/StaffSchedules/,2025-08-12T23:28:22,medium
procedure_0433.docx,.docx,6,C:/Healthcare/Internal/Protocols/,2025-04-17T18:02:19,high
consent_0434.csv,.csv,610,C:/Healthcare/Patients/,2023-12-23T11:52:03,medium
announcement_notice_0435.csv,.csv,321,C:/Healthcare/PublicInfo/Parking/,2025-07-18T09:57:19,low
lab_notice_0436.txt,.txt,60,C:/Healthcare/PublicInfo/Notices/,2024-07-16T18:23:48,high
test_0437.xls,.xls,39,C:/Healthcare/LabResults/,2025-11-23T06:49:11,low
maintenance_info_0438.csv,.csv,160,C:/Healthcare/PublicInfo/Menu/,2025-12-31T22:44:43,low
notice_0439.csv,.csv,229,C:/Healthcare/PublicInfo/Menu/,2023-11-30T03:34:44,low
notice_0440.txt,.txt,26,C:/Healthcare/PublicInfo/Notices/,2023-08-14T18:14:12,low
notice_parking_0441.csv,.csv,275,C:/Healthcare/PublicInfo/Parking/,2025-08-11T18:17:46,medium
notice_0442.pdf,.pdf,141,C:/Healthcare/PublicInfo/Notices/,2023-11-10T08:11:27,low
audit_menu_0443.pdf,.pdf,473,C:/Healthcare/PublicInfo/Notices/,2023-05-15T21:44:04,medium
schedule_agenda_0444.txt,.txt,17,C:/Healthcare/Meetings/,2025-05-18T13:16:32,low
guideline_0445.docx,.docx,139,C:/Healthcare/Internal/Protocols/,2023-01-08T05:25:07,low
announcement_minutes_0446.pdf,.pdf,991,C:/Healthcare/Meetings/,2025-04-15T14:29:30,medium
schedule_procedure_0447.docx,.docx,384,C:/Healthcare/Internal/Protocols/,2025-06-30T14:28:41,medium
invoice_visit_0448.docx,.docx,133,C:/Healthcare/Patients/,2023-01-16T02:30:24,medium
lab_meeting_0449.pdf,.pdf,378,C:/Healthcare/Meetings/,2025-06-10T05:33:24,low
minutes_0450.pdf,.pdf,909,C:/Healthcare/Meetings/,2023-11-18T05:15:58,medium
appointment_shift_0451.xlsx,.xlsx,718,C:/Healthcare/StaffSchedules/,2025-08-11T13:07:42,low
notice_consent_0452.xlsx,.xlsx,334,C:/Healthcare/Patients/,2024-03-02T18:47:23,low
parking_0453.pdf,.pdf,1,C:/Healthcare/PublicInfo/Parking/,2024-10-19T09:08:23,low
prescription_info_0454.csv,.csv,487,C:/Healthcare/PublicInfo/Parking/,2024-05-05T08:19:55,low
appointment_patient_0455.pdf,.pdf,1459,C:/Healthcare/Patients/,2025-01-02T05:01:43,medium
invoice_protocol_0456.docx,.docx,299,C:/Healthcare/Internal/Protocols/,2025-06-06T15:41:54,medium
claim_0457.csv,.csv,305,C:/Healthcare/Insurance/,2023-11-01T13:45:59,low
invoice_0458.csv,.csv,130,C:/Healthcare/Insurance/,2025-09-06T16:24:36,high
schedule_parking_0459.txt,.txt,26,C:/Healthcare/PublicInfo/Notices/,2025-12-08T17:18:56,medium
invoice_0460.pdf,.pdf,862,C:/Healthcare/Insurance/,2024-07-13T17:12:10,high
parking_0461_final.txt,.txt,36,C:/Healthcare/PublicInfo/Notices/,2025-04-16T10:25:59,low
parking_reimbursement_0462.csv,.csv,103,C:/Healthcare/Insurance/,2025-09-08T07:56:14,low
coverage_0463.csv,.csv,294,C:/Healthcare/Insurance/,2023-05-03T21:30:23,low
public_coverage_0464.pdf,.pdf,2107,C:/Healthcare/Insurance/,2024-07-18T03:45:59,low
menu_protocol_0465.pdf,.pdf,216,C:/Healthcare/Internal/Protocols/,2023-05-05T09:01:47,medium
report_shift_0466.xlsx,.xlsx,2026,C:/Healthcare/StaffSchedules/,2024-02-12T16:55:46,medium
guideline_0467.docx,.docx,247,C:/Healthcare/Internal/Protocols/,2023-07-23T22:21:55,medium
consent_parking_0468.csv,.csv,624,C:/Healthcare/PublicInfo/Notices/,2024-02-28T04:20:45,low
menu_0469.txt,.txt,120,C:/Healthcare/PublicInfo/Notices/,2024-11-06T17:07:54,low
parking_info_0470.txt,.txt,75,C:/Healthcare/PublicInfo/Notices/,2023-01-17T09:32:58,medium
visit_0471.docx,.docx,597,C:/Healthcare/Patients/,2025-01-11T02:20:58,high
parking_meeting_0472.pdf,.pdf,826,C:/Healthcare/Meetings/,2024-09-05T05:25:27,medium
shift_0473.xlsx,.xlsx,1362,C:/Healthcare/StaffSchedules/,2025-03-13T12:37:08,medium
guideline_0474.xlsx,.xlsx,1040,C:/Healthcare/Internal/Protocols/,2023-04-17T08:31:16,low
invoice_reimbursement_0475.pdf,.pdf,1348,C:/Healthcare/Insurance/,2025-04-11T01:09:19,medium
summary_visit_0476.pdf,.pdf,1335,C:/Healthcare/Patients/,2024-06-15T03:26:06,medium
parking_0477.pdf,.pdf,1250,C:/Healthcare/PublicInfo/Menu/,2023-08-15T22:32:56,low
announcement_consent_0478.pdf,.pdf,2295,C:/Healthcare/Patients/,2024-01-22T17:59:22,medium
public_notice_0479.csv,.csv,317,C:/Healthcare/PublicInfo/Menu/,2024-08-27T11:33:19,medium
lab_minutes_0480.txt,.txt,118,C:/Healthcare/Meetings/,2025-09-18T21:45:05,medium
meeting_0481.pdf,.pdf,294,C:/Healthcare/Meetings/,2023-09-17T23:38:46,high
menu_minutes_0482.docx,.docx,257,C:/Healthcare/Meetings/,2023-05-20T00:03:09,low
shift_0483.xlsx,.xlsx,1597,C:/Healthcare/StaffSchedules/,2025-12-25T11:24:29,low
results_parking_0484.csv,.csv,292,C:/Healthcare/PublicInfo/Notices/,2023-10-27T18:16:04,medium
menu_record_0485.xlsx,.xlsx,399,C:/Healthcare/Patients/,2023-10-22T19:21:21,medium
public_guideline_0486.docx,.docx,230,C:/Healthcare/Internal/Protocols/,2023-08-29T19:46:07,low
summary_info_0487_confidential.pdf,.pdf,2609,C:/Healthcare/PublicInfo/Parking/,2025-08-21T10:37:54,medium
passwords_shift_0488.xlsx,.xlsx,980,C:/Healthcare/StaffSchedules/,2024-09-28T14:37:12,low
notice_maintenance_0489.xlsx,.xlsx,934,C:/Healthcare/Maintenance/,2023-06-03T09:48:02,low
consent_0490.xlsx,.xlsx,634,C:/Healthcare/Patients/,2025-07-30T07:35:18,low
analysis_0491.xls,.xls,367,C:/Healthcare/LabResults/,2024-07-14T16:17:54,low
parking_0492.csv,.csv,67,C:/Healthcare/PublicInfo/Notices/,2023-04-20T08:15:34,medium
appointment_minutes_0493_v2.pdf,.pdf,126,C:/Healthcare/Meetings/,2025-08-29T09:48:27,medium
claim_0494.docx,.docx,107,C:/Healthcare/Insurance/,2024-10-25T10:30:34,low
invoice_specimen_0495.xls,.xls,1,C:/Healthcare/LabResults/,2024-05-04T13:49:47,low
parking_info_0496.csv,.csv,38,C:/Healthcare/PublicInfo/Notices/,2023-11-29T07:49:08,low
parking_0497.csv,.csv,258,C:/Healthcare/PublicInfo/Menu/,2023-02-23T20:19:35,low
parking_minutes_0498.docx,.docx,913,C:/Healthcare/Meetings/,2025-12-07T10:35:41,low
announcement_meeting_0499.txt,.txt,29,C:/Healthcare/Meetings/,2024-01-24T03:20:26,low
announcement_shift_0500.xlsx,.xlsx,2666,C:/Healthcare/StaffSchedules/,2025-01-28T12:15:48,high
lab_guideline_0501_confidential.xlsx,.xlsx,1412,C:/Healthcare/Internal/Protocols/,2024-11-05T16:02:29,low
test_menu_0502.csv,.csv,145,C:/Healthcare/PublicInfo/Menu/,2023-03-26T02:02:10,low
announcement_minutes_0503.docx,.docx,26,C:/Healthcare/Meetings/,2024-11-23T05:46:38,medium
invoice_guideline_0504.pdf,.pdf,1695,C:/Healthcare/Internal/Protocols/,2025-05-01T12:36:10,medium
schedule_menu_0505.pdf,.pdf,939,C:/Healthcare/PublicInfo/Menu/,2025-05-21T17:50:41,medium
menu_protocol_0506.xlsx,.xlsx,1077,C:/Healthcare/Internal/Protocols/,2024-10-04T11:27:23,low
summary_notice_0507.pdf,.pdf,634,C:/Healthcare/PublicInfo/Menu/,2025-08-26T01:54:53,medium
policy_0508.docx,.docx,168,C:/Healthcare/Insurance/,2023-06-24T13:31:19,high
visit_0509.pdf,.pdf,962,C:/Healthcare/Patients/,2023-06-22T20:44:39,low
diagnosis_meeting_0510.docx,.docx,443,C:/Healthcare/Meetings/,2023-08-08T13:48:49,medium
diagnosis_0511_v2.docx,.docx,940,C:/Healthcare/Patients/,2024-02-26T10:06:20,high
patient_0512.docx,.docx,978,C:/Healthcare/Patients/,2023-06-17T14:29:03,high
consent_0513.pdf,.pdf,268,C:/Healthcare/Patients/,2024-05-05T01:03:03,medium
menu_menu_0514.csv,.csv,261,C:/Healthcare/PublicInfo/Parking/,2025-04-02T10:02:07,low
menu_minutes_0515.pdf,.pdf,778,C:/Healthcare/Meetings/,2025-02-17T16:00:32,low
agenda_0516.txt,.txt,9,C:/Healthcare/Meetings/,2025-05-12T01:38:18,low
schedule_meeting_0517.pdf,.pdf,1,C:/Healthcare/Meetings/,2025-12-02T11:26:39,low
shift_0518.csv,.csv,143,C:/Healthcare/StaffSchedules/,2023-11-18T04:28:11,low
policy_0519.docx,.docx,254,C:/Healthcare/Insurance/,2023-07-30T02:34:42,medium
menu_0520.csv,.csv,309,C:/Healthcare/PublicInfo/Menu/,2025-04-07T22:14:47,low
results_0521.xls,.xls,1015,C:/Healthcare/LabResults/,2024-09-30T20:34:37,low
meeting_0522.docx,.docx,413,C:/Healthcare/Meetings/,2023-10-14T23:50:55,medium
record_0523.xlsx,.xlsx,180,C:/Healthcare/Patients/,2023-02-10T12:30:01,low
maintenance_0524.xlsx,.xlsx,390,C:/Healthcare/Maintenance/,2024-08-24T21:33:59,low
notice_0525.txt,.txt,92,C:/Healthcare/PublicInfo/Parking/,2023-11-12T02:11:01,low
shift_0526.xlsx,.xlsx,1499,C:/Healthcare/StaffSchedules/,2024-01-19T08:46:06,low
insurance_claim_info_0527.txt,.txt,139,C:/Healthcare/PublicInfo/Menu/,2025-07-11T10:41:05,low
notice_0528.txt,.txt,9,C:/Healthcare/PublicInfo/Notices/,2025-04-15T13:12:54,low
payroll_notice_0529.csv,.csv,145,C:/Healthcare/PublicInfo/Menu/,2023-09-16T15:04:13,low
menu_0530.pdf,.pdf,65,C:/Healthcare/PublicInfo/Menu/,2023-10-07T06:21:47,low
protocol_0531.xlsx,.xlsx,1311,C:/Healthcare/Internal/Protocols/,2023-11-10T16:34:14,medium
public_menu_0532.pdf,.pdf,885,C:/Healthcare/PublicInfo/Parking/,2025-03-24T17:19:28,medium
menu_0533.csv,.csv,327,C:/Healthcare/PublicInfo/Menu/,2025-05-28T11:03:14,low
test_claim_0534.pdf,.pdf,841,C:/Healthcare/Insurance/,2023-07-02T14:43:47,low
medical_claim_0535.csv,.csv,484,C:/Healthcare/Insurance/,2024-01-05T12:44:52,medium
schedule_shift_0536_confidential.csv,.csv,262,C:/Healthcare/StaffSchedules/,2023-11-19T13:17:27,low
prescription_patient_0537.pdf,.pdf,1929,C:/Healthcare/Patients/,2023-05-17T05:47:35,medium
visit_0538.pdf,.pdf,250,C:/Healthcare/Patients/,2025-05-23T07:29:06,low
coverage_0539.csv,.csv,14,C:/Healthcare/Insurance/,2024-08-11T15:52:58,high
lab_0540.csv,.csv,599,C:/Healthcare/LabResults/,2025-03-29T17:57:00,high
notice_0541_confidential.txt,.txt,96,C:/Healthcare/PublicInfo/Menu/,2025-12-05T18:53:32,low
guideline_0542.xlsx,.xlsx,623,C:/Healthcare/Internal/Protocols/,2025-08-26T04:13:33,low
workorder_0543.txt,.txt,117,C:/Healthcare/Maintenance/,2023-12-28T12:29:29,low
confidential_agenda_0544.txt,.txt,70,C:/Healthcare/Meetings/,2024-10-05T04:34:21,low
visit_0545_v2.docx,.docx,351,C:/Healthcare/Patients/,2024-04-11T11:23:55,low
notice_0546.txt,.txt,121,C:/Healthcare/PublicInfo/Notices/,2023-09-30T19:55:37,low
public_shift_0547.xlsx,.xlsx,404,C:/Healthcare/StaffSchedules/,2025-04-14T03:36:03,low
log_0548_confidential.pdf,.pdf,935,C:/Healthcare/Maintenance/,2025-04-12T11:15:31,medium
record_0549_v2.pdf,.pdf,31,C:/Healthcare/Patients/,2025-08-31T06:01:02,medium
info_0550.csv,.csv,445,C:/Healthcare/PublicInfo/Notices/,2024-05-03T13:23:14,low
record_0551.pdf,.pdf,49,C:/Healthcare/Patients/,2023-02-28T02:11:16,high
notice_shift_0552.pdf,.pdf,1018,C:/Healthcare/StaffSchedules/,2024-04-27T03:00:40,medium
log_0553.xlsx,.xlsx,990,C:/Healthcare/Maintenance/,2025-03-22T10:25:42,high
specimen_0554.xls,.xls,180,C:/Healthcare/LabResults/,2025-10-20T16:42:53,medium
meeting_0555.pdf,.pdf,542,C:/Healthcare/Meetings/,2024-05-10T18:45:59,medium
results_parking_0556_confidential.txt,.txt,147,C:/Healthcare/PublicInfo/Parking/,2024-06-28T04:48:24,medium
lab_parking_0557.pdf,.pdf,1569,C:/Healthcare/PublicInfo/Notices/,2023-03-20T19:12:33,medium
claim_0558_final.pdf,.pdf,351,C:/Healthcare/Insurance/,2025-07-09T19:33:13,high
maintenance_menu_0559.txt,.txt,97,C:/Healthcare/PublicInfo/Parking/,2025-12-21T05:40:25,low
info_0560.pdf,.pdf,666,C:/Healthcare/PublicInfo/Parking/,2024-07-18T14:22:25,medium
parking_0561.pdf,.pdf,310,C:/Healthcare/PublicInfo/Menu/,2025-01-08T09:44:58,low
menu_test_0562.xlsx,.xlsx,926,C:/Healthcare/LabResults/,2023-06-16T04:33:06,high
medical_log_0563.pdf,.pdf,2072,C:/Healthcare/Maintenance/,2025-01-19T08:13:50,high
lab_info_0564.pdf,.pdf,1035,C:/Healthcare/PublicInfo/Menu/,2025-10-26T07:58:31,low
analysis_0565_confidential.csv,.csv,214,C:/Healthcare/LabResults/,2023-10-01T16:14:34,low
patient_meeting_0566.txt,.txt,120,C:/Healthcare/Meetings/,2025-09-28T22:56:13,medium
diagnosis_0567.pdf,.pdf,1111,C:/Healthcare/Patients/,2023-08-20T19:11:30,low
announcement_info_0568.txt,.txt,130,C:/Healthcare/PublicInfo/Parking/,2024-11-06T07:47:54,low
log_0569.txt,.txt,23,C:/Healthcare/Maintenance/,2024-04-01T23:59:57,low
notice_patient_0570.docx,.docx,746,C:/Healthcare/Patients/,2024-01-01T10:25:35,medium
parking_info_0571.txt,.txt,42,C:/Healthcare/PublicInfo/Menu/,2024-08-20T10:44:34,medium
test_log_0572.txt,.txt,31,C:/Healthcare/Maintenance/,2025-01-26T01:32:27,low
results_info_0573.csv,.csv,487,C:/Healthcare/PublicInfo/Menu/,2024-12-06T21:02:58,low
info_0574.txt,.txt,1,C:/Healthcare/PublicInfo/Notices/,2024-01-03T18:40:42,medium
parking_0575_final.pdf,.pdf,15,C:/Healthcare/PublicInfo/Notices/,2025-01-18T00:50:52,low
test_0576.xls,.xls,376,C:/Healthcare/LabResults/,2025-01-03T22:16:16,high
test_0577.csv,.csv,221,C:/Healthcare/LabResults/,2024-12-29T22:15:05,low
maintenance_guideline_0578.xlsx,.xlsx,644,C:/Healthcare/Internal/Protocols/,2025-05-25T16:29:35,low
menu_meeting_0579_draft.pdf,.pdf,546,C:/Healthcare/Meetings/,2025-02-24T09:59:21,low
results_specimen_0580.pdf,.pdf,1364,C:/Healthcare/LabResults/,2025-07-08T06:47:21,high
menu_coverage_0581.docx,.docx,612,C:/Healthcare/Insurance/,2023-05-12T02:42:52,high
invoice_0582.docx,.docx,350,C:/Healthcare/Insurance/,2025-09-17T10:30:23,medium
coverage_0583_draft.pdf,.pdf,1509,C:/Healthcare/Insurance/,2024-09-11T10:17:01,low
menu_0584.pdf,.pdf,924,C:/Healthcare/PublicInfo/Parking/,2024-11-06T08:04:14,low
consent_0585.pdf,.pdf,737,C:/Healthcare/Patients/,2025-04-05T08:03:06,low
public_workorder_0586.txt,.txt,146,C:/Healthcare/Maintenance/,2024-08-30T15:16:09,medium
menu_0587.csv,.csv,436,C:/Healthcare/PublicInfo/Parking/,2023-01-17T10:22:33,low
patient_diagnosis_0588_archived.csv,.csv,262,C:/Healthcare/Patients/,2025-08-20T04:48:08,low
results_0589.xls,.xls,475,C:/Healthcare/LabResults/,2025-07-28T08:19:12,medium
reimbursement_0590.docx,.docx,668,C:/Healthcare/Insurance/,2024-04-02T14:18:50,high
credentials_parking_0591.txt,.txt,69,C:/Healthcare/PublicInfo/Parking/,2024-03-06T18:01:35,low
notice_record_0592.docx,.docx,823,C:/Healthcare/Patients/,2025-08-06T01:42:12,medium
menu_info_0593.pdf,.pdf,761,C:/Healthcare/PublicInfo/Menu/,2023-04-24T06:38:10,low
invoice_lab_0594.csv,.csv,183,C:/Healthcare/LabResults/,2024-02-18T21:28:19,low
reimbursement_0595_archived.docx,.docx,168,C:/Healthcare/Insurance/,2023-04-19T21:30:20,medium
public_info_0596.pdf,.pdf,1311,C:/Healthcare/PublicInfo/Notices/,2023-03-27T17:48:23,low
test_0597_archived.xlsx,.xlsx,1073,C:/Healthcare/LabResults/,2025-05-11T08:20:38,low
record_0598.csv,.csv,363,C:/Healthcare/Patients/,2023-05-12T19:54:09,low
results_notice_0599.csv,.csv,122,C:/Healthcare/PublicInfo/Parking/,2024-04-23T01:02:19,low
info_0600.txt,.txt,102,C:/Healthcare/PublicInfo/Parking/,2023-03-29T01:51:41,high
patient_maintenance_0601.txt,.txt,146,C:/Healthcare/Maintenance/,2023-04-22T21:36:09,medium
notice_consent_0602.xlsx,.xlsx,1534,C:/Healthcare/Patients/,2025-09-09T19:19:43,medium
patient_0603.csv,.csv,284,C:/Healthcare/Patients/,2023-06-15T04:18:52,high
results_0604_v2.xlsx,.xlsx,107,C:/Healthcare/LabResults/,2025-11-19T20:30:16,medium
menu_0605.pdf,.pdf,1342,C:/Healthcare/PublicInfo/Menu/,2023-09-27T10:35:49,low
test_workorder_0606.xlsx,.xlsx,940,C:/Healthcare/Maintenance/,2023-07-27T04:25:36,medium
analysis_0607.csv,.csv,719,C:/Healthcare/LabResults/,2023-10-06T16:59:45,high
test_0608.csv,.csv,263,C:/Healthcare/LabResults/,2023-11-17T06:12:36,low
schedule_policy_0609.docx,.docx,155,C:/Healthcare/Insurance/,2023-05-17T17:40:04,high
minutes_0610_confidential.pdf,.pdf,1830,C:/Healthcare/Meetings/,2025-02-27T10:29:27,low
roster_0611.csv,.csv,267,C:/Healthcare/StaffSchedules/,2025-01-06T23:23:33,medium
notice_0612_draft.pdf,.pdf,476,C:/Healthcare/PublicInfo/Parking/,2024-12-04T22:34:05,medium
passwords_visit_0613.pdf,.pdf,1182,C:/Healthcare/Patients/,2024-11-22T00:07:29,medium
public_procedure_0614.pdf,.pdf,1250,C:/Healthcare/Internal/Protocols/,2024-10-02T22:40:24,high
invoice_schedule_0615.csv,.csv,520,C:/Healthcare/StaffSchedules/,2024-08-24T16:43:13,medium
log_0616.xlsx,.xlsx,310,C:/Healthcare/Maintenance/,2025-06-02T09:23:56,medium
invoice_consent_0617.pdf,.pdf,1138,C:/Healthcare/Patients/,2025-09-18T02:20:04,high
procedure_0618.xlsx,.xlsx,1361,C:/Healthcare/Internal/Protocols/,2023-12-03T05:33:54,high
notice_procedure_0619.pdf,.pdf,15,C:/Healthcare/Internal/Protocols/,2025-07-08T06:50:43,medium
invoice_0620.csv,.csv,395,C:/Healthcare/Insurance/,2023-02-22T05:27:54,high
maintenance_notice_0621.txt,.txt,3,C:/Healthcare/PublicInfo/Menu/,2025-12-12T18:52:18,low
summary_menu_0622.csv,.csv,167,C:/Healthcare/PublicInfo/Menu/,2025-06-05T01:20:14,low
maintenance_protocol_0623.docx,.docx,121,C:/Healthcare/Internal/Protocols/,2025-09-10T22:56:58,low
insurance_claim_record_0624.csv,.csv,135,C:/Healthcare/Patients/,2025-06-12T14:06:18,low
summary_schedule_0625.pdf,.pdf,530,C:/Healthcare/StaffSchedules/,2024-08-17T21:35:49,low
prescription_maintenance_0626.pdf,.pdf,694,C:/Healthcare/Maintenance/,2024-06-04T07:05:00,medium
schedule_0627.csv,.csv,387,C:/Healthcare/StaffSchedules/,2023-12-17T04:54:32,low
lab_workorder_0628.xlsx,.xlsx,276,C:/Healthcare/Maintenance/,2023-07-10T14:56:21,medium
parking_0629.csv,.csv,86,C:/Healthcare/PublicInfo/Parking/,2023-04-12T22:46:26,high
notice_shift_0630.pdf,.pdf,1224,C:/Healthcare/StaffSchedules/,2025-12-18T21:06:17,low
reimbursement_0631.docx,.docx,68,C:/Healthcare/Insurance/,2023-07-25T02:20:13,high
public_notice_0632.pdf,.pdf,1137,C:/Healthcare/PublicInfo/Parking/,2025-09-28T11:06:55,low
public_workorder_0633.pdf,.pdf,122,C:/Healthcare/Maintenance/,2025-05-31T04:40:29,low
maintenance_coverage_0634.csv,.csv,365,C:/Healthcare/Insurance/,2024-03-17T18:31:50,medium
menu_0635.csv,.csv,751,C:/Healthcare/PublicInfo/Parking/,2025-12-12T07:39:56,medium
summary_reimbursement_0636.pdf,.pdf,662,C:/Healthcare/Insurance/,2024-05-07T08:31:11,high
log_0637.xlsx,.xlsx,213,C:/Healthcare/Maintenance/,2024-12-12T12:59:46,low
log_0638.xlsx,.xlsx,409,C:/Healthcare/Maintenance/,2024-03-26T05:32:25,low
procedure_0639.pdf,.pdf,178,C:/Healthcare/Internal/Protocols/,2023-03-04T06:19:29,low
report_invoice_0640.docx,.docx,195,C:/Healthcare/Insurance/,2023-10-31T03:42:35,medium
guideline_0641.pdf,.pdf,1732,C:/Healthcare/Internal/Protocols/,2023-05-16T17:38:53,high
announcement_notice_0642.txt,.txt,104,C:/Healthcare/PublicInfo/Notices/,2024-03-18T04:32:05,medium
log_0643_archived.xlsx,.xlsx,956,C:/Healthcare/Maintenance/,2023-09-12T10:32:47,low
maintenance_notice_0644.csv,.csv,331,C:/Healthcare/PublicInfo/Menu/,2025-07-06T14:06:18,low
parking_info_0645.pdf,.pdf,608,C:/Healthcare/PublicInfo/Menu/,2024-08-16T01:23:59,low
medical_meeting_0646.docx,.docx,282,C:/Healthcare/Meetings/,2024-02-13T01:18:33,medium
agenda_0647.txt,.txt,62,C:/Healthcare/Meetings/,2024-10-10T00:43:54,low
policy_0648_draft.docx,.docx,847,C:/Healthcare/Insurance/,2024-07-15T23:22:19,medium
procedure_0649.pdf,.pdf,214,C:/Healthcare/Internal/Protocols/,2023-01-28T06:07:40,medium
prescription_agenda_0650.pdf,.pdf,800,C:/Healthcare/Meetings/,2024-07-07T00:03:27,high
notice_diagnosis_0651.pdf,.pdf,290,C:/Healthcare/Patients/,2024-05-16T03:39:19,low
workorder_0652.txt,.txt,89,C:/Healthcare/Maintenance/,2023-08-12T06:10:38,low
consent_0653.pdf,.pdf,1709,C:/Healthcare/Patients/,2023-10-20T16:41:12,medium
notice_0654.txt,.txt,28,C:/Healthcare/PublicInfo/Notices/,2023-07-23T20:41:21,low
parking_visit_0655.docx,.docx,324,C:/Healthcare/Patients/,2024-04-18T07:27:09,low
results_visit_0656.xlsx,.xlsx,1755,C:/Healthcare/Patients/,2023-06-23T13:18:19,high
schedule_lab_0657.xls,.xls,39,C:/Healthcare/LabResults/,2024-01-29T00:59:19,low
patient_0658.pdf,.pdf,1410,C:/Healthcare/Patients/,2023-10-15T01:09:56,low
lab_workorder_0659.xlsx,.xlsx,590,C:/Healthcare/Maintenance/,2024-01-11T15:47:49,medium
appointment_notice_0660.txt,.txt,41,C:/Healthcare/PublicInfo/Notices/,2023-06-03T07:16:12,low
shift_0661.pdf,.pdf,93,C:/Healthcare/StaffSchedules/,2023-10-08T22:31:19,low
announcement_maintenance_0662.txt,.txt,128,C:/Healthcare/Maintenance/,2023-06-21T08:53:04,high
parking_0663.pdf,.pdf,690,C:/Healthcare/PublicInfo/Notices/,2024-03-16T13:48:03,high
maintenance_info_0664.txt,.txt,95,C:/Healthcare/PublicInfo/Parking/,2025-01-08T22:30:58,low
workorder_0665.xlsx,.xlsx,864,C:/Healthcare/Maintenance/,2023-07-05T04:45:48,medium
claim_0666.docx,.docx,291,C:/Healthcare/Insurance/,2023-11-06T06:28:42,low
workorder_0667.xlsx,.xlsx,1141,C:/Healthcare/Maintenance/,2025-06-22T23:29:55,low
procedure_0668.docx,.docx,108,C:/Healthcare/Internal/Protocols/,2025-01-22T16:41:39,medium
notice_0669.pdf,.pdf,973,C:/Healthcare/PublicInfo/Notices/,2023-02-16T04:10:23,low
analysis_0670.csv,.csv,658,C:/Healthcare/LabResults/,2023-08-26T06:26:06,low
report_meeting_0671.docx,.docx,673,C:/Healthcare/Meetings/,2025-01-31T13:51:29,low
maintenance_notice_0672.pdf,.pdf,1930,C:/Healthcare/PublicInfo/Notices/,2024-05-03T15:37:00,low
ssn_parking_0673.txt,.txt,63,C:/Healthcare/PublicInfo/Menu/,2024-08-27T09:58:19,low
info_0674.csv,.csv,35,C:/Healthcare/PublicInfo/Parking/,2023-08-31T19:41:41,low
appointment_info_0675.pdf,.pdf,616,C:/Healthcare/PublicInfo/Notices/,2023-03-12T02:08:16,low
public_reimbursement_0676_draft.csv,.csv,554,C:/Healthcare/Insurance/,2023-03-29T16:34:49,medium
schedule_0677_final.xlsx,.xlsx,949,C:/Healthcare/StaffSchedules/,2025-04-16T09:38:01,low
workorder_0678.xlsx,.xlsx,572,C:/Healthcare/Maintenance/,2025-07-02T09:49:39,low
schedule_record_0679.csv,.csv,218,C:/Healthcare/Patients/,2025-02-20T00:34:08,high
schedule_maintenance_0680.xlsx,.xlsx,919,C:/Healthcare/Maintenance/,2024-03-22T09:23:30,low
agenda_0681.pdf,.pdf,1763,C:/Healthcare/Meetings/,2025-06-17T04:36:24,low
appointment_specimen_0682.csv,.csv,138,C:/Healthcare/LabResults/,2024-04-10T21:25:07,low
schedule_info_0683.txt,.txt,121,C:/Healthcare/PublicInfo/Menu/,2025-12-28T14:06:15,low
menu_0684.csv,.csv,316,C:/Healthcare/PublicInfo/Notices/,2025-09-17T23:37:06,low
info_0685.csv,.csv,205,C:/Healthcare/PublicInfo/Notices/,2024-12-19T10:45:12,low
coverage_0686.pdf,.pdf,1135,C:/Healthcare/Insurance/,2025-09-11T18:31:47,high
summary_schedule_0687.pdf,.pdf,726,C:/Healthcare/StaffSchedules/,2023-02-13T00:53:11,medium
schedule_schedule_0688.pdf,.pdf,1145,C:/Healthcare/StaffSchedules/,2023-02-15T06:29:15,low
appointment_minutes_0689.txt,.txt,5,C:/Healthcare/Meetings/,2023-03-27T22:45:00,low
notice_analysis_0690.xlsx,.xlsx,502,C:/Healthcare/LabResults/,2023-08-07T08:27:44,low
roster_0691.xlsx,.xlsx,1913,C:/Healthcare/StaffSchedules/,2024-01-27T04:05:05,low
report_parking_0692.csv,.csv,231,C:/Healthcare/PublicInfo/Parking/,2024-10-18T21:41:56,low
summary_shift_0693.xlsx,.xlsx,581,C:/Healthcare/StaffSchedules/,2023-06-25T11:30:15,high
workorder_0694.pdf,.pdf,377,C:/Healthcare/Maintenance/,2023-02-02T17:42:12,medium
protocol_0695.docx,.docx,417,C:/Healthcare/Internal/Protocols/,2024-04-25T10:21:55,low
log_0696.txt,.txt,110,C:/Healthcare/Maintenance/,2024-02-01T22:59:11,low
minutes_0697.pdf,.pdf,828,C:/Healthcare/Meetings/,2024-05-07T17:29:23,low
report_info_0698.csv,.csv,426,C:/Healthcare/PublicInfo/Menu/,2023-06-05T23:01:04,low
parking_invoice_0699.docx,.docx,249,C:/Healthcare/Insurance/,2023-03-22T22:23:05,low
policy_0700_v2.docx,.docx,352,C:/Healthcare/Insurance/,2023-09-03T04:02:49,low
schedule_0701.csv,.csv,308,C:/Healthcare/StaffSchedules/,2024-05-11T04:03:45,low
parking_0702.txt,.txt,57,C:/Healthcare/PublicInfo/Parking/,2024-03-13T18:09:57,low
schedule_shift_0703.xlsx,.xlsx,2275,C:/Healthcare/StaffSchedules/,2025-10-02T05:53:09,medium
guideline_0704.pdf,.pdf,1168,C:/Healthcare/Internal/Protocols/,2024-10-28T06:40:35,low
summary_protocol_0705.docx,.docx,302,C:/Healthcare/Internal/Protocols/,2024-12-05T19:27:18,low
menu_0706.pdf,.pdf,657,C:/Healthcare/PublicInfo/Parking/,2024-08-16T12:43:59,low
results_coverage_0707.docx,.docx,480,C:/Healthcare/Insurance/,2024-02-11T16:35:29,high
shift_0708.csv,.csv,491,C:/Healthcare/StaffSchedules/,2024-05-17T03:29:00,low
info_0709.txt,.txt,24,C:/Healthcare/PublicInfo/Menu/,2023-12-31T19:31:24,medium
notice_0710_confidential.csv,.csv,221,C:/Healthcare/PublicInfo/Parking/,2024-07-30T04:11:58,low
reimbursement_0711.csv,.csv,592,C:/Healthcare/Insurance/,2024-12-28T03:28:07,high
invoice_0712.pdf,.pdf,982,C:/Healthcare/Insurance/,2024-03-12T12:27:48,high
log_0713.txt,.txt,96,C:/Healthcare/Maintenance/,2023-09-14T07:02:33,low
menu_log_0714.txt,.txt,12,C:/Healthcare/Maintenance/,2023-10-12T12:00:12,low
invoice_consent_0715_archived.docx,.docx,496,C:/Healthcare/Patients/,2025-02-04T19:56:43,medium
lab_0716.pdf,.pdf,228,C:/Healthcare/LabResults/,2025-03-01T07:07:06,high
minutes_0717.docx,.docx,757,C:/Healthcare/Meetings/,2024-10-08T21:13:30,low
notice_test_0718_final.xls,.xls,546,C:/Healthcare/LabResults/,2023-08-27T21:09:54,low
consent_0719.pdf,.pdf,237,C:/Healthcare/Patients/,2023-03-10T02:44:04,low
public_procedure_0720.xlsx,.xlsx,712,C:/Healthcare/Internal/Protocols/,2024-03-15T13:17:24,medium
log_0721.txt,.txt,73,C:/Healthcare/Maintenance/,2024-02-01T09:11:59,low
invoice_0722_v2.pdf,.pdf,1037,C:/Healthcare/Insurance/,2025-10-13T01:17:04,high
schedule_coverage_0723.pdf,.pdf,1574,C:/Healthcare/Insurance/,2023-11-07T11:44:26,medium
parking_info_0724_archived.txt,.txt,91,C:/Healthcare/PublicInfo/Parking/,2025-03-08T10:45:24,low
log_0725.txt,.txt,123,C:/Healthcare/Maintenance/,2025-03-30T02:22:30,medium
info_0726.pdf,.pdf,542,C:/Healthcare/PublicInfo/Notices/,2024-10-26T10:59:51,low
minutes_0727.docx,.docx,59,C:/Healthcare/Meetings/,2025-06-02T02:24:13,low
meeting_0728_archived.pdf,.pdf,1256,C:/Healthcare/Meetings/,2023-05-10T09:17:50,medium
announcement_info_0729.csv,.csv,3,C:/Healthcare/PublicInfo/Menu/,2023-10-18T19:00:49,low
schedule_0730.xlsx,.xlsx,480,C:/Healthcare/StaffSchedules/,2024-09-05T12:12:03,low
analysis_0731.xls,.xls,1445,C:/Healthcare/LabResults/,2025-01-26T02:19:47,low
agenda_0732.docx,.docx,77,C:/Healthcare/Meetings/,2023-05-17T03:16:28,low
test_claim_0733.pdf,.pdf,344,C:/Healthcare/Insurance/,2024-01-11T14:13:11,high
menu_0734_archived.csv,.csv,193,C:/Healthcare/PublicInfo/Menu/,2023-08-25T18:42:46,medium
maintenance_info_0735.csv,.csv,279,C:/Healthcare/PublicInfo/Parking/,2023-01-13T05:34:28,low
analysis_0736.csv,.csv,29,C:/Healthcare/LabResults/,2024-03-27T16:51:37,low
diagnosis_0737.docx,.docx,366,C:/Healthcare/Patients/,2023-01-30T13:06:15,low
parking_0738.txt,.txt,116,C:/Healthcare/PublicInfo/Menu/,2025-09-30T19:19:46,low
menu_workorder_0739.pdf,.pdf,1177,C:/Healthcare/Maintenance/,2025-11-30T01:41:05,low
log_0740.txt,.txt,75,C:/Healthcare/Maintenance/,2024-08-29T10:05:39,medium
parking_0741.csv,.csv,363,C:/Healthcare/PublicInfo/Menu/,2024-03-14T18:46:05,low
results_results_0742.csv,.csv,510,C:/Healthcare/LabResults/,2023-11-22T08:13:33,medium
medical_parking_0743.pdf,.pdf,703,C:/Healthcare/PublicInfo/Notices/,2024-06-08T15:39:51,low
menu_0744.pdf,.pdf,670,C:/Healthcare/PublicInfo/Menu/,2025-05-15T07:17:54,low
meeting_0745.txt,.txt,13,C:/Healthcare/Meetings/,2024-12-11T03:15:06,medium
specimen_0746.pdf,.pdf,319,C:/Healthcare/LabResults/,2023-06-13T18:00:36,low
coverage_0747.docx,.docx,280,C:/Healthcare/Insurance/,2023-06-04T05:57:27,medium
menu_claim_0748.docx,.docx,552,C:/Healthcare/Insurance/,2025-01-05T19:26:56,medium
summary_workorder_0749.xlsx,.xlsx,88,C:/Healthcare/Maintenance/,2025-04-02T18:47:36,low
invoice_info_0750.csv,.csv,502,C:/Healthcare/PublicInfo/Menu/,2023-02-16T05:38:32,low
passwords_notice_0751_draft.pdf,.pdf,501,C:/Healthcare/PublicInfo/Parking/,2023-02-27T14:57:16,low
consent_reimbursement_0752.csv,.csv,315,C:/Healthcare/Insurance/,2024-05-02T07:24:21,low
appointment_log_0753.xlsx,.xlsx,872,C:/Healthcare/Maintenance/,2025-08-18T07:41:56,medium
info_0754.txt,.txt,21,C:/Healthcare/PublicInfo/Parking/,2023-02-27T10:20:52,low
menu_0755.pdf,.pdf,1008,C:/Healthcare/PublicInfo/Notices/,2024-04-30T01:36:49,low
notice_0756_confidential.pdf,.pdf,903,C:/Healthcare/PublicInfo/Notices/,2024-10-18T17:06:31,low
prescription_parking_0757.pdf,.pdf,597,C:/Healthcare/PublicInfo/Notices/,2024-04-07T20:47:43,high
menu_procedure_0758.xlsx,.xlsx,9,C:/Healthcare/Internal/Protocols/,2025-07-14T03:40:22,low
maintenance_schedule_0759.xlsx,.xlsx,538,C:/Healthcare/StaffSchedules/,2025-03-13T06:43:10,low
guideline_0760_archived.docx,.docx,441,C:/Healthcare/Internal/Protocols/,2023-07-22T01:06:43,low
consent_info_0761.pdf,.pdf,775,C:/Healthcare/PublicInfo/Parking/,2024-10-19T18:19:24,medium
info_0762.txt,.txt,30,C:/Healthcare/PublicInfo/Parking/,2025-12-30T10:35:02,medium
results_info_0763.csv,.csv,222,C:/Healthcare/PublicInfo/Notices/,2025-07-23T13:16:53,low
parking_notice_0764.pdf,.pdf,1916,C:/Healthcare/PublicInfo/Menu/,2023-02-13T11:05:14,low
claim_0765.pdf,.pdf,1317,C:/Healthcare/Insurance/,2025-01-29T07:32:54,medium
maintenance_patient_0766.pdf,.pdf,1347,C:/Healthcare/Patients/,2025-01-08T05:46:01,low
lab_guideline_0767.docx,.docx,41,C:/Healthcare/Internal/Protocols/,2025-08-28T13:07:47,medium
guideline_0768.pdf,.pdf,346,C:/Healthcare/Internal/Protocols/,2023-09-15T06:33:59,low
record_0769.xlsx,.xlsx,501,C:/Healthcare/Patients/,2025-08-19T02:57:32,high
audit_menu_0770.txt,.txt,155,C:/Healthcare/PublicInfo/Notices/,2023-10-07T05:19:10,low
test_diagnosis_0771.pdf,.pdf,500,C:/Healthcare/Patients/,2023-02-06T03:19:00,low
maintenance_log_0772.pdf,.pdf,1278,C:/Healthcare/Maintenance/,2023-08-12T17:59:10,medium
summary_invoice_0773.pdf,.pdf,1384,C:/Healthcare/Insurance/,2024-04-07T23:09:09,low
summary_parking_0774.pdf,.pdf,1399,C:/Healthcare/PublicInfo/Menu/,2025-06-29T08:44:51,low
shift_0775.csv,.csv,182,C:/Healthcare/StaffSchedules/,2023-04-12T16:27:32,medium
notice_0776.pdf,.pdf,386,C:/Healthcare/PublicInfo/Parking/,2025-05-11T16:59:33,low
reimbursement_0777.pdf,.pdf,2333,C:/Healthcare/Insurance/,2025-04-15T00:46:50,medium
notice_0778_archived.csv,.csv,26,C:/Healthcare/PublicInfo/Menu/,2023-09-18T00:26:28,low
record_0779.pdf,.pdf,171,C:/Healthcare/Patients/,2025-09-09T02:22:59,low
notice_roster_0780.csv,.csv,202,C:/Healthcare/StaffSchedules/,2023-08-05T22:32:21,medium
menu_0781.csv,.csv,140,C:/Healthcare/PublicInfo/Notices/,2024-06-16T06:22:05,low
agenda_0782.txt,.txt,80,C:/Healthcare/Meetings/,2024-05-25T05:46:25,low
diagnosis_0783.csv,.csv,609,C:/Healthcare/Patients/,2025-12-28T12:54:44,low
maintenance_notice_0784.csv,.csv,460,C:/Healthcare/PublicInfo/Parking/,2024-08-07T16:19:51,low
test_procedure_0785.docx,.docx,461,C:/Healthcare/Internal/Protocols/,2023-01-31T17:30:50,medium
minutes_0786_confidential.docx,.docx,388,C:/Healthcare/Meetings/,2025-02-06T02:31:17,low
public_log_0787.xlsx,.xlsx,140,C:/Healthcare/Maintenance/,2024-03-06T20:15:58,high
results_procedure_0788.pdf,.pdf,424,C:/Healthcare/Internal/Protocols/,2023-04-12T01:12:52,low
policy_0789.pdf,.pdf,1533,C:/Healthcare/Insurance/,2023-02-05T21:52:58,low
info_0790_archived.txt,.txt,14,C:/Healthcare/PublicInfo/Notices/,2024-05-16T18:17:07,low
notice_info_0791.csv,.csv,279,C:/Healthcare/PublicInfo/Menu/,2024-10-14T13:02:56,medium
diagnosis_parking_0792_confidential.txt,.txt,55,C:/Healthcare/PublicInfo/Notices/,2023-04-26T15:20:16,low
notice_schedule_0793.xlsx,.xlsx,599,C:/Healthcare/StaffSchedules/,2024-06-03T07:42:06,low
parking_minutes_0794.pdf,.pdf,1142,C:/Healthcare/Meetings/,2024-11-12T05:33:50,medium
lab_0795.csv,.csv,313,C:/Healthcare/LabResults/,2025-12-13T02:28:16,low
credentials_lab_0796.csv,.csv,746,C:/Healthcare/LabResults/,2024-04-03T03:17:38,high
info_0797.txt,.txt,2,C:/Healthcare/PublicInfo/Menu/,2024-12-05T08:23:47,low
notice_0798.txt,.txt,83,C:/Healthcare/PublicInfo/Menu/,2023-06-17T18:46:39,low
specimen_0799.xls,.xls,635,C:/Healthcare/LabResults/,2024-02-03T03:02:18,high
workorder_0800.pdf,.pdf,239,C:/Healthcare/Maintenance/,2025-06-27T00:34:14,medium
parking_0801.txt,.txt,32,C:/Healthcare/PublicInfo/Menu/,2023-08-17T23:48:29,low
parking_notice_0802.pdf,.pdf,1068,C:/Healthcare/PublicInfo/Parking/,2025-05-19T01:48:16,medium
results_visit_0803.docx,.docx,36,C:/Healthcare/Patients/,2025-07-20T16:45:33,low
workorder_0804.txt,.txt,42,C:/Healthcare/Maintenance/,2023-03-07T13:02:14,low
diagnosis_menu_0805.pdf,.pdf,1676,C:/Healthcare/PublicInfo/Parking/,2024-08-06T23:00:28,low
roster_0806.csv,.csv,182,C:/Healthcare/StaffSchedules/,2024-03-27T09:27:59,high
parking_0807_final.pdf,.pdf,872,C:/Healthcare/PublicInfo/Parking/,2024-02-12T00:01:30,medium
policy_0808.pdf,.pdf,1628,C:/Healthcare/Insurance/,2025-11-18T09:15:19,high
claim_0809.docx,.docx,619,C:/Healthcare/Insurance/,2024-08-01T10:13:25,high
reimbursement_0810.csv,.csv,328,C:/Healthcare/Insurance/,2023-07-23T04:22:44,low
shift_0811.xlsx,.xlsx,971,C:/Healthcare/StaffSchedules/,2023-10-21T18:14:22,medium
results_notice_0812.pdf,.pdf,1033,C:/Healthcare/PublicInfo/Notices/,2025-01-29T14:53:32,medium
schedule_0813.pdf,.pdf,644,C:/Healthcare/StaffSchedules/,2025-03-01T22:48:19,medium
parking_log_0814.pdf,.pdf,1544,C:/Healthcare/Maintenance/,2024-09-14T20:21:10,medium
results_guideline_0815.pdf,.pdf,888,C:/Healthcare/Internal/Protocols/,2024-08-04T03:43:59,medium
report_agenda_0816.docx,.docx,75,C:/Healthcare/Meetings/,2024-10-23T22:14:48,low
maintenance_info_0817.txt,.txt,61,C:/Healthcare/PublicInfo/Parking/,2024-02-17T15:12:47,medium
test_specimen_0818.xlsx,.xlsx,851,C:/Healthcare/LabResults/,2023-04-21T20:04:17,low
results_log_0819.xlsx,.xlsx,341,C:/Healthcare/Maintenance/,2025-07-27T08:01:16,low
reimbursement_0820.csv,.csv,194,C:/Healthcare/Insurance/,2024-09-19T07:10:13,high
notice_0821.csv,.csv,245,C:/Healthcare/PublicInfo/Menu/,2024-09-09T12:04:16,low
shift_0822.xlsx,.xlsx,122,C:/Healthcare/StaffSchedules/,2024-12-17T18:16:52,low
menu_workorder_0823.txt,.txt,117,C:/Healthcare/Maintenance/,2023-08-04T20:26:23,medium
public_protocol_0824.xlsx,.xlsx,549,C:/Healthcare/Internal/Protocols/,2024-09-18T14:40:32,medium
notice_0825.pdf,.pdf,1854,C:/Healthcare/PublicInfo/Notices/,2025-09-05T10:06:40,medium
guideline_0826.xlsx,.xlsx,451,C:/Healthcare/Internal/Protocols/,2023-10-20T13:46:29,medium
info_0827.pdf,.pdf,1590,C:/Healthcare/PublicInfo/Parking/,2023-10-03T22:45:13,medium
patient_0828.csv,.csv,749,C:/Healthcare/Patients/,2023-12-29T00:20:22,high
confidential_agenda_0829.docx,.docx,267,C:/Healthcare/Meetings/,2023-06-22T00:50:01,low
notice_invoice_0830.docx,.docx,591,C:/Healthcare/Insurance/,2025-10-29T17:15:58,medium
parking_0831.pdf,.pdf,1407,C:/Healthcare/PublicInfo/Parking/,2023-01-12T13:30:23,low
reimbursement_0832.docx,.docx,145,C:/Healthcare/Insurance/,2024-12-15T21:40:10,low
parking_0833.txt,.txt,65,C:/Healthcare/PublicInfo/Parking/,2025-12-23T21:41:34,low
minutes_0834.docx,.docx,117,C:/Healthcare/Meetings/,2024-08-20T13:21:01,medium
lab_claim_0835.docx,.docx,188,C:/Healthcare/Insurance/,2023-04-14T16:23:29,medium
maintenance_schedule_0836.pdf,.pdf,645,C:/Healthcare/StaffSchedules/,2024-09-29T01:29:22,low
report_info_0837_archived.pdf,.pdf,1046,C:/Healthcare/PublicInfo/Parking/,2023-01-17T16:19:04,low
agenda_0838.pdf,.pdf,375,C:/Healthcare/Meetings/,2025-10-17T15:34:41,low
schedule_shift_0839.pdf,.pdf,1651,C:/Healthcare/StaffSchedules/,2025-04-10T13:20:22,high
notice_0840.pdf,.pdf,421,C:/Healthcare/PublicInfo/Menu/,2023-02-23T12:11:48,medium
notice_0841.pdf,.pdf,884,C:/Healthcare/PublicInfo/Notices/,2024-08-09T06:19:30,medium
menu_roster_0842_archived.pdf,.pdf,1495,C:/Healthcare/StaffSchedules/,2023-04-09T03:12:13,high
test_schedule_0843.pdf,.pdf,1487,C:/Healthcare/StaffSchedules/,2025-05-23T02:53:46,medium
shift_0844.csv,.csv,377,C:/Healthcare/StaffSchedules/,2023-09-27T17:04:51,medium
schedule_visit_0845.docx,.docx,156,C:/Healthcare/Patients/,2023-04-15T14:17:29,low
shift_0846.csv,.csv,494,C:/Healthcare/StaffSchedules/,2025-06-03T05:30:10,high
invoice_0847.pdf,.pdf,164,C:/Healthcare/Insurance/,2025-12-04T04:31:18,low
maintenance_0848.txt,.txt,110,C:/Healthcare/Maintenance/,2023-12-28T01:26:59,low
menu_0849_final.txt,.txt,97,C:/Healthcare/PublicInfo/Notices/,2024-01-14T08:02:34,low
invoice_guideline_0850.docx,.docx,446,C:/Healthcare/Internal/Protocols/,2024-11-20T07:18:42,low
maintenance_0851.xlsx,.xlsx,573,C:/Healthcare/Maintenance/,2024-05-29T14:39:03,low
public_maintenance_0852.xlsx,.xlsx,1280,C:/Healthcare/Maintenance/,2023-10-13T03:04:16,medium
credentials_notice_0853.txt,.txt,47,C:/Healthcare/PublicInfo/Parking/,2025-05-02T14:30:10,medium
insurance_claim_shift_0854.xlsx,.xlsx,1225,C:/Healthcare/StaffSchedules/,2024-03-19T06:43:36,high
guideline_0855.pdf,.pdf,1324,C:/Healthcare/Internal/Protocols/,2024-08-09T18:19:43,low
announcement_invoice_0856.docx,.docx,283,C:/Healthcare/Insurance/,2023-05-10T07:08:44,low
lab_minutes_0857.docx,.docx,407,C:/Healthcare/Meetings/,2023-04-22T18:06:16,medium
menu_maintenance_0858_confidential.xlsx,.xlsx,1124,C:/Healthcare/Maintenance/,2024-09-05T01:36:25,low
announcement_maintenance_0859.pdf,.pdf,998,C:/Healthcare/Maintenance/,2023-10-29T17:21:07,low
parking_0860.csv,.csv,406,C:/Healthcare/PublicInfo/Menu/,2025-10-08T03:32:49,low
menu_0861.csv,.csv,42,C:/Healthcare/PublicInfo/Menu/,2023-02-13T21:27:46,low
public_policy_0862.pdf,.pdf,1611,C:/Healthcare/Insurance/,2023-05-24T09:24:35,low
notice_0863.txt,.txt,107,C:/Healthcare/PublicInfo/Menu/,2023-09-15T14:21:07,medium
announcement_info_0864.pdf,.pdf,1828,C:/Healthcare/PublicInfo/Menu/,2023-06-19T18:01:57,low
guideline_0865.xlsx,.xlsx,158,C:/Healthcare/Internal/Protocols/,2025-02-02T20:46:19,low
consent_0866.pdf,.pdf,584,C:/Healthcare/Patients/,2024-08-05T00:00:58,low
results_reimbursement_0867.csv,.csv,294,C:/Healthcare/Insurance/,2023-10-11T20:38:44,low
shift_0868.xlsx,.xlsx,1485,C:/Healthcare/StaffSchedules/,2023-05-04T23:31:30,low
report_agenda_0869_v2.pdf,.pdf,920,C:/Healthcare/Meetings/,2023-01-12T05:25:45,low
diagnosis_procedure_0870.xlsx,.xlsx,1291,C:/Healthcare/Internal/Protocols/,2025-01-24T20:38:24,medium
parking_0871.csv,.csv,645,C:/Healthcare/PublicInfo/Parking/,2024-07-15T02:54:29,low
prescription_parking_0872.txt,.txt,84,C:/Healthcare/PublicInfo/Menu/,2023-08-04T17:11:20,low
record_0873.xlsx,.xlsx,811,C:/Healthcare/Patients/,2025-12-01T22:49:37,low
notice_0874.txt,.txt,79,C:/Healthcare/PublicInfo/Parking/,2023-01-26T20:01:21,low
log_0875.txt,.txt,92,C:/Healthcare/Maintenance/,2023-05-07T09:39:53,low
workorder_0876.pdf,.pdf,1503,C:/Healthcare/Maintenance/,2024-04-01T12:00:20,low
appointment_procedure_0877.docx,.docx,90,C:/Healthcare/Internal/Protocols/,2025-11-11T13:34:33,low
schedule_notice_0878.csv,.csv,328,C:/Healthcare/PublicInfo/Notices/,2025-12-23T06:29:56,medium
lab_0879.xls,.xls,2361,C:/Healthcare/LabResults/,2023-12-09T08:12:50,low
meeting_0880.docx,.docx,61,C:/Healthcare/Meetings/,2023-05-21T11:54:46,high
log_0881_draft.txt,.txt,79,C:/Healthcare/Maintenance/,2025-10-12T19:53:29,low
menu_menu_0882.csv,.csv,130,C:/Healthcare/PublicInfo/Notices/,2023-10-20T06:58:40,medium
summary_analysis_0883.csv,.csv,194,C:/Healthcare/LabResults/,2024-10-20T04:37:29,high
maintenance_0884.txt,.txt,49,C:/Healthcare/Maintenance/,2024-12-16T12:30:57,low
maintenance_0885.xlsx,.xlsx,617,C:/Healthcare/Maintenance/,2025-10-30T14:04:19,low
public_patient_0886.xlsx,.xlsx,346,C:/Healthcare/Patients/,2024-03-28T19:43:30,low
menu_0887.pdf,.pdf,333,C:/Healthcare/PublicInfo/Menu/,2025-12-24T01:04:51,medium
consent_0888.csv,.csv,163,C:/Healthcare/Patients/,2023-09-05T07:09:12,medium
public_consent_0889.docx,.docx,288,C:/Healthcare/Patients/,2025-12-17T18:47:26,medium
notice_roster_0890.csv,.csv,282,C:/Healthcare/StaffSchedules/,2024-04-17T08:42:02,low
info_0891.txt,.txt,40,C:/Healthcare/PublicInfo/Parking/,2023-11-22T20:39:22,medium
lab_roster_0892.pdf,.pdf,1256,C:/Healthcare/StaffSchedules/,2024-08-07T23:01:02,high
report_notice_0893.txt,.txt,30,C:/Healthcare/PublicInfo/Menu/,2025-07-10T19:16:18,low
info_0894.csv,.csv,241,C:/Healthcare/PublicInfo/Menu/,2025-07-15T02:17:13,medium
public_claim_0895.docx,.docx,478,C:/Healthcare/Insurance/,2024-07-24T14:47:46,low
invoice_diagnosis_0896.pdf,.pdf,1459,C:/Healthcare/Patients/,2023-05-27T21:12:00,low
public_procedure_0897.docx,.docx,586,C:/Healthcare/Internal/Protocols/,2025-04-14T23:51:54,high
invoice_0898.docx,.docx,623,C:/Healthcare/Insurance/,2025-03-17T02:02:08,low
procedure_0899.pdf,.pdf,172,C:/Healthcare/Internal/Protocols/,2023-10-08T15:38:54,low
credentials_guideline_0900.pdf,.pdf,459,C:/Healthcare/Internal/Protocols/,2023-02-24T09:05:29,high
specimen_0901.pdf,.pdf,1514,C:/Healthcare/LabResults/,2025-03-17T22:14:28,low
announcement_agenda_0902.docx,.docx,393,C:/Healthcare/Meetings/,2023-11-22T23:23:01,low
confidential_results_0903.csv,.csv,653,C:/Healthcare/LabResults/,2025-07-08T07:16:28,high
workorder_0904_draft.xlsx,.xlsx,1416,C:/Healthcare/Maintenance/,2024-12-09T11:26:17,medium
results_0905.pdf,.pdf,413,C:/Healthcare/LabResults/,2025-12-18T10:41:46,high
schedule_0906.pdf,.pdf,1704,C:/Healthcare/StaffSchedules/,2024-11-04T14:47:28,low
notice_0907.pdf,.pdf,850,C:/Healthcare/PublicInfo/Menu/,2024-05-26T15:20:16,low
parking_results_0908.xlsx,.xlsx,50,C:/Healthcare/LabResults/,2024-08-11T04:26:13,high
appointment_test_0909.csv,.csv,844,C:/Healthcare/LabResults/,2024-03-14T01:35:59,high
report_menu_0910.pdf,.pdf,1825,C:/Healthcare/PublicInfo/Notices/,2025-04-05T22:32:48,medium
info_0911.txt,.txt,117,C:/Healthcare/PublicInfo/Notices/,2023-08-30T13:08:06,medium
coverage_0912_draft.pdf,.pdf,795,C:/Healthcare/Insurance/,2024-12-12T03:31:16,low
reimbursement_0913.docx,.docx,152,C:/Healthcare/Insurance/,2023-12-22T08:56:38,low
summary_agenda_0914.docx,.docx,556,C:/Healthcare/Meetings/,2023-05-26T10:54:50,low
summary_reimbursement_0915.docx,.docx,1011,C:/Healthcare/Insurance/,2023-07-31T22:25:07,high
notice_0916.txt,.txt,1,C:/Healthcare/PublicInfo/Parking/,2024-06-20T00:47:33,low
schedule_0917.pdf,.pdf,634,C:/Healthcare/StaffSchedules/,2025-03-24T06:06:23,high
menu_schedule_0918.xlsx,.xlsx,834,C:/Healthcare/StaffSchedules/,2024-06-09T00:00:34,low
roster_0919.pdf,.pdf,2453,C:/Healthcare/StaffSchedules/,2025-09-07T11:57:49,low
procedure_0920.pdf,.pdf,896,C:/Healthcare/Internal/Protocols/,2025-01-28T11:53:35,medium
record_0921.docx,.docx,119,C:/Healthcare/Patients/,2024-09-16T14:11:05,high
menu_maintenance_0922.xlsx,.xlsx,1493,C:/Healthcare/Maintenance/,2025-10-17T01:04:09,low
parking_agenda_0923.pdf,.pdf,694,C:/Healthcare/Meetings/,2024-11-13T12:24:18,low
claim_0924.pdf,.pdf,1227,C:/Healthcare/Insurance/,2023-03-04T12:51:50,low
claim_0925.docx,.docx,662,C:/Healthcare/Insurance/,2024-02-17T21:43:41,high
results_0926.xlsx,.xlsx,799,C:/Healthcare/LabResults/,2024-08-27T01:19:23,low
report_policy_0927.pdf,.pdf,69,C:/Healthcare/Insurance/,2024-06-15T11:56:27,low
info_0928.csv,.csv,724,C:/Healthcare/PublicInfo/Menu/,2025-08-17T10:17:15,medium
claim_0929.csv,.csv,440,C:/Healthcare/Insurance/,2023-06-10T02:32:15,medium
test_menu_0930.txt,.txt,47,C:/Healthcare/PublicInfo/Notices/,2023-08-16T03:04:17,medium
test_notice_0931.pdf,.pdf,1204,C:/Healthcare/PublicInfo/Menu/,2024-10-23T21:15:33,low
notice_parking_0932_draft.pdf,.pdf,100,C:/Healthcare/PublicInfo/Parking/,2023-03-15T21:01:51,low
insurance_claim_coverage_0933.pdf,.pdf,1121,C:/Healthcare/Insurance/,2025-02-02T04:28:57,low
lab_maintenance_0934.xlsx,.xlsx,284,C:/Healthcare/Maintenance/,2025-07-03T20:11:46,high
summary_menu_0935.txt,.txt,37,C:/Healthcare/PublicInfo/Notices/,2025-10-13T12:07:42,medium
notice_roster_0936.xlsx,.xlsx,1070,C:/Healthcare/StaffSchedules/,2025-04-08T20:28:02,medium
appointment_coverage_0937.pdf,.pdf,798,C:/Healthcare/Insurance/,2024-07-22T13:55:02,low
invoice_notice_0938.txt,.txt,4,C:/Healthcare/PublicInfo/Parking/,2023-09-17T07:47:33,low
guideline_0939_confidential.docx,.docx,712,C:/Healthcare/Internal/Protocols/,2024-09-09T11:38:38,high
notice_0940.txt,.txt,75,C:/Healthcare/PublicInfo/Parking/,2025-08-01T06:44:31,low
audit_minutes_0941.pdf,.pdf,334,C:/Healthcare/Meetings/,2025-03-26T16:08:52,low
lab_agenda_0942.pdf,.pdf,821,C:/Healthcare/Meetings/,2023-08-19T03:02:23,high
test_minutes_0943.txt,.txt,120,C:/Healthcare/Meetings/,2023-06-30T11:41:05,high
record_0944.xlsx,.xlsx,931,C:/Healthcare/Patients/,2023-07-27T13:24:05,low
notice_notice_0945.csv,.csv,649,C:/Healthcare/PublicInfo/Menu/,2025-04-14T19:18:09,low
guideline_0946.docx,.docx,59,C:/Healthcare/Internal/Protocols/,2023-11-17T06:09:53,medium
appointment_info_0947.pdf,.pdf,520,C:/Healthcare/PublicInfo/Parking/,2023-05-26T13:03:21,low
test_menu_0948.pdf,.pdf,573,C:/Healthcare/PublicInfo/Parking/,2023-09-11T02:02:50,low
policy_0949_final.csv,.csv,46,C:/Healthcare/Insurance/,2024-09-17T06:26:52,medium
test_lab_0950.csv,.csv,533,C:/Healthcare/LabResults/,2025-09-28T04:02:04,high
record_0951.pdf,.pdf,2733,C:/Healthcare/Patients/,2023-06-15T04:36:11,low
public_notice_0952.csv,.csv,138,C:/Healthcare/PublicInfo/Notices/,2024-05-30T08:46:19,low
insurance_claim_parking_0953.pdf,.pdf,1262,C:/Healthcare/PublicInfo/Parking/,2025-03-05T15:41:00,medium
notice_0954.pdf,.pdf,322,C:/Healthcare/PublicInfo/Menu/,2025-11-29T04:55:58,low
notice_0955.txt,.txt,60,C:/Healthcare/PublicInfo/Menu/,2024-07-09T01:24:15,low
report_lab_0956.csv,.csv,489,C:/Healthcare/LabResults/,2023-08-22T08:36:31,low
notice_agenda_0957.docx,.docx,81,C:/Healthcare/Meetings/,2023-04-29T15:15:39,low
visit_0958.csv,.csv,63,C:/Healthcare/Patients/,2025-01-13T05:14:17,medium
public_test_0959.xls,.xls,786,C:/Healthcare/LabResults/,2025-02-06T17:21:10,high
parking_0960.txt,.txt,47,C:/Healthcare/PublicInfo/Menu/,2024-08-18T06:10:48,low
schedule_menu_0961.txt,.txt,130,C:/Healthcare/PublicInfo/Menu/,2023-12-07T17:21:49,low
test_0962.xls,.xls,692,C:/Healthcare/LabResults/,2023-08-05T11:19:03,low
meeting_0963.docx,.docx,444,C:/Healthcare/Meetings/,2023-03-28T18:49:22,low
policy_0964.pdf,.pdf,2975,C:/Healthcare/Insurance/,2025-12-25T14:09:11,high
audit_results_0965_draft.csv,.csv,307,C:/Healthcare/LabResults/,2024-10-09T00:03:15,high
menu_reimbursement_0966.csv,.csv,311,C:/Healthcare/Insurance/,2025-12-16T00:41:16,medium
lab_patient_0967.pdf,.pdf,2370,C:/Healthcare/Patients/,2024-12-06T17:24:05,high
appointment_parking_0968.csv,.csv,502,C:/Healthcare/PublicInfo/Notices/,2023-07-14T09:18:34,medium
roster_0969.csv,.csv,244,C:/Healthcare/StaffSchedules/,2025-01-11T15:22:06,low
schedule_maintenance_0970_draft.pdf,.pdf,1480,C:/Healthcare/Maintenance/,2025-07-26T00:33:33,medium
announcement_maintenance_0971_confidential.xlsx,.xlsx,789,C:/Healthcare/Maintenance/,2023-02-20T06:43:17,low
schedule_0972_archived.xlsx,.xlsx,1318,C:/Healthcare/StaffSchedules/,2023-01-14T04:06:35,high
log_0973.txt,.txt,98,C:/Healthcare/Maintenance/,2023-07-21T04:44:22,low
specimen_0974_v2.xlsx,.xlsx,1050,C:/Healthcare/LabResults/,2023-02-28T02:40:55,high
minutes_0975.pdf,.pdf,451,C:/Healthcare/Meetings/,2025-11-24T14:39:37,high
appointment_reimbursement_0976.csv,.csv,245,C:/Healthcare/Insurance/,2023-07-23T19:24:00,low
workorder_0977_archived.xlsx,.xlsx,1788,C:/Healthcare/Maintenance/,2023-08-25T17:56:10,medium
maintenance_protocol_0978.pdf,.pdf,1909,C:/Healthcare/Internal/Protocols/,2023-05-16T09:50:48,low
parking_menu_0979_confidential.pdf,.pdf,1648,C:/Healthcare/PublicInfo/Parking/,2024-02-05T16:51:10,medium
info_0980.csv,.csv,568,C:/Healthcare/PublicInfo/Parking/,2023-03-03T12:07:14,medium
maintenance_log_0981.txt,.txt,60,C:/Healthcare/Maintenance/,2025-02-24T22:54:03,low
notice_0982.pdf,.pdf,1497,C:/Healthcare/PublicInfo/Parking/,2025-05-21T04:09:16,low
invoice_visit_0983.pdf,.pdf,151,C:/Healthcare/Patients/,2024-06-26T01:21:00,high
maintenance_info_0984_v2.txt,.txt,75,C:/Healthcare/PublicInfo/Parking/,2024-11-03T19:40:30,low
prescription_schedule_0985.csv,.csv,293,C:/Healthcare/StaffSchedules/,2023-08-30T22:26:58,medium
appointment_notice_0986.pdf,.pdf,1463,C:/Healthcare/PublicInfo/Parking/,2025-01-05T09:59:26,high
schedule_0987.xlsx,.xlsx,933,C:/Healthcare/StaffSchedules/,2024-03-01T11:55:49,medium
info_0988.pdf,.pdf,361,C:/Healthcare/PublicInfo/Menu/,2023-03-25T11:39:27,low
maintenance_test_0989.pdf,.pdf,568,C:/Healthcare/LabResults/,2023-09-07T14:55:33,medium
info_0990.pdf,.pdf,1027,C:/Healthcare/PublicInfo/Menu/,2025-11-03T15:26:47,low
maintenance_procedure_0991.pdf,.pdf,1482,C:/Healthcare/Internal/Protocols/,2023-08-18T02:41:54,medium
lab_info_0992.csv,.csv,595,C:/Healthcare/PublicInfo/Parking/,2025-09-12T08:09:32,low
notice_0993.txt,.txt,85,C:/Healthcare/PublicInfo/Parking/,2025-07-22T12:47:32,low
results_notice_0994.pdf,.pdf,630,C:/Healthcare/PublicInfo/Menu/,2023-07-13T18:50:37,medium
schedule_parking_0995.txt,.txt,87,C:/Healthcare/PublicInfo/Parking/,2023-06-26T03:06:45,low
announcement_reimbursement_0996.docx,.docx,103,C:/Healthcare/Insurance/,2025-09-12T01:13:52,medium
minutes_0997.docx,.docx,752,C:/Healthcare/Meetings/,2025-08-15T07:51:06,low
notice_0998.pdf,.pdf,894,C:/Healthcare/PublicInfo/Menu/,2024-10-15T10:37:40,low
schedule_roster_0999.xlsx,.xlsx,2347,C:/Healthcare/StaffSchedules/,2024-10-03T11:19:22,medium
menu_parking_1000.pdf,.pdf,1748,C:/Healthcare/PublicInfo/Menu/,2025-11-11T22:28:25,medium
roster_1001_v2.xlsx,.xlsx,914,C:/Healthcare/StaffSchedules/,2025-07-20T23:35:45,low
workorder_1002.xlsx,.xlsx,1087,C:/Healthcare/Maintenance/,2023-03-22T03:04:43,low
guideline_1003.pdf,.pdf,1602,C:/Healthcare/Internal/Protocols/,2024-11-10T11:30:47,medium
schedule_1004_confidential.xlsx,.xlsx,967,C:/Healthcare/StaffSchedules/,2024-02-09T06:04:55,medium
notice_notice_1005_final.pdf,.pdf,1920,C:/Healthcare/PublicInfo/Notices/,2023-05-03T08:51:06,low
protocol_1006.pdf,.pdf,707,C:/Healthcare/Internal/Protocols/,2025-10-10T15:48:36,low
menu_schedule_1007.xlsx,.xlsx,276,C:/Healthcare/StaffSchedules/,2023-08-12T08:06:59,low
patient_1008_confidential.xlsx,.xlsx,1287,C:/Healthcare/Patients/,2023-10-08T14:17:19,high
results_1009.xls,.xls,1013,C:/Healthcare/LabResults/,2025-08-29T23:08:38,medium
parking_analysis_1010.xls,.xls,1387,C:/Healthcare/LabResults/,2025-07-31T09:43:56,high
parking_consent_1011.pdf,.pdf,132,C:/Healthcare/Patients/,2023-07-08T21:20:18,high
announcement_schedule_1012.csv,.csv,291,C:/Healthcare/StaffSchedules/,2023-08-04T06:04:42,low
roster_1013.xlsx,.xlsx,1159,C:/Healthcare/StaffSchedules/,2025-05-06T17:18:09,low
agenda_1014.docx,.docx,496,C:/Healthcare/Meetings/,2025-12-03T07:21:30,medium
test_meeting_1015.txt,.txt,93,C:/Healthcare/Meetings/,2025-07-15T08:47:08,low
meeting_1016.txt,.txt,94,C:/Healthcare/Meetings/,2024-08-03T22:15:26,medium
specimen_1017.xlsx,.xlsx,541,C:/Healthcare/LabResults/,2025-04-04T02:24:21,medium
test_workorder_1018.pdf,.pdf,1062,C:/Healthcare/Maintenance/,2023-08-14T07:28:15,medium
notice_log_1019.xlsx,.xlsx,1180,C:/Healthcare/Maintenance/,2024-08-21T23:52:12,low
notice_meeting_1020.docx,.docx,399,C:/Healthcare/Meetings/,2025-09-30T22:41:46,low
maintenance_parking_1021.txt,.txt,11,C:/Healthcare/PublicInfo/Menu/,2023-07-12T18:30:37,low
schedule_menu_1022.pdf,.pdf,767,C:/Healthcare/PublicInfo/Parking/,2024-12-18T08:06:08,low
minutes_1023.pdf,.pdf,1288,C:/Healthcare/Meetings/,2023-04-18T21:26:13,low
parking_1024.pdf,.pdf,832,C:/Healthcare/PublicInfo/Parking/,2024-05-01T11:59:51,low
public_info_1025.txt,.txt,88,C:/Healthcare/PublicInfo/Parking/,2025-08-17T23:51:09,low
confidential_results_1026_draft.xls,.xls,669,C:/Healthcare/LabResults/,2024-07-27T00:49:32,low
notice_1027.csv,.csv,769,C:/Healthcare/PublicInfo/Notices/,2023-04-27T13:46:30,low
agenda_1028.pdf,.pdf,1546,C:/Healthcare/Meetings/,2023-07-16T04:23:03,medium
workorder_1029.txt,.txt,96,C:/Healthcare/Maintenance/,2025-10-24T05:53:39,low
public_info_1030.csv,.csv,233,C:/Healthcare/PublicInfo/Parking/,2024-01-12T12:26:30,low
credentials_roster_1031.csv,.csv,426,C:/Healthcare/StaffSchedules/,2024-06-12T20:54:04,medium
schedule_1032.pdf,.pdf,1202,C:/Healthcare/StaffSchedules/,2023-08-28T05:29:45,low
summary_info_1033.pdf,.pdf,1479,C:/Healthcare/PublicInfo/Notices/,2024-03-07T14:34:03,low
maintenance_notice_1034.pdf,.pdf,197,C:/Healthcare/PublicInfo/Menu/,2023-10-18T12:58:30,low
agenda_1035.pdf,.pdf,2988,C:/Healthcare/Meetings/,2023-11-26T10:23:40,high
parking_claim_1036.docx,.docx,317,C:/Healthcare/Insurance/,2023-10-29T06:17:42,high
summary_meeting_1037.pdf,.pdf,2596,C:/Healthcare/Meetings/,2023-06-22T13:28:00,high
schedule_1038.xlsx,.xlsx,1044,C:/Healthcare/StaffSchedules/,2025-08-21T11:30:18,high
lab_parking_1039.txt,.txt,76,C:/Healthcare/PublicInfo/Menu/,2025-07-15T08:10:29,medium
appointment_meeting_1040.txt,.txt,57,C:/Healthcare/Meetings/,2023-09-16T20:59:34,low
notice_invoice_1041.pdf,.pdf,1783,C:/Healthcare/Insurance/,2023-01-16T02:54:18,low
notice_guideline_1042.docx,.docx,311,C:/Healthcare/Internal/Protocols/,2024-03-27T12:32:12,high
results_roster_1043_draft.csv,.csv,316,C:/Healthcare/StaffSchedules/,2025-01-25T17:47:07,low
prescription_agenda_1044.pdf,.pdf,743,C:/Healthcare/Meetings/,2025-07-14T10:55:44,low
notice_1045.pdf,.pdf,653,C:/Healthcare/PublicInfo/Parking/,2024-07-08T21:10:21,low
info_1046.pdf,.pdf,3399,C:/Healthcare/PublicInfo/Parking/,2025-09-19T05:43:13,low
specimen_1047.pdf,.pdf,3175,C:/Healthcare/LabResults/,2024-02-17T03:26:55,medium
schedule_workorder_1048.txt,.txt,72,C:/Healthcare/Maintenance/,2025-08-09T06:42:45,low
test_1049.xlsx,.xlsx,258,C:/Healthcare/LabResults/,2023-08-22T08:53:47,low
menu_1050.csv,.csv,308,C:/Healthcare/PublicInfo/Notices/,2023-03-05T14:50:31,medium
roster_1051.xlsx,.xlsx,254,C:/Healthcare/StaffSchedules/,2023-03-19T12:28:59,high
meeting_1052.pdf,.pdf,897,C:/Healthcare/Meetings/,2024-02-25T11:16:04,low
appointment_claim_1053.csv,.csv,303,C:/Healthcare/Insurance/,2024-08-23T00:06:07,low
parking_1054.txt,.txt,32,C:/Healthcare/PublicInfo/Menu/,2024-05-15T22:55:19,low
guideline_1055.docx,.docx,161,C:/Healthcare/Internal/Protocols/,2025-05-30T06:48:20,low
maintenance_info_1056_confidential.txt,.txt,81,C:/Healthcare/PublicInfo/Parking/,2024-12-28T14:25:48,low
schedule_workorder_1057_confidential.pdf,.pdf,1072,C:/Healthcare/Maintenance/,2024-04-14T17:54:56,low
announcement_schedule_1058.csv,.csv,419,C:/Healthcare/StaffSchedules/,2025-11-06T22:21:52,high
diagnosis_1059.docx,.docx,1205,C:/Healthcare/Patients/,2025-10-06T13:16:49,high
summary_specimen_1060.xlsx,.xlsx,675,C:/Healthcare/LabResults/,2023-03-24T08:44:19,high
shift_1061.csv,.csv,166,C:/Healthcare/StaffSchedules/,2025-09-02T22:27:53,low
agenda_1062.txt,.txt,19,C:/Healthcare/Meetings/,2023-07-08T00:29:24,medium
invoice_notice_1063.pdf,.pdf,949,C:/Healthcare/PublicInfo/Notices/,2023-10-13T21:39:19,high
maintenance_schedule_1064.pdf,.pdf,1033,C:/Healthcare/StaffSchedules/,2023-10-15T02:08:10,low
policy_1065.csv,.csv,394,C:/Healthcare/Insurance/,2024-03-25T15:26:31,low
public_test_1066.pdf,.pdf,1965,C:/Healthcare/LabResults/,2023-02-13T10:49:18,high
minutes_1067.docx,.docx,645,C:/Healthcare/Meetings/,2024-11-21T11:23:33,high
menu_consent_1068.csv,.csv,3,C:/Healthcare/Patients/,2025-02-20T16:51:55,high
shift_1069.xlsx,.xlsx,1591,C:/Healthcare/StaffSchedules/,2025-05-24T19:40:13,medium
maintenance_1070.pdf,.pdf,1528,C:/Healthcare/Maintenance/,2025-09-29T04:20:20,low
menu_1071.txt,.txt,127,C:/Healthcare/PublicInfo/Parking/,2024-02-07T16:38:47,low
reimbursement_1072.docx,.docx,270,C:/Healthcare/Insurance/,2023-09-05T06:38:54,low
lab_shift_1073.xlsx,.xlsx,1474,C:/Healthcare/StaffSchedules/,2023-06-13T18:46:57,low
schedule_claim_1074_draft.csv,.csv,629,C:/Healthcare/Insurance/,2025-07-31T05:12:01,low
consent_1075.csv,.csv,331,C:/Healthcare/Patients/,2024-11-10T15:44:09,low
agenda_1076.pdf,.pdf,1188,C:/Healthcare/Meetings/,2025-09-04T07:07:54,low
lab_1077.xls,.xls,399,C:/Healthcare/LabResults/,2023-10-15T20:38:49,medium
info_1078.txt,.txt,138,C:/Healthcare/PublicInfo/Notices/,2024-11-12T18:33:36,low
notice_1079.txt,.txt,18,C:/Healthcare/PublicInfo/Menu/,2023-07-03T04:39:20,low
parking_1080_draft.pdf,.pdf,791,C:/Healthcare/PublicInfo/Parking/,2023-04-16T13:27:52,medium
policy_1081.csv,.csv,234,C:/Healthcare/Insurance/,2025-12-19T13:21:08,medium
test_1082.csv,.csv,177,C:/Healthcare/LabResults/,2023-04-03T06:17:35,high
coverage_1083.pdf,.pdf,1019,C:/Healthcare/Insurance/,2023-04-24T06:21:09,low
protocol_1084.xlsx,.xlsx,516,C:/Healthcare/Internal/Protocols/,2023-05-06T04:44:34,high
lab_notice_1085_archived.txt,.txt,75,C:/Healthcare/PublicInfo/Notices/,2023-12-20T19:19:37,low
diagnosis_diagnosis_1086.csv,.csv,347,C:/Healthcare/Patients/,2024-08-24T09:03:29,medium
schedule_menu_1087_final.txt,.txt,81,C:/Healthcare/PublicInfo/Menu/,2024-06-30T11:38:53,low
roster_1088.xlsx,.xlsx,902,C:/Healthcare/StaffSchedules/,2025-04-12T23:38:24,low
procedure_1089.docx,.docx,878,C:/Healthcare/Internal/Protocols/,2024-03-14T23:56:30,high
visit_1090.docx,.docx,11,C:/Healthcare/Patients/,2025-10-16T23:27:36,high
results_1091.xls,.xls,415,C:/Healthcare/LabResults/,2023-12-09T04:54:19,low
parking_1092.csv,.csv,450,C:/Healthcare/PublicInfo/Parking/,2025-04-21T01:34:11,medium
schedule_info_1093.pdf,.pdf,1431,C:/Healthcare/PublicInfo/Notices/,2025-05-09T00:03:15,medium
roster_1094_v2.xlsx,.xlsx,138,C:/Healthcare/StaffSchedules/,2023-06-27T11:07:30,low
medical_diagnosis_1095.docx,.docx,379,C:/Healthcare/Patients/,2025-02-08T12:15:58,high
notice_visit_1096.csv,.csv,512,C:/Healthcare/Patients/,2025-04-21T06:24:58,medium
workorder_1097.txt,.txt,47,C:/Healthcare/Maintenance/,2025-08-23T12:20:14,low
notice_1098.csv,.csv,76,C:/Healthcare/PublicInfo/Menu/,2024-03-22T11:44:14,low
parking_1099.txt,.txt,47,C:/Healthcare/PublicInfo/Notices/,2023-07-24T20:34:15,low
record_1100_v2.pdf,.pdf,455,C:/Healthcare/Patients/,2023-03-01T23:20:37,low
summary_procedure_1101.docx,.docx,135,C:/Healthcare/Internal/Protocols/,2024-02-15T21:55:43,high
confidential_invoice_1102_draft.docx,.docx,374,C:/Healthcare/Insurance/,2023-05-04T13:43:23,low
minutes_1103.txt,.txt,70,C:/Healthcare/Meetings/,2023-12-20T06:47:30,medium
claim_1104.pdf,.pdf,1660,C:/Healthcare/Insurance/,2024-11-14T23:54:17,low
protocol_1105_draft.docx,.docx,813,C:/Healthcare/Internal/Protocols/,2024-07-02T21:17:06,low
parking_1106_confidential.csv,.csv,270,C:/Healthcare/PublicInfo/Notices/,2024-05-21T02:17:45,low
guideline_1107_archived.pdf,.pdf,682,C:/Healthcare/Internal/Protocols/,2024-07-13T16:28:15,low
workorder_1108.txt,.txt,7,C:/Healthcare/Maintenance/,2023-09-07T00:53:42,low
log_1109_confidential.xlsx,.xlsx,233,C:/Healthcare/Maintenance/,2025-02-28T10:24:29,medium
guideline_1110.xlsx,.xlsx,642,C:/Healthcare/Internal/Protocols/,2025-10-05T12:22:50,high
results_1111.pdf,.pdf,146,C:/Healthcare/LabResults/,2025-04-17T06:09:37,low
notice_specimen_1112.pdf,.pdf,683,C:/Healthcare/LabResults/,2024-03-31T06:15:59,medium
shift_1113.xlsx,.xlsx,1870,C:/Healthcare/StaffSchedules/,2024-11-22T07:04:53,medium
announcement_notice_1114.pdf,.pdf,78,C:/Healthcare/PublicInfo/Menu/,2025-06-03T10:37:03,low
invoice_reimbursement_1115.csv,.csv,206,C:/Healthcare/Insurance/,2024-09-26T14:05:16,low
invoice_menu_1116.txt,.txt,33,C:/Healthcare/PublicInfo/Menu/,2024-12-30T21:39:37,high
lab_1117.xls,.xls,1673,C:/Healthcare/LabResults/,2024-10-18T02:40:23,high
maintenance_1118.xlsx,.xlsx,778,C:/Healthcare/Maintenance/,2025-07-07T19:53:53,high
protocol_1119_draft.pdf,.pdf,345,C:/Healthcare/Internal/Protocols/,2024-11-07T19:42:21,low
meeting_1120.txt,.txt,101,C:/Healthcare/Meetings/,2023-05-11T03:53:55,low
coverage_1121.csv,.csv,243,C:/Healthcare/Insurance/,2025-07-02T13:14:39,medium
summary_agenda_1122.txt,.txt,92,C:/Healthcare/Meetings/,2024-03-19T03:09:33,low
maintenance_1123_v2.pdf,.pdf,563,C:/Healthcare/Maintenance/,2024-05-03T08:27:57,low
summary_test_1124.xlsx,.xlsx,2751,C:/Healthcare/LabResults/,2025-07-30T15:39:44,high
results_1125_confidential.pdf,.pdf,458,C:/Healthcare/LabResults/,2023-03-03T17:48:08,low
invoice_notice_1126.txt,.txt,90,C:/Healthcare/PublicInfo/Notices/,2024-11-22T00:15:57,low
notice_notice_1127.pdf,.pdf,2163,C:/Healthcare/PublicInfo/Notices/,2025-11-04T19:31:25,medium
results_1128.pdf,.pdf,76,C:/Healthcare/LabResults/,2025-09-06T15:21:52,medium
insurance_claim_parking_1129.txt,.txt,148,C:/Healthcare/PublicInfo/Notices/,2025-10-24T00:43:43,high
visit_1130.csv,.csv,819,C:/Healthcare/Patients/,2024-02-17T02:34:50,medium
info_1131.pdf,.pdf,374,C:/Healthcare/PublicInfo/Parking/,2023-11-29T17:32:51,medium
announcement_visit_1132.docx,.docx,151,C:/Healthcare/Patients/,2023-12-31T14:50:19,low
maintenance_1133.pdf,.pdf,28,C:/Healthcare/Maintenance/,2025-01-31T12:47:59,low
notice_1134.txt,.txt,55,C:/Healthcare/PublicInfo/Menu/,2024-10-13T19:35:56,low
notice_1135.pdf,.pdf,275,C:/Healthcare/PublicInfo/Parking/,2024-09-10T09:50:42,low
maintenance_invoice_1136.csv,.csv,331,C:/Healthcare/Insurance/,2024-09-27T08:50:32,high
public_record_1137.xlsx,.xlsx,699,C:/Healthcare/Patients/,2025-01-24T04:57:10,medium
shift_1138.xlsx,.xlsx,1305,C:/Healthcare/StaffSchedules/,2025-08-29T08:22:14,medium
test_1139.pdf,.pdf,823,C:/Healthcare/LabResults/,2024-08-12T01:09:29,low
parking_specimen_1140_final.csv,.csv,361,C:/Healthcare/LabResults/,2025-04-12T04:17:57,medium
test_menu_1141.csv,.csv,193,C:/Healthcare/PublicInfo/Menu/,2023-02-26T00:58:20,medium
announcement_consent_1142.xlsx,.xlsx,1848,C:/Healthcare/Patients/,2025-12-04T21:06:36,medium
shift_1143.xlsx,.xlsx,735,C:/Healthcare/StaffSchedules/,2023-05-12T21:55:17,high
analysis_1144_confidential.xls,.xls,1429,C:/Healthcare/LabResults/,2024-08-30T14:09:21,low
shift_1145.pdf,.pdf,456,C:/Healthcare/StaffSchedules/,2023-06-04T20:18:38,low
agenda_1146.txt,.txt,115,C:/Healthcare/Meetings/,2025-12-27T21:14:44,high
schedule_info_1147.txt,.txt,93,C:/Healthcare/PublicInfo/Notices/,2023-12-15T01:35:39,low
menu_guideline_1148.xlsx,.xlsx,21,C:/Healthcare/Internal/Protocols/,2023-05-10T22:07:18,low
invoice_specimen_1149.csv,.csv,83,C:/Healthcare/LabResults/,2025-05-30T05:50:26,low
schedule_shift_1150.xlsx,.xlsx,320,C:/Healthcare/StaffSchedules/,2023-01-09T15:43:50,high
agenda_1151.docx,.docx,208,C:/Healthcare/Meetings/,2025-01-20T07:24:30,medium
notice_1152.txt,.txt,14,C:/Healthcare/PublicInfo/Notices/,2023-09-09T19:16:09,low
invoice_notice_1153_archived.csv,.csv,474,C:/Healthcare/PublicInfo/Notices/,2025-04-29T20:48:32,low
schedule_parking_1154.txt,.txt,69,C:/Healthcare/PublicInfo/Menu/,2025-08-13T12:36:29,low
summary_log_1155.pdf,.pdf,43,C:/Healthcare/Maintenance/,2025-01-03T09:32:16,low
public_menu_1156.pdf,.pdf,513,C:/Healthcare/PublicInfo/Parking/,2024-12-31T21:16:00,low
insurance_claim_results_1157.pdf,.pdf,1958,C:/Healthcare/LabResults/,2025-07-12T10:52:07,medium
policy_1158.pdf,.pdf,1258,C:/Healthcare/Insurance/,2024-10-24T00:36:25,high
maintenance_guideline_1159.xlsx,.xlsx,991,C:/Healthcare/Internal/Protocols/,2023-06-09T23:14:02,low
report_roster_1160.xlsx,.xlsx,36,C:/Healthcare/StaffSchedules/,2025-07-08T21:41:48,low
procedure_1161.docx,.docx,702,C:/Healthcare/Internal/Protocols/,2023-12-03T05:35:49,low
results_1162.pdf,.pdf,53,C:/Healthcare/LabResults/,2023-03-23T01:45:14,low
public_invoice_1163.docx,.docx,93,C:/Healthcare/Insurance/,2024-08-21T21:35:41,high
parking_1164.pdf,.pdf,1300,C:/Healthcare/PublicInfo/Parking/,2025-09-11T12:39:13,low
meeting_1165.txt,.txt,51,C:/Healthcare/Meetings/,2024-11-07T09:23:13,low
workorder_1166.xlsx,.xlsx,215,C:/Healthcare/Maintenance/,2023-10-24T16:24:00,medium
notice_1167.txt,.txt,45,C:/Healthcare/PublicInfo/Menu/,2023-01-09T17:19:30,low
summary_guideline_1168.docx,.docx,89,C:/Healthcare/Internal/Protocols/,2024-09-10T17:28:36,medium
record_1169.csv,.csv,349,C:/Healthcare/Patients/,2025-01-01T09:02:32,low
schedule_procedure_1170.pdf,.pdf,865,C:/Healthcare/Internal/Protocols/,2023-08-26T23:24:08,low
invoice_claim_1171_final.csv,.csv,224,C:/Healthcare/Insurance/,2025-10-14T16:05:34,low
public_guideline_1172.xlsx,.xlsx,427,C:/Healthcare/Internal/Protocols/,2023-01-23T00:20:27,low
notice_1173_confidential.txt,.txt,74,C:/Healthcare/PublicInfo/Menu/,2024-03-04T00:20:00,medium
menu_procedure_1174.docx,.docx,674,C:/Healthcare/Internal/Protocols/,2024-06-14T10:16:17,high
info_1175_final.txt,.txt,24,C:/Healthcare/PublicInfo/Parking/,2023-10-16T09:51:54,medium
maintenance_1176.pdf,.pdf,550,C:/Healthcare/Maintenance/,2024-01-19T06:50:24,medium
minutes_1177.txt,.txt,79,C:/Healthcare/Meetings/,2023-10-04T12:28:17,low
menu_minutes_1178.pdf,.pdf,1065,C:/Healthcare/Meetings/,2023-05-24T13:22:16,low
maintenance_info_1179.pdf,.pdf,1944,C:/Healthcare/PublicInfo/Parking/,2023-08-30T21:04:27,medium
info_1180.txt,.txt,59,C:/Healthcare/PublicInfo/Notices/,2023-11-19T06:10:59,low
maintenance_log_1181.pdf,.pdf,718,C:/Healthcare/Maintenance/,2023-02-18T20:28:05,low
analysis_1182.xlsx,.xlsx,145,C:/Healthcare/LabResults/,2025-07-03T00:47:53,low
summary_patient_1183.docx,.docx,566,C:/Healthcare/Patients/,2024-07-10T03:22:35,medium
maintenance_minutes_1184.pdf,.pdf,210,C:/Healthcare/Meetings/,2025-01-05T16:02:47,low
parking_shift_1185.xlsx,.xlsx,1225,C:/Healthcare/StaffSchedules/,2025-02-26T12:52:01,low
specimen_1186.xlsx,.xlsx,1258,C:/Healthcare/LabResults/,2025-07-16T04:13:25,high
menu_1187.pdf,.pdf,2946,C:/Healthcare/PublicInfo/Notices/,2024-04-25T10:33:11,medium
menu_invoice_1188_v2.csv,.csv,286,C:/Healthcare/Insurance/,2023-11-12T20:23:34,high
lab_parking_1189_v2.pdf,.pdf,183,C:/Healthcare/PublicInfo/Menu/,2025-01-03T16:50:31,low
notice_1190.csv,.csv,514,C:/Healthcare/PublicInfo/Menu/,2024-05-23T03:36:47,medium
agenda_1191.txt,.txt,61,C:/Healthcare/Meetings/,2025-06-29T23:39:22,low
visit_1192.pdf,.pdf,952,C:/Healthcare/Patients/,2024-09-10T13:15:16,medium
results_lab_1193.csv,.csv,6,C:/Healthcare/LabResults/,2024-03-18T16:13:57,medium
minutes_1194.docx,.docx,85,C:/Healthcare/Meetings/,2025-03-14T16:09:09,low
lab_lab_1195.xlsx,.xlsx,1253,C:/Healthcare/LabResults/,2025-02-26T13:13:39,low
consent_info_1196.txt,.txt,26,C:/Healthcare/PublicInfo/Menu/,2025-07-26T17:10:58,low
parking_1197.txt,.txt,26,C:/Healthcare/PublicInfo/Parking/,2025-04-05T23:38:46,low
report_parking_1198.csv,.csv,342,C:/Healthcare/PublicInfo/Menu/,2024-12-07T19:13:58,medium
notice_info_1199.pdf,.pdf,531,C:/Healthcare/PublicInfo/Menu/,2025-11-14T13:41:07,low
medical_minutes_1200.txt,.txt,81,C:/Healthcare/Meetings/,2025-09-14T23:09:13,medium
notice_diagnosis_1201.xlsx,.xlsx,2111,C:/Healthcare/Patients/,2025-09-10T04:58:07,high
menu_1202.txt,.txt,111,C:/Healthcare/PublicInfo/Parking/,2024-05-22T08:06:03,low
log_1203.xlsx,.xlsx,388,C:/Healthcare/Maintenance/,2023-05-03T08:34:01,high
workorder_1204.txt,.txt,75,C:/Healthcare/Maintenance/,2025-10-11T05:42:21,medium
results_1205.pdf,.pdf,605,C:/Healthcare/LabResults/,2025-12-14T11:46:55,low
maintenance_consent_1206.docx,.docx,335,C:/Healthcare/Patients/,2024-09-11T07:31:06,high
invoice_policy_1207_archived.docx,.docx,207,C:/Healthcare/Insurance/,2025-09-13T05:10:19,medium
lab_workorder_1208.xlsx,.xlsx,9,C:/Healthcare/Maintenance/,2024-10-15T15:14:53,low
announcement_protocol_1209.docx,.docx,805,C:/Healthcare/Internal/Protocols/,2025-02-14T03:07:23,low
invoice_shift_1210.csv,.csv,501,C:/Healthcare/StaffSchedules/,2024-06-20T09:41:13,low
test_1211.xls,.xls,137,C:/Healthcare/LabResults/,2023-08-31T04:23:30,low
procedure_1212.pdf,.pdf,2843,C:/Healthcare/Internal/Protocols/,2025-05-14T09:34:03,low
menu_1213.csv,.csv,168,C:/Healthcare/PublicInfo/Parking/,2023-06-21T20:41:18,medium
procedure_1214.docx,.docx,229,C:/Healthcare/Internal/Protocols/,2025-07-19T21:36:17,low
meeting_1215.pdf,.pdf,326,C:/Healthcare/Meetings/,2024-09-01T05:16:58,medium
schedule_shift_1216.pdf,.pdf,1040,C:/Healthcare/StaffSchedules/,2025-04-07T11:13:00,low
log_1217.txt,.txt,102,C:/Healthcare/Maintenance/,2025-09-15T15:20:27,high
appointment_diagnosis_1218.xlsx,.xlsx,529,C:/Healthcare/Patients/,2024-01-24T06:28:00,low
notice_coverage_1219_confidential.docx,.docx,195,C:/Healthcare/Insurance/,2023-09-08T16:39:19,low
menu_1220.pdf,.pdf,192,C:/Healthcare/PublicInfo/Parking/,2023-04-11T16:23:49,low
menu_diagnosis_1221.pdf,.pdf,1357,C:/Healthcare/Patients/,2025-07-27T07:00:19,high
maintenance_1222.txt,.txt,1,C:/Healthcare/Maintenance/,2023-02-20T05:04:21,low
info_1223_archived.csv,.csv,406,C:/Healthcare/PublicInfo/Menu/,2025-07-31T21:44:22,low
maintenance_notice_1224.csv,.csv,247,C:/Healthcare/PublicInfo/Notices/,2025-03-05T16:19:40,low
results_parking_1225.txt,.txt,33,C:/Healthcare/PublicInfo/Parking/,2023-08-09T12:16:59,low
report_shift_1226.pdf,.pdf,1378,C:/Healthcare/StaffSchedules/,2024-02-08T21:29:09,low
maintenance_workorder_1227.xlsx,.xlsx,624,C:/Healthcare/Maintenance/,2024-03-24T01:27:57,low
parking_record_1228.pdf,.pdf,231,C:/Healthcare/Patients/,2025-11-11T21:38:59,low
minutes_1229.pdf,.pdf,1956,C:/Healthcare/Meetings/,2023-02-13T12:05:27,medium
report_shift_1230.csv,.csv,394,C:/Healthcare/StaffSchedules/,2023-09-22T17:20:59,low
log_1231.pdf,.pdf,733,C:/Healthcare/Maintenance/,2023-09-20T17:16:59,medium
schedule_notice_1232.txt,.txt,49,C:/Healthcare/PublicInfo/Notices/,2023-12-15T10:52:57,medium
claim_1233.pdf,.pdf,1172,C:/Healthcare/Insurance/,2023-01-19T22:52:41,medium
parking_1234.csv,.csv,433,C:/Healthcare/PublicInfo/Notices/,2023-04-15T09:18:46,low
meeting_1235.docx,.docx,179,C:/Healthcare/Meetings/,2024-02-02T19:03:31,high
policy_1236.docx,.docx,912,C:/Healthcare/Insurance/,2024-02-17T20:22:31,low
notice_1237.pdf,.pdf,630,C:/Healthcare/PublicInfo/Notices/,2024-01-14T22:45:52,medium
notice_procedure_1238.xlsx,.xlsx,1367,C:/Healthcare/Internal/Protocols/,2024-11-17T11:09:15,low
appointment_results_1239.xlsx,.xlsx,1039,C:/Healthcare/LabResults/,2024-11-18T14:52:58,high
shift_1240.csv,.csv,138,C:/Healthcare/StaffSchedules/,2025-09-07T10:09:52,medium
parking_coverage_1241.pdf,.pdf,304,C:/Healthcare/Insurance/,2025-08-30T08:03:11,medium
menu_1242.pdf,.pdf,1774,C:/Healthcare/PublicInfo/Parking/,2023-09-11T09:57:35,medium
parking_claim_1243.pdf,.pdf,204,C:/Healthcare/Insurance/,2023-06-18T21:03:57,low
parking_schedule_1244.xlsx,.xlsx,988,C:/Healthcare/StaffSchedules/,2024-05-17T22:51:00,low
menu_policy_1245.pdf,.pdf,1749,C:/Healthcare/Insurance/,2024-10-09T15:30:00,low
test_agenda_1246.pdf,.pdf,908,C:/Healthcare/Meetings/,2024-04-23T11:42:06,low
notice_1247.txt,.txt,77,C:/Healthcare/PublicInfo/Menu/,2024-12-10T18:04:59,low
minutes_1248.pdf,.pdf,2113,C:/Healthcare/Meetings/,2024-10-26T02:17:36,medium
menu_1249.pdf,.pdf,487,C:/Healthcare/PublicInfo/Menu/,2023-04-26T14:50:11,medium
schedule_1250.xlsx,.xlsx,948,C:/Healthcare/StaffSchedules/,2024-08-28T22:36:11,low
info_1251_final.pdf,.pdf,236,C:/Healthcare/PublicInfo/Parking/,2024-03-17T13:03:40,low
lab_1252.xlsx,.xlsx,1167,C:/Healthcare/LabResults/,2023-08-22T16:02:53,low
report_guideline_1253.docx,.docx,423,C:/Healthcare/Internal/Protocols/,2024-03-28T16:54:07,low
record_1254.pdf,.pdf,1940,C:/Healthcare/Patients/,2023-11-30T16:48:08,medium
coverage_1255.pdf,.pdf,576,C:/Healthcare/Insurance/,2023-08-06T21:38:32,medium
maintenance_analysis_1256.csv,.csv,61,C:/Healthcare/LabResults/,2025-05-28T19:22:07,high
parking_1257.csv,.csv,205,C:/Healthcare/PublicInfo/Menu/,2023-04-28T08:48:14,low
protocol_1258.docx,.docx,153,C:/Healthcare/Internal/Protocols/,2024-12-28T16:57:44,low
report_procedure_1259.pdf,.pdf,528,C:/Healthcare/Internal/Protocols/,2025-10-07T10:17:55,medium
workorder_1260.xlsx,.xlsx,161,C:/Healthcare/Maintenance/,2023-02-03T08:57:50,low
payroll_notice_1261_draft.txt,.txt,46,C:/Healthcare/PublicInfo/Menu/,2025-06-26T19:08:03,medium
maintenance_1262.pdf,.pdf,337,C:/Healthcare/Maintenance/,2025-06-15T02:45:12,low
summary_policy_1263_confidential.pdf,.pdf,731,C:/Healthcare/Insurance/,2023-04-18T14:27:23,low
log_1264.txt,.txt,115,C:/Healthcare/Maintenance/,2023-12-04T11:08:16,medium
workorder_1265.xlsx,.xlsx,699,C:/Healthcare/Maintenance/,2023-11-21T00:35:17,low
menu_menu_1266.pdf,.pdf,1188,C:/Healthcare/PublicInfo/Menu/,2025-06-17T08:43:06,medium
notice_1267.pdf,.pdf,382,C:/Healthcare/PublicInfo/Notices/,2024-10-06T21:05:19,low
appointment_shift_1268.xlsx,.xlsx,2592,C:/Healthcare/StaffSchedules/,2024-10-14T11:15:18,low
summary_parking_1269.csv,.csv,234,C:/Healthcare/PublicInfo/Menu/,2023-05-12T04:34:44,low
medical_parking_1270_v2.csv,.csv,1411,C:/Healthcare/PublicInfo/Menu/,2024-12-30T19:53:13,high
record_1271.pdf,.pdf,762,C:/Healthcare/Patients/,2025-03-16T14:47:50,medium
policy_1272.csv,.csv,366,C:/Healthcare/Insurance/,2023-11-14T00:32:17,low
maintenance_agenda_1273.docx,.docx,379,C:/Healthcare/Meetings/,2023-08-13T05:24:55,high
announcement_menu_1274.pdf,.pdf,1077,C:/Healthcare/PublicInfo/Menu/,2023-06-24T14:58:13,low
announcement_info_1275.txt,.txt,81,C:/Healthcare/PublicInfo/Parking/,2025-01-09T19:38:36,low
summary_parking_1276.csv,.csv,172,C:/Healthcare/PublicInfo/Parking/,2025-06-06T09:21:12,medium
maintenance_roster_1277.xlsx,.xlsx,815,C:/Healthcare/StaffSchedules/,2023-06-13T11:11:31,low
shift_1278.xlsx,.xlsx,284,C:/Healthcare/StaffSchedules/,2024-02-19T08:15:40,low
menu_reimbursement_1279.pdf,.pdf,852,C:/Healthcare/Insurance/,2023-11-04T10:06:11,low
policy_1280.pdf,.pdf,124,C:/Healthcare/Insurance/,2024-06-18T05:35:14,medium
schedule_1281.csv,.csv,98,C:/Healthcare/StaffSchedules/,2024-11-14T07:16:52,low
specimen_1282.csv,.csv,431,C:/Healthcare/LabResults/,2025-01-27T01:55:00,medium
test_parking_1283.txt,.txt,75,C:/Healthcare/PublicInfo/Notices/,2023-07-16T02:07:38,low
notice_lab_1284.xls,.xls,741,C:/Healthcare/LabResults/,2023-05-09T21:14:34,low
menu_1285.pdf,.pdf,1465,C:/Healthcare/PublicInfo/Notices/,2024-07-03T19:42:32,low
test_notice_1286.txt,.txt,128,C:/Healthcare/PublicInfo/Notices/,2023-09-17T01:01:11,medium
log_1287.xlsx,.xlsx,1021,C:/Healthcare/Maintenance/,2023-08-25T04:52:30,low
menu_1288.csv,.csv,410,C:/Healthcare/PublicInfo/Notices/,2025-03-21T12:11:46,low
menu_parking_1289_draft.csv,.csv,406,C:/Healthcare/PublicInfo/Menu/,2025-07-11T17:21:47,low
menu_analysis_1290.xls,.xls,1049,C:/Healthcare/LabResults/,2023-09-05T16:27:58,low
test_parking_1291_draft.txt,.txt,135,C:/Healthcare/PublicInfo/Menu/,2024-11-19T18:27:18,low
claim_1292.docx,.docx,225,C:/Healthcare/Insurance/,2025-07-18T15:42:09,low
maintenance_notice_1293.pdf,.pdf,620,C:/Healthcare/PublicInfo/Parking/,2024-06-14T07:27:50,medium
medical_minutes_1294.txt,.txt,136,C:/Healthcare/Meetings/,2024-03-28T05:15:10,high
lab_schedule_1295.csv,.csv,435,C:/Healthcare/StaffSchedules/,2025-12-25T21:30:29,medium
parking_1296.txt,.txt,51,C:/Healthcare/PublicInfo/Menu/,2025-11-02T02:45:36,low
report_meeting_1297.txt,.txt,87,C:/Healthcare/Meetings/,2025-10-31T00:25:43,low
meeting_1298.pdf,.pdf,259,C:/Healthcare/Meetings/,2025-11-03T00:19:48,low
test_notice_1299.pdf,.pdf,58,C:/Healthcare/PublicInfo/Menu/,2025-07-26T23:30:39,low
notice_1300.csv,.csv,369,C:/Healthcare/PublicInfo/Menu/,2025-03-23T02:06:23,low
consent_1301.csv,.csv,285,C:/Healthcare/Patients/,2024-05-26T00:36:05,high
notice_analysis_1302.xls,.xls,538,C:/Healthcare/LabResults/,2024-01-22T08:14:54,low
credentials_meeting_1303.docx,.docx,559,C:/Healthcare/Meetings/,2025-04-30T03:59:31,low
maintenance_1304.txt,.txt,66,C:/Healthcare/Maintenance/,2023-12-20T12:27:32,low
lab_maintenance_1305.txt,.txt,45,C:/Healthcare/Maintenance/,2024-08-17T11:57:19,low
shift_1306.xlsx,.xlsx,354,C:/Healthcare/StaffSchedules/,2023-09-19T19:44:44,low
summary_log_1307.xlsx,.xlsx,67,C:/Healthcare/Maintenance/,2025-12-16T15:11:35,low
appointment_analysis_1308.xls,.xls,454,C:/Healthcare/LabResults/,2024-08-21T10:47:39,medium
test_1309.pdf,.pdf,467,C:/Healthcare/LabResults/,2023-03-05T08:07:18,low
shift_1310_v2.csv,.csv,409,C:/Healthcare/StaffSchedules/,2023-12-17T19:39:05,low
report_parking_1311.txt,.txt,83,C:/Healthcare/PublicInfo/Parking/,2025-06-01T11:46:12,low
schedule_1312.csv,.csv,429,C:/Healthcare/StaffSchedules/,2024-02-11T05:08:19,low
workorder_1313.txt,.txt,87,C:/Healthcare/Maintenance/,2023-04-30T16:16:33,medium
policy_1314.pdf,.pdf,2395,C:/Healthcare/Insurance/,2025-02-27T07:15:00,low
test_menu_1315.txt,.txt,125,C:/Healthcare/PublicInfo/Parking/,2024-02-23T02:01:18,low
schedule_guideline_1316.xlsx,.xlsx,178,C:/Healthcare/Internal/Protocols/,2025-10-07T04:06:18,low
public_visit_1317_draft.csv,.csv,212,C:/Healthcare/Patients/,2023-02-12T20:08:38,low
protocol_1318.pdf,.pdf,114,C:/Healthcare/Internal/Protocols/,2025-11-14T01:25:55,low
meeting_1319.pdf,.pdf,1217,C:/Healthcare/Meetings/,2024-05-03T11:51:57,high
prescription_diagnosis_1320_final.csv,.csv,202,C:/Healthcare/Patients/,2024-01-22T11:55:07,medium
protocol_1321_archived.xlsx,.xlsx,487,C:/Healthcare/Internal/Protocols/,2024-09-18T21:37:53,low
guideline_1322.pdf,.pdf,1017,C:/Healthcare/Internal/Protocols/,2024-04-28T10:12:17,low
parking_workorder_1323_draft.xlsx,.xlsx,314,C:/Healthcare/Maintenance/,2024-06-11T17:41:09,medium
notice_notice_1324.csv,.csv,261,C:/Healthcare/PublicInfo/Parking/,2025-04-01T23:03:34,low
notice_diagnosis_1325.pdf,.pdf,2544,C:/Healthcare/Patients/,2023-10-10T09:29:58,low
maintenance_menu_1326.pdf,.pdf,1557,C:/Healthcare/PublicInfo/Notices/,2023-10-03T17:22:54,low
notice_1327.pdf,.pdf,967,C:/Healthcare/PublicInfo/Notices/,2023-07-06T20:28:41,low
lab_minutes_1328.txt,.txt,45,C:/Healthcare/Meetings/,2025-07-26T12:14:11,medium
invoice_1329.csv,.csv,83,C:/Healthcare/Insurance/,2023-06-30T19:01:17,low
results_menu_1330.pdf,.pdf,946,C:/Healthcare/PublicInfo/Notices/,2025-01-16T07:28:56,low
public_procedure_1331.docx,.docx,46,C:/Healthcare/Internal/Protocols/,2025-04-28T18:33:52,low
test_roster_1332.xlsx,.xlsx,36,C:/Healthcare/StaffSchedules/,2025-02-02T02:43:57,medium
schedule_test_1333.xlsx,.xlsx,576,C:/Healthcare/LabResults/,2023-03-06T16:10:25,low
announcement_schedule_1334.pdf,.pdf,526,C:/Healthcare/StaffSchedules/,2023-03-15T08:01:29,low
announcement_minutes_1335.docx,.docx,234,C:/Healthcare/Meetings/,2025-03-01T07:24:36,low
diagnosis_maintenance_1336.pdf,.pdf,233,C:/Healthcare/Maintenance/,2025-02-08T09:11:53,high
roster_1337.csv,.csv,73,C:/Healthcare/StaffSchedules/,2023-01-08T08:40:28,medium
shift_1338.csv,.csv,314,C:/Healthcare/StaffSchedules/,2024-09-16T10:06:28,low
diagnosis_1339.pdf,.pdf,213,C:/Healthcare/Patients/,2025-08-30T18:04:14,low
meeting_1340.pdf,.pdf,2495,C:/Healthcare/Meetings/,2024-08-08T20:29:28,medium
test_agenda_1341.txt,.txt,8,C:/Healthcare/Meetings/,2025-10-26T21:03:11,high
results_shift_1342_confidential.xlsx,.xlsx,103,C:/Healthcare/StaffSchedules/,2025-12-15T16:11:42,low
maintenance_parking_1343_final.pdf,.pdf,1862,C:/Healthcare/PublicInfo/Menu/,2025-02-12T13:33:48,low
shift_1344.xlsx,.xlsx,1228,C:/Healthcare/StaffSchedules/,2023-05-10T21:07:59,high
analysis_1345.xls,.xls,899,C:/Healthcare/LabResults/,2025-02-21T08:17:16,medium
roster_1346.pdf,.pdf,370,C:/Healthcare/StaffSchedules/,2023-09-30T16:11:44,low
maintenance_1347.pdf,.pdf,2632,C:/Healthcare/Maintenance/,2023-10-13T18:38:37,medium
roster_1348.xlsx,.xlsx,1128,C:/Healthcare/StaffSchedules/,2025-05-15T00:59:22,high
claim_1349_final.pdf,.pdf,1696,C:/Healthcare/Insurance/,2023-09-21T22:53:57,medium
report_log_1350.pdf,.pdf,487,C:/Healthcare/Maintenance/,2023-07-05T20:34:49,low
roster_1351_archived.pdf,.pdf,507,C:/Healthcare/StaffSchedules/,2024-11-29T12:57:27,low
shift_1352.csv,.csv,406,C:/Healthcare/StaffSchedules/,2024-12-06T14:40:05,low
summary_menu_1353.csv,.csv,394,C:/Healthcare/PublicInfo/Notices/,2024-11-01T16:18:23,medium
meeting_1354.pdf,.pdf,1969,C:/Healthcare/Meetings/,2024-09-22T09:02:08,medium
schedule_info_1355.csv,.csv,146,C:/Healthcare/PublicInfo/Menu/,2025-04-03T05:28:29,low
schedule_1356.xlsx,.xlsx,256,C:/Healthcare/StaffSchedules/,2024-12-20T19:54:24,low
parking_1357.csv,.csv,7,C:/Healthcare/PublicInfo/Notices/,2025-10-10T05:10:27,low
info_1358_v2.pdf,.pdf,1236,C:/Healthcare/PublicInfo/Parking/,2025-03-14T21:49:49,medium
public_menu_1359.pdf,.pdf,41,C:/Healthcare/PublicInfo/Menu/,2023-08-31T02:43:15,medium
menu_1360.txt,.txt,24,C:/Healthcare/PublicInfo/Menu/,2025-01-26T00:55:53,low
log_1361.pdf,.pdf,63,C:/Healthcare/Maintenance/,2023-05-14T04:59:38,low
patient_1362.pdf,.pdf,1772,C:/Healthcare/Patients/,2023-08-22T22:53:03,high
audit_shift_1363.xlsx,.xlsx,476,C:/Healthcare/StaffSchedules/,2023-06-07T16:10:30,medium
menu_1364.pdf,.pdf,332,C:/Healthcare/PublicInfo/Notices/,2025-05-08T00:01:37,low
maintenance_menu_1365.txt,.txt,116,C:/Healthcare/PublicInfo/Parking/,2024-08-14T18:48:48,medium
report_parking_1366.txt,.txt,6,C:/Healthcare/PublicInfo/Parking/,2025-02-02T22:24:13,medium
notice_guideline_1367_v2.docx,.docx,451,C:/Healthcare/Internal/Protocols/,2025-11-05T02:32:37,low
roster_1368.pdf,.pdf,49,C:/Healthcare/StaffSchedules/,2023-09-20T15:01:10,low
summary_log_1369.txt,.txt,45,C:/Healthcare/Maintenance/,2024-04-21T08:13:23,medium
notice_agenda_1370.docx,.docx,463,C:/Healthcare/Meetings/,2023-07-22T22:58:46,medium
guideline_1371.docx,.docx,509,C:/Healthcare/Internal/Protocols/,2025-11-09T18:23:37,low
maintenance_meeting_1372.docx,.docx,333,C:/Healthcare/Meetings/,2024-02-11T08:42:18,low
notice_info_1373.pdf,.pdf,2082,C:/Healthcare/PublicInfo/Notices/,2023-06-26T08:31:44,low
patient_1374.csv,.csv,689,C:/Healthcare/Patients/,2024-01-04T01:57:43,high
confidential_test_1375.pdf,.pdf,1364,C:/Healthcare/LabResults/,2024-12-16T18:29:22,high
report_maintenance_1376.txt,.txt,14,C:/Healthcare/Maintenance/,2023-10-16T06:43:49,low
invoice_results_1377.csv,.csv,177,C:/Healthcare/LabResults/,2023-11-03T11:52:04,medium
summary_notice_1378.txt,.txt,50,C:/Healthcare/PublicInfo/Parking/,2025-06-12T21:44:14,medium
roster_1379.csv,.csv,691,C:/Healthcare/StaffSchedules/,2024-09-05T02:17:18,medium
public_guideline_1380.docx,.docx,148,C:/Healthcare/Internal/Protocols/,2025-11-27T19:53:01,medium
minutes_1381.pdf,.pdf,1043,C:/Healthcare/Meetings/,2025-11-13T01:50:49,high
notice_1382.pdf,.pdf,150,C:/Healthcare/PublicInfo/Parking/,2025-07-29T14:55:54,low
test_1383.csv,.csv,74,C:/Healthcare/LabResults/,2025-01-29T18:30:07,low
maintenance_1384.pdf,.pdf,1037,C:/Healthcare/Maintenance/,2024-12-18T03:11:41,high
workorder_1385.txt,.txt,108,C:/Healthcare/Maintenance/,2023-08-26T04:30:13,low
notice_policy_1386.csv,.csv,407,C:/Healthcare/Insurance/,2024-11-05T18:54:26,low
policy_1387_archived.pdf,.pdf,758,C:/Healthcare/Insurance/,2025-02-11T13:31:27,medium
parking_1388.pdf,.pdf,478,C:/Healthcare/PublicInfo/Menu/,2023-09-06T06:32:44,low
patient_notice_1389.csv,.csv,462,C:/Healthcare/PublicInfo/Parking/,2025-02-06T18:17:20,low
medical_schedule_1390.csv,.csv,161,C:/Healthcare/StaffSchedules/,2023-07-21T01:25:42,low
menu_1391.pdf,.pdf,1519,C:/Healthcare/PublicInfo/Notices/,2024-10-09T18:54:30,low
shift_1392.xlsx,.xlsx,526,C:/Healthcare/StaffSchedules/,2024-05-29T06:50:17,low
schedule_1393.pdf,.pdf,343,C:/Healthcare/StaffSchedules/,2024-01-22T23:05:10,low
parking_1394.txt,.txt,37,C:/Healthcare/PublicInfo/Parking/,2025-02-01T15:35:15,medium
parking_1395_archived.txt,.txt,58,C:/Healthcare/PublicInfo/Parking/,2023-08-11T06:32:03,low
diagnosis_maintenance_1396.txt,.txt,85,C:/Healthcare/Maintenance/,2024-05-12T03:47:40,low
menu_1397.csv,.csv,131,C:/Healthcare/PublicInfo/Parking/,2023-07-06T23:26:10,low
minutes_1398.txt,.txt,52,C:/Healthcare/Meetings/,2024-08-07T02:37:41,low
parking_1399.txt,.txt,7,C:/Healthcare/PublicInfo/Menu/,2024-10-16T15:47:48,medium
results_1400.xlsx,.xlsx,950,C:/Healthcare/LabResults/,2024-05-02T22:00:45,medium
menu_specimen_1401.pdf,.pdf,1894,C:/Healthcare/LabResults/,2024-05-22T06:13:13,high
test_info_1402.txt,.txt,85,C:/Healthcare/PublicInfo/Notices/,2023-10-04T12:15:45,low
log_1403.pdf,.pdf,683,C:/Healthcare/Maintenance/,2023-03-28T18:34:52,low
policy_1404.docx,.docx,525,C:/Healthcare/Insurance/,2024-07-13T17:35:19,low
maintenance_maintenance_1405.xlsx,.xlsx,150,C:/Healthcare/Maintenance/,2023-08-29T18:13:21,low
info_1406.csv,.csv,335,C:/Healthcare/PublicInfo/Notices/,2023-03-29T19:00:04,low
menu_1407.pdf,.pdf,942,C:/Healthcare/PublicInfo/Notices/,2023-08-02T20:49:32,high
public_info_1408_draft.pdf,.pdf,313,C:/Healthcare/PublicInfo/Notices/,2023-03-04T08:09:20,low
appointment_shift_1409_final.csv,.csv,408,C:/Healthcare/StaffSchedules/,2023-11-27T12:57:04,medium
reimbursement_1410.docx,.docx,163,C:/Healthcare/Insurance/,2023-11-10T03:40:03,medium
summary_guideline_1411_draft.docx,.docx,889,C:/Healthcare/Internal/Protocols/,2024-09-22T05:15:00,medium
patient_schedule_1412.xlsx,.xlsx,489,C:/Healthcare/StaffSchedules/,2025-12-07T11:44:13,low
shift_1413.pdf,.pdf,1099,C:/Healthcare/StaffSchedules/,2024-01-27T23:38:25,low
menu_roster_1414.csv,.csv,117,C:/Healthcare/StaffSchedules/,2024-08-30T00:22:46,low
guideline_1415.xlsx,.xlsx,2243,C:/Healthcare/Internal/Protocols/,2024-01-22T01:26:21,medium
lab_1416.csv,.csv,653,C:/Healthcare/LabResults/,2024-04-16T09:18:26,low
menu_1417_draft.txt,.txt,55,C:/Healthcare/PublicInfo/Parking/,2024-08-02T03:46:23,medium
test_1418.xls,.xls,379,C:/Healthcare/LabResults/,2023-11-14T22:30:00,low
lab_1419.pdf,.pdf,1277,C:/Healthcare/LabResults/,2023-12-31T18:05:01,low
parking_1420.csv,.csv,281,C:/Healthcare/PublicInfo/Parking/,2023-08-27T03:14:47,high
roster_1421_archived.xlsx,.xlsx,536,C:/Healthcare/StaffSchedules/,2025-06-14T23:11:48,low
record_1422.xlsx,.xlsx,1591,C:/Healthcare/Patients/,2025-11-08T17:44:11,low
agenda_1423.txt,.txt,172,C:/Healthcare/Meetings/,2024-11-07T06:49:09,high
menu_notice_1424.csv,.csv,319,C:/Healthcare/PublicInfo/Notices/,2024-08-02T20:25:10,low
parking_log_1425.txt,.txt,72,C:/Healthcare/Maintenance/,2024-03-30T07:18:32,low
invoice_1426.csv,.csv,357,C:/Healthcare/Insurance/,2024-01-29T07:59:29,low
schedule_invoice_1427.pdf,.pdf,854,C:/Healthcare/Insurance/,2025-08-29T00:01:50,high
maintenance_policy_1428.docx,.docx,458,C:/Healthcare/Insurance/,2024-09-07T17:00:20,low
specimen_1429.pdf,.pdf,641,C:/Healthcare/LabResults/,2025-05-05T02:12:35,low
coverage_1430.csv,.csv,220,C:/Healthcare/Insurance/,2024-09-05T13:11:43,medium
announcement_parking_1431.txt,.txt,44,C:/Healthcare/PublicInfo/Notices/,2025-09-21T22:25:40,low
menu_1432.pdf,.pdf,1944,C:/Healthcare/PublicInfo/Parking/,2025-02-08T06:30:10,low
coverage_1433.csv,.csv,402,C:/Healthcare/Insurance/,2023-05-31T01:01:57,medium
patient_roster_1434.xlsx,.xlsx,836,C:/Healthcare/StaffSchedules/,2024-10-17T10:13:31,high
audit_workorder_1435.pdf,.pdf,595,C:/Healthcare/Maintenance/,2025-09-13T18:42:11,medium
protocol_1436.pdf,.pdf,831,C:/Healthcare/Internal/Protocols/,2024-08-19T03:26:00,medium
announcement_parking_1437.csv,.csv,171,C:/Healthcare/PublicInfo/Notices/,2023-05-15T21:12:20,low
results_notice_1438.pdf,.pdf,1033,C:/Healthcare/PublicInfo/Parking/,2024-04-26T06:41:14,medium
menu_1439.csv,.csv,147,C:/Healthcare/PublicInfo/Notices/,2025-11-14T22:52:19,medium
announcement_visit_1440.csv,.csv,590,C:/Healthcare/Patients/,2023-03-17T16:13:20,medium
agenda_1441.docx,.docx,380,C:/Healthcare/Meetings/,2025-07-22T19:23:27,low
maintenance_1442.pdf,.pdf,2016,C:/Healthcare/Maintenance/,2025-10-12T18:05:51,low
ssn_policy_1443.csv,.csv,321,C:/Healthcare/Insurance/,2025-12-24T14:58:22,low
lab_specimen_1444.xls,.xls,637,C:/Healthcare/LabResults/,2025-03-26T19:57:04,medium
invoice_maintenance_1445.pdf,.pdf,1479,C:/Healthcare/Maintenance/,2025-10-29T13:53:54,medium
menu_maintenance_1446.pdf,.pdf,226,C:/Healthcare/Maintenance/,2025-04-28T01:19:53,low
maintenance_log_1447.pdf,.pdf,775,C:/Healthcare/Maintenance/,2023-07-26T22:36:30,low
confidential_notice_1448.pdf,.pdf,264,C:/Healthcare/PublicInfo/Menu/,2024-05-11T08:54:42,low
roster_1449.pdf,.pdf,839,C:/Healthcare/StaffSchedules/,2025-05-09T02:32:51,low
consent_menu_1450.csv,.csv,401,C:/Healthcare/PublicInfo/Notices/,2023-04-23T18:21:17,low
guideline_1451.docx,.docx,469,C:/Healthcare/Internal/Protocols/,2023-04-03T16:46:16,medium
schedule_notice_1452.pdf,.pdf,752,C:/Healthcare/PublicInfo/Menu/,2023-12-16T02:12:29,low
reimbursement_1453.docx,.docx,321,C:/Healthcare/Insurance/,2025-07-19T11:33:00,low
info_1454.pdf,.pdf,396,C:/Healthcare/PublicInfo/Notices/,2023-08-15T03:00:40,low
schedule_record_1455.docx,.docx,112,C:/Healthcare/Patients/,2025-03-05T11:51:49,medium
menu_1456.txt,.txt,138,C:/Healthcare/PublicInfo/Parking/,2025-08-15T11:48:52,medium
summary_test_1457.xls,.xls,446,C:/Healthcare/LabResults/,2023-10-25T02:56:05,low
summary_log_1458.txt,.txt,44,C:/Healthcare/Maintenance/,2025-08-10T08:17:58,low
policy_1459.csv,.csv,85,C:/Healthcare/Insurance/,2024-12-19T18:20:58,medium
lab_guideline_1460.pdf,.pdf,854,C:/Healthcare/Internal/Protocols/,2025-10-02T19:42:16,low
public_parking_1461.txt,.txt,52,C:/Healthcare/PublicInfo/Parking/,2024-08-07T23:14:58,low
diagnosis_parking_1462.csv,.csv,142,C:/Healthcare/PublicInfo/Notices/,2025-05-31T12:12:18,low
payroll_info_1463.pdf,.pdf,452,C:/Healthcare/PublicInfo/Menu/,2024-07-15T07:32:33,medium
patient_diagnosis_1464.pdf,.pdf,1363,C:/Healthcare/Patients/,2023-03-04T00:58:24,high
appointment_procedure_1465.docx,.docx,30,C:/Healthcare/Internal/Protocols/,2024-02-19T08:37:49,medium
report_parking_1466.pdf,.pdf,5,C:/Healthcare/PublicInfo/Notices/,2023-01-28T02:13:53,low
coverage_1467.pdf,.pdf,1786,C:/Healthcare/Insurance/,2024-01-11T23:19:39,high
menu_1468.txt,.txt,94,C:/Healthcare/PublicInfo/Parking/,2024-11-07T01:10:53,high
guideline_1469.xlsx,.xlsx,2138,C:/Healthcare/Internal/Protocols/,2024-11-18T10:37:23,high
announcement_invoice_1470_draft.csv,.csv,157,C:/Healthcare/Insurance/,2024-06-15T17:26:56,low
schedule_workorder_1471.xlsx,.xlsx,225,C:/Healthcare/Maintenance/,2024-08-09T16:20:40,low
summary_coverage_1472.csv,.csv,376,C:/Healthcare/Insurance/,2024-12-30T16:10:14,medium
patient_1473.xlsx,.xlsx,123,C:/Healthcare/Patients/,2024-08-14T19:37:33,low
consent_1474_draft.docx,.docx,360,C:/Healthcare/Patients/,2024-02-08T16:14:56,medium
menu_1475.pdf,.pdf,797,C:/Healthcare/PublicInfo/Parking/,2023-09-04T14:45:57,medium
test_1476_draft.csv,.csv,192,C:/Healthcare/LabResults/,2024-03-08T15:44:03,medium
announcement_claim_1477.pdf,.pdf,95,C:/Healthcare/Insurance/,2023-10-01T07:39:54,high
minutes_1478.docx,.docx,584,C:/Healthcare/Meetings/,2023-04-15T16:11:12,low
specimen_1479.xls,.xls,686,C:/Healthcare/LabResults/,2023-08-26T05:45:44,medium
report_parking_1480.csv,.csv,513,C:/Healthcare/PublicInfo/Notices/,2023-03-30T07:31:27,low
ssn_menu_1481.pdf,.pdf,919,C:/Healthcare/PublicInfo/Menu/,2024-12-07T17:32:51,medium
policy_1482.csv,.csv,464,C:/Healthcare/Insurance/,2023-01-01T21:22:39,low
meeting_1483.docx,.docx,186,C:/Healthcare/Meetings/,2024-12-25T20:51:44,low
info_1484.pdf,.pdf,82,C:/Healthcare/PublicInfo/Notices/,2025-02-15T07:09:42,low
appointment_coverage_1485.csv,.csv,129,C:/Healthcare/Insurance/,2023-02-07T02:09:22,low
maintenance_1486.pdf,.pdf,1902,C:/Healthcare/Maintenance/,2023-08-06T05:48:13,low
results_agenda_1487.docx,.docx,212,C:/Healthcare/Meetings/,2023-07-22T14:11:25,low
results_notice_1488.csv,.csv,22,C:/Healthcare/PublicInfo/Menu/,2024-11-04T05:39:52,low
specimen_1489.csv,.csv,58,C:/Healthcare/LabResults/,2023-10-28T13:25:52,low
report_minutes_1490.txt,.txt,152,C:/Healthcare/Meetings/,2023-02-07T11:59:55,high
info_1491.txt,.txt,92,C:/Healthcare/PublicInfo/Parking/,2023-03-21T02:17:56,low
info_1492.txt,.txt,117,C:/Healthcare/PublicInfo/Notices/,2023-04-15T12:43:20,low
public_invoice_1493.csv,.csv,23,C:/Healthcare/Insurance/,2025-08-16T06:44:34,high
report_parking_1494_v2.pdf,.pdf,141,C:/Healthcare/PublicInfo/Menu/,2023-08-24T13:47:22,low
results_notice_1495.txt,.txt,133,C:/Healthcare/PublicInfo/Menu/,2023-04-13T15:58:45,medium
schedule_1496.csv,.csv,256,C:/Healthcare/StaffSchedules/,2025-08-16T03:54:33,high
workorder_1497.txt,.txt,67,C:/Healthcare/Maintenance/,2023-08-30T17:07:33,low
appointment_protocol_1498.pdf,.pdf,167,C:/Healthcare/Internal/Protocols/,2025-02-13T23:23:04,low
parking_1499_v2.pdf,.pdf,1552,C:/Healthcare/PublicInfo/Menu/,2024-01-22T09:37:31,low
parking_1500.csv,.csv,119,C:/Healthcare/PublicInfo/Parking/,2024-01-12T16:50:19,low
claim_1501.docx,.docx,264,C:/Healthcare/Insurance/,2024-11-02T08:22:48,low
coverage_1502.docx,.docx,608,C:/Healthcare/Insurance/,2025-02-03T01:53:55,high
maintenance_menu_1503.txt,.txt,47,C:/Healthcare/PublicInfo/Menu/,2025-07-17T22:23:27,medium
maintenance_1504_final.pdf,.pdf,995,C:/Healthcare/Maintenance/,2025-12-19T08:20:29,medium
claim_1505.csv,.csv,99,C:/Healthcare/Insurance/,2024-07-08T23:15:50,medium
summary_guideline_1506_confidential.docx,.docx,1369,C:/Healthcare/Internal/Protocols/,2023-09-21T23:36:47,high
parking_parking_1507.csv,.csv,248,C:/Healthcare/PublicInfo/Menu/,2025-07-30T15:34:15,low
meeting_1508_confidential.pdf,.pdf,657,C:/Healthcare/Meetings/,2024-06-10T02:04:14,medium
coverage_1509.docx,.docx,29,C:/Healthcare/Insurance/,2024-10-11T07:02:09,medium
schedule_1510.pdf,.pdf,1151,C:/Healthcare/StaffSchedules/,2023-05-04T10:13:38,medium
report_consent_1511.xlsx,.xlsx,372,C:/Healthcare/Patients/,2024-01-07T16:02:15,medium
lab_parking_1512.txt,.txt,7,C:/Healthcare/PublicInfo/Parking/,2024-06-20T01:43:31,low
test_1513.xls,.xls,774,C:/Healthcare/LabResults/,2024-05-17T15:55:16,low
info_1514.pdf,.pdf,1190,C:/Healthcare/PublicInfo/Parking/,2023-09-13T01:02:28,low
parking_minutes_1515_v2.docx,.docx,249,C:/Healthcare/Meetings/,2023-10-08T10:00:34,low
prescription_parking_1516.pdf,.pdf,291,C:/Healthcare/PublicInfo/Menu/,2025-02-17T09:30:02,high
public_schedule_1517.xlsx,.xlsx,617,C:/Healthcare/StaffSchedules/,2025-08-09T01:23:02,low
roster_1518.csv,.csv,175,C:/Healthcare/StaffSchedules/,2024-12-10T01:10:52,low
audit_patient_1519.pdf,.pdf,457,C:/Healthcare/Patients/,2023-12-25T18:15:44,low
summary_workorder_1520.txt,.txt,116,C:/Healthcare/Maintenance/,2024-01-30T19:05:50,low
notice_menu_1521.pdf,.pdf,1201,C:/Healthcare/PublicInfo/Menu/,2024-03-01T01:50:28,low
notice_1522.csv,.csv,127,C:/Healthcare/PublicInfo/Notices/,2025-07-21T10:45:16,low
diagnosis_1523.docx,.docx,614,C:/Healthcare/Patients/,2024-08-27T07:57:35,medium
lab_menu_1524_archived.csv,.csv,293,C:/Healthcare/PublicInfo/Notices/,2023-07-21T18:10:59,low
parking_agenda_1525.pdf,.pdf,183,C:/Healthcare/Meetings/,2024-03-24T14:26:35,low
meeting_1526_v2.txt,.txt,1,C:/Healthcare/Meetings/,2024-02-24T12:14:05,low
notice_reimbursement_1527.pdf,.pdf,673,C:/Healthcare/Insurance/,2024-03-08T07:47:49,low
results_analysis_1528.xlsx,.xlsx,1792,C:/Healthcare/LabResults/,2023-05-15T06:07:39,medium
specimen_1529.xls,.xls,717,C:/Healthcare/LabResults/,2024-08-27T17:20:36,low
maintenance_info_1530.pdf,.pdf,1275,C:/Healthcare/PublicInfo/Menu/,2023-04-14T22:14:01,low
shift_1531.pdf,.pdf,546,C:/Healthcare/StaffSchedules/,2023-03-07T04:33:17,low
patient_1532.docx,.docx,480,C:/Healthcare/Patients/,2024-05-04T14:23:44,low
notice_1533.pdf,.pdf,1218,C:/Healthcare/PublicInfo/Parking/,2024-06-13T06:20:27,low
consent_test_1534.csv,.csv,202,C:/Healthcare/LabResults/,2024-04-11T08:27:28,medium
policy_1535.docx,.docx,492,C:/Healthcare/Insurance/,2024-07-19T02:53:48,low
analysis_1536_draft.xlsx,.xlsx,427,C:/Healthcare/LabResults/,2025-03-26T11:42:59,medium
report_protocol_1537.pdf,.pdf,1036,C:/Healthcare/Internal/Protocols/,2025-06-23T11:02:25,low
specimen_1538.xls,.xls,1611,C:/Healthcare/LabResults/,2025-12-08T15:02:34,low
parking_1539_archived.pdf,.pdf,1331,C:/Healthcare/PublicInfo/Notices/,2024-10-14T17:06:58,low
report_results_1540_confidential.csv,.csv,452,C:/Healthcare/LabResults/,2024-09-22T16:21:19,low
appointment_menu_1541_v2.pdf,.pdf,1029,C:/Healthcare/PublicInfo/Notices/,2023-01-27T04:02:43,low
menu_1542.pdf,.pdf,326,C:/Healthcare/PublicInfo/Parking/,2024-09-25T16:00:19,low
diagnosis_1543.xlsx,.xlsx,144,C:/Healthcare/Patients/,2023-04-03T05:32:09,low
menu_1544.pdf,.pdf,2108,C:/Healthcare/PublicInfo/Menu/,2024-10-01T07:26:08,medium
test_protocol_1545.docx,.docx,1000,C:/Healthcare/Internal/Protocols/,2025-07-06T16:17:06,low
schedule_1546.pdf,.pdf,770,C:/Healthcare/StaffSchedules/,2023-07-25T18:02:26,low
report_patient_1547.pdf,.pdf,2084,C:/Healthcare/Patients/,2025-10-09T14:50:28,high
roster_1548.pdf,.pdf,481,C:/Healthcare/StaffSchedules/,2025-10-03T13:49:27,medium
schedule_analysis_1549.pdf,.pdf,997,C:/Healthcare/LabResults/,2023-11-18T05:22:18,medium
menu_1550.pdf,.pdf,1573,C:/Healthcare/PublicInfo/Menu/,2024-11-04T02:20:54,low
notice_1551.pdf,.pdf,917,C:/Healthcare/PublicInfo/Parking/,2024-03-22T03:57:45,low
test_claim_1552.pdf,.pdf,1349,C:/Healthcare/Insurance/,2023-12-15T11:05:48,high
info_1553.pdf,.pdf,929,C:/Healthcare/PublicInfo/Parking/,2023-07-27T08:44:46,low
consent_1554.xlsx,.xlsx,496,C:/Healthcare/Patients/,2023-06-20T14:33:01,low
public_minutes_1555.txt,.txt,86,C:/Healthcare/Meetings/,2023-02-01T12:49:21,low
results_1556.csv,.csv,386,C:/Healthcare/LabResults/,2025-05-13T15:37:31,medium
protocol_1557.pdf,.pdf,2625,C:/Healthcare/Internal/Protocols/,2024-05-23T13:29:13,low
schedule_menu_1558.txt,.txt,92,C:/Healthcare/PublicInfo/Notices/,2025-06-29T14:50:06,low
schedule_1559.csv,.csv,689,C:/Healthcare/StaffSchedules/,2024-01-16T09:56:22,medium
schedule_maintenance_1560.xlsx,.xlsx,1039,C:/Healthcare/Maintenance/,2023-06-10T07:17:31,low
test_protocol_1561.xlsx,.xlsx,228,C:/Healthcare/Internal/Protocols/,2025-05-02T04:05:58,medium
results_menu_1562.csv,.csv,525,C:/Healthcare/PublicInfo/Parking/,2024-03-11T14:28:32,high
protocol_1563.xlsx,.xlsx,539,C:/Healthcare/Internal/Protocols/,2025-07-18T11:06:56,medium
menu_1564_draft.csv,.csv,464,C:/Healthcare/PublicInfo/Notices/,2023-01-10T20:59:28,low
invoice_parking_1565_confidential.csv,.csv,18,C:/Healthcare/PublicInfo/Parking/,2024-06-26T02:07:38,low
maintenance_1566_final.txt,.txt,140,C:/Healthcare/Maintenance/,2023-02-03T04:24:38,low
minutes_1567.pdf,.pdf,919,C:/Healthcare/Meetings/,2023-07-26T00:44:11,low
minutes_1568.docx,.docx,336,C:/Healthcare/Meetings/,2024-07-23T13:25:11,high
public_minutes_1569.txt,.txt,33,C:/Healthcare/Meetings/,2025-11-29T05:45:33,low
menu_1570_archived.pdf,.pdf,1617,C:/Healthcare/PublicInfo/Menu/,2024-02-18T10:25:19,medium
parking_1571.csv,.csv,827,C:/Healthcare/PublicInfo/Notices/,2025-05-31T06:14:21,medium
announcement_shift_1572.pdf,.pdf,768,C:/Healthcare/StaffSchedules/,2023-02-01T02:41:18,medium
announcement_shift_1573.csv,.csv,119,C:/Healthcare/StaffSchedules/,2023-12-23T21:14:48,medium
invoice_info_1574.csv,.csv,190,C:/Healthcare/PublicInfo/Notices/,2025-04-17T08:19:20,low
report_schedule_1575.pdf,.pdf,1825,C:/Healthcare/StaffSchedules/,2025-03-26T16:14:50,high
appointment_menu_1576.pdf,.pdf,622,C:/Healthcare/PublicInfo/Notices/,2023-12-09T13:07:38,low
lab_1577.xlsx,.xlsx,325,C:/Healthcare/LabResults/,2024-12-16T23:34:04,low
coverage_1578_final.docx,.docx,598,C:/Healthcare/Insurance/,2023-02-17T03:26:00,low
specimen_1579_v2.xlsx,.xlsx,524,C:/Healthcare/LabResults/,2025-04-17T08:32:41,medium
log_1580_v2.xlsx,.xlsx,85,C:/Healthcare/Maintenance/,2025-02-21T23:13:51,low
report_meeting_1581.txt,.txt,121,C:/Healthcare/Meetings/,2024-03-22T02:59:17,low
menu_1582.txt,.txt,106,C:/Healthcare/PublicInfo/Parking/,2024-08-12T10:44:40,low
notice_notice_1583.pdf,.pdf,617,C:/Healthcare/PublicInfo/Parking/,2024-06-14T11:38:17,medium
announcement_results_1584.xlsx,.xlsx,1489,C:/Healthcare/LabResults/,2023-12-20T22:40:04,medium
medical_maintenance_1585.xlsx,.xlsx,1373,C:/Healthcare/Maintenance/,2023-03-24T09:21:08,high
maintenance_info_1586.pdf,.pdf,470,C:/Healthcare/PublicInfo/Menu/,2025-03-27T20:03:28,high
confidential_claim_1587.pdf,.pdf,114,C:/Healthcare/Insurance/,2023-01-08T17:21:34,medium
meeting_1588.docx,.docx,90,C:/Healthcare/Meetings/,2024-08-10T08:08:21,low
medical_roster_1589.csv,.csv,136,C:/Healthcare/StaffSchedules/,2023-09-23T10:32:15,low
parking_1590.txt,.txt,60,C:/Healthcare/PublicInfo/Notices/,2024-10-14T03:16:03,medium
reimbursement_1591.pdf,.pdf,1669,C:/Healthcare/Insurance/,2024-12-18T15:18:50,high
consent_1592.csv,.csv,197,C:/Healthcare/Patients/,2023-10-17T20:32:43,medium
parking_1593.csv,.csv,139,C:/Healthcare/PublicInfo/Menu/,2023-02-06T03:20:54,low
maintenance_test_1594.xlsx,.xlsx,847,C:/Healthcare/LabResults/,2023-02-04T22:33:43,medium
announcement_schedule_1595.pdf,.pdf,413,C:/Healthcare/StaffSchedules/,2024-12-24T09:54:33,low
guideline_1596_final.xlsx,.xlsx,901,C:/Healthcare/Internal/Protocols/,2024-07-05T13:43:31,medium
summary_schedule_1597.pdf,.pdf,755,C:/Healthcare/StaffSchedules/,2025-07-20T20:13:20,low
notice_1598.txt,.txt,43,C:/Healthcare/PublicInfo/Parking/,2025-11-20T10:51:47,low
lab_shift_1599.csv,.csv,421,C:/Healthcare/StaffSchedules/,2023-05-11T06:43:28,medium
parking_guideline_1600_confidential.xlsx,.xlsx,636,C:/Healthcare/Internal/Protocols/,2023-01-14T00:30:06,low
report_patient_1601.csv,.csv,1,C:/Healthcare/Patients/,2025-03-24T19:16:46,medium
schedule_consent_1602.pdf,.pdf,263,C:/Healthcare/Patients/,2024-10-07T11:22:09,low
consent_1603.csv,.csv,501,C:/Healthcare/Patients/,2024-04-28T11:24:55,low
appointment_procedure_1604.docx,.docx,423,C:/Healthcare/Internal/Protocols/,2025-01-11T12:46:54,low
workorder_1605.txt,.txt,38,C:/Healthcare/Maintenance/,2023-12-01T21:36:49,low
results_guideline_1606.pdf,.pdf,921,C:/Healthcare/Internal/Protocols/,2024-04-01T15:11:24,high
public_claim_1607.docx,.docx,177,C:/Healthcare/Insurance/,2024-09-06T09:10:48,low
notice_1608.txt,.txt,28,C:/Healthcare/PublicInfo/Menu/,2023-03-07T11:47:00,medium
diagnosis_shift_1609.pdf,.pdf,1825,C:/Healthcare/StaffSchedules/,2023-08-28T05:13:51,high
menu_1610_v2.pdf,.pdf,547,C:/Healthcare/PublicInfo/Parking/,2023-03-22T20:38:30,low
appointment_notice_1611.txt,.txt,135,C:/Healthcare/PublicInfo/Menu/,2025-09-27T15:41:14,low
coverage_1612.docx,.docx,563,C:/Healthcare/Insurance/,2025-05-11T10:24:13,low
visit_1613.xlsx,.xlsx,1972,C:/Healthcare/Patients/,2025-04-01T03:55:59,high
lab_coverage_1614.docx,.docx,37,C:/Healthcare/Insurance/,2023-01-29T01:06:30,high
announcement_procedure_1615.xlsx,.xlsx,768,C:/Healthcare/Internal/Protocols/,2024-12-04T21:05:17,medium
test_meeting_1616.docx,.docx,321,C:/Healthcare/Meetings/,2024-08-06T21:22:28,low
meeting_1617.txt,.txt,111,C:/Healthcare/Meetings/,2023-08-14T12:44:30,low
menu_1618.csv,.csv,370,C:/Healthcare/PublicInfo/Notices/,2024-04-25T22:28:28,low
protocol_1619.pdf,.pdf,2284,C:/Healthcare/Internal/Protocols/,2023-12-13T11:04:59,low
agenda_1620.txt,.txt,14,C:/Healthcare/Meetings/,2024-09-25T12:35:53,low
guideline_1621.pdf,.pdf,89,C:/Healthcare/Internal/Protocols/,2023-02-17T09:52:49,low
appointment_menu_1622.pdf,.pdf,92,C:/Healthcare/PublicInfo/Parking/,2024-01-14T23:33:17,low
notice_1623.pdf,.pdf,1127,C:/Healthcare/PublicInfo/Notices/,2024-09-24T23:39:49,low
specimen_1624.pdf,.pdf,824,C:/Healthcare/LabResults/,2023-08-17T17:35:36,medium
public_menu_1625.txt,.txt,75,C:/Healthcare/PublicInfo/Menu/,2025-09-06T05:15:25,low
appointment_analysis_1626.pdf,.pdf,423,C:/Healthcare/LabResults/,2025-04-01T00:04:51,low
maintenance_1627.pdf,.pdf,231,C:/Healthcare/Maintenance/,2024-01-09T18:14:52,medium
announcement_guideline_1628.xlsx,.xlsx,2040,C:/Healthcare/Internal/Protocols/,2023-12-14T13:26:01,high
consent_1629.pdf,.pdf,309,C:/Healthcare/Patients/,2023-07-01T10:01:15,low
consent_menu_1630.txt,.txt,7,C:/Healthcare/PublicInfo/Menu/,2023-03-16T10:26:36,low
consent_test_1631_confidential.xlsx,.xlsx,1300,C:/Healthcare/LabResults/,2023-10-03T06:05:32,low
info_1632.pdf,.pdf,1424,C:/Healthcare/PublicInfo/Notices/,2025-09-17T07:49:48,low
agenda_1633.pdf,.pdf,1711,C:/Healthcare/Meetings/,2024-11-28T12:52:06,medium
invoice_1634.csv,.csv,115,C:/Healthcare/Insurance/,2023-05-24T00:36:01,low
info_1635.csv,.csv,175,C:/Healthcare/PublicInfo/Parking/,2023-04-14T18:15:53,low
meeting_1636.pdf,.pdf,1186,C:/Healthcare/Meetings/,2023-12-27T13:48:13,high
test_1637.pdf,.pdf,1473,C:/Healthcare/LabResults/,2024-09-15T10:00:25,low
analysis_1638_v2.xlsx,.xlsx,983,C:/Healthcare/LabResults/,2024-08-13T01:04:19,medium
maintenance_specimen_1639.xls,.xls,1078,C:/Healthcare/LabResults/,2024-08-07T01:35:30,low
public_specimen_1640.xls,.xls,2535,C:/Healthcare/LabResults/,2024-05-16T19:09:28,high
announcement_patient_1641.pdf,.pdf,1457,C:/Healthcare/Patients/,2023-11-15T06:51:52,medium
minutes_1642.txt,.txt,104,C:/Healthcare/Meetings/,2023-10-17T22:45:14,low
report_analysis_1643.xls,.xls,248,C:/Healthcare/LabResults/,2025-03-17T21:32:54,low
public_info_1644.pdf,.pdf,991,C:/Healthcare/PublicInfo/Menu/,2023-12-26T19:44:50,low
menu_1645.pdf,.pdf,784,C:/Healthcare/PublicInfo/Notices/,2024-11-29T11:54:57,low
diagnosis_1646.docx,.docx,701,C:/Healthcare/Patients/,2024-12-05T14:27:14,low
schedule_menu_1647.txt,.txt,2,C:/Healthcare/PublicInfo/Parking/,2024-07-21T03:24:14,low
lab_visit_1648.docx,.docx,1195,C:/Healthcare/Patients/,2025-11-20T09:31:36,medium
schedule_maintenance_1649.xlsx,.xlsx,1830,C:/Healthcare/Maintenance/,2023-09-28T15:11:45,medium
appointment_analysis_1650.pdf,.pdf,193,C:/Healthcare/LabResults/,2025-11-25T05:39:28,low
meeting_1651.pdf,.pdf,1134,C:/Healthcare/Meetings/,2023-02-28T16:50:37,low
log_1652.txt,.txt,97,C:/Healthcare/Maintenance/,2025-12-10T01:30:00,low
menu_agenda_1653.docx,.docx,444,C:/Healthcare/Meetings/,2025-10-02T12:00:10,low
announcement_specimen_1654.xls,.xls,498,C:/Healthcare/LabResults/,2024-07-08T11:36:29,low
schedule_invoice_1655.pdf,.pdf,107,C:/Healthcare/Insurance/,2024-12-03T04:01:14,high
audit_minutes_1656.docx,.docx,1069,C:/Healthcare/Meetings/,2025-04-21T22:21:32,medium
invoice_1657.csv,.csv,108,C:/Healthcare/Insurance/,2024-05-12T06:47:59,low
public_notice_1658.txt,.txt,1,C:/Healthcare/PublicInfo/Notices/,2024-09-11T04:38:54,low
coverage_1659_draft.docx,.docx,24,C:/Healthcare/Insurance/,2024-08-29T02:00:41,low
schedule_notice_1660_final.csv,.csv,484,C:/Healthcare/PublicInfo/Menu/,2024-08-04T19:27:52,low
agenda_1661.pdf,.pdf,2086,C:/Healthcare/Meetings/,2025-08-07T18:10:30,medium
results_meeting_1662.pdf,.pdf,661,C:/Healthcare/Meetings/,2023-10-30T06:00:49,low
notice_1663.csv,.csv,667,C:/Healthcare/PublicInfo/Notices/,2024-05-24T08:16:38,medium
schedule_policy_1664.docx,.docx,93,C:/Healthcare/Insurance/,2025-07-04T04:08:36,medium
appointment_schedule_1665.pdf,.pdf,1854,C:/Healthcare/StaffSchedules/,2025-05-19T19:50:04,medium
info_1666.pdf,.pdf,548,C:/Healthcare/PublicInfo/Menu/,2024-05-12T18:55:18,low
parking_menu_1667_draft.csv,.csv,149,C:/Healthcare/PublicInfo/Parking/,2025-06-15T06:47:55,high
invoice_specimen_1668.pdf,.pdf,418,C:/Healthcare/LabResults/,2024-02-23T02:02:04,medium
schedule_record_1669_draft.pdf,.pdf,618,C:/Healthcare/Patients/,2023-09-27T12:54:32,medium
workorder_1670.pdf,.pdf,1202,C:/Healthcare/Maintenance/,2024-05-07T22:33:21,high
visit_1671.pdf,.pdf,2519,C:/Healthcare/Patients/,2023-05-16T08:42:14,low
diagnosis_1672.xlsx,.xlsx,261,C:/Healthcare/Patients/,2025-07-28T22:42:37,low
prescription_policy_1673.csv,.csv,300,C:/Healthcare/Insurance/,2023-08-01T14:07:44,medium
workorder_1674.pdf,.pdf,1186,C:/Healthcare/Maintenance/,2024-10-07T11:26:06,low
test_menu_1675.txt,.txt,54,C:/Healthcare/PublicInfo/Parking/,2025-07-02T22:12:17,low
parking_1676.csv,.csv,198,C:/Healthcare/PublicInfo/Menu/,2024-04-18T02:08:16,low
procedure_1677.xlsx,.xlsx,1782,C:/Healthcare/Internal/Protocols/,2023-03-03T05:01:12,medium
public_visit_1678.pdf,.pdf,2456,C:/Healthcare/Patients/,2023-06-29T18:51:33,high
confidential_workorder_1679.txt,.txt,133,C:/Healthcare/Maintenance/,2025-05-13T00:15:28,low
parking_reimbursement_1680.docx,.docx,682,C:/Healthcare/Insurance/,2025-02-15T01:51:31,low
shift_1681.csv,.csv,57,C:/Healthcare/StaffSchedules/,2023-07-21T12:55:46,medium
log_1682.txt,.txt,47,C:/Healthcare/Maintenance/,2023-12-06T07:58:57,low
claim_1683.csv,.csv,318,C:/Healthcare/Insurance/,2023-08-11T11:21:10,high
patient_1684.xlsx,.xlsx,1069,C:/Healthcare/Patients/,2024-02-12T14:37:19,high
info_1685.pdf,.pdf,998,C:/Healthcare/PublicInfo/Parking/,2023-05-16T07:01:15,low
summary_info_1686.pdf,.pdf,85,C:/Healthcare/PublicInfo/Parking/,2023-07-30T18:01:08,low
notice_1687.pdf,.pdf,359,C:/Healthcare/PublicInfo/Menu/,2025-11-06T11:21:57,low
menu_1688.txt,.txt,118,C:/Healthcare/PublicInfo/Parking/,2023-10-10T04:29:46,low
menu_1689_v2.csv,.csv,343,C:/Healthcare/PublicInfo/Parking/,2025-05-26T21:31:12,medium
protocol_1690.xlsx,.xlsx,206,C:/Healthcare/Internal/Protocols/,2025-08-13T01:44:54,medium
roster_1691.pdf,.pdf,104,C:/Healthcare/StaffSchedules/,2025-09-21T18:15:30,low
minutes_1692.pdf,.pdf,833,C:/Healthcare/Meetings/,2025-06-16T06:40:51,medium
parking_1693.pdf,.pdf,584,C:/Healthcare/PublicInfo/Notices/,2025-02-05T00:10:01,medium
menu_roster_1694.xlsx,.xlsx,1058,C:/Healthcare/StaffSchedules/,2025-08-07T11:39:58,medium
maintenance_specimen_1695.xls,.xls,1092,C:/Healthcare/LabResults/,2024-01-18T21:47:20,high
schedule_procedure_1696_archived.pdf,.pdf,2311,C:/Healthcare/Internal/Protocols/,2025-03-17T03:40:07,low
consent_roster_1697.xlsx,.xlsx,539,C:/Healthcare/StaffSchedules/,2023-10-20T17:34:10,low
invoice_1698.pdf,.pdf,218,C:/Healthcare/Insurance/,2025-06-02T18:55:25,low
lab_parking_1699.pdf,.pdf,1147,C:/Healthcare/PublicInfo/Parking/,2023-03-04T19:37:48,medium
roster_1700.xlsx,.xlsx,884,C:/Healthcare/StaffSchedules/,2025-06-10T10:45:54,low
ssn_maintenance_1701.xlsx,.xlsx,1756,C:/Healthcare/Maintenance/,2025-09-25T17:29:03,low
procedure_1702.docx,.docx,526,C:/Healthcare/Internal/Protocols/,2024-03-06T14:10:31,low
menu_1703.pdf,.pdf,994,C:/Healthcare/PublicInfo/Notices/,2025-12-02T20:46:22,low
protocol_1704.pdf,.pdf,1291,C:/Healthcare/Internal/Protocols/,2023-11-18T22:40:36,high
invoice_1705.pdf,.pdf,962,C:/Healthcare/Insurance/,2025-11-12T03:34:39,low
notice_results_1706.xls,.xls,966,C:/Healthcare/LabResults/,2024-06-16T17:41:24,low
menu_1707.csv,.csv,322,C:/Healthcare/PublicInfo/Notices/,2023-10-26T22:51:13,low
report_menu_1708.txt,.txt,132,C:/Healthcare/PublicInfo/Menu/,2024-03-14T03:23:57,low
maintenance_reimbursement_1709.pdf,.pdf,1980,C:/Healthcare/Insurance/,2025-10-29T22:08:39,high
summary_workorder_1710.txt,.txt,80,C:/Healthcare/Maintenance/,2024-06-27T16:01:33,low
insurance_claim_notice_1711.csv,.csv,157,C:/Healthcare/PublicInfo/Menu/,2025-12-14T23:05:43,low
patient_protocol_1712.pdf,.pdf,53,C:/Healthcare/Internal/Protocols/,2024-05-22T09:58:56,high
menu_menu_1713.pdf,.pdf,738,C:/Healthcare/PublicInfo/Notices/,2023-08-07T19:06:46,medium
parking_menu_1714.csv,.csv,519,C:/Healthcare/PublicInfo/Parking/,2024-11-19T08:30:31,medium
lab_1715.xlsx,.xlsx,1463,C:/Healthcare/LabResults/,2023-06-16T06:43:42,high
maintenance_1716.xlsx,.xlsx,273,C:/Healthcare/Maintenance/,2024-03-19T10:33:48,low
appointment_record_1717.pdf,.pdf,1791,C:/Healthcare/Patients/,2024-07-26T13:08:24,medium
notice_parking_1718.csv,.csv,108,C:/Healthcare/PublicInfo/Menu/,2023-09-25T22:36:49,low
roster_1719.xlsx,.xlsx,350,C:/Healthcare/StaffSchedules/,2025-05-12T01:42:54,medium
diagnosis_1720.xlsx,.xlsx,1235,C:/Healthcare/Patients/,2024-10-02T21:49:34,high
parking_notice_1721.pdf,.pdf,1389,C:/Healthcare/PublicInfo/Notices/,2025-11-07T02:39:39,high
report_log_1722_draft.pdf,.pdf,780,C:/Healthcare/Maintenance/,2024-12-04T15:41:22,low
menu_test_1723_final.xls,.xls,2550,C:/Healthcare/LabResults/,2025-02-03T08:19:28,medium
notice_meeting_1724.pdf,.pdf,240,C:/Healthcare/Meetings/,2025-11-16T16:45:25,low
log_1725.pdf,.pdf,1001,C:/Healthcare/Maintenance/,2023-11-06T01:56:42,high
test_shift_1726.csv,.csv,147,C:/Healthcare/StaffSchedules/,2024-07-02T17:30:29,low
results_procedure_1727.docx,.docx,436,C:/Healthcare/Internal/Protocols/,2023-06-05T14:30:10,high
minutes_1728.txt,.txt,9,C:/Healthcare/Meetings/,2024-12-27T00:23:32,low
insurance_claim_test_1729.pdf,.pdf,1132,C:/Healthcare/LabResults/,2025-12-23T07:25:35,low
public_meeting_1730_v2.docx,.docx,420,C:/Healthcare/Meetings/,2024-04-07T08:24:29,low
guideline_1731.xlsx,.xlsx,531,C:/Healthcare/Internal/Protocols/,2023-04-12T03:47:57,low
notice_shift_1732.csv,.csv,287,C:/Healthcare/StaffSchedules/,2023-06-04T16:29:27,medium
notice_invoice_1733.pdf,.pdf,1309,C:/Healthcare/Insurance/,2023-10-12T07:18:22,medium
schedule_1734.pdf,.pdf,1451,C:/Healthcare/StaffSchedules/,2025-08-06T10:48:39,medium
medical_menu_1735.csv,.csv,221,C:/Healthcare/PublicInfo/Parking/,2023-03-21T04:42:06,low
menu_1736_archived.txt,.txt,42,C:/Healthcare/PublicInfo/Notices/,2025-10-23T10:46:02,low
record_1737_confidential.xlsx,.xlsx,685,C:/Healthcare/Patients/,2025-11-29T02:16:26,low
procedure_1738.pdf,.pdf,3311,C:/Healthcare/Internal/Protocols/,2023-02-04T19:37:23,high
parking_1739.txt,.txt,20,C:/Healthcare/PublicInfo/Notices/,2024-02-08T22:50:04,low
report_agenda_1740.docx,.docx,212,C:/Healthcare/Meetings/,2024-11-15T01:34:18,low
menu_1741_final.txt,.txt,11,C:/Healthcare/PublicInfo/Notices/,2024-10-12T13:31:57,medium
menu_1742.pdf,.pdf,1692,C:/Healthcare/PublicInfo/Parking/,2023-05-23T03:30:19,low
schedule_specimen_1743.pdf,.pdf,154,C:/Healthcare/LabResults/,2024-12-20T19:16:40,low
info_1744.txt,.txt,11,C:/Healthcare/PublicInfo/Menu/,2023-07-03T04:09:07,medium
appointment_agenda_1745_archived.txt,.txt,51,C:/Healthcare/Meetings/,2023-10-03T00:07:48,low
menu_1746.pdf,.pdf,2413,C:/Healthcare/PublicInfo/Parking/,2025-06-21T14:30:29,low
info_1747.pdf,.pdf,111,C:/Healthcare/PublicInfo/Menu/,2024-01-22T06:31:38,medium
parking_agenda_1748.txt,.txt,32,C:/Healthcare/Meetings/,2023-08-10T02:48:30,low
maintenance_policy_1749.csv,.csv,238,C:/Healthcare/Insurance/,2025-06-10T11:26:13,medium
public_schedule_1750.xlsx,.xlsx,1299,C:/Healthcare/StaffSchedules/,2023-08-24T02:18:55,low
info_1751_final.txt,.txt,18,C:/Healthcare/PublicInfo/Notices/,2023-11-30T03:20:32,medium
results_1752.csv,.csv,52,C:/Healthcare/LabResults/,2023-11-14T18:57:44,low
lab_info_1753.pdf,.pdf,1274,C:/Healthcare/PublicInfo/Menu/,2025-05-14T04:08:06,low
maintenance_notice_1754.pdf,.pdf,588,C:/Healthcare/PublicInfo/Notices/,2024-02-12T06:52:51,low
public_lab_1755.csv,.csv,330,C:/Healthcare/LabResults/,2023-04-09T03:30:21,medium
public_notice_1756.csv,.csv,102,C:/Healthcare/PublicInfo/Parking/,2025-09-06T10:15:22,medium
patient_1757.docx,.docx,247,C:/Healthcare/Patients/,2023-05-04T16:25:42,medium
notice_menu_1758.pdf,.pdf,492,C:/Healthcare/PublicInfo/Parking/,2025-04-28T01:11:13,low
maintenance_menu_1759.txt,.txt,89,C:/Healthcare/PublicInfo/Menu/,2024-08-15T02:45:53,low
protocol_1760.docx,.docx,715,C:/Healthcare/Internal/Protocols/,2023-03-18T14:03:25,low
results_1761_archived.xls,.xls,585,C:/Healthcare/LabResults/,2023-03-11T02:38:56,medium
schedule_log_1762.xlsx,.xlsx,22,C:/Healthcare/Maintenance/,2024-09-05T10:24:30,low
lab_schedule_1763.csv,.csv,17,C:/Healthcare/StaffSchedules/,2025-01-24T05:03:18,medium
diagnosis_1764.pdf,.pdf,1105,C:/Healthcare/Patients/,2023-10-05T22:54:08,high
schedule_record_1765.pdf,.pdf,426,C:/Healthcare/Patients/,2023-03-19T16:13:21,low
report_workorder_1766.txt,.txt,102,C:/Healthcare/Maintenance/,2024-06-12T01:00:52,low
parking_1767.csv,.csv,389,C:/Healthcare/PublicInfo/Notices/,2025-08-03T10:39:08,low
test_record_1768.docx,.docx,798,C:/Healthcare/Patients/,2024-10-12T11:32:02,high
payroll_log_1769.pdf,.pdf,2477,C:/Healthcare/Maintenance/,2025-11-14T23:47:56,high
menu_1770.pdf,.pdf,819,C:/Healthcare/PublicInfo/Menu/,2025-12-14T00:19:02,low
summary_notice_1771.pdf,.pdf,670,C:/Healthcare/PublicInfo/Parking/,2024-08-01T16:09:07,medium
test_info_1772.csv,.csv,153,C:/Healthcare/PublicInfo/Notices/,2025-07-03T16:25:30,low
schedule_menu_1773.csv,.csv,372,C:/Healthcare/PublicInfo/Notices/,2023-01-22T03:47:21,low
agenda_1774.docx,.docx,124,C:/Healthcare/Meetings/,2023-08-17T18:48:01,high
passwords_test_1775.pdf,.pdf,980,C:/Healthcare/LabResults/,2025-07-03T13:54:00,medium
schedule_parking_1776.csv,.csv,263,C:/Healthcare/PublicInfo/Menu/,2024-04-26T04:47:59,low
policy_1777.pdf,.pdf,169,C:/Healthcare/Insurance/,2024-02-21T20:59:25,low
record_1778.pdf,.pdf,308,C:/Healthcare/Patients/,2023-08-15T05:55:37,medium
ssn_roster_1779.pdf,.pdf,848,C:/Healthcare/StaffSchedules/,2025-02-02T03:15:22,medium
guideline_1780.xlsx,.xlsx,584,C:/Healthcare/Internal/Protocols/,2024-03-31T21:20:53,low
passwords_reimbursement_1781.docx,.docx,169,C:/Healthcare/Insurance/,2025-10-14T14:12:46,high
info_1782.pdf,.pdf,761,C:/Healthcare/PublicInfo/Notices/,2023-10-29T22:20:15,low
visit_1783.docx,.docx,415,C:/Healthcare/Patients/,2023-12-23T10:02:27,low
maintenance_1784_final.txt,.txt,75,C:/Healthcare/Maintenance/,2025-03-09T18:20:23,low
test_1785.pdf,.pdf,1001,C:/Healthcare/LabResults/,2025-04-06T00:35:28,low
schedule_1786_confidential.pdf,.pdf,1193,C:/Healthcare/StaffSchedules/,2023-06-16T10:57:30,low
record_1787.xlsx,.xlsx,1035,C:/Healthcare/Patients/,2025-02-19T08:33:49,low
info_1788.txt,.txt,102,C:/Healthcare/PublicInfo/Notices/,2025-06-29T19:48:42,low
notice_1789.txt,.txt,30,C:/Healthcare/PublicInfo/Notices/,2024-11-29T03:22:24,low
claim_1790.pdf,.pdf,440,C:/Healthcare/Insurance/,2023-09-29T21:34:28,low
appointment_meeting_1791.pdf,.pdf,411,C:/Healthcare/Meetings/,2023-08-23T11:44:40,low
analysis_1792_v2.pdf,.pdf,1406,C:/Healthcare/LabResults/,2025-03-14T06:10:50,low
menu_1793.csv,.csv,9,C:/Healthcare/PublicInfo/Notices/,2023-12-24T07:44:47,medium
insurance_claim_reimbursement_1794.csv,.csv,312,C:/Healthcare/Insurance/,2025-09-07T19:31:06,high
procedure_1795.pdf,.pdf,232,C:/Healthcare/Internal/Protocols/,2024-04-03T23:59:01,medium
shift_1796_v2.csv,.csv,254,C:/Healthcare/StaffSchedules/,2024-01-14T23:48:34,low
analysis_1797.csv,.csv,441,C:/Healthcare/LabResults/,2023-08-03T18:26:03,low
announcement_shift_1798.xlsx,.xlsx,360,C:/Healthcare/StaffSchedules/,2023-01-27T06:08:27,high
menu_notice_1799.csv,.csv,691,C:/Healthcare/PublicInfo/Parking/,2024-11-10T16:28:56,low
lab_1800.xlsx,.xlsx,308,C:/Healthcare/LabResults/,2023-05-23T23:02:06,low
test_1801.xls,.xls,36,C:/Healthcare/LabResults/,2023-12-16T04:58:54,low
parking_minutes_1802.pdf,.pdf,1439,C:/Healthcare/Meetings/,2023-03-07T04:17:42,low
announcement_menu_1803.txt,.txt,36,C:/Healthcare/PublicInfo/Notices/,2024-08-10T01:54:10,low
info_1804.csv,.csv,267,C:/Healthcare/PublicInfo/Notices/,2025-04-18T18:15:31,low
notice_1805.txt,.txt,107,C:/Healthcare/PublicInfo/Menu/,2023-02-17T14:09:03,low
parking_workorder_1806.txt,.txt,4,C:/Healthcare/Maintenance/,2025-12-12T20:52:15,low
patient_protocol_1807.docx,.docx,427,C:/Healthcare/Internal/Protocols/,2025-03-21T20:41:56,low
guideline_1808_final.pdf,.pdf,2538,C:/Healthcare/Internal/Protocols/,2025-06-07T00:16:17,low
workorder_1809.txt,.txt,23,C:/Healthcare/Maintenance/,2023-05-21T03:21:34,low
menu_claim_1810_confidential.docx,.docx,562,C:/Healthcare/Insurance/,2023-08-03T00:28:00,high
appointment_info_1811.pdf,.pdf,81,C:/Healthcare/PublicInfo/Menu/,2024-02-15T15:04:43,low
test_log_1812.xlsx,.xlsx,744,C:/Healthcare/Maintenance/,2025-02-24T17:30:06,low
policy_1813.pdf,.pdf,128,C:/Healthcare/Insurance/,2023-01-29T01:23:35,medium
record_1814.pdf,.pdf,378,C:/Healthcare/Patients/,2024-12-31T02:58:14,low
reimbursement_1815.docx,.docx,496,C:/Healthcare/Insurance/,2023-05-19T04:38:49,medium
menu_1816.txt,.txt,115,C:/Healthcare/PublicInfo/Parking/,2024-01-09T09:39:39,medium
schedule_specimen_1817.xls,.xls,424,C:/Healthcare/LabResults/,2024-06-29T22:20:40,medium
notice_1818_confidential.txt,.txt,1,C:/Healthcare/PublicInfo/Notices/,2023-06-19T15:32:35,low
public_lab_1819.xlsx,.xlsx,244,C:/Healthcare/LabResults/,2025-06-03T16:56:30,low
patient_invoice_1820.pdf,.pdf,534,C:/Healthcare/Insurance/,2025-10-12T09:40:55,high
test_1821.pdf,.pdf,959,C:/Healthcare/LabResults/,2023-08-07T19:14:25,medium
announcement_procedure_1822.pdf,.pdf,2254,C:/Healthcare/Internal/Protocols/,2025-01-03T13:32:25,medium
specimen_1823.xlsx,.xlsx,308,C:/Healthcare/LabResults/,2024-04-27T21:30:01,low
notice_1824_draft.pdf,.pdf,1768,C:/Healthcare/PublicInfo/Notices/,2025-08-06T19:18:01,high
invoice_parking_1825.pdf,.pdf,1383,C:/Healthcare/PublicInfo/Menu/,2024-01-11T20:47:42,low
appointment_maintenance_1826.txt,.txt,9,C:/Healthcare/Maintenance/,2024-10-28T20:13:51,low
parking_1827.pdf,.pdf,1125,C:/Healthcare/PublicInfo/Parking/,2024-05-08T20:53:51,low
schedule_1828.csv,.csv,539,C:/Healthcare/StaffSchedules/,2024-05-28T22:55:10,medium
workorder_1829.xlsx,.xlsx,13,C:/Healthcare/Maintenance/,2023-05-05T08:54:49,medium
appointment_maintenance_1830.txt,.txt,102,C:/Healthcare/Maintenance/,2023-03-08T00:42:27,high
notice_notice_1831.txt,.txt,24,C:/Healthcare/PublicInfo/Parking/,2024-12-19T18:41:44,medium
lab_notice_1832.csv,.csv,58,C:/Healthcare/PublicInfo/Notices/,2025-12-02T19:26:02,low
insurance_claim_reimbursement_1833.pdf,.pdf,1626,C:/Healthcare/Insurance/,2023-05-10T04:20:54,low
policy_1834.csv,.csv,266,C:/Healthcare/Insurance/,2024-07-09T02:45:52,low
patient_1835_final.pdf,.pdf,1851,C:/Healthcare/Patients/,2024-06-23T02:00:42,low
procedure_1836.docx,.docx,936,C:/Healthcare/Internal/Protocols/,2023-06-05T04:16:59,low
info_1837.csv,.csv,59,C:/Healthcare/PublicInfo/Parking/,2025-11-13T03:12:12,high
log_1838.pdf,.pdf,1956,C:/Healthcare/Maintenance/,2025-11-18T12:27:47,high
public_protocol_1839.docx,.docx,383,C:/Healthcare/Internal/Protocols/,2023-02-18T19:53:48,medium
public_shift_1840_confidential.csv,.csv,397,C:/Healthcare/StaffSchedules/,2025-10-12T20:41:44,low
maintenance_1841.txt,.txt,69,C:/Healthcare/Maintenance/,2024-06-12T21:33:09,medium
notice_claim_1842.pdf,.pdf,52,C:/Healthcare/Insurance/,2025-06-06T07:37:01,low
notice_1843_archived.csv,.csv,249,C:/Healthcare/PublicInfo/Menu/,2025-12-16T08:19:26,low
public_schedule_1844.pdf,.pdf,882,C:/Healthcare/StaffSchedules/,2024-04-21T12:43:15,medium
protocol_1845_archived.pdf,.pdf,1734,C:/Healthcare/Internal/Protocols/,2023-09-02T03:55:43,low
lab_workorder_1846.xlsx,.xlsx,1704,C:/Healthcare/Maintenance/,2024-08-30T15:36:48,medium
parking_policy_1847.pdf,.pdf,884,C:/Healthcare/Insurance/,2023-12-06T22:45:54,low
roster_1848_final.xlsx,.xlsx,61,C:/Healthcare/StaffSchedules/,2025-11-17T07:41:55,low
passwords_diagnosis_1849.docx,.docx,215,C:/Healthcare/Patients/,2023-05-18T07:16:41,high
results_notice_1850.txt,.txt,120,C:/Healthcare/PublicInfo/Menu/,2024-06-02T23:31:00,low
guideline_1851.pdf,.pdf,919,C:/Healthcare/Internal/Protocols/,2025-07-11T02:53:19,low
menu_menu_1852.pdf,.pdf,2197,C:/Healthcare/PublicInfo/Menu/,2024-12-11T19:33:45,medium
summary_workorder_1853.xlsx,.xlsx,1935,C:/Healthcare/Maintenance/,2023-06-27T22:09:12,low
results_1854.pdf,.pdf,1137,C:/Healthcare/LabResults/,2023-09-19T08:45:30,low
results_1855_confidential.csv,.csv,199,C:/Healthcare/LabResults/,2023-01-07T15:25:04,medium
maintenance_maintenance_1856.pdf,.pdf,374,C:/Healthcare/Maintenance/,2025-07-03T06:24:30,low
schedule_maintenance_1857.pdf,.pdf,925,C:/Healthcare/Maintenance/,2024-06-11T15:47:31,low
schedule_1858.csv,.csv,66,C:/Healthcare/StaffSchedules/,2023-08-29T02:54:24,medium
menu_parking_1859.csv,.csv,86,C:/Healthcare/PublicInfo/Notices/,2023-08-03T12:49:11,low
notice_claim_1860.csv,.csv,788,C:/Healthcare/Insurance/,2023-12-22T04:15:35,medium
summary_claim_1861.docx,.docx,462,C:/Healthcare/Insurance/,2025-03-26T09:42:49,high
test_1862.xls,.xls,239,C:/Healthcare/LabResults/,2025-09-01T11:32:33,low
patient_1863.pdf,.pdf,1855,C:/Healthcare/Patients/,2023-07-22T20:32:35,low
menu_1864.txt,.txt,95,C:/Healthcare/PublicInfo/Parking/,2023-07-22T22:42:56,medium
notice_info_1865.pdf,.pdf,484,C:/Healthcare/PublicInfo/Notices/,2025-07-13T02:23:25,low
schedule_shift_1866.pdf,.pdf,54,C:/Healthcare/StaffSchedules/,2025-11-28T05:25:37,low
patient_1867.xlsx,.xlsx,1609,C:/Healthcare/Patients/,2024-12-30T14:48:27,low
minutes_1868.docx,.docx,116,C:/Healthcare/Meetings/,2023-02-15T07:35:50,low
meeting_1869.pdf,.pdf,3289,C:/Healthcare/Meetings/,2025-05-31T13:31:36,high
report_analysis_1870.pdf,.pdf,1065,C:/Healthcare/LabResults/,2024-10-10T20:23:23,medium
notice_1871.txt,.txt,32,C:/Healthcare/PublicInfo/Menu/,2023-05-11T15:56:51,low
parking_protocol_1872.pdf,.pdf,756,C:/Healthcare/Internal/Protocols/,2024-11-16T00:44:58,low
summary_menu_1873.txt,.txt,61,C:/Healthcare/PublicInfo/Menu/,2024-12-05T16:00:20,low
results_shift_1874.xlsx,.xlsx,80,C:/Healthcare/StaffSchedules/,2024-09-30T08:47:30,medium
reimbursement_1875.csv,.csv,469,C:/Healthcare/Insurance/,2025-03-08T06:54:13,medium
diagnosis_1876_confidential.docx,.docx,955,C:/Healthcare/Patients/,2023-05-12T11:26:09,high
menu_protocol_1877.pdf,.pdf,1263,C:/Healthcare/Internal/Protocols/,2024-03-13T15:47:06,low
summary_notice_1878.csv,.csv,390,C:/Healthcare/PublicInfo/Parking/,2023-02-23T22:59:43,medium
shift_1879.xlsx,.xlsx,66,C:/Healthcare/StaffSchedules/,2024-02-19T21:19:18,low
workorder_1880.txt,.txt,62,C:/Healthcare/Maintenance/,2025-02-14T18:13:00,low
public_log_1881.txt,.txt,80,C:/Healthcare/Maintenance/,2024-01-08T17:12:27,low
parking_1882.txt,.txt,105,C:/Healthcare/PublicInfo/Menu/,2024-08-16T21:27:59,low
results_1883_draft.xlsx,.xlsx,1958,C:/Healthcare/LabResults/,2023-01-13T07:15:15,medium
procedure_1884.docx,.docx,697,C:/Healthcare/Internal/Protocols/,2024-09-11T23:33:43,medium
guideline_1885.docx,.docx,501,C:/Healthcare/Internal/Protocols/,2024-01-08T02:17:35,medium
visit_1886.docx,.docx,205,C:/Healthcare/Patients/,2023-10-10T02:15:53,low
notice_1887.pdf,.pdf,76,C:/Healthcare/PublicInfo/Menu/,2024-01-20T23:06:53,low
coverage_1888.csv,.csv,414,C:/Healthcare/Insurance/,2024-12-04T09:48:02,low
guideline_1889.pdf,.pdf,605,C:/Healthcare/Internal/Protocols/,2025-04-09T18:51:00,low
parking_results_1890.xlsx,.xlsx,360,C:/Healthcare/LabResults/,2025-05-15T05:46:16,medium
test_meeting_1891.pdf,.pdf,1964,C:/Healthcare/Meetings/,2024-02-08T12:36:50,medium
meeting_1892.txt,.txt,48,C:/Healthcare/Meetings/,2025-10-03T19:05:46,medium
parking_visit_1893.xlsx,.xlsx,302,C:/Healthcare/Patients/,2024-05-18T04:22:54,medium
notice_parking_1894.pdf,.pdf,433,C:/Healthcare/PublicInfo/Menu/,2023-08-25T21:38:10,high
prescription_parking_1895.csv,.csv,101,C:/Healthcare/PublicInfo/Parking/,2025-11-26T02:24:12,high
ssn_coverage_1896.csv,.csv,350,C:/Healthcare/Insurance/,2023-12-19T04:19:48,high
results_guideline_1897.pdf,.pdf,1703,C:/Healthcare/Internal/Protocols/,2023-11-05T07:06:21,high
test_1898.xls,.xls,428,C:/Healthcare/LabResults/,2023-02-11T14:45:56,low
procedure_1899.pdf,.pdf,1553,C:/Healthcare/Internal/Protocols/,2025-08-13T22:39:57,low
log_1900.txt,.txt,48,C:/Healthcare/Maintenance/,2023-08-23T05:20:50,medium
menu_1901_draft.pdf,.pdf,127,C:/Healthcare/PublicInfo/Parking/,2023-12-11T22:58:44,low
maintenance_1902.xlsx,.xlsx,790,C:/Healthcare/Maintenance/,2024-12-14T05:02:13,low
schedule_patient_1903.docx,.docx,376,C:/Healthcare/Patients/,2023-01-22T23:54:11,low
parking_menu_1904.pdf,.pdf,1762,C:/Healthcare/PublicInfo/Parking/,2025-02-04T20:11:26,low
parking_1905.csv,.csv,110,C:/Healthcare/PublicInfo/Menu/,2023-07-23T12:56:01,low
policy_1906.pdf,.pdf,1017,C:/Healthcare/Insurance/,2025-02-28T16:58:12,low
record_1907.xlsx,.xlsx,456,C:/Healthcare/Patients/,2025-05-29T08:45:02,high
policy_1908.csv,.csv,88,C:/Healthcare/Insurance/,2025-08-17T22:11:26,low
workorder_1909.xlsx,.xlsx,686,C:/Healthcare/Maintenance/,2024-01-16T00:55:06,low
report_test_1910.pdf,.pdf,840,C:/Healthcare/LabResults/,2025-11-05T06:13:00,medium
workorder_1911.xlsx,.xlsx,553,C:/Healthcare/Maintenance/,2025-10-22T06:15:38,low
schedule_lab_1912.xls,.xls,427,C:/Healthcare/LabResults/,2025-10-17T09:10:45,medium
parking_workorder_1913_draft.pdf,.pdf,1670,C:/Healthcare/Maintenance/,2023-04-15T12:51:25,high
workorder_1914_confidential.xlsx,.xlsx,282,C:/Healthcare/Maintenance/,2024-02-26T22:41:50,low
diagnosis_1915.xlsx,.xlsx,811,C:/Healthcare/Patients/,2025-04-29T22:10:38,low
invoice_notice_1916.pdf,.pdf,2081,C:/Healthcare/PublicInfo/Parking/,2023-04-21T11:34:11,medium
menu_procedure_1917.xlsx,.xlsx,1041,C:/Healthcare/Internal/Protocols/,2024-10-29T23:25:48,high
public_guideline_1918.pdf,.pdf,831,C:/Healthcare/Internal/Protocols/,2025-02-01T01:00:38,medium
menu_1919.pdf,.pdf,581,C:/Healthcare/PublicInfo/Parking/,2024-06-10T19:16:07,low
schedule_procedure_1920.xlsx,.xlsx,1853,C:/Healthcare/Internal/Protocols/,2025-11-30T00:19:54,low
guideline_1921.xlsx,.xlsx,126,C:/Healthcare/Internal/Protocols/,2024-04-24T15:39:24,low
public_schedule_1922.xlsx,.xlsx,1101,C:/Healthcare/StaffSchedules/,2023-04-18T13:56:31,medium
workorder_1923.txt,.txt,67,C:/Healthcare/Maintenance/,2024-03-17T07:43:57,medium
ssn_info_1924.pdf,.pdf,361,C:/Healthcare/PublicInfo/Parking/,2025-02-10T03:34:24,medium
schedule_parking_1925.pdf,.pdf,293,C:/Healthcare/PublicInfo/Menu/,2025-12-08T20:24:40,high
notice_consent_1926.pdf,.pdf,1392,C:/Healthcare/Patients/,2024-08-22T19:37:53,medium
agenda_1927.docx,.docx,929,C:/Healthcare/Meetings/,2023-08-02T08:53:52,high
results_protocol_1928.pdf,.pdf,158,C:/Healthcare/Internal/Protocols/,2023-09-08T21:36:13,low
info_1929.pdf,.pdf,1059,C:/Healthcare/PublicInfo/Notices/,2025-08-22T07:47:37,low
info_1930.csv,.csv,62,C:/Healthcare/PublicInfo/Notices/,2024-05-28T06:29:14,medium
agenda_1931.txt,.txt,62,C:/Healthcare/Meetings/,2023-04-24T09:24:39,medium
announcement_meeting_1932.docx,.docx,538,C:/Healthcare/Meetings/,2025-06-17T09:18:24,medium
parking_1933.pdf,.pdf,522,C:/Healthcare/PublicInfo/Parking/,2025-10-18T05:00:07,medium
appointment_parking_1934.pdf,.pdf,542,C:/Healthcare/PublicInfo/Notices/,2025-06-13T04:39:00,low
parking_1935_v2.txt,.txt,3,C:/Healthcare/PublicInfo/Notices/,2024-11-23T03:02:57,medium
test_invoice_1936.pdf,.pdf,812,C:/Healthcare/Insurance/,2024-03-21T22:34:26,medium
announcement_menu_1937.txt,.txt,10,C:/Healthcare/PublicInfo/Menu/,2024-04-13T18:50:50,medium
agenda_1938.docx,.docx,57,C:/Healthcare/Meetings/,2023-02-12T13:01:02,high
claim_1939.csv,.csv,296,C:/Healthcare/Insurance/,2024-09-03T06:05:00,high
maintenance_1940.pdf,.pdf,324,C:/Healthcare/Maintenance/,2023-01-04T14:22:39,medium
notice_1941.csv,.csv,396,C:/Healthcare/PublicInfo/Notices/,2024-07-14T00:16:22,low
summary_info_1942.pdf,.pdf,35,C:/Healthcare/PublicInfo/Notices/,2023-11-14T23:54:07,medium
invoice_minutes_1943.txt,.txt,74,C:/Healthcare/Meetings/,2023-10-12T10:53:42,high
minutes_1944.docx,.docx,631,C:/Healthcare/Meetings/,2025-12-12T18:22:19,low
notice_1945.csv,.csv,37,C:/Healthcare/PublicInfo/Menu/,2023-08-07T19:57:02,low
announcement_protocol_1946.xlsx,.xlsx,2077,C:/Healthcare/Internal/Protocols/,2024-03-20T08:34:54,high
report_test_1947.xlsx,.xlsx,93,C:/Healthcare/LabResults/,2024-07-23T12:18:41,high
diagnosis_1948.pdf,.pdf,416,C:/Healthcare/Patients/,2024-06-07T03:50:53,medium
results_reimbursement_1949.pdf,.pdf,1827,C:/Healthcare/Insurance/,2023-06-17T11:20:28,high
confidential_roster_1950.xlsx,.xlsx,1607,C:/Healthcare/StaffSchedules/,2024-10-26T12:39:20,medium
info_1951.pdf,.pdf,303,C:/Healthcare/PublicInfo/Parking/,2024-05-04T15:05:11,medium
medical_schedule_1952.pdf,.pdf,854,C:/Healthcare/StaffSchedules/,2025-06-22T16:08:18,low
menu_1953.csv,.csv,441,C:/Healthcare/PublicInfo/Notices/,2023-07-24T18:13:57,medium
notice_diagnosis_1954.pdf,.pdf,1304,C:/Healthcare/Patients/,2023-09-11T06:43:50,low
coverage_1955_archived.docx,.docx,468,C:/Healthcare/Insurance/,2023-06-07T19:33:37,medium
parking_1956.txt,.txt,36,C:/Healthcare/PublicInfo/Parking/,2024-02-14T15:48:31,low
visit_1957.docx,.docx,679,C:/Healthcare/Patients/,2025-09-03T23:55:23,low
claim_1958.pdf,.pdf,3124,C:/Healthcare/Insurance/,2025-12-04T21:57:04,medium
workorder_1959.pdf,.pdf,571,C:/Healthcare/Maintenance/,2024-01-20T07:56:34,low
appointment_notice_1960.pdf,.pdf,1242,C:/Healthcare/PublicInfo/Parking/,2024-12-12T07:21:42,medium
info_1961.pdf,.pdf,2486,C:/Healthcare/PublicInfo/Notices/,2023-04-25T20:27:21,low
info_1962.csv,.csv,198,C:/Healthcare/PublicInfo/Parking/,2023-08-23T15:34:27,high
log_1963.xlsx,.xlsx,335,C:/Healthcare/Maintenance/,2023-06-19T22:25:41,medium
invoice_info_1964.pdf,.pdf,762,C:/Healthcare/PublicInfo/Parking/,2024-03-25T08:26:45,low
schedule_coverage_1965.pdf,.pdf,893,C:/Healthcare/Insurance/,2023-10-31T09:15:51,low
visit_1966.xlsx,.xlsx,980,C:/Healthcare/Patients/,2023-01-29T18:32:18,medium
announcement_meeting_1967.docx,.docx,612,C:/Healthcare/Meetings/,2024-08-04T06:51:08,medium
procedure_1968.pdf,.pdf,974,C:/Healthcare/Internal/Protocols/,2025-11-25T05:59:36,low
menu_1969.txt,.txt,51,C:/Healthcare/PublicInfo/Parking/,2024-05-06T17:11:00,low
invoice_info_1970.pdf,.pdf,1963,C:/Healthcare/PublicInfo/Menu/,2023-05-06T03:14:55,medium
test_menu_1971_draft.pdf,.pdf,655,C:/Healthcare/PublicInfo/Menu/,2023-04-21T19:35:38,low
workorder_1972.txt,.txt,86,C:/Healthcare/Maintenance/,2024-05-05T14:03:00,medium
schedule_procedure_1973.pdf,.pdf,1038,C:/Healthcare/Internal/Protocols/,2025-10-28T14:42:29,low
parking_coverage_1974.pdf,.pdf,437,C:/Healthcare/Insurance/,2023-06-16T04:05:56,low
roster_1975_confidential.csv,.csv,384,C:/Healthcare/StaffSchedules/,2023-09-01T22:38:56,low
test_results_1976_v2.pdf,.pdf,468,C:/Healthcare/LabResults/,2023-06-24T23:59:52,medium
log_1977.pdf,.pdf,730,C:/Healthcare/Maintenance/,2023-06-11T12:41:59,low
procedure_1978_draft.docx,.docx,485,C:/Healthcare/Internal/Protocols/,2023-03-08T03:30:22,low
info_1979.pdf,.pdf,773,C:/Healthcare/PublicInfo/Menu/,2024-05-23T10:20:19,low
maintenance_info_1980.txt,.txt,110,C:/Healthcare/PublicInfo/Menu/,2025-10-19T22:48:31,medium
invoice_policy_1981.pdf,.pdf,202,C:/Healthcare/Insurance/,2023-09-11T08:37:40,medium
guideline_1982.docx,.docx,200,C:/Healthcare/Internal/Protocols/,2023-06-23T20:33:19,low
results_1983.xlsx,.xlsx,30,C:/Healthcare/LabResults/,2024-03-07T08:51:00,medium
results_procedure_1984.pdf,.pdf,797,C:/Healthcare/Internal/Protocols/,2024-10-17T22:33:32,low
menu_1985.pdf,.pdf,1631,C:/Healthcare/PublicInfo/Menu/,2023-09-08T13:27:47,high
menu_notice_1986_final.pdf,.pdf,1290,C:/Healthcare/PublicInfo/Notices/,2023-12-31T23:19:17,medium
menu_1987.csv,.csv,448,C:/Healthcare/PublicInfo/Notices/,2025-05-27T00:08:41,low
announcement_procedure_1988.docx,.docx,58,C:/Healthcare/Internal/Protocols/,2023-10-03T10:36:39,low
test_info_1989.csv,.csv,102,C:/Healthcare/PublicInfo/Notices/,2023-05-10T09:42:56,medium
lab_info_1990.pdf,.pdf,36,C:/Healthcare/PublicInfo/Notices/,2023-06-18T19:08:40,medium
lab_diagnosis_1991.csv,.csv,88,C:/Healthcare/Patients/,2025-04-19T17:41:46,medium
results_info_1992.csv,.csv,198,C:/Healthcare/PublicInfo/Notices/,2025-12-23T21:43:07,medium
consent_1993.docx,.docx,347,C:/Healthcare/Patients/,2024-07-29T03:19:35,low
procedure_1994.docx,.docx,553,C:/Healthcare/Internal/Protocols/,2023-04-27T14:27:10,low
guideline_1995_confidential.docx,.docx,120,C:/Healthcare/Internal/Protocols/,2025-06-19T07:23:28,low
parking_parking_1996.txt,.txt,37,C:/Healthcare/PublicInfo/Notices/,2025-12-25T17:38:12,low
info_1997.txt,.txt,73,C:/Healthcare/PublicInfo/Menu/,2024-05-17T19:23:45,low
menu_1998.pdf,.pdf,610,C:/Healthcare/PublicInfo/Parking/,2025-09-15T17:01:15,medium
visit_1999.xlsx,.xlsx,1109,C:/Healthcare/Patients/,2023-08-10T16:57:51,low
guideline_2000_archived.pdf,.pdf,1022,C:/Healthcare/Internal/Protocols/,2023-01-06T23:26:07,low
public_info_2001.csv,.csv,250,C:/Healthcare/PublicInfo/Notices/,2023-04-27T22:11:35,low
parking_2002_archived.pdf,.pdf,424,C:/Healthcare/PublicInfo/Notices/,2025-09-05T12:53:12,medium
log_2003.xlsx,.xlsx,130,C:/Healthcare/Maintenance/,2025-04-09T01:56:04,high
maintenance_diagnosis_2004.pdf,.pdf,1698,C:/Healthcare/Patients/,2023-09-23T11:39:51,low
results_2005.pdf,.pdf,223,C:/Healthcare/LabResults/,2025-05-08T20:44:47,low
passwords_protocol_2006.xlsx,.xlsx,936,C:/Healthcare/Internal/Protocols/,2025-05-14T03:41:40,low
lab_notice_2007.txt,.txt,126,C:/Healthcare/PublicInfo/Notices/,2024-01-04T02:33:12,low
maintenance_procedure_2008.pdf,.pdf,755,C:/Healthcare/Internal/Protocols/,2024-11-25T12:16:58,low
diagnosis_maintenance_2009.txt,.txt,105,C:/Healthcare/Maintenance/,2025-07-15T12:54:11,high
prescription_workorder_2010.pdf,.pdf,1710,C:/Healthcare/Maintenance/,2025-04-20T23:26:58,low
meeting_2011.docx,.docx,730,C:/Healthcare/Meetings/,2025-04-04T14:23:06,low
notice_2012_v2.pdf,.pdf,100,C:/Healthcare/PublicInfo/Parking/,2023-12-25T17:33:09,low
minutes_2013.txt,.txt,58,C:/Healthcare/Meetings/,2025-10-30T10:52:57,low
workorder_2014.txt,.txt,73,C:/Healthcare/Maintenance/,2023-07-15T19:20:10,low
announcement_analysis_2015.xlsx,.xlsx,354,C:/Healthcare/LabResults/,2023-10-08T20:42:50,low
menu_test_2016.csv,.csv,105,C:/Healthcare/LabResults/,2025-04-20T16:47:47,low
announcement_minutes_2017.docx,.docx,515,C:/Healthcare/Meetings/,2023-12-16T20:57:56,high
maintenance_2018.xlsx,.xlsx,155,C:/Healthcare/Maintenance/,2025-07-14T17:57:25,low
visit_2019.pdf,.pdf,1515,C:/Healthcare/Patients/,2025-09-21T08:22:42,high
menu_invoice_2020.docx,.docx,10,C:/Healthcare/Insurance/,2024-05-13T15:11:19,low
appointment_log_2021.pdf,.pdf,1602,C:/Healthcare/Maintenance/,2024-09-22T19:46:04,medium
parking_specimen_2022_final.pdf,.pdf,29,C:/Healthcare/LabResults/,2024-07-18T07:47:31,low
invoice_agenda_2023.docx,.docx,318,C:/Healthcare/Meetings/,2024-04-07T05:57:24,medium
parking_2024_archived.csv,.csv,640,C:/Healthcare/PublicInfo/Parking/,2025-06-06T03:15:32,medium
announcement_menu_2025_v2.pdf,.pdf,103,C:/Healthcare/PublicInfo/Parking/,2023-12-05T07:10:29,low
menu_2026.pdf,.pdf,1375,C:/Healthcare/PublicInfo/Menu/,2024-10-25T12:20:14,low
menu_diagnosis_2027_v2.docx,.docx,84,C:/Healthcare/Patients/,2024-11-06T10:19:48,low
ssn_claim_2028.pdf,.pdf,982,C:/Healthcare/Insurance/,2023-12-18T17:46:49,high
notice_2029_confidential.csv,.csv,139,C:/Healthcare/PublicInfo/Parking/,2023-10-20T00:49:55,low
notice_meeting_2030.pdf,.pdf,1435,C:/Healthcare/Meetings/,2023-04-12T10:43:28,low
minutes_2031.pdf,.pdf,289,C:/Healthcare/Meetings/,2024-10-29T23:59:43,low
announcement_meeting_2032.txt,.txt,22,C:/Healthcare/Meetings/,2023-03-16T21:55:44,low
menu_notice_2033.txt,.txt,81,C:/Healthcare/PublicInfo/Notices/,2025-04-19T07:56:24,low
parking_protocol_2034.pdf,.pdf,1462,C:/Healthcare/Internal/Protocols/,2025-08-19T23:25:54,low
guideline_2035.xlsx,.xlsx,446,C:/Healthcare/Internal/Protocols/,2025-01-31T14:53:58,low
log_2036.pdf,.pdf,1835,C:/Healthcare/Maintenance/,2023-10-06T07:12:01,low
invoice_2037.pdf,.pdf,1581,C:/Healthcare/Insurance/,2023-04-25T22:07:31,low
public_reimbursement_2038.pdf,.pdf,295,C:/Healthcare/Insurance/,2025-06-20T22:19:05,medium
parking_2039.pdf,.pdf,757,C:/Healthcare/PublicInfo/Notices/,2025-02-10T00:53:12,low
announcement_claim_2040_v2.docx,.docx,148,C:/Healthcare/Insurance/,2025-04-13T05:32:56,medium
specimen_2041.csv,.csv,225,C:/Healthcare/LabResults/,2024-06-06T19:50:33,low
procedure_2042.docx,.docx,324,C:/Healthcare/Internal/Protocols/,2025-06-08T21:43:06,low
announcement_claim_2043.csv,.csv,56,C:/Healthcare/Insurance/,2023-12-10T07:53:35,low
workorder_2044.xlsx,.xlsx,216,C:/Healthcare/Maintenance/,2023-01-19T11:14:38,low
maintenance_2045.xlsx,.xlsx,927,C:/Healthcare/Maintenance/,2023-05-04T23:54:49,high
visit_2046.pdf,.pdf,59,C:/Healthcare/Patients/,2024-05-04T13:36:38,low
maintenance_2047.xlsx,.xlsx,1408,C:/Healthcare/Maintenance/,2023-06-06T23:57:04,low
prescription_notice_2048.csv,.csv,492,C:/Healthcare/PublicInfo/Notices/,2024-06-17T05:19:32,low
schedule_menu_2049.txt,.txt,116,C:/Healthcare/PublicInfo/Notices/,2025-07-20T10:06:22,low
results_notice_2050.txt,.txt,107,C:/Healthcare/PublicInfo/Menu/,2024-03-29T10:46:30,low
summary_info_2051.txt,.txt,44,C:/Healthcare/PublicInfo/Parking/,2024-07-08T16:28:23,low
workorder_2052.txt,.txt,33,C:/Healthcare/Maintenance/,2025-01-02T12:09:56,low
ssn_info_2053.pdf,.pdf,852,C:/Healthcare/PublicInfo/Parking/,2023-10-03T02:21:46,medium
parking_2054_archived.pdf,.pdf,1648,C:/Healthcare/PublicInfo/Notices/,2025-12-18T01:55:55,high
menu_parking_2055.csv,.csv,64,C:/Healthcare/PublicInfo/Parking/,2024-08-02T21:49:05,low
specimen_2056_archived.xls,.xls,939,C:/Healthcare/LabResults/,2024-10-13T23:29:29,low
schedule_2057.csv,.csv,305,C:/Healthcare/StaffSchedules/,2023-06-30T07:00:07,medium
summary_menu_2058.csv,.csv,479,C:/Healthcare/PublicInfo/Notices/,2024-02-09T02:15:52,low
protocol_2059.pdf,.pdf,924,C:/Healthcare/Internal/Protocols/,2025-08-11T07:07:48,medium
summary_parking_2060_v2.txt,.txt,111,C:/Healthcare/PublicInfo/Notices/,2024-12-05T18:12:40,low
summary_policy_2061_archived.csv,.csv,615,C:/Healthcare/Insurance/,2024-08-19T03:08:31,low
minutes_2062.txt,.txt,111,C:/Healthcare/Meetings/,2025-02-26T23:54:59,low
public_parking_2063.pdf,.pdf,1005,C:/Healthcare/PublicInfo/Parking/,2024-11-29T06:50:25,low
lab_patient_2064.csv,.csv,635,C:/Healthcare/Patients/,2025-09-16T09:56:03,high
results_info_2065.csv,.csv,265,C:/Healthcare/PublicInfo/Menu/,2025-10-14T19:57:13,medium
report_reimbursement_2066_draft.csv,.csv,397,C:/Healthcare/Insurance/,2023-01-31T13:44:00,high
announcement_record_2067_v2.xlsx,.xlsx,1382,C:/Healthcare/Patients/,2025-09-26T05:58:10,medium
announcement_test_2068_v2.xls,.xls,817,C:/Healthcare/LabResults/,2025-05-16T20:31:42,medium
parking_info_2069.pdf,.pdf,686,C:/Healthcare/PublicInfo/Parking/,2023-08-12T22:24:58,medium
lab_policy_2070.pdf,.pdf,806,C:/Healthcare/Insurance/,2024-04-19T13:04:25,medium
invoice_menu_2071_final.txt,.txt,36,C:/Healthcare/PublicInfo/Menu/,2023-03-29T03:12:25,low
prescription_policy_2072.csv,.csv,456,C:/Healthcare/Insurance/,2024-09-27T18:41:50,low
credentials_info_2073.txt,.txt,77,C:/Healthcare/PublicInfo/Notices/,2025-05-24T17:21:36,high
announcement_consent_2074_final.pdf,.pdf,2941,C:/Healthcare/Patients/,2024-08-14T08:34:59,high
notice_procedure_2075.docx,.docx,541,C:/Healthcare/Internal/Protocols/,2024-03-09T22:05:35,medium
notice_2076.csv,.csv,105,C:/Healthcare/PublicInfo/Menu/,2023-01-10T18:27:30,low
report_menu_2077.pdf,.pdf,814,C:/Healthcare/PublicInfo/Parking/,2023-10-13T07:36:24,medium
maintenance_2078.xlsx,.xlsx,1032,C:/Healthcare/Maintenance/,2023-05-08T19:42:05,medium
claim_2079.csv,.csv,207,C:/Healthcare/Insurance/,2025-01-07T01:09:49,medium
consent_policy_2080.docx,.docx,184,C:/Healthcare/Insurance/,2024-09-27T07:42:14,high
test_2081.csv,.csv,505,C:/Healthcare/LabResults/,2024-06-19T20:32:02,high
schedule_maintenance_2082.pdf,.pdf,534,C:/Healthcare/Maintenance/,2025-06-22T05:44:08,low
schedule_test_2083.xls,.xls,2005,C:/Healthcare/LabResults/,2025-03-08T23:56:33,low
notice_notice_2084.pdf,.pdf,1974,C:/Healthcare/PublicInfo/Menu/,2024-11-11T21:49:42,high
notice_2085.csv,.csv,272,C:/Healthcare/PublicInfo/Notices/,2023-05-14T05:08:31,low
menu_2086.pdf,.pdf,3,C:/Healthcare/PublicInfo/Menu/,2023-12-25T00:13:02,low
parking_agenda_2087.docx,.docx,135,C:/Healthcare/Meetings/,2024-09-29T06:03:05,medium
maintenance_2088.xlsx,.xlsx,2698,C:/Healthcare/Maintenance/,2023-08-19T12:10:16,medium
menu_visit_2089_final.docx,.docx,108,C:/Healthcare/Patients/,2024-09-18T12:20:31,low
report_notice_2090.pdf,.pdf,1393,C:/Healthcare/PublicInfo/Parking/,2023-07-05T00:46:41,low
patient_info_2091.csv,.csv,345,C:/Healthcare/PublicInfo/Menu/,2023-11-10T02:00:45,high
info_2092.csv,.csv,511,C:/Healthcare/PublicInfo/Parking/,2024-06-07T06:14:45,low
minutes_2093.docx,.docx,505,C:/Healthcare/Meetings/,2024-02-05T19:25:48,low
audit_parking_2094.pdf,.pdf,609,C:/Healthcare/PublicInfo/Menu/,2024-11-23T07:45:08,high
notice_test_2095_confidential.pdf,.pdf,1766,C:/Healthcare/LabResults/,2025-06-09T15:19:58,medium
consent_agenda_2096.pdf,.pdf,2183,C:/Healthcare/Meetings/,2024-03-07T10:40:38,high
schedule_parking_2097.txt,.txt,105,C:/Healthcare/PublicInfo/Menu/,2024-11-01T23:58:52,low
confidential_menu_2098.pdf,.pdf,2173,C:/Healthcare/PublicInfo/Parking/,2023-05-23T07:10:33,high
results_info_2099.pdf,.pdf,1956,C:/Healthcare/PublicInfo/Notices/,2023-08-07T15:06:30,low
notice_consent_2100.docx,.docx,640,C:/Healthcare/Patients/,2025-09-16T19:32:56,high
results_shift_2101.csv,.csv,370,C:/Healthcare/StaffSchedules/,2025-05-19T22:49:24,medium
claim_2102.docx,.docx,359,C:/Healthcare/Insurance/,2024-06-21T10:00:33,low
guideline_2103_final.docx,.docx,228,C:/Healthcare/Internal/Protocols/,2024-02-15T21:21:21,high
ssn_menu_2104.txt,.txt,53,C:/Healthcare/PublicInfo/Menu/,2025-06-01T01:03:18,high
report_parking_2105.pdf,.pdf,3040,C:/Healthcare/PublicInfo/Menu/,2024-05-20T00:41:32,high
schedule_2106.pdf,.pdf,124,C:/Healthcare/StaffSchedules/,2024-04-19T12:25:48,low
invoice_2107.csv,.csv,531,C:/Healthcare/Insurance/,2023-02-09T01:46:47,low
notice_test_2108.csv,.csv,666,C:/Healthcare/LabResults/,2025-02-03T00:18:26,low
schedule_claim_2109.pdf,.pdf,2704,C:/Healthcare/Insurance/,2025-11-21T09:27:20,low
policy_2110.csv,.csv,95,C:/Healthcare/Insurance/,2025-12-28T23:49:29,low
info_2111.csv,.csv,228,C:/Healthcare/PublicInfo/Menu/,2025-08-23T07:30:51,low
announcement_info_2112.csv,.csv,326,C:/Healthcare/PublicInfo/Parking/,2023-05-06T01:59:17,low
coverage_2113_archived.docx,.docx,733,C:/Healthcare/Insurance/,2025-02-16T15:39:59,low
menu_protocol_2114.pdf,.pdf,1212,C:/Healthcare/Internal/Protocols/,2024-10-13T07:44:50,low
menu_2115_archived.txt,.txt,85,C:/Healthcare/PublicInfo/Menu/,2023-09-12T04:27:17,low
maintenance_2116.xlsx,.xlsx,550,C:/Healthcare/Maintenance/,2023-05-17T14:41:36,low
analysis_2117.xls,.xls,959,C:/Healthcare/LabResults/,2024-01-22T22:17:14,low
parking_visit_2118.csv,.csv,473,C:/Healthcare/Patients/,2023-10-05T17:01:56,medium
analysis_2119.xlsx,.xlsx,792,C:/Healthcare/LabResults/,2023-06-02T18:21:55,medium
results_test_2120.pdf,.pdf,938,C:/Healthcare/LabResults/,2023-02-15T12:39:59,medium
audit_specimen_2121.csv,.csv,662,C:/Healthcare/LabResults/,2025-09-24T02:16:34,high
menu_2122.txt,.txt,48,C:/Healthcare/PublicInfo/Notices/,2025-07-08T23:48:38,low
protocol_2123_draft.pdf,.pdf,1668,C:/Healthcare/Internal/Protocols/,2025-01-07T15:27:45,high
analysis_2124.xls,.xls,534,C:/Healthcare/LabResults/,2024-10-06T14:07:02,low
lab_consent_2125.xlsx,.xlsx,708,C:/Healthcare/Patients/,2023-03-21T02:45:12,low
parking_2126.pdf,.pdf,1713,C:/Healthcare/PublicInfo/Notices/,2024-07-20T11:27:25,low
credentials_record_2127.xlsx,.xlsx,60,C:/Healthcare/Patients/,2025-05-16T23:54:45,low
notice_2128.txt,.txt,13,C:/Healthcare/PublicInfo/Notices/,2023-12-19T03:53:57,low
schedule_notice_2129.pdf,.pdf,776,C:/Healthcare/PublicInfo/Parking/,2023-07-21T14:29:32,low
schedule_2130.csv,.csv,130,C:/Healthcare/StaffSchedules/,2025-04-11T19:54:41,medium
roster_2131.csv,.csv,446,C:/Healthcare/StaffSchedules/,2023-01-11T20:00:49,low
public_reimbursement_2132.csv,.csv,217,C:/Healthcare/Insurance/,2025-10-08T19:24:40,low
maintenance_minutes_2133.docx,.docx,570,C:/Healthcare/Meetings/,2025-06-27T21:22:14,medium
public_consent_2134.xlsx,.xlsx,610,C:/Healthcare/Patients/,2024-11-18T08:59:58,medium
maintenance_2135.xlsx,.xlsx,1084,C:/Healthcare/Maintenance/,2023-08-09T15:32:38,low
analysis_2136.xlsx,.xlsx,549,C:/Healthcare/LabResults/,2023-01-15T23:38:09,low
consent_schedule_2137.xlsx,.xlsx,1546,C:/Healthcare/StaffSchedules/,2025-12-15T09:26:37,high
specimen_2138.csv,.csv,243,C:/Healthcare/LabResults/,2023-02-06T15:18:57,low
invoice_diagnosis_2139.docx,.docx,532,C:/Healthcare/Patients/,2023-06-06T19:05:32,low
public_workorder_2140.txt,.txt,52,C:/Healthcare/Maintenance/,2023-12-25T23:35:59,medium
appointment_protocol_2141_draft.xlsx,.xlsx,1741,C:/Healthcare/Internal/Protocols/,2024-10-15T09:31:08,high
appointment_meeting_2142.txt,.txt,99,C:/Healthcare/Meetings/,2024-01-19T08:41:46,medium
notice_2143.pdf,.pdf,1769,C:/Healthcare/PublicInfo/Notices/,2024-05-26T21:14:21,low
specimen_2144.xls,.xls,467,C:/Healthcare/LabResults/,2025-09-20T09:58:58,high
consent_2145.xlsx,.xlsx,1173,C:/Healthcare/Patients/,2024-03-30T17:20:49,low
parking_2146.csv,.csv,142,C:/Healthcare/PublicInfo/Menu/,2024-07-10T07:02:57,low
diagnosis_lab_2147.xlsx,.xlsx,1012,C:/Healthcare/LabResults/,2025-01-16T17:12:40,medium
info_2148.csv,.csv,497,C:/Healthcare/PublicInfo/Notices/,2023-12-21T14:33:23,medium
invoice_parking_2149.pdf,.pdf,332,C:/Healthcare/PublicInfo/Notices/,2023-10-09T06:42:01,low
parking_2150.pdf,.pdf,331,C:/Healthcare/PublicInfo/Menu/,2023-08-18T03:13:11,low
parking_notice_2151.pdf,.pdf,1045,C:/Healthcare/PublicInfo/Parking/,2025-11-27T07:16:04,medium
schedule_2152.xlsx,.xlsx,312,C:/Healthcare/StaffSchedules/,2024-09-14T18:08:26,medium
appointment_menu_2153.txt,.txt,93,C:/Healthcare/PublicInfo/Parking/,2025-11-09T15:20:12,low
announcement_consent_2154.csv,.csv,157,C:/Healthcare/Patients/,2024-01-01T13:15:18,high
meeting_2155.pdf,.pdf,1338,C:/Healthcare/Meetings/,2025-06-16T10:36:31,low
parking_2156.csv,.csv,19,C:/Healthcare/PublicInfo/Menu/,2024-05-03T04:51:26,low
shift_2157.csv,.csv,109,C:/Healthcare/StaffSchedules/,2025-02-15T10:19:17,low
test_maintenance_2158.xlsx,.xlsx,706,C:/Healthcare/Maintenance/,2023-10-09T01:28:21,medium
maintenance_menu_2159.pdf,.pdf,124,C:/Healthcare/PublicInfo/Parking/,2023-08-17T16:56:50,medium
info_2160.pdf,.pdf,1948,C:/Healthcare/PublicInfo/Parking/,2025-02-03T00:22:16,low
medical_results_2161.xlsx,.xlsx,876,C:/Healthcare/LabResults/,2025-06-15T12:45:36,high
notice_info_2162.pdf,.pdf,1686,C:/Healthcare/PublicInfo/Notices/,2023-10-07T21:42:11,low
notice_2163_draft.csv,.csv,137,C:/Healthcare/PublicInfo/Menu/,2023-05-01T06:52:49,medium
patient_consent_2164.docx,.docx,765,C:/Healthcare/Patients/,2024-09-13T11:23:47,high
shift_2165.csv,.csv,961,C:/Healthcare/StaffSchedules/,2023-10-14T23:57:58,low
summary_info_2166.csv,.csv,335,C:/Healthcare/PublicInfo/Menu/,2024-11-20T02:39:13,low
notice_2167.csv,.csv,395,C:/Healthcare/PublicInfo/Menu/,2024-05-20T00:28:19,low
meeting_2168.pdf,.pdf,790,C:/Healthcare/Meetings/,2025-07-26T16:42:07,low
invoice_schedule_2169.pdf,.pdf,686,C:/Healthcare/StaffSchedules/,2025-06-08T11:46:27,medium
lab_lab_2170.pdf,.pdf,401,C:/Healthcare/LabResults/,2024-10-14T02:34:52,low
menu_info_2171.txt,.txt,48,C:/Healthcare/PublicInfo/Parking/,2025-07-02T14:24:30,low
parking_2172_final.pdf,.pdf,56,C:/Healthcare/PublicInfo/Parking/,2023-01-05T07:59:22,low
info_2173.csv,.csv,384,C:/Healthcare/PublicInfo/Menu/,2023-06-10T10:39:34,high
procedure_2174_v2.xlsx,.xlsx,1384,C:/Healthcare/Internal/Protocols/,2024-04-09T22:27:16,low
appointment_schedule_2175.csv,.csv,754,C:/Healthcare/StaffSchedules/,2024-01-20T02:45:06,medium
roster_2176.xlsx,.xlsx,1401,C:/Healthcare/StaffSchedules/,2024-05-29T18:55:08,high
audit_log_2177.txt,.txt,9,C:/Healthcare/Maintenance/,2025-02-22T09:25:46,medium
maintenance_menu_2178.csv,.csv,577,C:/Healthcare/PublicInfo/Notices/,2024-01-18T14:20:54,medium
menu_2179_confidential.csv,.csv,163,C:/Healthcare/PublicInfo/Menu/,2025-09-29T03:25:28,high
shift_2180.xlsx,.xlsx,212,C:/Healthcare/StaffSchedules/,2024-06-01T19:48:25,high
procedure_2181.pdf,.pdf,690,C:/Healthcare/Internal/Protocols/,2025-02-10T03:37:01,high
parking_parking_2182.pdf,.pdf,1153,C:/Healthcare/PublicInfo/Menu/,2024-02-21T15:17:02,high
test_2183.csv,.csv,551,C:/Healthcare/LabResults/,2024-11-24T08:42:26,low
summary_results_2184.csv,.csv,236,C:/Healthcare/LabResults/,2023-08-23T19:05:07,medium
schedule_notice_2185.txt,.txt,105,C:/Healthcare/PublicInfo/Notices/,2023-07-07T03:16:49,medium
report_menu_2186.csv,.csv,220,C:/Healthcare/PublicInfo/Parking/,2023-04-05T21:23:32,low
summary_schedule_2187.xlsx,.xlsx,1350,C:/Healthcare/StaffSchedules/,2023-08-05T19:41:47,high
results_lab_2188.csv,.csv,143,C:/Healthcare/LabResults/,2024-12-25T02:52:31,low
public_guideline_2189.xlsx,.xlsx,569,C:/Healthcare/Internal/Protocols/,2024-01-31T03:41:17,high
log_2190.pdf,.pdf,1027,C:/Healthcare/Maintenance/,2023-03-06T09:16:08,high
announcement_menu_2191.txt,.txt,115,C:/Healthcare/PublicInfo/Menu/,2025-08-17T06:29:12,low
announcement_record_2192.pdf,.pdf,767,C:/Healthcare/Patients/,2024-07-12T02:49:38,low
menu_2193.txt,.txt,106,C:/Healthcare/PublicInfo/Notices/,2025-01-12T06:38:32,low
lab_reimbursement_2194.docx,.docx,348,C:/Healthcare/Insurance/,2023-12-03T15:24:09,low
appointment_workorder_2195.txt,.txt,93,C:/Healthcare/Maintenance/,2023-10-12T19:49:19,medium
log_2196.txt,.txt,65,C:/Healthcare/Maintenance/,2024-11-25T17:38:58,low
test_coverage_2197.docx,.docx,1103,C:/Healthcare/Insurance/,2024-01-17T15:45:31,high
minutes_2198.pdf,.pdf,178,C:/Healthcare/Meetings/,2024-09-04T17:00:21,low
menu_invoice_2199.csv,.csv,37,C:/Healthcare/Insurance/,2025-06-21T02:31:45,low
invoice_workorder_2200.pdf,.pdf,2236,C:/Healthcare/Maintenance/,2023-05-12T02:44:30,medium
menu_procedure_2201.docx,.docx,255,C:/Healthcare/Internal/Protocols/,2025-07-08T11:07:06,medium
shift_2202.csv,.csv,265,C:/Healthcare/StaffSchedules/,2024-09-13T08:07:15,high
meeting_2203.docx,.docx,26,C:/Healthcare/Meetings/,2023-07-21T15:15:40,low
parking_2204_confidential.pdf,.pdf,217,C:/Healthcare/PublicInfo/Menu/,2024-10-20T03:09:42,medium
menu_results_2205.xlsx,.xlsx,911,C:/Healthcare/LabResults/,2023-01-20T07:27:14,low
guideline_2206.docx,.docx,244,C:/Healthcare/Internal/Protocols/,2024-03-04T18:50:16,low
agenda_2207.pdf,.pdf,1290,C:/Healthcare/Meetings/,2025-01-10T09:15:48,low
info_2208.csv,.csv,317,C:/Healthcare/PublicInfo/Menu/,2025-08-26T20:18:53,medium
patient_2209.csv,.csv,513,C:/Healthcare/Patients/,2023-01-31T17:11:02,low
announcement_specimen_2210.pdf,.pdf,1510,C:/Healthcare/LabResults/,2023-12-07T12:05:43,medium
notice_2211.pdf,.pdf,745,C:/Healthcare/PublicInfo/Parking/,2024-06-04T18:41:40,medium
shift_2212.csv,.csv,543,C:/Healthcare/StaffSchedules/,2024-07-28T08:16:37,medium
shift_2213.csv,.csv,270,C:/Healthcare/StaffSchedules/,2025-03-12T03:20:57,high
lab_notice_2214.csv,.csv,72,C:/Healthcare/PublicInfo/Menu/,2024-05-01T03:42:26,medium
report_info_2215.csv,.csv,57,C:/Healthcare/PublicInfo/Parking/,2023-02-20T11:44:21,low
notice_guideline_2216.xlsx,.xlsx,158,C:/Healthcare/Internal/Protocols/,2023-05-26T19:28:31,low
announcement_agenda_2217.pdf,.pdf,2,C:/Healthcare/Meetings/,2024-12-02T04:22:39,low
invoice_workorder_2218.txt,.txt,70,C:/Healthcare/Maintenance/,2023-04-15T07:17:36,low
maintenance_2219.pdf,.pdf,220,C:/Healthcare/Maintenance/,2023-04-03T21:53:45,low
policy_2220.docx,.docx,63,C:/Healthcare/Insurance/,2023-03-05T16:57:08,high
info_2221_v2.txt,.txt,84,C:/Healthcare/PublicInfo/Parking/,2023-02-21T16:15:13,low
results_workorder_2222.txt,.txt,52,C:/Healthcare/Maintenance/,2024-11-14T13:34:03,low
public_roster_2223.xlsx,.xlsx,569,C:/Healthcare/StaffSchedules/,2025-01-08T11:15:37,low
procedure_2224_confidential.pdf,.pdf,1336,C:/Healthcare/Internal/Protocols/,2023-12-05T16:44:49,low
notice_2225.csv,.csv,69,C:/Healthcare/PublicInfo/Notices/,2025-11-21T22:26:37,low
reimbursement_2226.docx,.docx,306,C:/Healthcare/Insurance/,2025-09-17T14:27:03,low
log_2227.txt,.txt,31,C:/Healthcare/Maintenance/,2025-12-14T19:41:33,medium
info_2228.pdf,.pdf,61,C:/Healthcare/PublicInfo/Parking/,2024-11-18T20:06:22,low
test_patient_2229.docx,.docx,979,C:/Healthcare/Patients/,2023-01-24T00:54:13,high
menu_2230.pdf,.pdf,153,C:/Healthcare/PublicInfo/Parking/,2025-05-30T06:15:22,low
announcement_menu_2231.csv,.csv,437,C:/Healthcare/PublicInfo/Notices/,2024-12-21T06:08:44,low
lab_2232.xlsx,.xlsx,440,C:/Healthcare/LabResults/,2024-09-21T11:53:17,low
insurance_claim_procedure_2233.docx,.docx,460,C:/Healthcare/Internal/Protocols/,2024-01-04T19:06:42,low
log_2234.xlsx,.xlsx,56,C:/Healthcare/Maintenance/,2024-10-12T04:33:19,high
menu_notice_2235.pdf,.pdf,1272,C:/Healthcare/PublicInfo/Parking/,2025-08-01T08:13:32,low
menu_2236.pdf,.pdf,713,C:/Healthcare/PublicInfo/Notices/,2024-01-17T03:35:46,medium
patient_2237.xlsx,.xlsx,100,C:/Healthcare/Patients/,2023-01-09T16:03:06,low
parking_2238.txt,.txt,82,C:/Healthcare/PublicInfo/Menu/,2023-03-22T11:25:55,low
specimen_2239.xlsx,.xlsx,40,C:/Healthcare/LabResults/,2023-05-25T17:01:07,low
maintenance_2240_final.xlsx,.xlsx,20,C:/Healthcare/Maintenance/,2024-04-08T11:03:48,low
confidential_diagnosis_2241.docx,.docx,341,C:/Healthcare/Patients/,2024-12-06T16:05:59,low
announcement_invoice_2242.docx,.docx,109,C:/Healthcare/Insurance/,2024-05-21T19:26:36,high
ssn_diagnosis_2243.xlsx,.xlsx,686,C:/Healthcare/Patients/,2024-12-26T08:17:17,high
notice_agenda_2244.pdf,.pdf,266,C:/Healthcare/Meetings/,2023-06-21T03:45:33,low
menu_claim_2245.csv,.csv,116,C:/Healthcare/Insurance/,2023-03-30T06:21:01,low
public_coverage_2246.csv,.csv,316,C:/Healthcare/Insurance/,2025-09-24T04:41:58,low
maintenance_agenda_2247.pdf,.pdf,1933,C:/Healthcare/Meetings/,2025-10-18T18:41:08,high
coverage_2248.pdf,.pdf,544,C:/Healthcare/Insurance/,2023-08-31T15:56:04,low
results_schedule_2249.csv,.csv,2,C:/Healthcare/StaffSchedules/,2024-01-24T05:54:04,medium
protocol_2250.pdf,.pdf,413,C:/Healthcare/Internal/Protocols/,2025-12-07T10:05:44,low
public_agenda_2251.pdf,.pdf,1459,C:/Healthcare/Meetings/,2024-03-08T10:48:32,low
record_2252.csv,.csv,84,C:/Healthcare/Patients/,2025-06-04T09:28:59,low
summary_parking_2253.csv,.csv,266,C:/Healthcare/PublicInfo/Parking/,2024-10-26T16:48:12,medium
diagnosis_2254.docx,.docx,422,C:/Healthcare/Patients/,2023-07-20T22:26:03,low
workorder_2255.pdf,.pdf,1190,C:/Healthcare/Maintenance/,2023-03-20T10:41:28,low
menu_minutes_2256.pdf,.pdf,297,C:/Healthcare/Meetings/,2024-12-05T19:20:40,medium
summary_guideline_2257.pdf,.pdf,983,C:/Healthcare/Internal/Protocols/,2025-07-02T09:46:13,medium
protocol_2258.xlsx,.xlsx,147,C:/Healthcare/Internal/Protocols/,2024-09-13T02:16:02,low
info_2259.txt,.txt,72,C:/Healthcare/PublicInfo/Notices/,2023-01-20T04:42:49,low
results_minutes_2260.pdf,.pdf,261,C:/Healthcare/Meetings/,2024-05-23T13:15:41,medium
schedule_2261_v2.csv,.csv,731,C:/Healthcare/StaffSchedules/,2024-03-25T20:48:16,low
meeting_2262.pdf,.pdf,1403,C:/Healthcare/Meetings/,2023-04-15T14:34:17,medium
minutes_2263.txt,.txt,134,C:/Healthcare/Meetings/,2023-01-26T21:58:31,low
shift_2264.csv,.csv,311,C:/Healthcare/StaffSchedules/,2025-07-07T18:21:33,low
procedure_2265.pdf,.pdf,698,C:/Healthcare/Internal/Protocols/,2023-07-30T09:16:58,medium
public_meeting_2266.txt,.txt,48,C:/Healthcare/Meetings/,2023-02-18T03:01:37,medium
guideline_2267.xlsx,.xlsx,200,C:/Healthcare/Internal/Protocols/,2025-08-21T19:43:21,low
notice_2268.pdf,.pdf,360,C:/Healthcare/PublicInfo/Menu/,2023-01-07T16:49:54,low
public_lab_2269.xlsx,.xlsx,372,C:/Healthcare/LabResults/,2025-01-16T02:34:47,high
coverage_2270.csv,.csv,389,C:/Healthcare/Insurance/,2025-02-01T08:34:48,high
results_minutes_2271.pdf,.pdf,845,C:/Healthcare/Meetings/,2023-03-22T12:21:18,low
notice_2272.txt,.txt,117,C:/Healthcare/PublicInfo/Parking/,2025-10-27T07:24:47,low
summary_reimbursement_2273.csv,.csv,350,C:/Healthcare/Insurance/,2023-10-28T09:35:18,low
lab_roster_2274.csv,.csv,142,C:/Healthcare/StaffSchedules/,2025-08-03T22:41:40,medium
notice_consent_2275.xlsx,.xlsx,138,C:/Healthcare/Patients/,2023-04-13T01:03:37,low
parking_patient_2276.xlsx,.xlsx,7,C:/Healthcare/Patients/,2025-12-04T20:46:45,low
notice_2277.csv,.csv,183,C:/Healthcare/PublicInfo/Notices/,2025-07-10T07:58:45,medium
menu_workorder_2278_final.xlsx,.xlsx,680,C:/Healthcare/Maintenance/,2023-05-03T19:20:10,medium
test_2279.xlsx,.xlsx,547,C:/Healthcare/LabResults/,2025-07-24T14:31:36,low
credentials_analysis_2280_draft.pdf,.pdf,1542,C:/Healthcare/LabResults/,2024-04-28T20:54:17,high
summary_maintenance_2281.txt,.txt,117,C:/Healthcare/Maintenance/,2023-08-21T09:54:51,low
public_policy_2282.pdf,.pdf,2414,C:/Healthcare/Insurance/,2024-01-06T13:41:30,high
info_2283.txt,.txt,5,C:/Healthcare/PublicInfo/Notices/,2023-01-20T08:04:45,medium
lab_coverage_2284_archived.docx,.docx,29,C:/Healthcare/Insurance/,2024-01-03T17:56:01,medium
report_maintenance_2285.txt,.txt,5,C:/Healthcare/Maintenance/,2025-02-20T14:19:38,medium
info_2286.csv,.csv,502,C:/Healthcare/PublicInfo/Notices/,2023-03-08T02:45:22,low
procedure_2287_confidential.docx,.docx,798,C:/Healthcare/Internal/Protocols/,2025-09-04T10:19:52,high
diagnosis_meeting_2288.txt,.txt,28,C:/Healthcare/Meetings/,2025-05-09T21:38:49,medium
maintenance_workorder_2289.pdf,.pdf,1418,C:/Healthcare/Maintenance/,2024-12-07T12:59:13,medium
announcement_invoice_2290.pdf,.pdf,484,C:/Healthcare/Insurance/,2025-01-16T00:55:54,low
visit_2291.csv,.csv,450,C:/Healthcare/Patients/,2024-03-25T08:58:14,low
parking_2292.csv,.csv,346,C:/Healthcare/PublicInfo/Menu/,2024-08-24T22:31:21,low
menu_parking_2293.pdf,.pdf,1045,C:/Healthcare/PublicInfo/Menu/,2023-08-03T04:05:15,low
notice_menu_2294.pdf,.pdf,2843,C:/Healthcare/PublicInfo/Menu/,2025-03-14T00:47:35,low
notice_2295.pdf,.pdf,967,C:/Healthcare/PublicInfo/Menu/,2023-01-13T23:49:14,high
log_2296_archived.xlsx,.xlsx,1341,C:/Healthcare/Maintenance/,2023-07-07T11:23:22,medium
diagnosis_2297_v2.csv,.csv,360,C:/Healthcare/Patients/,2023-08-11T09:28:51,high
workorder_2298.xlsx,.xlsx,495,C:/Healthcare/Maintenance/,2025-06-02T00:22:17,medium
maintenance_notice_2299.txt,.txt,8,C:/Healthcare/PublicInfo/Parking/,2023-03-18T22:56:50,low
menu_guideline_2300.xlsx,.xlsx,469,C:/Healthcare/Internal/Protocols/,2024-02-29T15:23:17,low
medical_procedure_2301.xlsx,.xlsx,989,C:/Healthcare/Internal/Protocols/,2023-05-21T16:25:52,low
lab_2302.xlsx,.xlsx,250,C:/Healthcare/LabResults/,2023-11-25T08:07:23,low
agenda_2303.txt,.txt,31,C:/Healthcare/Meetings/,2023-08-21T02:20:10,low
parking_analysis_2304.xlsx,.xlsx,1,C:/Healthcare/LabResults/,2023-08-05T18:25:10,low
confidential_agenda_2305.docx,.docx,577,C:/Healthcare/Meetings/,2023-07-23T15:05:05,low
shift_2306.xlsx,.xlsx,255,C:/Healthcare/StaffSchedules/,2023-01-07T18:51:07,high
lab_2307.xlsx,.xlsx,901,C:/Healthcare/LabResults/,2025-03-28T23:33:13,low
menu_parking_2308.txt,.txt,69,C:/Healthcare/PublicInfo/Parking/,2024-11-18T03:32:32,low
guideline_2309.docx,.docx,1001,C:/Healthcare/Internal/Protocols/,2025-12-14T16:58:54,medium
schedule_notice_2310.txt,.txt,103,C:/Healthcare/PublicInfo/Parking/,2024-11-06T07:48:20,low
menu_agenda_2311.txt,.txt,37,C:/Healthcare/Meetings/,2024-05-15T15:03:51,low
procedure_2312.pdf,.pdf,1858,C:/Healthcare/Internal/Protocols/,2023-03-18T09:24:54,low
invoice_2313.csv,.csv,415,C:/Healthcare/Insurance/,2023-01-10T06:55:10,low
appointment_test_2314.csv,.csv,493,C:/Healthcare/LabResults/,2025-07-26T19:43:51,high
menu_2315.pdf,.pdf,646,C:/Healthcare/PublicInfo/Parking/,2025-05-20T23:19:49,low
invoice_2316.pdf,.pdf,360,C:/Healthcare/Insurance/,2025-07-11T08:12:22,low
menu_reimbursement_2317.pdf,.pdf,1246,C:/Healthcare/Insurance/,2023-03-14T14:22:24,low
claim_2318.pdf,.pdf,359,C:/Healthcare/Insurance/,2023-09-30T03:27:05,high
summary_info_2319.pdf,.pdf,751,C:/Healthcare/PublicInfo/Notices/,2025-11-10T22:52:30,low
notice_parking_2320.pdf,.pdf,814,C:/Healthcare/PublicInfo/Parking/,2024-11-18T12:02:25,medium
log_2321_confidential.pdf,.pdf,731,C:/Healthcare/Maintenance/,2024-09-03T01:03:49,low
results_minutes_2322.txt,.txt,37,C:/Healthcare/Meetings/,2024-12-27T03:24:16,low
info_2323.pdf,.pdf,281,C:/Healthcare/PublicInfo/Parking/,2024-09-16T04:31:42,low
credentials_minutes_2324.txt,.txt,8,C:/Healthcare/Meetings/,2024-06-04T11:52:14,medium
guideline_2325.docx,.docx,377,C:/Healthcare/Internal/Protocols/,2025-01-04T15:36:52,medium
invoice_agenda_2326_archived.txt,.txt,117,C:/Healthcare/Meetings/,2023-08-02T22:34:39,low
payroll_maintenance_2327_final.pdf,.pdf,1722,C:/Healthcare/Maintenance/,2024-07-08T07:35:35,medium
info_2328.csv,.csv,42,C:/Healthcare/PublicInfo/Menu/,2025-01-24T12:15:12,medium
menu_procedure_2329.docx,.docx,367,C:/Healthcare/Internal/Protocols/,2024-03-07T12:59:55,low
lab_procedure_2330.xlsx,.xlsx,203,C:/Healthcare/Internal/Protocols/,2024-03-14T05:17:16,low
protocol_2331.pdf,.pdf,1191,C:/Healthcare/Internal/Protocols/,2023-07-24T17:24:55,low
invoice_roster_2332.pdf,.pdf,825,C:/Healthcare/StaffSchedules/,2025-10-08T03:55:36,low
test_2333.csv,.csv,156,C:/Healthcare/LabResults/,2023-01-07T08:15:14,low
public_results_2334.xls,.xls,767,C:/Healthcare/LabResults/,2025-02-12T03:53:18,low
meeting_2335.pdf,.pdf,374,C:/Healthcare/Meetings/,2025-02-02T19:43:29,medium
specimen_2336.pdf,.pdf,934,C:/Healthcare/LabResults/,2025-04-28T05:42:20,low
parking_2337_confidential.pdf,.pdf,2044,C:/Healthcare/PublicInfo/Parking/,2023-11-07T13:52:30,high
parking_agenda_2338.docx,.docx,523,C:/Healthcare/Meetings/,2023-02-08T01:28:44,low
log_2339.pdf,.pdf,191,C:/Healthcare/Maintenance/,2025-04-21T07:26:25,low
shift_2340.pdf,.pdf,2243,C:/Healthcare/StaffSchedules/,2023-04-03T04:52:35,medium
schedule_guideline_2341.xlsx,.xlsx,1925,C:/Healthcare/Internal/Protocols/,2025-11-29T03:40:41,medium
invoice_info_2342.txt,.txt,95,C:/Healthcare/PublicInfo/Notices/,2024-06-30T21:56:13,low
invoice_analysis_2343.pdf,.pdf,237,C:/Healthcare/LabResults/,2024-10-06T13:31:17,medium
notice_parking_2344_archived.csv,.csv,613,C:/Healthcare/PublicInfo/Notices/,2024-04-14T23:22:53,medium
announcement_agenda_2345.pdf,.pdf,871,C:/Healthcare/Meetings/,2024-09-23T12:45:23,low
diagnosis_parking_2346.csv,.csv,279,C:/Healthcare/PublicInfo/Notices/,2024-09-26T03:08:39,low
shift_2347.xlsx,.xlsx,511,C:/Healthcare/StaffSchedules/,2023-03-12T06:00:15,medium
log_2348.txt,.txt,61,C:/Healthcare/Maintenance/,2025-11-03T15:51:15,low
procedure_2349_confidential.docx,.docx,103,C:/Healthcare/Internal/Protocols/,2025-06-13T13:28:57,medium
results_parking_2350_draft.pdf,.pdf,1032,C:/Healthcare/PublicInfo/Parking/,2023-03-07T14:43:22,medium
info_2351.pdf,.pdf,967,C:/Healthcare/PublicInfo/Parking/,2023-01-22T23:57:00,low
protocol_2352.docx,.docx,311,C:/Healthcare/Internal/Protocols/,2025-09-02T11:11:59,low
info_2353_confidential.pdf,.pdf,31,C:/Healthcare/PublicInfo/Notices/,2023-03-10T19:26:24,medium
announcement_schedule_2354.pdf,.pdf,1566,C:/Healthcare/StaffSchedules/,2024-12-29T00:18:30,low
results_roster_2355.pdf,.pdf,301,C:/Healthcare/StaffSchedules/,2024-07-17T05:44:43,low
procedure_2356.docx,.docx,596,C:/Healthcare/Internal/Protocols/,2025-12-02T19:22:03,low
appointment_menu_2357.csv,.csv,372,C:/Healthcare/PublicInfo/Notices/,2024-03-05T10:56:28,low
lab_results_2358.csv,.csv,27,C:/Healthcare/LabResults/,2024-08-08T06:01:46,high
invoice_guideline_2359.xlsx,.xlsx,355,C:/Healthcare/Internal/Protocols/,2023-01-04T20:45:12,high
menu_2360.txt,.txt,19,C:/Healthcare/PublicInfo/Menu/,2024-07-31T03:39:35,low
maintenance_lab_2361.pdf,.pdf,1416,C:/Healthcare/LabResults/,2024-07-16T01:23:48,medium
log_2362.pdf,.pdf,854,C:/Healthcare/Maintenance/,2023-08-13T08:03:32,low
appointment_schedule_2363.csv,.csv,468,C:/Healthcare/StaffSchedules/,2025-06-09T10:46:31,medium
consent_2364.pdf,.pdf,1034,C:/Healthcare/Patients/,2025-09-17T17:30:00,medium
parking_2365.pdf,.pdf,328,C:/Healthcare/PublicInfo/Parking/,2023-04-20T16:12:28,low
menu_notice_2366.txt,.txt,10,C:/Healthcare/PublicInfo/Parking/,2024-12-19T21:16:31,low
parking_2367.pdf,.pdf,496,C:/Healthcare/PublicInfo/Notices/,2025-08-03T07:26:15,high
menu_2368.pdf,.pdf,297,C:/Healthcare/PublicInfo/Menu/,2023-02-05T12:03:50,low
invoice_2369_v2.csv,.csv,295,C:/Healthcare/Insurance/,2025-09-08T03:37:44,low
procedure_2370_confidential.docx,.docx,241,C:/Healthcare/Internal/Protocols/,2025-04-18T21:25:09,high
notice_2371.txt,.txt,6,C:/Healthcare/PublicInfo/Notices/,2025-10-04T23:06:18,medium
public_notice_2372.pdf,.pdf,1120,C:/Healthcare/PublicInfo/Parking/,2025-07-04T17:23:46,low
menu_2373.pdf,.pdf,1056,C:/Healthcare/PublicInfo/Notices/,2024-11-09T07:49:23,low
notice_minutes_2374.docx,.docx,60,C:/Healthcare/Meetings/,2025-03-16T13:28:55,low
summary_schedule_2375.pdf,.pdf,605,C:/Healthcare/StaffSchedules/,2025-10-19T11:28:50,medium
public_roster_2376.xlsx,.xlsx,1053,C:/Healthcare/StaffSchedules/,2025-09-26T23:09:12,low
results_2377.xlsx,.xlsx,575,C:/Healthcare/LabResults/,2024-07-25T02:46:47,low
parking_2378_archived.txt,.txt,23,C:/Healthcare/PublicInfo/Notices/,2025-10-03T21:46:28,low
appointment_workorder_2379_archived.txt,.txt,12,C:/Healthcare/Maintenance/,2023-02-28T05:09:00,low
guideline_2380.pdf,.pdf,931,C:/Healthcare/Internal/Protocols/,2025-09-19T08:32:47,low
agenda_2381.txt,.txt,116,C:/Healthcare/Meetings/,2024-03-31T20:24:08,medium
consent_2382.csv,.csv,249,C:/Healthcare/Patients/,2024-11-02T02:21:58,medium
shift_2383.pdf,.pdf,728,C:/Healthcare/StaffSchedules/,2024-07-05T13:51:57,low
public_protocol_2384.xlsx,.xlsx,647,C:/Healthcare/Internal/Protocols/,2024-09-03T06:50:52,medium
report_menu_2385.csv,.csv,336,C:/Healthcare/PublicInfo/Notices/,2025-09-25T03:21:54,low
results_coverage_2386_draft.csv,.csv,125,C:/Healthcare/Insurance/,2025-06-24T18:43:17,medium
credentials_menu_2387.csv,.csv,7,C:/Healthcare/PublicInfo/Menu/,2023-07-10T00:51:25,low
log_2388.txt,.txt,137,C:/Healthcare/Maintenance/,2024-02-20T21:52:32,high
confidential_guideline_2389_v2.docx,.docx,240,C:/Healthcare/Internal/Protocols/,2025-05-07T05:01:12,high
lab_2390.csv,.csv,357,C:/Healthcare/LabResults/,2024-08-23T13:38:26,low
appointment_visit_2391.xlsx,.xlsx,634,C:/Healthcare/Patients/,2023-07-14T18:18:58,medium
menu_2392.txt,.txt,7,C:/Healthcare/PublicInfo/Notices/,2025-09-12T12:42:06,low
log_2393.txt,.txt,36,C:/Healthcare/Maintenance/,2023-07-01T02:13:59,low
schedule_info_2394.csv,.csv,223,C:/Healthcare/PublicInfo/Notices/,2023-01-03T07:45:44,low
policy_2395.csv,.csv,344,C:/Healthcare/Insurance/,2023-07-18T20:24:26,low
coverage_2396.docx,.docx,1314,C:/Healthcare/Insurance/,2024-11-10T23:18:51,low
info_2397.txt,.txt,18,C:/Healthcare/PublicInfo/Menu/,2023-04-23T02:34:26,low
maintenance_workorder_2398.xlsx,.xlsx,749,C:/Healthcare/Maintenance/,2024-06-28T10:09:54,low
test_2399.xlsx,.xlsx,2151,C:/Healthcare/LabResults/,2023-03-23T15:04:35,medium
test_results_2400.xlsx,.xlsx,108,C:/Healthcare/LabResults/,2025-09-25T15:01:50,low
parking_2401.csv,.csv,112,C:/Healthcare/PublicInfo/Menu/,2024-08-06T12:28:03,medium
notice_minutes_2402.txt,.txt,139,C:/Healthcare/Meetings/,2024-05-17T08:20:42,low
record_2403.csv,.csv,632,C:/Healthcare/Patients/,2024-02-26T02:49:31,low
appointment_agenda_2404.txt,.txt,45,C:/Healthcare/Meetings/,2024-01-10T16:36:00,low
shift_2405.xlsx,.xlsx,393,C:/Healthcare/StaffSchedules/,2024-03-30T05:51:41,low
report_protocol_2406.xlsx,.xlsx,1171,C:/Healthcare/Internal/Protocols/,2024-05-07T03:43:32,medium
roster_2407.xlsx,.xlsx,483,C:/Healthcare/StaffSchedules/,2025-10-07T17:18:00,high
notice_parking_2408.txt,.txt,131,C:/Healthcare/PublicInfo/Menu/,2025-01-16T07:28:38,low
report_shift_2409_final.xlsx,.xlsx,219,C:/Healthcare/StaffSchedules/,2023-06-11T09:06:08,medium
announcement_consent_2410_confidential.docx,.docx,252,C:/Healthcare/Patients/,2024-05-28T16:12:52,low
announcement_notice_2411.csv,.csv,513,C:/Healthcare/PublicInfo/Parking/,2023-04-23T00:09:26,low
lab_maintenance_2412_final.txt,.txt,51,C:/Healthcare/Maintenance/,2024-06-04T18:40:35,medium
prescription_maintenance_2413.txt,.txt,45,C:/Healthcare/Maintenance/,2023-02-12T10:08:04,high
prescription_notice_2414.txt,.txt,5,C:/Healthcare/PublicInfo/Menu/,2024-10-21T07:20:01,low
roster_2415.xlsx,.xlsx,1348,C:/Healthcare/StaffSchedules/,2024-05-11T08:25:27,low
roster_2416.pdf,.pdf,1123,C:/Healthcare/StaffSchedules/,2023-05-29T12:26:31,high
protocol_2417.xlsx,.xlsx,1479,C:/Healthcare/Internal/Protocols/,2023-06-06T22:37:29,medium
schedule_2418.xlsx,.xlsx,1157,C:/Healthcare/StaffSchedules/,2024-01-30T19:52:57,low
parking_workorder_2419.txt,.txt,75,C:/Healthcare/Maintenance/,2024-04-07T20:20:44,low
protocol_2420.pdf,.pdf,139,C:/Healthcare/Internal/Protocols/,2023-03-26T16:14:02,low
test_guideline_2421.xlsx,.xlsx,759,C:/Healthcare/Internal/Protocols/,2025-06-08T21:20:12,low
announcement_info_2422.txt,.txt,19,C:/Healthcare/PublicInfo/Notices/,2024-08-18T23:26:47,low
maintenance_notice_2423.txt,.txt,37,C:/Healthcare/PublicInfo/Menu/,2024-07-28T08:36:21,low
announcement_shift_2424.pdf,.pdf,1212,C:/Healthcare/StaffSchedules/,2024-09-20T02:08:02,low
invoice_guideline_2425.pdf,.pdf,302,C:/Healthcare/Internal/Protocols/,2025-05-21T18:47:31,low
guideline_2426.pdf,.pdf,661,C:/Healthcare/Internal/Protocols/,2024-06-10T17:57:48,low
lab_shift_2427.xlsx,.xlsx,539,C:/Healthcare/StaffSchedules/,2025-09-22T16:29:00,medium
info_2428.csv,.csv,106,C:/Healthcare/PublicInfo/Parking/,2024-02-26T16:31:05,low
announcement_shift_2429.pdf,.pdf,2070,C:/Healthcare/StaffSchedules/,2024-09-02T23:09:06,low
menu_2430.pdf,.pdf,598,C:/Healthcare/PublicInfo/Notices/,2023-04-30T20:52:51,low
notice_2431_confidential.pdf,.pdf,540,C:/Healthcare/PublicInfo/Menu/,2024-01-16T08:24:48,low
results_consent_2432_v2.docx,.docx,544,C:/Healthcare/Patients/,2025-08-11T02:36:00,low
notice_2433.csv,.csv,234,C:/Healthcare/PublicInfo/Menu/,2023-07-03T00:49:14,medium
invoice_2434.csv,.csv,174,C:/Healthcare/Insurance/,2024-09-08T12:02:05,low
results_reimbursement_2435.pdf,.pdf,516,C:/Healthcare/Insurance/,2024-09-21T20:37:31,medium
shift_2436.pdf,.pdf,615,C:/Healthcare/StaffSchedules/,2023-01-18T15:05:24,low
schedule_2437.csv,.csv,248,C:/Healthcare/StaffSchedules/,2024-10-04T12:33:08,high
notice_2438.csv,.csv,135,C:/Healthcare/PublicInfo/Menu/,2025-05-05T11:43:49,low
report_roster_2439_archived.xlsx,.xlsx,713,C:/Healthcare/StaffSchedules/,2024-09-15T11:29:27,medium
appointment_roster_2440.csv,.csv,289,C:/Healthcare/StaffSchedules/,2025-01-09T19:26:27,medium
menu_2441.csv,.csv,333,C:/Healthcare/PublicInfo/Menu/,2025-05-25T03:16:32,medium
lab_notice_2442.csv,.csv,284,C:/Healthcare/PublicInfo/Notices/,2024-01-25T23:39:03,low
parking_notice_2443.pdf,.pdf,1002,C:/Healthcare/PublicInfo/Notices/,2023-03-02T01:04:12,low
invoice_2444.docx,.docx,34,C:/Healthcare/Insurance/,2023-02-21T05:35:51,low
results_2445.pdf,.pdf,1279,C:/Healthcare/LabResults/,2025-02-18T17:50:00,high
results_maintenance_2446.xlsx,.xlsx,317,C:/Healthcare/Maintenance/,2025-11-08T19:52:16,medium
specimen_2447_confidential.xlsx,.xlsx,2063,C:/Healthcare/LabResults/,2023-06-03T14:35:22,medium
results_lab_2448.csv,.csv,371,C:/Healthcare/LabResults/,2024-12-21T16:34:50,low
diagnosis_2449.pdf,.pdf,1398,C:/Healthcare/Patients/,2025-04-08T22:42:35,high
menu_info_2450.csv,.csv,344,C:/Healthcare/PublicInfo/Parking/,2025-03-03T09:01:37,low
schedule_maintenance_2451.pdf,.pdf,2455,C:/Healthcare/Maintenance/,2025-02-14T15:53:17,low
minutes_2452.docx,.docx,278,C:/Healthcare/Meetings/,2024-03-17T02:45:16,medium
summary_visit_2453.pdf,.pdf,1139,C:/Healthcare/Patients/,2023-04-14T04:39:50,low
parking_2454.txt,.txt,107,C:/Healthcare/PublicInfo/Menu/,2023-01-04T03:11:03,low
public_claim_2455.docx,.docx,280,C:/Healthcare/Insurance/,2025-03-27T15:57:26,low
log_2456.pdf,.pdf,89,C:/Healthcare/Maintenance/,2024-07-27T14:25:21,low
test_2457.csv,.csv,368,C:/Healthcare/LabResults/,2024-07-21T23:18:48,medium
menu_maintenance_2458.txt,.txt,76,C:/Healthcare/Maintenance/,2024-09-19T21:56:30,low
parking_claim_2459.csv,.csv,200,C:/Healthcare/Insurance/,2025-10-12T19:30:47,low
agenda_2460.pdf,.pdf,928,C:/Healthcare/Meetings/,2025-12-24T02:03:38,medium
notice_2461_archived.txt,.txt,11,C:/Healthcare/PublicInfo/Notices/,2023-06-05T19:06:17,low
invoice_info_2462.pdf,.pdf,1437,C:/Healthcare/PublicInfo/Parking/,2023-09-08T15:06:28,low
policy_2463.pdf,.pdf,2480,C:/Healthcare/Insurance/,2024-05-22T13:49:49,high
announcement_reimbursement_2464.docx,.docx,477,C:/Healthcare/Insurance/,2024-02-21T06:53:28,medium
notice_2465.txt,.txt,7,C:/Healthcare/PublicInfo/Parking/,2024-05-03T10:22:24,low
shift_2466.xlsx,.xlsx,30,C:/Healthcare/StaffSchedules/,2023-01-12T21:25:42,medium
parking_2467.pdf,.pdf,2025,C:/Healthcare/PublicInfo/Menu/,2025-03-25T07:15:05,low
roster_2468.xlsx,.xlsx,430,C:/Healthcare/StaffSchedules/,2024-05-26T17:58:47,high
roster_2469.xlsx,.xlsx,1613,C:/Healthcare/StaffSchedules/,2024-02-12T23:49:03,medium
schedule_agenda_2470.docx,.docx,612,C:/Healthcare/Meetings/,2025-11-13T05:33:44,low
invoice_menu_2471.csv,.csv,70,C:/Healthcare/PublicInfo/Notices/,2025-11-12T12:55:50,low
roster_2472.csv,.csv,494,C:/Healthcare/StaffSchedules/,2024-11-21T17:06:41,high
meeting_2473.txt,.txt,73,C:/Healthcare/Meetings/,2024-06-19T03:10:05,low
parking_2474.csv,.csv,9,C:/Healthcare/PublicInfo/Parking/,2023-01-02T00:42:25,high
public_notice_2475.txt,.txt,132,C:/Healthcare/PublicInfo/Menu/,2024-10-28T15:54:07,medium
consent_2476.docx,.docx,521,C:/Healthcare/Patients/,2024-07-30T17:22:35,medium
summary_menu_2477.csv,.csv,244,C:/Healthcare/PublicInfo/Parking/,2025-07-02T00:45:17,medium
public_notice_2478.pdf,.pdf,325,C:/Healthcare/PublicInfo/Notices/,2025-08-10T01:26:07,low
maintenance_info_2479.pdf,.pdf,896,C:/Healthcare/PublicInfo/Menu/,2025-11-15T01:27:38,low
summary_policy_2480.pdf,.pdf,624,C:/Healthcare/Insurance/,2023-07-15T18:19:48,low
menu_agenda_2481.pdf,.pdf,916,C:/Healthcare/Meetings/,2025-06-27T16:51:17,low
diagnosis_2482.docx,.docx,409,C:/Healthcare/Patients/,2023-04-06T10:25:47,high
lab_roster_2483.pdf,.pdf,529,C:/Healthcare/StaffSchedules/,2023-05-09T06:19:00,low
maintenance_2484.pdf,.pdf,509,C:/Healthcare/Maintenance/,2023-08-06T04:55:17,medium
lab_procedure_2485.pdf,.pdf,766,C:/Healthcare/Internal/Protocols/,2023-08-04T16:07:38,high
invoice_reimbursement_2486.pdf,.pdf,346,C:/Healthcare/Insurance/,2024-09-22T21:15:31,high
notice_2487.txt,.txt,8,C:/Healthcare/PublicInfo/Menu/,2023-12-25T06:26:23,low
passwords_guideline_2488_v2.docx,.docx,414,C:/Healthcare/Internal/Protocols/,2024-01-07T19:58:11,high
shift_2489.xlsx,.xlsx,590,C:/Healthcare/StaffSchedules/,2023-02-03T16:14:51,high
invoice_2490_v2.csv,.csv,367,C:/Healthcare/Insurance/,2025-11-17T16:57:35,high
insurance_claim_agenda_2491.docx,.docx,854,C:/Healthcare/Meetings/,2023-08-10T13:30:06,high
shift_2492.xlsx,.xlsx,1404,C:/Healthcare/StaffSchedules/,2024-08-21T04:28:41,low
notice_2493.txt,.txt,102,C:/Healthcare/PublicInfo/Parking/,2024-03-23T07:10:32,low
roster_2494.csv,.csv,70,C:/Healthcare/StaffSchedules/,2025-12-22T07:46:44,low
analysis_2495.pdf,.pdf,525,C:/Healthcare/LabResults/,2023-10-02T15:24:02,medium
notice_2496.txt,.txt,27,C:/Healthcare/PublicInfo/Parking/,2025-10-03T15:18:09,low
consent_maintenance_2497.pdf,.pdf,283,C:/Healthcare/Maintenance/,2024-08-30T01:45:59,high
info_2498_archived.txt,.txt,52,C:/Healthcare/PublicInfo/Parking/,2024-06-04T20:52:35,low
invoice_roster_2499.xlsx,.xlsx,2021,C:/Healthcare/StaffSchedules/,2025-03-13T20:19:27,high
menu_agenda_2500_draft.docx,.docx,381,C:/Healthcare/Meetings/,2024-01-16T08:20:31,low
menu_2501.csv,.csv,342,C:/Healthcare/PublicInfo/Parking/,2024-01-13T22:29:52,low
summary_specimen_2502.xls,.xls,372,C:/Healthcare/LabResults/,2025-01-13T17:00:37,medium
lab_menu_2503.csv,.csv,1050,C:/Healthcare/PublicInfo/Notices/,2023-11-23T16:53:57,medium
test_parking_2504.pdf,.pdf,41,C:/Healthcare/PublicInfo/Notices/,2024-09-02T09:05:41,low
maintenance_minutes_2505.pdf,.pdf,1786,C:/Healthcare/Meetings/,2024-05-05T18:27:03,low
maintenance_2506.xlsx,.xlsx,289,C:/Healthcare/Maintenance/,2024-08-22T11:30:04,low
announcement_guideline_2507.pdf,.pdf,581,C:/Healthcare/Internal/Protocols/,2024-03-23T08:38:16,medium
payroll_log_2508.txt,.txt,36,C:/Healthcare/Maintenance/,2024-08-18T02:09:52,medium
menu_2509.csv,.csv,284,C:/Healthcare/PublicInfo/Notices/,2024-11-25T20:55:41,high
results_parking_2510.csv,.csv,318,C:/Healthcare/PublicInfo/Menu/,2024-02-23T07:53:30,low
coverage_2511.pdf,.pdf,1800,C:/Healthcare/Insurance/,2023-08-17T21:23:32,low
announcement_schedule_2512.xlsx,.xlsx,806,C:/Healthcare/StaffSchedules/,2025-02-04T10:55:32,low
guideline_2513_confidential.pdf,.pdf,833,C:/Healthcare/Internal/Protocols/,2023-11-13T07:11:52,medium
notice_shift_2514.csv,.csv,63,C:/Healthcare/StaffSchedules/,2024-01-13T12:16:25,low
roster_2515.csv,.csv,235,C:/Healthcare/StaffSchedules/,2023-04-10T11:15:33,medium
info_2516_v2.txt,.txt,44,C:/Healthcare/PublicInfo/Menu/,2025-11-08T05:03:09,low
reimbursement_2517.csv,.csv,492,C:/Healthcare/Insurance/,2023-08-24T10:08:40,high
diagnosis_2518.csv,.csv,610,C:/Healthcare/Patients/,2025-04-23T17:37:00,low
shift_2519.xlsx,.xlsx,732,C:/Healthcare/StaffSchedules/,2025-03-02T11:51:55,low
reimbursement_2520.csv,.csv,36,C:/Healthcare/Insurance/,2024-08-15T03:48:55,low
record_2521.csv,.csv,224,C:/Healthcare/Patients/,2023-07-26T17:36:41,medium
schedule_record_2522.xlsx,.xlsx,1111,C:/Healthcare/Patients/,2024-07-28T03:21:28,high
test_2523_final.pdf,.pdf,1576,C:/Healthcare/LabResults/,2023-06-20T10:49:25,high
notice_2524.pdf,.pdf,2473,C:/Healthcare/PublicInfo/Parking/,2025-06-15T10:59:33,high
patient_2525.pdf,.pdf,1697,C:/Healthcare/Patients/,2025-03-01T15:49:16,medium
summary_maintenance_2526.xlsx,.xlsx,133,C:/Healthcare/Maintenance/,2024-12-12T14:30:55,medium
confidential_log_2527.xlsx,.xlsx,1365,C:/Healthcare/Maintenance/,2024-11-25T23:29:10,medium
specimen_2528.xlsx,.xlsx,1026,C:/Healthcare/LabResults/,2024-12-19T14:35:35,high
specimen_2529.xlsx,.xlsx,487,C:/Healthcare/LabResults/,2023-06-15T18:10:46,high
maintenance_log_2530.pdf,.pdf,768,C:/Healthcare/Maintenance/,2024-11-12T05:59:00,low
maintenance_2531.pdf,.pdf,2623,C:/Healthcare/Maintenance/,2024-05-13T10:03:52,medium
visit_2532.docx,.docx,311,C:/Healthcare/Patients/,2024-06-24T06:05:07,medium
parking_2533.pdf,.pdf,1661,C:/Healthcare/PublicInfo/Menu/,2025-07-10T14:35:49,low
invoice_menu_2534_archived.pdf,.pdf,361,C:/Healthcare/PublicInfo/Notices/,2024-02-20T20:00:24,medium
maintenance_menu_2535_v2.txt,.txt,80,C:/Healthcare/PublicInfo/Menu/,2024-12-18T17:34:27,low
announcement_reimbursement_2536.docx,.docx,1015,C:/Healthcare/Insurance/,2023-04-06T02:49:12,medium
coverage_2537.pdf,.pdf,455,C:/Healthcare/Insurance/,2025-04-25T15:31:43,medium
notice_2538.csv,.csv,190,C:/Healthcare/PublicInfo/Parking/,2023-01-13T09:14:45,low
test_menu_2539.csv,.csv,416,C:/Healthcare/PublicInfo/Parking/,2023-06-30T03:03:52,low
menu_test_2540.pdf,.pdf,238,C:/Healthcare/LabResults/,2025-07-25T00:17:13,low
visit_2541_v2.pdf,.pdf,432,C:/Healthcare/Patients/,2025-11-14T18:52:57,low
minutes_2542.docx,.docx,587,C:/Healthcare/Meetings/,2024-11-25T10:40:56,medium
info_2543.pdf,.pdf,242,C:/Healthcare/PublicInfo/Parking/,2024-08-07T09:41:09,low
maintenance_workorder_2544.txt,.txt,92,C:/Healthcare/Maintenance/,2025-03-25T00:42:06,medium
roster_2545_draft.xlsx,.xlsx,1982,C:/Healthcare/StaffSchedules/,2023-08-04T00:17:10,medium
info_2546.txt,.txt,20,C:/Healthcare/PublicInfo/Menu/,2024-01-14T20:24:09,medium
parking_procedure_2547.pdf,.pdf,60,C:/Healthcare/Internal/Protocols/,2025-09-22T01:03:10,low
guideline_2548_final.docx,.docx,91,C:/Healthcare/Internal/Protocols/,2023-08-24T04:18:16,high
menu_info_2549.pdf,.pdf,1807,C:/Healthcare/PublicInfo/Menu/,2024-06-06T08:50:04,medium
protocol_2550.pdf,.pdf,1710,C:/Healthcare/Internal/Protocols/,2025-02-03T06:57:46,medium
appointment_analysis_2551.csv,.csv,301,C:/Healthcare/LabResults/,2025-02-24T01:05:04,medium
parking_menu_2552.csv,.csv,983,C:/Healthcare/PublicInfo/Menu/,2025-12-12T00:43:53,medium
parking_policy_2553.csv,.csv,76,C:/Healthcare/Insurance/,2025-07-09T00:28:49,medium
menu_coverage_2554_final.csv,.csv,610,C:/Healthcare/Insurance/,2024-08-30T14:07:16,low
consent_2555.pdf,.pdf,589,C:/Healthcare/Patients/,2024-06-08T22:35:12,medium
report_agenda_2556.pdf,.pdf,205,C:/Healthcare/Meetings/,2023-12-31T05:44:29,high
maintenance_2557.txt,.txt,37,C:/Healthcare/Maintenance/,2023-01-20T23:35:06,low
confidential_specimen_2558_confidential.pdf,.pdf,446,C:/Healthcare/LabResults/,2023-01-06T12:24:34,high
minutes_2559.txt,.txt,78,C:/Healthcare/Meetings/,2025-07-21T06:43:00,high
insurance_claim_policy_2560_draft.docx,.docx,464,C:/Healthcare/Insurance/,2024-10-10T12:56:16,low
notice_2561.pdf,.pdf,877,C:/Healthcare/PublicInfo/Menu/,2025-09-13T17:34:41,low
maintenance_parking_2562.txt,.txt,105,C:/Healthcare/PublicInfo/Menu/,2023-01-06T19:39:23,low
test_maintenance_2563_draft.txt,.txt,62,C:/Healthcare/Maintenance/,2025-02-11T08:45:39,low
shift_2564.csv,.csv,358,C:/Healthcare/StaffSchedules/,2024-04-24T02:54:27,low
invoice_2565.docx,.docx,257,C:/Healthcare/Insurance/,2023-06-11T07:39:08,low
public_notice_2566.csv,.csv,325,C:/Healthcare/PublicInfo/Menu/,2023-12-03T16:48:05,low
announcement_parking_2567_archived.csv,.csv,501,C:/Healthcare/PublicInfo/Menu/,2023-09-25T00:48:20,low
schedule_guideline_2568.docx,.docx,1225,C:/Healthcare/Internal/Protocols/,2025-09-26T18:27:08,medium
maintenance_parking_2569.pdf,.pdf,184,C:/Healthcare/PublicInfo/Menu/,2025-08-04T08:28:46,medium
visit_2570.docx,.docx,87,C:/Healthcare/Patients/,2025-08-24T23:59:35,low
summary_info_2571.txt,.txt,129,C:/Healthcare/PublicInfo/Parking/,2024-07-27T18:38:45,low
patient_parking_2572.pdf,.pdf,727,C:/Healthcare/PublicInfo/Notices/,2025-05-06T15:01:34,low
ssn_procedure_2573.docx,.docx,272,C:/Healthcare/Internal/Protocols/,2025-04-07T19:05:18,low
summary_info_2574_draft.pdf,.pdf,271,C:/Healthcare/PublicInfo/Parking/,2025-07-12T07:33:53,high
maintenance_invoice_2575.docx,.docx,470,C:/Healthcare/Insurance/,2023-08-08T11:53:33,high
lab_protocol_2576.docx,.docx,17,C:/Healthcare/Internal/Protocols/,2025-02-05T11:34:08,low
minutes_2577.pdf,.pdf,960,C:/Healthcare/Meetings/,2023-09-09T17:41:49,low
menu_roster_2578.pdf,.pdf,2401,C:/Healthcare/StaffSchedules/,2025-02-13T08:29:18,medium
summary_roster_2579.xlsx,.xlsx,701,C:/Healthcare/StaffSchedules/,2024-12-01T23:09:35,low
log_2580.xlsx,.xlsx,358,C:/Healthcare/Maintenance/,2025-12-08T11:12:55,low
test_2581.pdf,.pdf,569,C:/Healthcare/LabResults/,2025-11-19T16:27:33,low
info_2582.pdf,.pdf,96,C:/Healthcare/PublicInfo/Parking/,2023-12-07T00:03:28,low
payroll_meeting_2583.pdf,.pdf,1092,C:/Healthcare/Meetings/,2025-03-09T15:32:04,medium
schedule_2584.csv,.csv,273,C:/Healthcare/StaffSchedules/,2024-07-02T15:16:13,medium
info_2585.csv,.csv,750,C:/Healthcare/PublicInfo/Notices/,2025-03-15T00:58:29,medium
consent_workorder_2586.xlsx,.xlsx,451,C:/Healthcare/Maintenance/,2024-01-14T13:54:48,high
reimbursement_2587.csv,.csv,136,C:/Healthcare/Insurance/,2024-10-30T22:48:36,low
protocol_2588.pdf,.pdf,763,C:/Healthcare/Internal/Protocols/,2023-04-03T13:03:24,high
ssn_log_2589.txt,.txt,2,C:/Healthcare/Maintenance/,2023-09-25T12:39:10,low
procedure_2590.xlsx,.xlsx,855,C:/Healthcare/Internal/Protocols/,2025-07-05T23:37:28,medium
workorder_2591.xlsx,.xlsx,1015,C:/Healthcare/Maintenance/,2023-02-14T09:26:27,low
parking_lab_2592.xlsx,.xlsx,580,C:/Healthcare/LabResults/,2024-06-17T14:29:04,low
patient_2593.xlsx,.xlsx,196,C:/Healthcare/Patients/,2024-12-21T18:59:43,medium
procedure_2594.docx,.docx,231,C:/Healthcare/Internal/Protocols/,2024-05-28T14:05:57,low
roster_2595_v2.xlsx,.xlsx,321,C:/Healthcare/StaffSchedules/,2023-09-17T05:21:28,low
parking_2596.pdf,.pdf,351,C:/Healthcare/PublicInfo/Menu/,2025-11-03T10:48:09,low
prescription_workorder_2597.xlsx,.xlsx,683,C:/Healthcare/Maintenance/,2023-05-05T15:49:32,low
notice_meeting_2598.docx,.docx,528,C:/Healthcare/Meetings/,2025-10-30T21:57:27,low
maintenance_meeting_2599.pdf,.pdf,1295,C:/Healthcare/Meetings/,2023-10-17T16:21:56,high
menu_menu_2600.csv,.csv,144,C:/Healthcare/PublicInfo/Notices/,2024-05-08T03:47:08,low
public_menu_2601.txt,.txt,111,C:/Healthcare/PublicInfo/Parking/,2023-02-14T15:46:44,medium
test_info_2602.pdf,.pdf,1695,C:/Healthcare/PublicInfo/Notices/,2023-05-11T05:38:33,low
test_protocol_2603.xlsx,.xlsx,141,C:/Healthcare/Internal/Protocols/,2023-04-03T03:28:20,low
meeting_2604.pdf,.pdf,1830,C:/Healthcare/Meetings/,2025-11-17T23:05:10,low
notice_2605.txt,.txt,46,C:/Healthcare/PublicInfo/Menu/,2025-04-04T21:42:08,low
passwords_parking_2606.txt,.txt,41,C:/Healthcare/PublicInfo/Notices/,2023-03-30T19:59:08,medium
invoice_2607.pdf,.pdf,338,C:/Healthcare/Insurance/,2024-01-05T00:22:22,high
summary_test_2608.xls,.xls,1707,C:/Healthcare/LabResults/,2024-03-30T20:32:47,low
parking_protocol_2609.docx,.docx,189,C:/Healthcare/Internal/Protocols/,2025-08-13T10:14:35,low
maintenance_2610.xlsx,.xlsx,114,C:/Healthcare/Maintenance/,2025-01-21T07:33:36,low
report_analysis_2611.csv,.csv,488,C:/Healthcare/LabResults/,2024-08-28T13:47:54,low
maintenance_2612.txt,.txt,103,C:/Healthcare/Maintenance/,2023-03-25T05:25:40,low
menu_2613.txt,.txt,61,C:/Healthcare/PublicInfo/Notices/,2024-09-08T19:51:01,low
guideline_2614.xlsx,.xlsx,615,C:/Healthcare/Internal/Protocols/,2023-02-11T19:05:30,low
schedule_workorder_2615_draft.xlsx,.xlsx,184,C:/Healthcare/Maintenance/,2024-08-02T16:25:01,low
report_roster_2616.xlsx,.xlsx,107,C:/Healthcare/StaffSchedules/,2025-03-19T22:42:30,low
roster_2617.csv,.csv,201,C:/Healthcare/StaffSchedules/,2023-03-27T21:22:07,low
schedule_invoice_2618_final.docx,.docx,276,C:/Healthcare/Insurance/,2024-09-25T22:35:02,low
notice_menu_2619.txt,.txt,10,C:/Healthcare/PublicInfo/Parking/,2025-05-03T13:22:26,low
prescription_claim_2620.docx,.docx,582,C:/Healthcare/Insurance/,2023-01-05T12:56:25,high
results_2621.xls,.xls,685,C:/Healthcare/LabResults/,2023-11-03T00:12:08,high
specimen_2622.pdf,.pdf,779,C:/Healthcare/LabResults/,2023-01-15T00:56:45,low
schedule_2623_archived.csv,.csv,367,C:/Healthcare/StaffSchedules/,2024-12-24T16:23:38,low
schedule_info_2624.txt,.txt,30,C:/Healthcare/PublicInfo/Notices/,2023-05-06T12:09:46,medium
report_agenda_2625.docx,.docx,387,C:/Healthcare/Meetings/,2023-02-12T20:25:35,medium
menu_menu_2626.csv,.csv,691,C:/Healthcare/PublicInfo/Notices/,2023-05-06T01:22:51,low
guideline_2627.docx,.docx,240,C:/Healthcare/Internal/Protocols/,2024-09-06T06:37:12,medium
log_2628.xlsx,.xlsx,1313,C:/Healthcare/Maintenance/,2025-11-29T02:36:57,low
specimen_2629.csv,.csv,4,C:/Healthcare/LabResults/,2024-09-14T14:36:32,high
maintenance_analysis_2630.xls,.xls,1467,C:/Healthcare/LabResults/,2023-11-19T07:09:45,medium
maintenance_info_2631.pdf,.pdf,800,C:/Healthcare/PublicInfo/Parking/,2025-10-14T22:29:17,medium
agenda_2632.docx,.docx,105,C:/Healthcare/Meetings/,2023-11-15T03:15:21,medium
roster_2633_archived.xlsx,.xlsx,1124,C:/Healthcare/StaffSchedules/,2025-08-30T18:46:51,low
lab_2634.xlsx,.xlsx,1261,C:/Healthcare/LabResults/,2024-02-11T21:31:41,low
summary_info_2635.pdf,.pdf,1783,C:/Healthcare/PublicInfo/Parking/,2023-12-03T05:51:49,low
menu_2636_draft.txt,.txt,94,C:/Healthcare/PublicInfo/Menu/,2023-12-20T22:23:30,low
notice_2637.csv,.csv,203,C:/Healthcare/PublicInfo/Menu/,2025-07-11T12:40:22,low
report_analysis_2638.csv,.csv,999,C:/Healthcare/LabResults/,2025-12-01T00:41:39,high
invoice_policy_2639.docx,.docx,332,C:/Healthcare/Insurance/,2025-04-13T09:11:02,medium
analysis_2640.xlsx,.xlsx,477,C:/Healthcare/LabResults/,2025-03-27T20:00:03,low
procedure_2641.xlsx,.xlsx,651,C:/Healthcare/Internal/Protocols/,2025-08-12T06:46:46,low
ssn_menu_2642_final.txt,.txt,90,C:/Healthcare/PublicInfo/Parking/,2024-06-05T13:43:43,low
notice_2643.pdf,.pdf,987,C:/Healthcare/PublicInfo/Menu/,2023-11-25T04:19:05,low
invoice_maintenance_2644.pdf,.pdf,1940,C:/Healthcare/Maintenance/,2024-11-27T22:11:18,low
claim_2645.csv,.csv,57,C:/Healthcare/Insurance/,2025-05-20T18:57:25,medium
menu_2646.pdf,.pdf,157,C:/Healthcare/PublicInfo/Notices/,2025-06-28T03:36:19,low
visit_2647.docx,.docx,710,C:/Healthcare/Patients/,2025-02-15T02:06:20,high
menu_results_2648_v2.xlsx,.xlsx,298,C:/Healthcare/LabResults/,2024-01-12T01:16:54,low
test_2649.xlsx,.xlsx,1224,C:/Healthcare/LabResults/,2025-07-24T06:05:56,high
diagnosis_2650.pdf,.pdf,4,C:/Healthcare/Patients/,2023-12-16T09:09:27,medium
maintenance_2651.pdf,.pdf,650,C:/Healthcare/Maintenance/,2023-08-26T21:47:36,medium
menu_2652.csv,.csv,616,C:/Healthcare/PublicInfo/Parking/,2024-06-15T07:38:39,medium
test_specimen_2653.xlsx,.xlsx,1137,C:/Healthcare/LabResults/,2024-01-30T16:04:21,low
notice_2654.csv,.csv,173,C:/Healthcare/PublicInfo/Parking/,2023-02-27T23:29:22,low
announcement_specimen_2655.csv,.csv,178,C:/Healthcare/LabResults/,2024-05-09T12:32:21,low
maintenance_roster_2656.xlsx,.xlsx,81,C:/Healthcare/StaffSchedules/,2025-10-24T13:40:10,low
log_2657.txt,.txt,58,C:/Healthcare/Maintenance/,2025-04-16T08:14:10,low
lab_notice_2658.pdf,.pdf,1748,C:/Healthcare/PublicInfo/Parking/,2025-01-21T00:30:53,low
roster_2659.xlsx,.xlsx,949,C:/Healthcare/StaffSchedules/,2025-08-23T18:39:28,low
notice_info_2660.pdf,.pdf,814,C:/Healthcare/PublicInfo/Parking/,2023-10-08T00:34:07,low
results_meeting_2661.pdf,.pdf,1045,C:/Healthcare/Meetings/,2023-12-23T13:39:08,low
visit_2662.docx,.docx,300,C:/Healthcare/Patients/,2025-04-25T12:09:35,medium
results_2663.csv,.csv,281,C:/Healthcare/LabResults/,2025-11-03T22:33:26,low
test_record_2664_confidential.pdf,.pdf,2006,C:/Healthcare/Patients/,2023-07-03T07:55:49,medium
prescription_info_2665.txt,.txt,45,C:/Healthcare/PublicInfo/Notices/,2023-06-10T01:59:17,low
appointment_meeting_2666.docx,.docx,121,C:/Healthcare/Meetings/,2023-07-28T12:38:54,low
meeting_2667.txt,.txt,52,C:/Healthcare/Meetings/,2023-04-20T16:07:34,high
parking_diagnosis_2668.xlsx,.xlsx,830,C:/Healthcare/Patients/,2023-09-29T01:48:49,low
shift_2669.csv,.csv,489,C:/Healthcare/StaffSchedules/,2023-09-18T19:03:20,low
invoice_protocol_2670.docx,.docx,593,C:/Healthcare/Internal/Protocols/,2023-10-26T01:36:10,high
protocol_2671.pdf,.pdf,596,C:/Healthcare/Internal/Protocols/,2023-08-20T03:31:39,medium
menu_meeting_2672.pdf,.pdf,2131,C:/Healthcare/Meetings/,2025-04-16T23:50:37,medium
guideline_2673.docx,.docx,63,C:/Healthcare/Internal/Protocols/,2024-01-31T04:47:13,low
record_2674.docx,.docx,1049,C:/Healthcare/Patients/,2024-08-19T02:04:56,high
guideline_2675_draft.xlsx,.xlsx,1739,C:/Healthcare/Internal/Protocols/,2024-06-23T15:51:58,medium
reimbursement_2676.csv,.csv,174,C:/Healthcare/Insurance/,2025-01-15T00:56:28,low
announcement_consent_2677.pdf,.pdf,334,C:/Healthcare/Patients/,2024-05-24T17:50:45,low
appointment_diagnosis_2678.pdf,.pdf,45,C:/Healthcare/Patients/,2025-05-05T03:20:08,low
summary_parking_2679.csv,.csv,129,C:/Healthcare/PublicInfo/Notices/,2024-10-29T12:21:28,low
parking_2680.txt,.txt,28,C:/Healthcare/PublicInfo/Parking/,2024-12-11T19:40:21,low
consent_2681.csv,.csv,338,C:/Healthcare/Patients/,2023-05-08T10:30:15,high
specimen_2682.xls,.xls,177,C:/Healthcare/LabResults/,2023-06-09T10:17:15,low
workorder_2683.pdf,.pdf,577,C:/Healthcare/Maintenance/,2025-02-23T18:35:39,medium
info_2684.csv,.csv,65,C:/Healthcare/PublicInfo/Menu/,2023-10-08T17:03:30,medium
schedule_2685.xlsx,.xlsx,78,C:/Healthcare/StaffSchedules/,2024-03-08T05:29:45,low
prescription_workorder_2686.txt,.txt,45,C:/Healthcare/Maintenance/,2023-07-30T19:48:01,low
agenda_2687_confidential.txt,.txt,72,C:/Healthcare/Meetings/,2024-11-23T08:59:51,low
ssn_test_2688_v2.xlsx,.xlsx,1312,C:/Healthcare/LabResults/,2023-09-25T20:38:37,low
maintenance_notice_2689.csv,.csv,94,C:/Healthcare/PublicInfo/Menu/,2024-09-24T13:39:41,medium
menu_2690.csv,.csv,676,C:/Healthcare/PublicInfo/Notices/,2023-02-03T18:21:51,low
appointment_specimen_2691.pdf,.pdf,262,C:/Healthcare/LabResults/,2024-04-01T15:05:47,low
test_info_2692.csv,.csv,405,C:/Healthcare/PublicInfo/Notices/,2024-05-23T19:52:15,low
info_2693.pdf,.pdf,612,C:/Healthcare/PublicInfo/Menu/,2024-02-06T01:05:16,low
menu_2694.txt,.txt,34,C:/Healthcare/PublicInfo/Menu/,2025-11-21T18:21:03,low
notice_2695.pdf,.pdf,1717,C:/Healthcare/PublicInfo/Menu/,2024-03-10T20:56:08,medium
maintenance_2696.pdf,.pdf,992,C:/Healthcare/Maintenance/,2024-11-21T12:01:08,low
audit_info_2697.pdf,.pdf,1895,C:/Healthcare/PublicInfo/Notices/,2024-02-28T11:49:25,low
meeting_2698.docx,.docx,72,C:/Healthcare/Meetings/,2024-12-15T02:42:05,high
minutes_2699.txt,.txt,128,C:/Healthcare/Meetings/,2025-01-08T09:12:23,low
minutes_2700.pdf,.pdf,376,C:/Healthcare/Meetings/,2025-07-16T01:18:11,low
notice_parking_2701.pdf,.pdf,1109,C:/Healthcare/PublicInfo/Parking/,2023-04-01T09:26:14,low
medical_patient_2702.xlsx,.xlsx,119,C:/Healthcare/Patients/,2024-03-27T06:48:05,high
maintenance_agenda_2703.pdf,.pdf,2571,C:/Healthcare/Meetings/,2025-11-17T10:12:00,medium
notice_claim_2704.csv,.csv,372,C:/Healthcare/Insurance/,2023-05-03T05:27:15,low
summary_specimen_2705.xls,.xls,1512,C:/Healthcare/LabResults/,2025-07-17T17:36:58,low
parking_2706.txt,.txt,26,C:/Healthcare/PublicInfo/Notices/,2023-12-01T01:08:20,medium
invoice_notice_2707.csv,.csv,95,C:/Healthcare/PublicInfo/Parking/,2025-10-03T11:49:38,low
parking_2708.txt,.txt,84,C:/Healthcare/PublicInfo/Menu/,2024-09-13T05:10:36,low
appointment_notice_2709.txt,.txt,86,C:/Healthcare/PublicInfo/Menu/,2023-01-27T01:26:58,low
insurance_claim_menu_2710.txt,.txt,53,C:/Healthcare/PublicInfo/Notices/,2025-06-11T01:38:57,high
claim_2711.docx,.docx,138,C:/Healthcare/Insurance/,2024-10-18T01:38:31,low
confidential_coverage_2712_final.csv,.csv,237,C:/Healthcare/Insurance/,2024-01-14T11:24:28,medium
shift_2713.csv,.csv,179,C:/Healthcare/StaffSchedules/,2024-04-09T20:11:16,low
prescription_meeting_2714.txt,.txt,39,C:/Healthcare/Meetings/,2025-02-22T18:55:28,low
notice_2715.txt,.txt,85,C:/Healthcare/PublicInfo/Parking/,2024-10-04T12:51:49,low
agenda_2716.txt,.txt,54,C:/Healthcare/Meetings/,2025-11-13T12:19:22,medium
roster_2717.xlsx,.xlsx,420,C:/Healthcare/StaffSchedules/,2024-06-26T13:25:23,low
schedule_2718.pdf,.pdf,2472,C:/Healthcare/StaffSchedules/,2024-05-24T07:49:05,medium
maintenance_2719.txt,.txt,18,C:/Healthcare/Maintenance/,2023-09-23T08:13:33,low
maintenance_notice_2720.csv,.csv,307,C:/Healthcare/PublicInfo/Notices/,2023-05-31T20:10:59,low
announcement_protocol_2721.docx,.docx,716,C:/Healthcare/Internal/Protocols/,2025-04-07T18:48:54,high
results_2722.pdf,.pdf,1138,C:/Healthcare/LabResults/,2023-09-01T20:52:10,low
specimen_2723.csv,.csv,641,C:/Healthcare/LabResults/,2025-07-01T20:24:01,low
menu_analysis_2724.xls,.xls,445,C:/Healthcare/LabResults/,2023-11-02T11:20:20,low
shift_2725.xlsx,.xlsx,1130,C:/Healthcare/StaffSchedules/,2023-03-02T13:42:23,low
notice_shift_2726.xlsx,.xlsx,1199,C:/Healthcare/StaffSchedules/,2024-09-24T16:01:04,low
maintenance_workorder_2727.pdf,.pdf,517,C:/Healthcare/Maintenance/,2024-04-19T11:08:08,low
maintenance_log_2728.txt,.txt,27,C:/Healthcare/Maintenance/,2025-07-17T21:14:01,low
meeting_2729_confidential.pdf,.pdf,1656,C:/Healthcare/Meetings/,2025-12-15T07:04:31,low
announcement_notice_2730_confidential.csv,.csv,394,C:/Healthcare/PublicInfo/Menu/,2023-07-11T20:20:07,high
announcement_menu_2731.txt,.txt,94,C:/Healthcare/PublicInfo/Menu/,2025-09-18T03:43:42,low
info_2732.pdf,.pdf,1244,C:/Healthcare/PublicInfo/Menu/,2025-06-09T00:34:22,high
audit_results_2733.csv,.csv,497,C:/Healthcare/LabResults/,2025-02-03T17:24:09,low
invoice_2734_v2.csv,.csv,1083,C:/Healthcare/Insurance/,2025-10-23T20:10:14,high
summary_info_2735.csv,.csv,176,C:/Healthcare/PublicInfo/Parking/,2025-08-05T16:41:36,medium
maintenance_2736.xlsx,.xlsx,627,C:/Healthcare/Maintenance/,2023-08-18T00:12:37,low
notice_2737.txt,.txt,53,C:/Healthcare/PublicInfo/Notices/,2024-07-11T02:01:50,high
test_agenda_2738.txt,.txt,161,C:/Healthcare/Meetings/,2023-02-06T04:27:18,medium
meeting_2739.txt,.txt,107,C:/Healthcare/Meetings/,2023-02-24T19:13:40,medium
maintenance_test_2740.pdf,.pdf,466,C:/Healthcare/LabResults/,2025-03-03T22:58:14,low
schedule_menu_2741_archived.csv,.csv,282,C:/Healthcare/PublicInfo/Parking/,2023-08-03T10:57:16,medium
report_procedure_2742.docx,.docx,205,C:/Healthcare/Internal/Protocols/,2024-03-06T10:49:14,high
audit_notice_2743.csv,.csv,769,C:/Healthcare/PublicInfo/Parking/,2025-03-20T10:21:11,medium
procedure_2744.xlsx,.xlsx,584,C:/Healthcare/Internal/Protocols/,2023-04-25T01:12:56,medium
procedure_2745.xlsx,.xlsx,46,C:/Healthcare/Internal/Protocols/,2025-07-03T05:45:48,medium
workorder_2746.txt,.txt,130,C:/Healthcare/Maintenance/,2024-05-29T18:47:04,low
shift_2747_confidential.xlsx,.xlsx,261,C:/Healthcare/StaffSchedules/,2025-08-31T16:24:21,medium
maintenance_parking_2748.csv,.csv,514,C:/Healthcare/PublicInfo/Notices/,2025-10-26T01:05:50,low
menu_2749.txt,.txt,153,C:/Healthcare/PublicInfo/Notices/,2023-06-22T02:17:30,medium
results_notice_2750.pdf,.pdf,79,C:/Healthcare/PublicInfo/Notices/,2024-10-18T04:24:40,medium
notice_2751.csv,.csv,200,C:/Healthcare/PublicInfo/Parking/,2025-01-15T01:54:08,low
meeting_2752.txt,.txt,65,C:/Healthcare/Meetings/,2024-07-09T05:22:03,medium
parking_schedule_2753.xlsx,.xlsx,1402,C:/Healthcare/StaffSchedules/,2025-01-28T22:16:01,low
parking_minutes_2754.docx,.docx,614,C:/Healthcare/Meetings/,2023-09-01T02:22:51,low
notice_2755.txt,.txt,92,C:/Healthcare/PublicInfo/Menu/,2025-08-10T11:05:20,low
maintenance_parking_2756.pdf,.pdf,1105,C:/Healthcare/PublicInfo/Menu/,2025-07-19T06:48:42,low
notice_2757.pdf,.pdf,172,C:/Healthcare/PublicInfo/Menu/,2023-04-05T19:11:51,medium
report_lab_2758.xlsx,.xlsx,746,C:/Healthcare/LabResults/,2024-03-12T04:18:23,medium
announcement_policy_2759.pdf,.pdf,412,C:/Healthcare/Insurance/,2025-05-31T22:20:42,low
public_notice_2760.csv,.csv,477,C:/Healthcare/PublicInfo/Notices/,2023-11-13T20:58:23,low
roster_2761.pdf,.pdf,685,C:/Healthcare/StaffSchedules/,2024-08-05T02:52:14,medium
info_2762_draft.txt,.txt,70,C:/Healthcare/PublicInfo/Notices/,2024-10-09T12:30:23,low
consent_2763_archived.docx,.docx,380,C:/Healthcare/Patients/,2024-09-17T21:13:21,medium
prescription_policy_2764.docx,.docx,255,C:/Healthcare/Insurance/,2025-07-19T23:33:11,low
coverage_2765.csv,.csv,352,C:/Healthcare/Insurance/,2025-02-17T18:14:54,low
report_workorder_2766.txt,.txt,37,C:/Healthcare/Maintenance/,2025-11-12T08:47:37,low
menu_2767_v2.txt,.txt,83,C:/Healthcare/PublicInfo/Parking/,2024-02-08T14:51:06,low
schedule_schedule_2768.pdf,.pdf,325,C:/Healthcare/StaffSchedules/,2023-02-04T18:13:54,low
test_notice_2769.csv,.csv,179,C:/Healthcare/PublicInfo/Parking/,2025-11-18T14:14:37,low
meeting_2770.pdf,.pdf,325,C:/Healthcare/Meetings/,2024-03-04T02:50:17,low
public_protocol_2771.pdf,.pdf,136,C:/Healthcare/Internal/Protocols/,2024-11-05T18:36:06,low
notice_workorder_2772_draft.pdf,.pdf,28,C:/Healthcare/Maintenance/,2025-09-19T02:29:14,low
meeting_2773.pdf,.pdf,302,C:/Healthcare/Meetings/,2025-05-25T15:24:46,low
reimbursement_2774.csv,.csv,414,C:/Healthcare/Insurance/,2025-12-13T23:43:10,low
results_shift_2775.xlsx,.xlsx,405,C:/Healthcare/StaffSchedules/,2024-06-01T08:06:18,low
agenda_2776.docx,.docx,55,C:/Healthcare/Meetings/,2025-10-21T03:06:49,medium
menu_agenda_2777.docx,.docx,233,C:/Healthcare/Meetings/,2024-06-16T05:22:54,low
agenda_2778.docx,.docx,175,C:/Healthcare/Meetings/,2024-12-27T09:07:50,medium
roster_2779.csv,.csv,633,C:/Healthcare/StaffSchedules/,2025-06-23T05:15:17,low
workorder_2780.pdf,.pdf,214,C:/Healthcare/Maintenance/,2023-08-30T09:08:00,low
lab_notice_2781.csv,.csv,247,C:/Healthcare/PublicInfo/Notices/,2025-09-18T05:28:56,medium
schedule_minutes_2782.docx,.docx,110,C:/Healthcare/Meetings/,2024-01-31T07:54:15,low
maintenance_menu_2783.txt,.txt,45,C:/Healthcare/PublicInfo/Parking/,2025-03-15T23:57:13,low
public_shift_2784_archived.csv,.csv,44,C:/Healthcare/StaffSchedules/,2024-12-15T18:25:03,low
confidential_maintenance_2785.pdf,.pdf,819,C:/Healthcare/Maintenance/,2025-06-11T15:32:14,medium
announcement_visit_2786.docx,.docx,128,C:/Healthcare/Patients/,2023-06-20T15:12:18,low
log_2787.pdf,.pdf,1240,C:/Healthcare/Maintenance/,2025-11-17T11:01:03,low
invoice_shift_2788.xlsx,.xlsx,198,C:/Healthcare/StaffSchedules/,2024-09-25T01:25:05,low
menu_diagnosis_2789.docx,.docx,861,C:/Healthcare/Patients/,2023-06-15T09:30:25,high
roster_2790.csv,.csv,686,C:/Healthcare/StaffSchedules/,2025-08-12T13:43:02,medium
roster_2791.csv,.csv,258,C:/Healthcare/StaffSchedules/,2023-04-08T04:14:29,low
meeting_2792_final.docx,.docx,35,C:/Healthcare/Meetings/,2025-09-03T22:43:50,low
menu_2793.csv,.csv,639,C:/Healthcare/PublicInfo/Menu/,2023-10-09T21:52:07,high
parking_2794.pdf,.pdf,2179,C:/Healthcare/PublicInfo/Menu/,2025-03-23T14:12:26,low
notice_2795.txt,.txt,48,C:/Healthcare/PublicInfo/Menu/,2023-09-16T06:08:14,low
test_2796.xls,.xls,901,C:/Healthcare/LabResults/,2025-01-29T23:53:10,low
parking_2797.txt,.txt,102,C:/Healthcare/PublicInfo/Notices/,2024-12-02T09:19:27,medium
summary_meeting_2798.docx,.docx,253,C:/Healthcare/Meetings/,2023-06-19T21:48:42,low
parking_2799_archived.pdf,.pdf,2667,C:/Healthcare/PublicInfo/Notices/,2025-12-03T10:47:17,low
test_log_2800.xlsx,.xlsx,1624,C:/Healthcare/Maintenance/,2024-10-28T04:17:41,low
parking_2801.pdf,.pdf,1519,C:/Healthcare/PublicInfo/Notices/,2023-04-26T17:35:29,medium
results_agenda_2802.docx,.docx,248,C:/Healthcare/Meetings/,2023-11-18T15:42:44,high
credentials_info_2803.pdf,.pdf,1103,C:/Healthcare/PublicInfo/Menu/,2024-10-17T05:23:29,medium
menu_2804.txt,.txt,80,C:/Healthcare/PublicInfo/Parking/,2023-01-05T00:19:31,low
maintenance_notice_2805.txt,.txt,41,C:/Healthcare/PublicInfo/Parking/,2025-03-12T19:18:01,medium
notice_2806.txt,.txt,50,C:/Healthcare/PublicInfo/Menu/,2023-03-11T11:08:14,low
shift_2807.pdf,.pdf,773,C:/Healthcare/StaffSchedules/,2024-10-29T01:10:55,low
notice_2808.pdf,.pdf,1897,C:/Healthcare/PublicInfo/Parking/,2025-08-04T09:35:43,medium
diagnosis_2809_confidential.docx,.docx,283,C:/Healthcare/Patients/,2023-12-23T11:11:21,low
minutes_2810.pdf,.pdf,489,C:/Healthcare/Meetings/,2023-04-18T10:08:53,low
invoice_log_2811.pdf,.pdf,222,C:/Healthcare/Maintenance/,2024-05-30T22:06:05,low
invoice_schedule_2812.xlsx,.xlsx,551,C:/Healthcare/StaffSchedules/,2023-09-28T15:50:52,low
lab_2813.xlsx,.xlsx,243,C:/Healthcare/LabResults/,2023-01-17T06:08:46,low
policy_2814.csv,.csv,82,C:/Healthcare/Insurance/,2024-04-07T23:49:50,low
roster_2815_draft.csv,.csv,369,C:/Healthcare/StaffSchedules/,2023-05-12T04:56:07,low
info_2816.pdf,.pdf,539,C:/Healthcare/PublicInfo/Parking/,2023-09-11T02:15:39,low
lab_2817.xlsx,.xlsx,1054,C:/Healthcare/LabResults/,2024-07-25T02:44:13,low
info_2818.csv,.csv,474,C:/Healthcare/PublicInfo/Notices/,2025-07-25T13:40:08,high
notice_2819.pdf,.pdf,1024,C:/Healthcare/PublicInfo/Parking/,2025-02-16T05:10:14,low
parking_2820_draft.csv,.csv,245,C:/Healthcare/PublicInfo/Parking/,2023-05-25T19:35:34,low
parking_2821.pdf,.pdf,319,C:/Healthcare/PublicInfo/Menu/,2025-05-15T19:36:26,low
schedule_info_2822.csv,.csv,84,C:/Healthcare/PublicInfo/Parking/,2025-10-16T03:30:20,low
public_procedure_2823.xlsx,.xlsx,104,C:/Healthcare/Internal/Protocols/,2023-12-20T15:16:51,low
shift_2824.xlsx,.xlsx,901,C:/Healthcare/StaffSchedules/,2025-02-15T12:35:59,low
maintenance_minutes_2825.txt,.txt,8,C:/Healthcare/Meetings/,2024-11-12T15:14:39,low
parking_shift_2826_draft.pdf,.pdf,82,C:/Healthcare/StaffSchedules/,2025-06-25T17:01:26,high
workorder_2827.txt,.txt,27,C:/Healthcare/Maintenance/,2023-06-13T09:37:29,low
specimen_2828.xls,.xls,71,C:/Healthcare/LabResults/,2024-06-29T09:42:24,medium
appointment_info_2829.pdf,.pdf,530,C:/Healthcare/PublicInfo/Menu/,2025-11-22T19:25:52,low
diagnosis_2830.xlsx,.xlsx,447,C:/Healthcare/Patients/,2024-10-09T13:45:18,low
announcement_diagnosis_2831.csv,.csv,295,C:/Healthcare/Patients/,2025-03-17T20:44:46,low
invoice_2832_archived.csv,.csv,396,C:/Healthcare/Insurance/,2024-08-04T21:32:58,low
info_2833.pdf,.pdf,239,C:/Healthcare/PublicInfo/Parking/,2024-11-20T18:58:59,medium
invoice_results_2834.csv,.csv,140,C:/Healthcare/LabResults/,2023-02-20T11:01:03,low
menu_2835.txt,.txt,47,C:/Healthcare/PublicInfo/Menu/,2023-03-22T14:26:26,medium
policy_2836.pdf,.pdf,648,C:/Healthcare/Insurance/,2023-02-12T18:23:27,medium
menu_2837.txt,.txt,94,C:/Healthcare/PublicInfo/Menu/,2025-10-13T12:31:33,high
schedule_coverage_2838.pdf,.pdf,148,C:/Healthcare/Insurance/,2023-03-17T10:27:13,low
record_2839.xlsx,.xlsx,66,C:/Healthcare/Patients/,2025-01-13T21:48:30,low
appointment_log_2840.xlsx,.xlsx,633,C:/Healthcare/Maintenance/,2024-04-28T03:35:56,low
invoice_2841.docx,.docx,15,C:/Healthcare/Insurance/,2025-01-15T03:26:28,low
info_2842.csv,.csv,444,C:/Healthcare/PublicInfo/Notices/,2025-07-05T16:12:51,high
report_invoice_2843_final.pdf,.pdf,357,C:/Healthcare/Insurance/,2024-10-06T05:20:55,low
schedule_2844.pdf,.pdf,488,C:/Healthcare/StaffSchedules/,2023-09-05T17:49:44,low
notice_2845.txt,.txt,69,C:/Healthcare/PublicInfo/Notices/,2023-09-27T19:18:08,medium
public_procedure_2846.xlsx,.xlsx,97,C:/Healthcare/Internal/Protocols/,2025-04-21T19:34:12,low
notice_parking_2847_final.txt,.txt,88,C:/Healthcare/PublicInfo/Notices/,2025-11-29T18:15:10,low
consent_results_2848.xls,.xls,594,C:/Healthcare/LabResults/,2024-04-07T05:44:44,high
medical_log_2849.txt,.txt,18,C:/Healthcare/Maintenance/,2024-09-22T08:58:31,low
public_notice_2850.pdf,.pdf,1160,C:/Healthcare/PublicInfo/Menu/,2024-03-04T09:38:05,low
invoice_2851_confidential.csv,.csv,52,C:/Healthcare/Insurance/,2023-10-21T00:58:59,medium
schedule_2852.xlsx,.xlsx,1154,C:/Healthcare/StaffSchedules/,2024-09-10T02:39:15,medium
confidential_notice_2853.csv,.csv,543,C:/Healthcare/PublicInfo/Notices/,2025-01-24T02:00:50,low
test_2854.xls,.xls,1206,C:/Healthcare/LabResults/,2024-07-20T23:32:13,high
consent_2855.xlsx,.xlsx,501,C:/Healthcare/Patients/,2025-08-17T03:16:43,low
claim_2856_confidential.pdf,.pdf,969,C:/Healthcare/Insurance/,2024-01-06T03:32:00,high
shift_2857.pdf,.pdf,18,C:/Healthcare/StaffSchedules/,2025-01-10T09:34:40,low
guideline_2858.docx,.docx,88,C:/Healthcare/Internal/Protocols/,2023-05-01T02:53:50,low
info_2859_confidential.csv,.csv,75,C:/Healthcare/PublicInfo/Menu/,2024-06-03T05:37:33,medium
parking_2860.pdf,.pdf,1047,C:/Healthcare/PublicInfo/Parking/,2025-06-24T09:14:58,medium
appointment_notice_2861.pdf,.pdf,698,C:/Healthcare/PublicInfo/Menu/,2024-12-30T20:24:55,low
info_2862.pdf,.pdf,1836,C:/Healthcare/PublicInfo/Parking/,2024-04-06T11:27:35,low
summary_shift_2863.csv,.csv,460,C:/Healthcare/StaffSchedules/,2024-07-16T04:43:40,low
parking_2864.pdf,.pdf,246,C:/Healthcare/PublicInfo/Parking/,2023-09-01T09:53:23,low
diagnosis_guideline_2865.xlsx,.xlsx,452,C:/Healthcare/Internal/Protocols/,2024-10-12T12:34:00,low
diagnosis_2866.xlsx,.xlsx,1028,C:/Healthcare/Patients/,2023-12-21T06:29:19,low
menu_info_2867.txt,.txt,32,C:/Healthcare/PublicInfo/Parking/,2023-07-15T13:32:50,low
report_maintenance_2868.xlsx,.xlsx,838,C:/Healthcare/Maintenance/,2024-02-21T23:47:54,high
visit_2869.csv,.csv,211,C:/Healthcare/Patients/,2023-10-14T08:56:31,high
coverage_2870.docx,.docx,402,C:/Healthcare/Insurance/,2023-01-20T19:17:19,low
menu_diagnosis_2871.xlsx,.xlsx,573,C:/Healthcare/Patients/,2024-11-27T12:38:09,medium
meeting_2872.pdf,.pdf,620,C:/Healthcare/Meetings/,2025-08-15T15:10:30,low
info_2873.txt,.txt,20,C:/Healthcare/PublicInfo/Menu/,2025-07-13T11:59:52,low
test_visit_2874.xlsx,.xlsx,532,C:/Healthcare/Patients/,2023-11-12T00:38:51,low
confidential_claim_2875.docx,.docx,461,C:/Healthcare/Insurance/,2024-04-12T18:02:46,medium
maintenance_coverage_2876.docx,.docx,24,C:/Healthcare/Insurance/,2024-01-22T03:53:40,high
menu_lab_2877.xlsx,.xlsx,521,C:/Healthcare/LabResults/,2023-12-15T22:57:24,medium
procedure_2878.docx,.docx,196,C:/Healthcare/Internal/Protocols/,2025-11-09T17:05:08,low
procedure_2879.xlsx,.xlsx,1759,C:/Healthcare/Internal/Protocols/,2024-12-10T10:01:33,low
schedule_2880_v2.xlsx,.xlsx,523,C:/Healthcare/StaffSchedules/,2024-06-12T18:32:39,medium
roster_2881_v2.csv,.csv,203,C:/Healthcare/StaffSchedules/,2024-03-31T08:18:55,low
audit_parking_2882.csv,.csv,452,C:/Healthcare/PublicInfo/Parking/,2024-05-18T14:55:39,high
test_results_2883.xlsx,.xlsx,1672,C:/Healthcare/LabResults/,2024-05-18T17:31:10,medium
audit_parking_2884.csv,.csv,665,C:/Healthcare/PublicInfo/Notices/,2025-12-03T08:05:14,medium
notice_minutes_2885.txt,.txt,22,C:/Healthcare/Meetings/,2023-07-24T10:15:03,low
maintenance_2886.xlsx,.xlsx,879,C:/Healthcare/Maintenance/,2024-01-23T12:46:26,low
public_maintenance_2887.txt,.txt,12,C:/Healthcare/Maintenance/,2023-06-20T23:54:01,low
workorder_2888.pdf,.pdf,394,C:/Healthcare/Maintenance/,2023-12-25T05:55:01,low
policy_2889.csv,.csv,165,C:/Healthcare/Insurance/,2023-07-06T22:01:35,medium
parking_2890.pdf,.pdf,830,C:/Healthcare/PublicInfo/Menu/,2023-01-02T04:55:35,low
confidential_parking_2891.txt,.txt,89,C:/Healthcare/PublicInfo/Parking/,2025-02-17T05:41:44,low
schedule_workorder_2892.pdf,.pdf,351,C:/Healthcare/Maintenance/,2025-02-23T18:42:48,low
patient_2893_draft.xlsx,.xlsx,337,C:/Healthcare/Patients/,2023-03-19T18:11:29,low
announcement_schedule_2894.csv,.csv,656,C:/Healthcare/StaffSchedules/,2024-08-29T23:48:42,low
appointment_lab_2895.xlsx,.xlsx,536,C:/Healthcare/LabResults/,2025-11-30T04:34:16,low
maintenance_2896.txt,.txt,78,C:/Healthcare/Maintenance/,2025-05-14T23:10:13,low
menu_notice_2897_v2.csv,.csv,577,C:/Healthcare/PublicInfo/Notices/,2025-05-10T13:42:47,medium
test_2898.csv,.csv,230,C:/Healthcare/LabResults/,2024-03-15T04:29:09,low
lab_patient_2899.docx,.docx,316,C:/Healthcare/Patients/,2025-03-19T10:59:39,low
guideline_2900_draft.pdf,.pdf,533,C:/Healthcare/Internal/Protocols/,2024-10-01T11:39:07,medium
parking_2901.csv,.csv,453,C:/Healthcare/PublicInfo/Parking/,2024-08-01T18:34:28,low
schedule_lab_2902_draft.pdf,.pdf,786,C:/Healthcare/LabResults/,2024-09-16T18:00:36,high
roster_2903.pdf,.pdf,544,C:/Healthcare/StaffSchedules/,2023-01-26T06:07:25,low
parking_consent_2904.pdf,.pdf,2566,C:/Healthcare/Patients/,2024-01-11T20:42:23,medium
invoice_diagnosis_2905.xlsx,.xlsx,966,C:/Healthcare/Patients/,2025-04-30T12:30:00,high
patient_menu_2906.txt,.txt,67,C:/Healthcare/PublicInfo/Parking/,2024-06-07T12:50:21,low
prescription_workorder_2907.xlsx,.xlsx,336,C:/Healthcare/Maintenance/,2025-06-29T13:13:28,low
info_2908.csv,.csv,14,C:/Healthcare/PublicInfo/Notices/,2024-04-26T08:16:57,low
results_parking_2909.pdf,.pdf,1717,C:/Healthcare/PublicInfo/Menu/,2024-03-28T03:07:09,low
schedule_2910.xlsx,.xlsx,1256,C:/Healthcare/StaffSchedules/,2024-03-07T19:50:03,high
analysis_2911.xlsx,.xlsx,680,C:/Healthcare/LabResults/,2025-08-19T21:20:46,medium
announcement_info_2912.txt,.txt,69,C:/Healthcare/PublicInfo/Parking/,2023-09-15T18:27:09,low
summary_claim_2913.pdf,.pdf,640,C:/Healthcare/Insurance/,2023-10-14T12:52:35,medium
announcement_log_2914_draft.xlsx,.xlsx,670,C:/Healthcare/Maintenance/,2025-02-26T08:24:04,low
schedule_patient_2915.docx,.docx,30,C:/Healthcare/Patients/,2025-03-29T23:36:16,low
lab_notice_2916.pdf,.pdf,1307,C:/Healthcare/PublicInfo/Notices/,2024-08-30T06:06:31,medium
guideline_2917.docx,.docx,538,C:/Healthcare/Internal/Protocols/,2024-02-08T03:40:00,medium
maintenance_info_2918.pdf,.pdf,1769,C:/Healthcare/PublicInfo/Notices/,2024-07-24T02:25:35,low
patient_diagnosis_2919_v2.pdf,.pdf,1117,C:/Healthcare/Patients/,2024-02-14T10:36:39,medium
appointment_analysis_2920_final.csv,.csv,234,C:/Healthcare/LabResults/,2025-02-17T20:04:46,low
report_procedure_2921.xlsx,.xlsx,320,C:/Healthcare/Internal/Protocols/,2025-10-18T19:43:23,low
schedule_guideline_2922.docx,.docx,122,C:/Healthcare/Internal/Protocols/,2024-02-11T17:51:55,medium
report_specimen_2923_confidential.xls,.xls,849,C:/Healthcare/LabResults/,2023-05-14T11:28:24,medium
shift_2924.xlsx,.xlsx,379,C:/Healthcare/StaffSchedules/,2025-02-19T08:08:50,low
workorder_2925.pdf,.pdf,1613,C:/Healthcare/Maintenance/,2024-04-04T16:24:21,low
report_menu_2926_draft.txt,.txt,63,C:/Healthcare/PublicInfo/Notices/,2025-01-06T00:35:28,low
summary_invoice_2927.csv,.csv,295,C:/Healthcare/Insurance/,2024-11-29T15:17:02,medium
meeting_2928.pdf,.pdf,2523,C:/Healthcare/Meetings/,2024-01-19T14:18:00,low
lab_procedure_2929.docx,.docx,445,C:/Healthcare/Internal/Protocols/,2024-08-21T13:20:08,low
consent_2930.pdf,.pdf,15,C:/Healthcare/Patients/,2024-09-08T01:28:43,low
roster_2931_confidential.xlsx,.xlsx,224,C:/Healthcare/StaffSchedules/,2023-05-27T23:43:48,low
schedule_coverage_2932_draft.pdf,.pdf,171,C:/Healthcare/Insurance/,2025-05-22T03:39:05,low
parking_2933.csv,.csv,199,C:/Healthcare/PublicInfo/Menu/,2024-01-18T20:33:34,low
confidential_info_2934.csv,.csv,372,C:/Healthcare/PublicInfo/Menu/,2023-12-11T17:54:32,high
menu_2935.pdf,.pdf,1365,C:/Healthcare/PublicInfo/Parking/,2023-06-10T09:56:21,low
patient_specimen_2936.pdf,.pdf,2345,C:/Healthcare/LabResults/,2023-09-22T10:18:22,high
maintenance_test_2937.xls,.xls,827,C:/Healthcare/LabResults/,2025-10-25T08:22:57,medium
info_2938.pdf,.pdf,378,C:/Healthcare/PublicInfo/Notices/,2025-05-31T15:40:56,low
results_2939.xlsx,.xlsx,1876,C:/Healthcare/LabResults/,2023-03-28T01:30:27,medium
meeting_2940.docx,.docx,539,C:/Healthcare/Meetings/,2024-08-22T12:01:19,low
analysis_2941.pdf,.pdf,1018,C:/Healthcare/LabResults/,2024-04-16T09:00:36,low
appointment_info_2942.txt,.txt,134,C:/Healthcare/PublicInfo/Menu/,2024-08-07T06:36:47,low
appointment_maintenance_2943.txt,.txt,100,C:/Healthcare/Maintenance/,2025-10-28T03:33:55,medium
diagnosis_test_2944.xls,.xls,335,C:/Healthcare/LabResults/,2024-11-15T00:15:37,low
announcement_patient_2945.docx,.docx,255,C:/Healthcare/Patients/,2023-07-08T15:25:50,medium
insurance_claim_menu_2946.pdf,.pdf,632,C:/Healthcare/PublicInfo/Menu/,2025-07-09T11:06:19,medium
notice_parking_2947.txt,.txt,131,C:/Healthcare/PublicInfo/Notices/,2025-07-19T23:30:54,low
roster_2948.xlsx,.xlsx,747,C:/Healthcare/StaffSchedules/,2024-07-16T12:39:28,medium
log_2949_final.xlsx,.xlsx,1347,C:/Healthcare/Maintenance/,2023-01-12T00:15:33,low
patient_2950.xlsx,.xlsx,2554,C:/Healthcare/Patients/,2023-04-25T15:26:52,low
menu_2951.pdf,.pdf,1213,C:/Healthcare/PublicInfo/Menu/,2025-08-31T16:46:36,low
menu_2952_confidential.pdf,.pdf,407,C:/Healthcare/PublicInfo/Notices/,2024-04-15T14:59:33,low
info_2953.csv,.csv,168,C:/Healthcare/PublicInfo/Menu/,2024-02-14T15:18:06,medium
meeting_2954.docx,.docx,375,C:/Healthcare/Meetings/,2024-10-12T21:06:51,high
report_specimen_2955.csv,.csv,58,C:/Healthcare/LabResults/,2024-09-09T16:54:59,high
public_meeting_2956.pdf,.pdf,1053,C:/Healthcare/Meetings/,2023-06-30T18:31:51,low
menu_parking_2957.txt,.txt,127,C:/Healthcare/PublicInfo/Menu/,2024-11-06T01:01:38,medium
results_meeting_2958.pdf,.pdf,338,C:/Healthcare/Meetings/,2023-08-06T08:17:49,low
info_2959.pdf,.pdf,1717,C:/Healthcare/PublicInfo/Notices/,2024-01-09T10:45:07,low
parking_2960.txt,.txt,44,C:/Healthcare/PublicInfo/Parking/,2024-10-05T20:43:19,medium
agenda_2961.pdf,.pdf,2868,C:/Healthcare/Meetings/,2025-12-28T19:26:13,medium
notice_2962.txt,.txt,104,C:/Healthcare/PublicInfo/Notices/,2024-02-05T00:26:34,medium
parking_diagnosis_2963.xlsx,.xlsx,344,C:/Healthcare/Patients/,2025-10-22T03:49:37,high
visit_2964.xlsx,.xlsx,782,C:/Healthcare/Patients/,2024-07-07T12:58:25,low
lab_procedure_2965.docx,.docx,618,C:/Healthcare/Internal/Protocols/,2024-09-08T11:09:17,medium
results_parking_2966.csv,.csv,370,C:/Healthcare/PublicInfo/Menu/,2025-10-19T00:03:50,low
guideline_2967.pdf,.pdf,1942,C:/Healthcare/Internal/Protocols/,2023-10-31T19:12:18,low
procedure_2968.xlsx,.xlsx,339,C:/Healthcare/Internal/Protocols/,2023-08-15T21:05:35,medium
minutes_2969_v2.txt,.txt,117,C:/Healthcare/Meetings/,2024-10-23T07:07:00,low
public_invoice_2970.csv,.csv,391,C:/Healthcare/Insurance/,2023-09-07T02:56:31,high
schedule_2971_archived.xlsx,.xlsx,529,C:/Healthcare/StaffSchedules/,2025-12-22T12:28:00,low
summary_reimbursement_2972.docx,.docx,502,C:/Healthcare/Insurance/,2023-06-21T20:36:25,low
diagnosis_2973.csv,.csv,190,C:/Healthcare/Patients/,2024-10-24T22:44:06,high
parking_maintenance_2974.txt,.txt,129,C:/Healthcare/Maintenance/,2023-02-04T23:04:37,high
parking_notice_2975.pdf,.pdf,215,C:/Healthcare/PublicInfo/Notices/,2023-11-22T04:47:01,medium
lab_parking_2976.pdf,.pdf,1419,C:/Healthcare/PublicInfo/Menu/,2023-05-06T11:06:08,low
diagnosis_2977.docx,.docx,892,C:/Healthcare/Patients/,2023-11-20T02:28:30,low
schedule_visit_2978.pdf,.pdf,481,C:/Healthcare/Patients/,2025-12-31T18:49:24,high
schedule_2979.csv,.csv,197,C:/Healthcare/StaffSchedules/,2023-06-28T05:22:14,low
appointment_notice_2980.csv,.csv,173,C:/Healthcare/PublicInfo/Menu/,2024-10-24T04:35:25,medium
procedure_2981.pdf,.pdf,937,C:/Healthcare/Internal/Protocols/,2024-08-03T16:52:57,high
confidential_agenda_2982_archived.txt,.txt,7,C:/Healthcare/Meetings/,2024-05-29T15:18:20,medium
public_notice_2983.pdf,.pdf,84,C:/Healthcare/PublicInfo/Notices/,2025-03-12T03:35:48,low
notice_record_2984_final.xlsx,.xlsx,992,C:/Healthcare/Patients/,2025-12-31T07:15:23,low
menu_2985.pdf,.pdf,1189,C:/Healthcare/PublicInfo/Menu/,2025-12-20T12:12:22,low
test_schedule_2986.csv,.csv,58,C:/Healthcare/StaffSchedules/,2024-11-22T08:48:10,low
meeting_2987_draft.pdf,.pdf,1133,C:/Healthcare/Meetings/,2025-11-16T16:36:35,low
patient_roster_2988_draft.csv,.csv,497,C:/Healthcare/StaffSchedules/,2023-10-10T01:40:47,low
announcement_menu_2989.txt,.txt,70,C:/Healthcare/PublicInfo/Parking/,2025-04-05T16:39:32,medium
summary_guideline_2990.docx,.docx,848,C:/Healthcare/Internal/Protocols/,2025-01-01T11:58:17,low
maintenance_test_2991.pdf,.pdf,1164,C:/Healthcare/LabResults/,2025-12-27T07:46:34,low
log_2992.txt,.txt,47,C:/Healthcare/Maintenance/,2024-07-01T18:47:30,low
schedule_procedure_2993.pdf,.pdf,1417,C:/Healthcare/Internal/Protocols/,2025-07-09T06:48:10,high
parking_2994.pdf,.pdf,1332,C:/Healthcare/PublicInfo/Notices/,2025-11-26T17:41:59,low
announcement_specimen_2995.xls,.xls,595,C:/Healthcare/LabResults/,2023-03-02T13:07:34,low
results_2996.pdf,.pdf,43,C:/Healthcare/LabResults/,2025-07-13T11:24:33,low
menu_2997.pdf,.pdf,1825,C:/Healthcare/PublicInfo/Menu/,2025-02-27T12:13:34,high
procedure_2998.xlsx,.xlsx,255,C:/Healthcare/Internal/Protocols/,2023-06-14T09:31:48,low
specimen_2999.csv,.csv,136,C:/Healthcare/LabResults/,2025-07-12T08:36:59,low
coverage_3000.docx,.docx,76,C:/Healthcare/Insurance/,2023-12-09T06:22:29,low
announcement_schedule_3001.csv,.csv,38,C:/Healthcare/StaffSchedules/,2025-05-21T04:56:24,medium
notice_procedure_3002.pdf,.pdf,1638,C:/Healthcare/Internal/Protocols/,2024-01-13T00:59:11,medium
patient_3003.xlsx,.xlsx,311,C:/Healthcare/Patients/,2025-06-23T17:09:49,medium
procedure_3004.xlsx,.xlsx,565,C:/Healthcare/Internal/Protocols/,2025-09-25T04:45:14,low
notice_minutes_3005.txt,.txt,108,C:/Healthcare/Meetings/,2023-07-30T09:29:03,low
parking_3006.txt,.txt,130,C:/Healthcare/PublicInfo/Menu/,2023-06-19T12:28:52,medium
parking_3007.pdf,.pdf,1546,C:/Healthcare/PublicInfo/Menu/,2025-08-07T12:04:43,low
notice_3008.pdf,.pdf,452,C:/Healthcare/PublicInfo/Notices/,2024-07-19T06:12:57,low
maintenance_menu_3009.csv,.csv,328,C:/Healthcare/PublicInfo/Notices/,2024-08-10T20:23:47,low
menu_3010.txt,.txt,105,C:/Healthcare/PublicInfo/Parking/,2025-12-13T04:42:28,low
public_roster_3011.xlsx,.xlsx,545,C:/Healthcare/StaffSchedules/,2025-12-01T18:59:53,low
consent_roster_3012.xlsx,.xlsx,1029,C:/Healthcare/StaffSchedules/,2025-02-17T08:28:23,medium
results_workorder_3013.xlsx,.xlsx,495,C:/Healthcare/Maintenance/,2023-03-09T03:17:07,high
policy_3014.pdf,.pdf,299,C:/Healthcare/Insurance/,2024-12-13T09:52:31,low
shift_3015.xlsx,.xlsx,107,C:/Healthcare/StaffSchedules/,2025-12-07T20:01:04,medium
visit_3016.pdf,.pdf,435,C:/Healthcare/Patients/,2024-05-27T05:34:09,medium
record_3017.xlsx,.xlsx,790,C:/Healthcare/Patients/,2023-08-20T03:32:11,low
patient_3018.pdf,.pdf,1528,C:/Healthcare/Patients/,2024-03-01T18:59:31,medium
results_notice_3019.csv,.csv,552,C:/Healthcare/PublicInfo/Parking/,2025-01-11T22:33:26,medium
schedule_consent_3020_v2.csv,.csv,750,C:/Healthcare/Patients/,2025-10-16T09:28:39,high
schedule_diagnosis_3021.docx,.docx,461,C:/Healthcare/Patients/,2024-06-12T08:11:46,high
invoice_protocol_3022.docx,.docx,29,C:/Healthcare/Internal/Protocols/,2025-11-10T04:05:54,low
lab_minutes_3023.txt,.txt,15,C:/Healthcare/Meetings/,2023-02-24T22:31:37,medium
visit_3024.docx,.docx,966,C:/Healthcare/Patients/,2023-08-09T18:30:20,medium
menu_3025.csv,.csv,98,C:/Healthcare/PublicInfo/Menu/,2024-06-07T18:11:14,medium
patient_3026.docx,.docx,480,C:/Healthcare/Patients/,2024-06-13T08:27:55,low
audit_results_3027.xls,.xls,476,C:/Healthcare/LabResults/,2023-06-27T21:03:49,medium
consent_menu_3028.pdf,.pdf,227,C:/Healthcare/PublicInfo/Menu/,2023-04-23T17:32:06,low
procedure_3029.docx,.docx,161,C:/Healthcare/Internal/Protocols/,2025-01-16T06:00:41,high
lab_3030.xls,.xls,211,C:/Healthcare/LabResults/,2023-12-29T05:20:26,low
invoice_notice_3031.txt,.txt,143,C:/Healthcare/PublicInfo/Parking/,2025-04-11T18:56:32,medium
menu_3032_v2.csv,.csv,175,C:/Healthcare/PublicInfo/Parking/,2025-12-13T15:04:14,medium
visit_3033.csv,.csv,434,C:/Healthcare/Patients/,2024-10-08T04:00:39,low
menu_3034.pdf,.pdf,711,C:/Healthcare/PublicInfo/Menu/,2024-10-09T17:14:42,medium
record_3035.xlsx,.xlsx,655,C:/Healthcare/Patients/,2024-06-16T06:35:31,low
appointment_invoice_3036.pdf,.pdf,551,C:/Healthcare/Insurance/,2023-01-06T14:20:56,low
schedule_guideline_3037.docx,.docx,672,C:/Healthcare/Internal/Protocols/,2025-02-15T21:56:34,low
procedure_3038.pdf,.pdf,2005,C:/Healthcare/Internal/Protocols/,2025-03-07T08:57:33,medium
claim_3039.csv,.csv,274,C:/Healthcare/Insurance/,2023-01-03T00:49:59,low
public_log_3040.xlsx,.xlsx,360,C:/Healthcare/Maintenance/,2023-01-17T10:14:40,low
schedule_3041.xlsx,.xlsx,915,C:/Healthcare/StaffSchedules/,2024-07-25T04:11:11,medium
results_3042.xls,.xls,454,C:/Healthcare/LabResults/,2023-07-27T10:35:19,low
summary_parking_3043_archived.txt,.txt,24,C:/Healthcare/PublicInfo/Notices/,2024-02-11T12:33:23,medium
public_notice_3044.pdf,.pdf,510,C:/Healthcare/PublicInfo/Notices/,2023-06-09T15:36:27,low
public_maintenance_3045.xlsx,.xlsx,134,C:/Healthcare/Maintenance/,2024-10-21T16:03:19,low
info_3046.txt,.txt,77,C:/Healthcare/PublicInfo/Notices/,2024-10-02T11:03:24,medium
lab_3047_confidential.csv,.csv,175,C:/Healthcare/LabResults/,2025-02-10T01:43:21,high
ssn_notice_3048.csv,.csv,134,C:/Healthcare/PublicInfo/Notices/,2025-08-31T13:43:50,low
roster_3049_v2.csv,.csv,377,C:/Healthcare/StaffSchedules/,2025-08-27T22:12:42,low
procedure_3050.pdf,.pdf,1579,C:/Healthcare/Internal/Protocols/,2025-07-19T17:47:08,low
info_3051.pdf,.pdf,789,C:/Healthcare/PublicInfo/Menu/,2024-08-18T20:49:07,medium
lab_protocol_3052_final.xlsx,.xlsx,890,C:/Healthcare/Internal/Protocols/,2024-03-29T04:08:13,high
record_3053_v2.csv,.csv,875,C:/Healthcare/Patients/,2023-12-23T22:25:34,medium
info_3054.csv,.csv,145,C:/Healthcare/PublicInfo/Parking/,2025-04-08T21:03:03,low
lab_3055.csv,.csv,192,C:/Healthcare/LabResults/,2024-12-12T04:12:38,medium
prescription_meeting_3056.docx,.docx,664,C:/Healthcare/Meetings/,2025-08-09T03:14:48,medium
test_record_3057.docx,.docx,169,C:/Healthcare/Patients/,2024-02-17T11:47:56,low
log_3058.xlsx,.xlsx,291,C:/Healthcare/Maintenance/,2023-08-14T19:18:23,medium
report_notice_3059.csv,.csv,31,C:/Healthcare/PublicInfo/Parking/,2023-04-21T00:22:21,low
parking_3060.pdf,.pdf,1384,C:/Healthcare/PublicInfo/Notices/,2025-06-15T03:27:30,low
notice_3061.pdf,.pdf,251,C:/Healthcare/PublicInfo/Menu/,2025-12-12T19:37:20,low
menu_3062.pdf,.pdf,680,C:/Healthcare/PublicInfo/Notices/,2025-02-08T11:37:00,low
coverage_3063.pdf,.pdf,906,C:/Healthcare/Insurance/,2025-01-22T06:52:55,high
menu_3064.csv,.csv,293,C:/Healthcare/PublicInfo/Notices/,2025-11-27T03:24:09,low
schedule_agenda_3065.docx,.docx,908,C:/Healthcare/Meetings/,2025-01-18T10:01:18,low
menu_3066_archived.csv,.csv,417,C:/Healthcare/PublicInfo/Notices/,2023-03-15T15:55:09,low
test_minutes_3067.pdf,.pdf,16,C:/Healthcare/Meetings/,2025-10-05T06:26:55,low
procedure_3068.pdf,.pdf,546,C:/Healthcare/Internal/Protocols/,2024-02-05T18:16:55,low
menu_3069.csv,.csv,272,C:/Healthcare/PublicInfo/Parking/,2025-06-21T22:22:15,medium
roster_3070.csv,.csv,48,C:/Healthcare/StaffSchedules/,2024-06-01T02:20:35,low
test_3071.pdf,.pdf,440,C:/Healthcare/LabResults/,2024-03-09T02:25:03,medium
announcement_menu_3072.pdf,.pdf,2161,C:/Healthcare/PublicInfo/Notices/,2024-07-13T11:02:35,low
public_menu_3073.txt,.txt,114,C:/Healthcare/PublicInfo/Menu/,2025-08-10T17:04:32,low
minutes_3074_final.docx,.docx,556,C:/Healthcare/Meetings/,2024-04-10T06:30:26,high
invoice_schedule_3075.xlsx,.xlsx,1301,C:/Healthcare/StaffSchedules/,2025-04-14T00:55:22,low
summary_info_3076.txt,.txt,15,C:/Healthcare/PublicInfo/Menu/,2023-06-13T07:53:50,medium
lab_claim_3077.docx,.docx,162,C:/Healthcare/Insurance/,2023-03-15T18:24:32,low
parking_parking_3078.txt,.txt,83,C:/Healthcare/PublicInfo/Menu/,2024-04-05T12:31:25,low
consent_specimen_3079.xlsx,.xlsx,1936,C:/Healthcare/LabResults/,2025-03-23T22:28:10,high
parking_3080.txt,.txt,76,C:/Healthcare/PublicInfo/Notices/,2025-07-04T11:53:15,low
procedure_3081.pdf,.pdf,1500,C:/Healthcare/Internal/Protocols/,2023-02-25T22:18:07,low
lab_maintenance_3082.xlsx,.xlsx,721,C:/Healthcare/Maintenance/,2023-05-22T15:05:43,low
policy_3083.pdf,.pdf,1257,C:/Healthcare/Insurance/,2024-11-18T10:06:58,medium
appointment_parking_3084.txt,.txt,97,C:/Healthcare/PublicInfo/Parking/,2023-08-21T07:22:32,low
consent_3085.docx,.docx,272,C:/Healthcare/Patients/,2023-01-12T06:25:02,low
maintenance_menu_3086.pdf,.pdf,806,C:/Healthcare/PublicInfo/Menu/,2025-09-15T22:29:30,low
schedule_maintenance_3087.pdf,.pdf,1551,C:/Healthcare/Maintenance/,2025-09-27T21:51:59,low
parking_diagnosis_3088.pdf,.pdf,5,C:/Healthcare/Patients/,2023-12-09T17:32:48,medium
maintenance_invoice_3089.pdf,.pdf,205,C:/Healthcare/Insurance/,2023-08-25T17:37:21,low
schedule_log_3090.xlsx,.xlsx,485,C:/Healthcare/Maintenance/,2024-12-12T17:11:43,low
diagnosis_3091.pdf,.pdf,548,C:/Healthcare/Patients/,2024-03-19T11:48:27,medium
info_3092.csv,.csv,94,C:/Healthcare/PublicInfo/Menu/,2024-03-08T16:37:47,low
info_3093.txt,.txt,45,C:/Healthcare/PublicInfo/Notices/,2023-10-05T00:05:42,medium
protocol_3094.xlsx,.xlsx,153,C:/Healthcare/Internal/Protocols/,2025-12-07T01:22:16,low
info_3095.pdf,.pdf,700,C:/Healthcare/PublicInfo/Parking/,2025-06-24T04:01:28,medium
results_guideline_3096.pdf,.pdf,59,C:/Healthcare/Internal/Protocols/,2023-04-02T21:31:44,high
results_3097.xls,.xls,522,C:/Healthcare/LabResults/,2024-01-10T21:12:22,medium
info_3098.txt,.txt,82,C:/Healthcare/PublicInfo/Notices/,2024-05-12T19:55:51,medium
passwords_notice_3099.csv,.csv,392,C:/Healthcare/PublicInfo/Notices/,2023-11-04T03:48:10,medium
consent_log_3100.pdf,.pdf,1167,C:/Healthcare/Maintenance/,2024-08-14T19:39:03,low
workorder_3101.pdf,.pdf,921,C:/Healthcare/Maintenance/,2025-02-07T09:25:10,low
workorder_3102.pdf,.pdf,157,C:/Healthcare/Maintenance/,2024-01-08T19:29:38,high
notice_3103.pdf,.pdf,2134,C:/Healthcare/PublicInfo/Menu/,2024-03-20T15:14:26,medium
results_3104.csv,.csv,844,C:/Healthcare/LabResults/,2023-08-11T18:47:36,high
diagnosis_3105.csv,.csv,106,C:/Healthcare/Patients/,2025-10-06T21:54:26,low
consent_log_3106.xlsx,.xlsx,269,C:/Healthcare/Maintenance/,2024-05-11T14:08:26,low
test_policy_3107.pdf,.pdf,740,C:/Healthcare/Insurance/,2025-03-07T17:57:27,low
menu_3108.pdf,.pdf,1246,C:/Healthcare/PublicInfo/Notices/,2023-05-23T05:40:32,low
parking_claim_3109.csv,.csv,181,C:/Healthcare/Insurance/,2025-09-27T09:31:43,medium
patient_3110.xlsx,.xlsx,124,C:/Healthcare/Patients/,2025-01-12T20:24:33,medium
procedure_3111_archived.docx,.docx,183,C:/Healthcare/Internal/Protocols/,2025-10-15T03:22:24,low
schedule_roster_3112_confidential.pdf,.pdf,1268,C:/Healthcare/StaffSchedules/,2023-12-29T07:11:59,low
agenda_3113_v2.txt,.txt,107,C:/Healthcare/Meetings/,2025-12-10T20:04:15,low
schedule_claim_3114.csv,.csv,346,C:/Healthcare/Insurance/,2023-02-10T06:21:51,low
policy_3115.docx,.docx,591,C:/Healthcare/Insurance/,2024-04-19T06:58:56,low
notice_3116.pdf,.pdf,372,C:/Healthcare/PublicInfo/Notices/,2025-11-18T08:18:44,low
menu_notice_3117.pdf,.pdf,87,C:/Healthcare/PublicInfo/Menu/,2023-04-19T21:39:10,low
announcement_schedule_3118.xlsx,.xlsx,1464,C:/Healthcare/StaffSchedules/,2025-08-30T12:17:16,low
notice_3119.txt,.txt,52,C:/Healthcare/PublicInfo/Menu/,2023-05-24T07:01:13,medium
maintenance_guideline_3120.docx,.docx,293,C:/Healthcare/Internal/Protocols/,2023-09-04T19:46:50,low
record_3121.xlsx,.xlsx,1508,C:/Healthcare/Patients/,2025-02-04T23:49:46,medium
maintenance_analysis_3122.xls,.xls,639,C:/Healthcare/LabResults/,2024-07-10T07:09:28,low
payroll_menu_3123_final.pdf,.pdf,1881,C:/Healthcare/PublicInfo/Parking/,2023-04-30T08:24:17,low
lab_3124.csv,.csv,193,C:/Healthcare/LabResults/,2023-02-18T02:54:13,low
shift_3125.pdf,.pdf,1424,C:/Healthcare/StaffSchedules/,2023-02-05T06:41:13,medium
consent_3126.docx,.docx,684,C:/Healthcare/Patients/,2025-07-28T04:58:28,low
test_roster_3127.pdf,.pdf,747,C:/Healthcare/StaffSchedules/,2025-03-23T07:40:56,high
patient_3128.xlsx,.xlsx,1629,C:/Healthcare/Patients/,2023-12-02T20:37:07,high
payroll_agenda_3129.pdf,.pdf,1207,C:/Healthcare/Meetings/,2025-03-28T07:39:02,medium
menu_3130.pdf,.pdf,38,C:/Healthcare/PublicInfo/Notices/,2025-02-04T16:10:41,medium
coverage_3131.pdf,.pdf,832,C:/Healthcare/Insurance/,2024-06-08T13:03:50,low
minutes_3132.pdf,.pdf,1542,C:/Healthcare/Meetings/,2023-02-07T04:02:04,low
menu_roster_3133.pdf,.pdf,430,C:/Healthcare/StaffSchedules/,2024-09-07T18:05:23,low
results_procedure_3134_draft.xlsx,.xlsx,386,C:/Healthcare/Internal/Protocols/,2024-10-04T00:45:44,medium
invoice_info_3135.csv,.csv,333,C:/Healthcare/PublicInfo/Menu/,2023-03-01T22:46:53,low
parking_menu_3136.pdf,.pdf,941,C:/Healthcare/PublicInfo/Menu/,2023-01-08T13:35:59,medium
parking_3137.pdf,.pdf,2050,C:/Healthcare/PublicInfo/Notices/,2024-04-29T01:30:28,high
roster_3138.csv,.csv,442,C:/Healthcare/StaffSchedules/,2023-02-18T05:32:31,medium
passwords_schedule_3139.pdf,.pdf,1501,C:/Healthcare/StaffSchedules/,2025-09-06T14:11:40,high
parking_minutes_3140.docx,.docx,634,C:/Healthcare/Meetings/,2023-12-26T13:58:48,medium
notice_3141.txt,.txt,59,C:/Healthcare/PublicInfo/Parking/,2025-09-08T14:19:06,low
announcement_workorder_3142.xlsx,.xlsx,821,C:/Healthcare/Maintenance/,2023-05-14T23:00:00,high
menu_results_3143.csv,.csv,140,C:/Healthcare/LabResults/,2025-01-02T13:38:59,medium
meeting_3144.docx,.docx,246,C:/Healthcare/Meetings/,2023-11-19T14:06:09,low
summary_notice_3145.csv,.csv,341,C:/Healthcare/PublicInfo/Menu/,2025-06-28T12:09:48,low
schedule_3146.xlsx,.xlsx,1309,C:/Healthcare/StaffSchedules/,2025-04-24T10:43:12,medium
public_test_3147.xls,.xls,813,C:/Healthcare/LabResults/,2025-09-03T03:07:56,low
lab_agenda_3148.docx,.docx,559,C:/Healthcare/Meetings/,2025-06-05T02:31:06,low
log_3149.txt,.txt,76,C:/Healthcare/Maintenance/,2024-08-24T11:47:10,low
maintenance_notice_3150.txt,.txt,89,C:/Healthcare/PublicInfo/Menu/,2024-11-06T22:34:11,low
report_claim_3151_final.docx,.docx,379,C:/Healthcare/Insurance/,2025-10-25T18:59:28,medium
menu_minutes_3152.docx,.docx,421,C:/Healthcare/Meetings/,2023-09-10T03:12:48,low
info_3153.pdf,.pdf,564,C:/Healthcare/PublicInfo/Menu/,2023-05-21T13:59:19,low
notice_3154.pdf,.pdf,518,C:/Healthcare/PublicInfo/Parking/,2024-11-27T16:13:59,low
menu_3155_draft.csv,.csv,249,C:/Healthcare/PublicInfo/Menu/,2024-04-13T17:31:03,low
parking_3156.pdf,.pdf,297,C:/Healthcare/PublicInfo/Notices/,2024-01-16T22:35:31,low
log_3157.txt,.txt,41,C:/Healthcare/Maintenance/,2024-07-11T23:56:53,medium
notice_3158.txt,.txt,31,C:/Healthcare/PublicInfo/Menu/,2024-10-05T23:46:04,low
log_3159.pdf,.pdf,163,C:/Healthcare/Maintenance/,2023-04-11T14:01:43,low
notice_3160.csv,.csv,181,C:/Healthcare/PublicInfo/Notices/,2023-01-04T03:38:56,low
invoice_notice_3161_archived.csv,.csv,54,C:/Healthcare/PublicInfo/Parking/,2025-06-23T22:03:11,low
info_3162.pdf,.pdf,663,C:/Healthcare/PublicInfo/Notices/,2025-01-30T08:51:58,medium
schedule_3163.pdf,.pdf,253,C:/Healthcare/StaffSchedules/,2023-10-14T23:02:05,low
shift_3164.csv,.csv,365,C:/Healthcare/StaffSchedules/,2024-12-13T05:47:26,low
patient_3165.pdf,.pdf,2064,C:/Healthcare/Patients/,2023-09-01T14:49:38,medium
specimen_3166.csv,.csv,339,C:/Healthcare/LabResults/,2025-01-20T10:11:11,low
payroll_procedure_3167.xlsx,.xlsx,1067,C:/Healthcare/Internal/Protocols/,2023-11-12T18:23:47,high
parking_3168.csv,.csv,78,C:/Healthcare/PublicInfo/Notices/,2025-04-02T17:09:46,low
claim_3169.csv,.csv,667,C:/Healthcare/Insurance/,2025-07-11T07:45:46,high
consent_3170.docx,.docx,4,C:/Healthcare/Patients/,2024-10-09T15:42:53,high
menu_3171.csv,.csv,372,C:/Healthcare/PublicInfo/Menu/,2023-02-24T13:28:38,low
protocol_3172.xlsx,.xlsx,1538,C:/Healthcare/Internal/Protocols/,2024-11-07T01:12:34,medium
maintenance_info_3173.csv,.csv,502,C:/Healthcare/PublicInfo/Parking/,2024-03-20T21:39:22,low
schedule_minutes_3174.txt,.txt,19,C:/Healthcare/Meetings/,2025-02-19T01:19:37,low
analysis_3175.xlsx,.xlsx,267,C:/Healthcare/LabResults/,2023-10-29T02:32:34,medium
minutes_3176.pdf,.pdf,488,C:/Healthcare/Meetings/,2023-12-03T15:24:33,medium
coverage_3177.csv,.csv,247,C:/Healthcare/Insurance/,2023-02-21T06:36:39,low
notice_3178.csv,.csv,362,C:/Healthcare/PublicInfo/Parking/,2023-08-16T19:03:15,medium
schedule_coverage_3179.pdf,.pdf,964,C:/Healthcare/Insurance/,2025-07-11T01:19:21,low
visit_3180.pdf,.pdf,618,C:/Healthcare/Patients/,2023-10-29T13:24:46,low
policy_3181.docx,.docx,824,C:/Healthcare/Insurance/,2025-03-18T05:24:53,low
roster_3182.csv,.csv,764,C:/Healthcare/StaffSchedules/,2023-06-08T11:06:02,medium
invoice_patient_3183_confidential.pdf,.pdf,1537,C:/Healthcare/Patients/,2023-11-14T13:06:17,low
results_menu_3184.pdf,.pdf,2377,C:/Healthcare/PublicInfo/Parking/,2024-03-12T09:51:28,low
maintenance_3185.pdf,.pdf,215,C:/Healthcare/Maintenance/,2023-01-20T15:18:08,low
announcement_meeting_3186.docx,.docx,98,C:/Healthcare/Meetings/,2025-01-11T19:10:48,medium
notice_info_3187.txt,.txt,61,C:/Healthcare/PublicInfo/Menu/,2025-12-09T16:20:36,low
public_reimbursement_3188.pdf,.pdf,511,C:/Healthcare/Insurance/,2023-11-17T09:52:43,low
public_reimbursement_3189.docx,.docx,360,C:/Healthcare/Insurance/,2025-03-28T09:09:08,low
notice_3190.pdf,.pdf,1307,C:/Healthcare/PublicInfo/Notices/,2025-11-17T14:05:50,low
notice_3191.csv,.csv,567,C:/Healthcare/PublicInfo/Notices/,2024-08-04T04:36:42,high
parking_guideline_3192.xlsx,.xlsx,675,C:/Healthcare/Internal/Protocols/,2024-11-08T03:58:23,low
info_3193.csv,.csv,65,C:/Healthcare/PublicInfo/Menu/,2024-04-07T09:43:50,low
summary_info_3194.txt,.txt,19,C:/Healthcare/PublicInfo/Parking/,2025-03-30T19:28:01,low
invoice_workorder_3195.xlsx,.xlsx,679,C:/Healthcare/Maintenance/,2025-11-17T16:33:40,medium
info_3196.pdf,.pdf,89,C:/Healthcare/PublicInfo/Parking/,2024-03-24T23:50:00,low
record_3197.pdf,.pdf,480,C:/Healthcare/Patients/,2025-10-11T06:33:19,medium
announcement_workorder_3198.xlsx,.xlsx,1711,C:/Healthcare/Maintenance/,2024-12-27T14:42:59,low
public_schedule_3199.csv,.csv,433,C:/Healthcare/StaffSchedules/,2025-12-30T08:48:05,low
coverage_3200.pdf,.pdf,192,C:/Healthcare/Insurance/,2023-04-12T11:00:08,medium
patient_notice_3201_final.txt,.txt,81,C:/Healthcare/PublicInfo/Menu/,2023-02-05T13:58:24,low
menu_3202.pdf,.pdf,735,C:/Healthcare/PublicInfo/Parking/,2025-05-16T05:35:54,medium
invoice_procedure_3203.pdf,.pdf,3196,C:/Healthcare/Internal/Protocols/,2023-04-01T12:49:16,low
guideline_3204_archived.pdf,.pdf,2003,C:/Healthcare/Internal/Protocols/,2025-10-25T03:46:22,medium
maintenance_3205.pdf,.pdf,959,C:/Healthcare/Maintenance/,2024-10-12T01:34:36,low
parking_3206.csv,.csv,31,C:/Healthcare/PublicInfo/Menu/,2025-04-18T04:19:30,low
parking_3207.csv,.csv,450,C:/Healthcare/PublicInfo/Parking/,2024-11-09T10:57:55,low
results_workorder_3208.txt,.txt,108,C:/Healthcare/Maintenance/,2025-04-18T11:11:05,low
menu_parking_3209.pdf,.pdf,1144,C:/Healthcare/PublicInfo/Notices/,2023-03-05T00:48:45,low
menu_menu_3210_confidential.pdf,.pdf,1056,C:/Healthcare/PublicInfo/Menu/,2025-08-02T21:34:19,low
test_policy_3211.pdf,.pdf,1196,C:/Healthcare/Insurance/,2023-06-08T15:25:10,low
log_3212.pdf,.pdf,1332,C:/Healthcare/Maintenance/,2024-04-27T02:21:52,high
notice_parking_3213.txt,.txt,55,C:/Healthcare/PublicInfo/Menu/,2024-11-16T12:42:40,low
meeting_3214.docx,.docx,456,C:/Healthcare/Meetings/,2023-10-03T14:40:17,low
diagnosis_specimen_3215.pdf,.pdf,172,C:/Healthcare/LabResults/,2025-02-19T22:19:45,high
lab_3216_draft.csv,.csv,142,C:/Healthcare/LabResults/,2023-12-03T14:13:48,high
public_log_3217.xlsx,.xlsx,5,C:/Healthcare/Maintenance/,2023-01-01T12:04:07,low
maintenance_consent_3218.pdf,.pdf,1096,C:/Healthcare/Patients/,2023-10-14T09:25:06,high
minutes_3219.txt,.txt,105,C:/Healthcare/Meetings/,2025-10-13T01:42:21,high
specimen_3220_archived.csv,.csv,177,C:/Healthcare/LabResults/,2024-07-07T09:39:04,low
test_log_3221.xlsx,.xlsx,367,C:/Healthcare/Maintenance/,2025-02-18T07:28:34,low
schedule_notice_3222.csv,.csv,426,C:/Healthcare/PublicInfo/Menu/,2023-09-11T02:42:03,low
parking_3223_final.csv,.csv,739,C:/Healthcare/PublicInfo/Notices/,2023-12-08T18:18:55,low
diagnosis_shift_3224.pdf,.pdf,2036,C:/Healthcare/StaffSchedules/,2024-02-16T22:52:04,high
visit_3225.xlsx,.xlsx,29,C:/Healthcare/Patients/,2024-07-18T05:39:12,low
public_info_3226.txt,.txt,14,C:/Healthcare/PublicInfo/Notices/,2025-12-08T15:55:39,low
policy_3227.csv,.csv,689,C:/Healthcare/Insurance/,2025-07-08T11:58:00,low
schedule_log_3228_final.txt,.txt,10,C:/Healthcare/Maintenance/,2025-11-02T11:58:00,low
policy_3229.csv,.csv,127,C:/Healthcare/Insurance/,2023-04-03T02:23:25,low
reimbursement_3230.pdf,.pdf,349,C:/Healthcare/Insurance/,2023-08-23T00:23:37,low
public_shift_3231.xlsx,.xlsx,416,C:/Healthcare/StaffSchedules/,2023-06-13T19:39:55,low
patient_3232.csv,.csv,400,C:/Healthcare/Patients/,2024-07-12T04:03:19,medium
results_patient_3233.docx,.docx,157,C:/Healthcare/Patients/,2023-06-10T08:16:08,high
lab_info_3234.csv,.csv,488,C:/Healthcare/PublicInfo/Notices/,2023-06-08T18:32:52,low
minutes_3235.pdf,.pdf,157,C:/Healthcare/Meetings/,2024-07-01T10:18:34,low
record_3236.csv,.csv,736,C:/Healthcare/Patients/,2024-12-10T12:15:36,high
announcement_minutes_3237.pdf,.pdf,321,C:/Healthcare/Meetings/,2025-01-26T16:50:08,low
minutes_3238.pdf,.pdf,1503,C:/Healthcare/Meetings/,2024-07-11T19:43:22,low
info_3239.csv,.csv,134,C:/Healthcare/PublicInfo/Parking/,2025-09-01T04:00:38,medium
schedule_notice_3240.pdf,.pdf,346,C:/Healthcare/PublicInfo/Notices/,2024-03-19T19:20:07,medium
info_3241.pdf,.pdf,1609,C:/Healthcare/PublicInfo/Parking/,2025-03-16T20:30:01,low
consent_workorder_3242.pdf,.pdf,27,C:/Healthcare/Maintenance/,2024-08-24T02:24:04,low
schedule_claim_3243.csv,.csv,421,C:/Healthcare/Insurance/,2025-05-01T21:31:19,low
procedure_3244.xlsx,.xlsx,2376,C:/Healthcare/Internal/Protocols/,2023-09-02T12:20:46,low
parking_3245_final.csv,.csv,422,C:/Healthcare/PublicInfo/Parking/,2023-07-25T06:25:11,low
shift_3246.xlsx,.xlsx,145,C:/Healthcare/StaffSchedules/,2024-08-29T06:37:49,medium
maintenance_diagnosis_3247.pdf,.pdf,1353,C:/Healthcare/Patients/,2024-07-16T07:03:11,medium
lab_record_3248.docx,.docx,486,C:/Healthcare/Patients/,2023-07-04T21:38:56,medium
notice_3249.pdf,.pdf,174,C:/Healthcare/PublicInfo/Notices/,2023-08-21T02:32:41,low
schedule_3250.xlsx,.xlsx,241,C:/Healthcare/StaffSchedules/,2025-06-17T21:43:07,low
minutes_3251.txt,.txt,49,C:/Healthcare/Meetings/,2025-12-20T20:20:52,low
passwords_analysis_3252.xls,.xls,1068,C:/Healthcare/LabResults/,2025-09-13T17:02:43,low
maintenance_menu_3253.csv,.csv,352,C:/Healthcare/PublicInfo/Parking/,2025-04-04T17:31:25,low
reimbursement_3254.pdf,.pdf,508,C:/Healthcare/Insurance/,2023-03-08T05:32:07,medium
protocol_3255.pdf,.pdf,729,C:/Healthcare/Internal/Protocols/,2024-11-07T02:08:55,high
schedule_shift_3256.csv,.csv,365,C:/Healthcare/StaffSchedules/,2025-12-26T22:34:40,low
minutes_3257.docx,.docx,76,C:/Healthcare/Meetings/,2024-05-03T15:54:57,low
lab_agenda_3258.pdf,.pdf,1752,C:/Healthcare/Meetings/,2023-10-17T19:41:33,low
diagnosis_parking_3259.pdf,.pdf,1837,C:/Healthcare/PublicInfo/Notices/,2023-09-04T17:54:13,low
schedule_consent_3260.csv,.csv,618,C:/Healthcare/Patients/,2025-02-08T04:18:10,high
meeting_3261.pdf,.pdf,1586,C:/Healthcare/Meetings/,2024-05-01T20:37:13,low
roster_3262.xlsx,.xlsx,383,C:/Healthcare/StaffSchedules/,2024-07-30T23:27:21,medium
lab_claim_3263.docx,.docx,878,C:/Healthcare/Insurance/,2024-02-14T01:34:54,low
roster_3264.xlsx,.xlsx,1535,C:/Healthcare/StaffSchedules/,2025-07-06T21:38:31,medium
guideline_3265.pdf,.pdf,210,C:/Healthcare/Internal/Protocols/,2025-01-13T19:53:10,medium
test_3266.pdf,.pdf,1470,C:/Healthcare/LabResults/,2024-12-01T11:39:02,low
invoice_3267_final.docx,.docx,259,C:/Healthcare/Insurance/,2024-04-14T23:40:45,low
shift_3268.xlsx,.xlsx,172,C:/Healthcare/StaffSchedules/,2024-10-04T03:01:07,low
notice_analysis_3269.csv,.csv,585,C:/Healthcare/LabResults/,2023-06-29T14:00:55,medium
appointment_workorder_3270.pdf,.pdf,202,C:/Healthcare/Maintenance/,2024-03-24T02:47:35,low
protocol_3271.xlsx,.xlsx,1529,C:/Healthcare/Internal/Protocols/,2024-05-14T10:07:41,medium
agenda_3272_archived.docx,.docx,652,C:/Healthcare/Meetings/,2025-03-27T02:51:21,medium
shift_3273.pdf,.pdf,593,C:/Healthcare/StaffSchedules/,2023-01-28T23:02:37,low
maintenance_shift_3274.csv,.csv,13,C:/Healthcare/StaffSchedules/,2023-09-09T17:49:11,low
results_menu_3275.csv,.csv,430,C:/Healthcare/PublicInfo/Notices/,2025-04-14T11:42:25,medium
invoice_3276.docx,.docx,463,C:/Healthcare/Insurance/,2023-11-03T21:37:17,medium
record_3277.csv,.csv,142,C:/Healthcare/Patients/,2023-02-26T23:40:42,low
notice_3278.txt,.txt,54,C:/Healthcare/PublicInfo/Menu/,2025-10-12T01:42:15,low
maintenance_meeting_3279.pdf,.pdf,1072,C:/Healthcare/Meetings/,2024-04-25T11:03:04,low
summary_menu_3280_archived.pdf,.pdf,1211,C:/Healthcare/PublicInfo/Menu/,2023-01-30T11:31:00,low
minutes_3281.docx,.docx,39,C:/Healthcare/Meetings/,2025-12-06T18:52:14,medium
parking_3282.csv,.csv,239,C:/Healthcare/PublicInfo/Menu/,2025-06-08T16:24:19,low
agenda_3283.pdf,.pdf,583,C:/Healthcare/Meetings/,2024-09-29T02:07:38,medium
announcement_shift_3284.pdf,.pdf,1271,C:/Healthcare/StaffSchedules/,2025-06-01T06:56:08,low
roster_3285.xlsx,.xlsx,680,C:/Healthcare/StaffSchedules/,2025-07-14T06:08:52,low
test_specimen_3286_confidential.csv,.csv,372,C:/Healthcare/LabResults/,2023-07-22T09:05:23,low
schedule_3287.xlsx,.xlsx,1969,C:/Healthcare/StaffSchedules/,2023-02-21T12:12:55,low
test_3288.xls,.xls,1798,C:/Healthcare/LabResults/,2024-01-26T02:13:04,medium
parking_3289.txt,.txt,20,C:/Healthcare/PublicInfo/Parking/,2023-01-04T22:32:27,low
invoice_parking_3290.csv,.csv,693,C:/Healthcare/PublicInfo/Notices/,2025-10-20T05:08:09,high
protocol_3291.pdf,.pdf,82,C:/Healthcare/Internal/Protocols/,2024-12-18T08:46:35,medium
report_schedule_3292.csv,.csv,236,C:/Healthcare/StaffSchedules/,2024-11-02T15:07:00,low
summary_meeting_3293.pdf,.pdf,1248,C:/Healthcare/Meetings/,2024-07-18T00:18:25,medium
procedure_3294.xlsx,.xlsx,1308,C:/Healthcare/Internal/Protocols/,2025-01-29T11:14:23,medium
summary_parking_3295.pdf,.pdf,414,C:/Healthcare/PublicInfo/Parking/,2023-10-12T02:31:55,low
info_3296.pdf,.pdf,207,C:/Healthcare/PublicInfo/Menu/,2025-09-22T12:39:18,low
passwords_parking_3297.txt,.txt,85,C:/Healthcare/PublicInfo/Notices/,2025-07-07T08:06:05,low
minutes_3298.txt,.txt,72,C:/Healthcare/Meetings/,2025-02-09T19:05:19,low
invoice_consent_3299.pdf,.pdf,665,C:/Healthcare/Patients/,2024-09-03T14:30:05,low
public_meeting_3300.txt,.txt,68,C:/Healthcare/Meetings/,2024-06-25T22:50:02,low
maintenance_3301.txt,.txt,53,C:/Healthcare/Maintenance/,2024-05-11T15:53:12,low
report_record_3302.xlsx,.xlsx,1697,C:/Healthcare/Patients/,2025-11-21T03:22:59,low
menu_parking_3303.txt,.txt,73,C:/Healthcare/PublicInfo/Notices/,2023-02-20T13:06:34,low
announcement_menu_3304.txt,.txt,156,C:/Healthcare/PublicInfo/Parking/,2023-10-20T19:22:35,low
reimbursement_3305.csv,.csv,180,C:/Healthcare/Insurance/,2023-02-15T07:44:36,low
test_parking_3306_final.pdf,.pdf,2248,C:/Healthcare/PublicInfo/Parking/,2024-02-05T02:49:28,low
insurance_claim_visit_3307.docx,.docx,36,C:/Healthcare/Patients/,2023-11-16T23:19:17,low
shift_3308.pdf,.pdf,171,C:/Healthcare/StaffSchedules/,2024-09-04T04:57:06,low
test_menu_3309.csv,.csv,124,C:/Healthcare/PublicInfo/Menu/,2024-06-05T10:50:46,low
audit_guideline_3310.docx,.docx,771,C:/Healthcare/Internal/Protocols/,2024-11-08T15:06:40,low
public_diagnosis_3311.docx,.docx,362,C:/Healthcare/Patients/,2025-01-09T02:14:10,low
results_protocol_3312.pdf,.pdf,978,C:/Healthcare/Internal/Protocols/,2024-11-25T16:20:51,high
log_3313.xlsx,.xlsx,1873,C:/Healthcare/Maintenance/,2024-06-18T06:57:02,low
invoice_claim_3314.docx,.docx,41,C:/Healthcare/Insurance/,2025-01-17T00:42:21,medium
specimen_3315.csv,.csv,453,C:/Healthcare/LabResults/,2024-09-12T00:31:34,high
results_3316.pdf,.pdf,53,C:/Healthcare/LabResults/,2025-03-20T05:12:14,medium
lab_minutes_3317.txt,.txt,120,C:/Healthcare/Meetings/,2025-12-13T04:42:17,medium
audit_notice_3318.csv,.csv,338,C:/Healthcare/PublicInfo/Notices/,2023-02-16T13:04:54,low
schedule_menu_3319.pdf,.pdf,86,C:/Healthcare/PublicInfo/Menu/,2023-11-01T21:45:45,medium
maintenance_record_3320.pdf,.pdf,508,C:/Healthcare/Patients/,2023-01-12T05:53:04,low
agenda_3321.txt,.txt,3,C:/Healthcare/Meetings/,2023-10-21T19:43:58,high
specimen_3322.pdf,.pdf,1270,C:/Healthcare/LabResults/,2024-01-17T16:31:38,low
test_3323.xlsx,.xlsx,672,C:/Healthcare/LabResults/,2024-02-20T00:07:10,medium
record_3324.docx,.docx,1390,C:/Healthcare/Patients/,2025-08-29T20:40:40,low
consent_3325_draft.docx,.docx,50,C:/Healthcare/Patients/,2023-07-12T22:26:02,high
log_3326_v2.xlsx,.xlsx,162,C:/Healthcare/Maintenance/,2024-08-15T00:20:27,low
roster_3327.xlsx,.xlsx,1403,C:/Healthcare/StaffSchedules/,2023-01-05T23:56:24,medium
schedule_3328_draft.xlsx,.xlsx,756,C:/Healthcare/StaffSchedules/,2023-10-07T14:54:26,medium
report_menu_3329.pdf,.pdf,3196,C:/Healthcare/PublicInfo/Parking/,2024-05-21T23:30:22,medium
report_diagnosis_3330.pdf,.pdf,1381,C:/Healthcare/Patients/,2023-07-16T05:22:15,low
patient_3331.docx,.docx,1158,C:/Healthcare/Patients/,2024-04-06T20:57:26,low
announcement_parking_3332.pdf,.pdf,1293,C:/Healthcare/PublicInfo/Notices/,2025-03-27T05:38:41,low
coverage_3333.pdf,.pdf,468,C:/Healthcare/Insurance/,2023-09-01T14:27:04,low
menu_3334.pdf,.pdf,1446,C:/Healthcare/PublicInfo/Parking/,2023-06-02T23:06:03,medium
parking_3335.pdf,.pdf,701,C:/Healthcare/PublicInfo/Notices/,2025-10-24T10:09:34,low
notice_results_3336_confidential.xlsx,.xlsx,408,C:/Healthcare/LabResults/,2024-05-25T01:34:51,medium
schedule_minutes_3337.pdf,.pdf,644,C:/Healthcare/Meetings/,2024-03-13T15:27:58,low
guideline_3338.xlsx,.xlsx,1000,C:/Healthcare/Internal/Protocols/,2024-09-24T14:19:55,low
minutes_3339.pdf,.pdf,77,C:/Healthcare/Meetings/,2024-07-01T06:34:32,low
protocol_3340.pdf,.pdf,965,C:/Healthcare/Internal/Protocols/,2025-02-27T19:46:07,medium
maintenance_coverage_3341.docx,.docx,7,C:/Healthcare/Insurance/,2024-08-01T01:02:17,medium
public_protocol_3342.xlsx,.xlsx,490,C:/Healthcare/Internal/Protocols/,2024-01-21T18:01:10,medium
notice_3343.txt,.txt,81,C:/Healthcare/PublicInfo/Parking/,2024-03-17T12:03:37,low
info_3344.csv,.csv,85,C:/Healthcare/PublicInfo/Notices/,2024-11-08T21:18:34,medium
parking_3345.pdf,.pdf,844,C:/Healthcare/PublicInfo/Menu/,2024-07-19T11:24:50,low
protocol_3346.docx,.docx,346,C:/Healthcare/Internal/Protocols/,2023-02-02T08:17:05,low
menu_3347.pdf,.pdf,1800,C:/Healthcare/PublicInfo/Menu/,2023-04-08T11:37:39,low
meeting_3348.txt,.txt,132,C:/Healthcare/Meetings/,2025-09-16T11:56:38,medium
parking_record_3349.pdf,.pdf,203,C:/Healthcare/Patients/,2024-07-18T17:24:01,medium
info_3350.csv,.csv,167,C:/Healthcare/PublicInfo/Menu/,2025-10-19T05:01:47,low
info_3351.txt,.txt,92,C:/Healthcare/PublicInfo/Parking/,2025-06-20T19:41:47,medium
public_lab_3352.xls,.xls,27,C:/Healthcare/LabResults/,2025-05-18T14:49:30,high
lab_log_3353.txt,.txt,92,C:/Healthcare/Maintenance/,2023-03-13T19:25:28,low
report_procedure_3354.pdf,.pdf,1528,C:/Healthcare/Internal/Protocols/,2025-02-25T07:48:34,low
notice_3355_draft.pdf,.pdf,281,C:/Healthcare/PublicInfo/Notices/,2023-05-25T05:07:33,low
report_results_3356.xlsx,.xlsx,1132,C:/Healthcare/LabResults/,2024-01-04T17:35:13,low
schedule_schedule_3357_final.pdf,.pdf,350,C:/Healthcare/StaffSchedules/,2025-03-16T20:46:24,low
claim_3358.csv,.csv,82,C:/Healthcare/Insurance/,2024-11-29T17:33:40,low
info_3359.pdf,.pdf,1926,C:/Healthcare/PublicInfo/Notices/,2023-07-29T21:26:11,medium
public_patient_3360.docx,.docx,28,C:/Healthcare/Patients/,2023-08-20T07:22:05,low
parking_3361.pdf,.pdf,652,C:/Healthcare/PublicInfo/Menu/,2025-02-07T19:23:04,low
schedule_procedure_3362.xlsx,.xlsx,419,C:/Healthcare/Internal/Protocols/,2024-04-14T16:31:34,medium
invoice_meeting_3363.docx,.docx,382,C:/Healthcare/Meetings/,2023-12-04T10:47:47,medium
notice_guideline_3364.pdf,.pdf,1703,C:/Healthcare/Internal/Protocols/,2023-01-16T21:39:34,medium
reimbursement_3365.docx,.docx,771,C:/Healthcare/Insurance/,2024-02-21T17:47:31,low
maintenance_procedure_3366_final.pdf,.pdf,1057,C:/Healthcare/Internal/Protocols/,2023-08-15T15:19:31,low
schedule_3367.csv,.csv,140,C:/Healthcare/StaffSchedules/,2023-03-23T11:34:18,medium
lab_schedule_3368.csv,.csv,246,C:/Healthcare/StaffSchedules/,2024-10-04T14:52:28,medium
parking_3369.csv,.csv,652,C:/Healthcare/PublicInfo/Parking/,2024-05-24T07:25:55,medium
guideline_3370.pdf,.pdf,520,C:/Healthcare/Internal/Protocols/,2024-07-31T15:11:57,low
notice_3371_draft.txt,.txt,33,C:/Healthcare/PublicInfo/Parking/,2025-01-14T01:34:33,low
appointment_parking_3372.pdf,.pdf,146,C:/Healthcare/PublicInfo/Menu/,2023-06-16T19:04:39,medium
parking_agenda_3373.txt,.txt,133,C:/Healthcare/Meetings/,2024-10-31T23:47:50,medium
parking_3374.pdf,.pdf,1914,C:/Healthcare/PublicInfo/Parking/,2025-06-07T00:37:31,medium
notice_3375.pdf,.pdf,271,C:/Healthcare/PublicInfo/Notices/,2024-05-06T19:39:37,low
parking_3376.pdf,.pdf,392,C:/Healthcare/PublicInfo/Notices/,2025-01-09T02:51:34,low
menu_3377.txt,.txt,11,C:/Healthcare/PublicInfo/Menu/,2023-11-14T14:38:37,low
public_notice_3378.pdf,.pdf,398,C:/Healthcare/PublicInfo/Notices/,2025-04-01T09:02:12,high
meeting_3379.pdf,.pdf,1257,C:/Healthcare/Meetings/,2024-07-16T02:43:37,low
menu_guideline_3380_v2.pdf,.pdf,50,C:/Healthcare/Internal/Protocols/,2024-03-26T09:26:29,low
roster_3381_final.xlsx,.xlsx,588,C:/Healthcare/StaffSchedules/,2024-07-22T23:55:22,low
notice_specimen_3382.xls,.xls,874,C:/Healthcare/LabResults/,2024-12-09T00:30:02,low
agenda_3383_archived.pdf,.pdf,1535,C:/Healthcare/Meetings/,2024-01-17T21:10:27,medium
menu_lab_3384.csv,.csv,242,C:/Healthcare/LabResults/,2023-11-09T15:00:23,medium
parking_parking_3385.pdf,.pdf,335,C:/Healthcare/PublicInfo/Menu/,2023-08-21T16:37:07,medium
report_menu_3386.txt,.txt,32,C:/Healthcare/PublicInfo/Menu/,2024-12-07T08:14:38,low
log_3387.xlsx,.xlsx,401,C:/Healthcare/Maintenance/,2025-06-18T12:26:53,low
patient_3388.docx,.docx,311,C:/Healthcare/Patients/,2024-12-05T16:55:28,high
results_guideline_3389.docx,.docx,281,C:/Healthcare/Internal/Protocols/,2023-01-26T22:32:48,low
announcement_log_3390.xlsx,.xlsx,17,C:/Healthcare/Maintenance/,2024-11-18T04:25:02,low
report_procedure_3391.docx,.docx,187,C:/Healthcare/Internal/Protocols/,2025-03-31T17:13:10,medium
log_3392_final.pdf,.pdf,1138,C:/Healthcare/Maintenance/,2025-10-10T12:56:03,medium
announcement_lab_3393.xlsx,.xlsx,934,C:/Healthcare/LabResults/,2024-07-21T01:06:29,low
maintenance_roster_3394_archived.xlsx,.xlsx,443,C:/Healthcare/StaffSchedules/,2023-03-24T05:34:02,medium
patient_3395.xlsx,.xlsx,879,C:/Healthcare/Patients/,2025-10-01T16:56:56,medium
maintenance_coverage_3396.pdf,.pdf,289,C:/Healthcare/Insurance/,2023-09-21T11:46:46,high
menu_3397.csv,.csv,56,C:/Healthcare/PublicInfo/Notices/,2025-01-01T04:59:42,low
specimen_3398.xlsx,.xlsx,306,C:/Healthcare/LabResults/,2024-08-05T12:06:32,low
lab_visit_3399.docx,.docx,398,C:/Healthcare/Patients/,2023-03-30T20:46:02,medium
log_3400_archived.txt,.txt,128,C:/Healthcare/Maintenance/,2023-04-25T09:21:05,low
info_3401.txt,.txt,132,C:/Healthcare/PublicInfo/Parking/,2025-07-24T10:05:00,low
prescription_meeting_3402.txt,.txt,89,C:/Healthcare/Meetings/,2024-06-02T22:14:51,low
guideline_3403_archived.docx,.docx,480,C:/Healthcare/Internal/Protocols/,2023-01-11T10:02:08,low
report_guideline_3404.docx,.docx,331,C:/Healthcare/Internal/Protocols/,2024-11-30T07:26:01,low
analysis_3405_v2.csv,.csv,24,C:/Healthcare/LabResults/,2023-04-11T17:57:54,low
maintenance_lab_3406.csv,.csv,18,C:/Healthcare/LabResults/,2023-01-06T00:20:23,low
procedure_3407_confidential.pdf,.pdf,638,C:/Healthcare/Internal/Protocols/,2023-11-01T22:46:08,high
menu_reimbursement_3408_confidential.docx,.docx,402,C:/Healthcare/Insurance/,2023-05-12T11:07:01,low
public_agenda_3409.docx,.docx,102,C:/Healthcare/Meetings/,2025-10-16T02:52:00,high
notice_guideline_3410.xlsx,.xlsx,279,C:/Healthcare/Internal/Protocols/,2025-05-24T11:34:45,low
results_3411_final.pdf,.pdf,1485,C:/Healthcare/LabResults/,2025-06-02T19:23:06,low
menu_3412.csv,.csv,487,C:/Healthcare/PublicInfo/Parking/,2024-02-17T17:24:39,high
parking_notice_3413.txt,.txt,119,C:/Healthcare/PublicInfo/Notices/,2024-02-12T05:17:48,low
info_3414.txt,.txt,82,C:/Healthcare/PublicInfo/Notices/,2025-04-14T06:33:45,medium
schedule_3415.csv,.csv,112,C:/Healthcare/StaffSchedules/,2023-05-05T16:04:34,medium
guideline_3416.docx,.docx,849,C:/Healthcare/Internal/Protocols/,2023-06-23T21:16:25,low
announcement_procedure_3417.docx,.docx,783,C:/Healthcare/Internal/Protocols/,2025-05-12T08:06:52,low
consent_info_3418.txt,.txt,109,C:/Healthcare/PublicInfo/Parking/,2024-08-03T20:24:51,low
roster_3419.xlsx,.xlsx,1623,C:/Healthcare/StaffSchedules/,2025-05-02T15:00:20,medium
notice_menu_3420.pdf,.pdf,135,C:/Healthcare/PublicInfo/Parking/,2024-07-26T06:34:06,low
results_3421.xlsx,.xlsx,1029,C:/Healthcare/LabResults/,2024-12-15T17:24:00,high
notice_3422.txt,.txt,55,C:/Healthcare/PublicInfo/Notices/,2024-11-13T13:09:53,low
maintenance_3423.txt,.txt,86,C:/Healthcare/Maintenance/,2025-01-19T13:29:51,low
notice_protocol_3424.docx,.docx,434,C:/Healthcare/Internal/Protocols/,2025-12-16T16:21:44,low
parking_lab_3425.xls,.xls,1262,C:/Healthcare/LabResults/,2025-03-11T21:48:51,low
appointment_record_3426.xlsx,.xlsx,1106,C:/Healthcare/Patients/,2023-11-06T20:40:43,medium
maintenance_guideline_3427.docx,.docx,225,C:/Healthcare/Internal/Protocols/,2024-02-27T23:11:20,low
shift_3428.pdf,.pdf,990,C:/Healthcare/StaffSchedules/,2024-04-10T18:55:06,medium
reimbursement_3429.csv,.csv,20,C:/Healthcare/Insurance/,2023-08-22T09:51:49,high
passwords_lab_3430.pdf,.pdf,575,C:/Healthcare/LabResults/,2025-09-23T12:53:56,low
test_specimen_3431.xls,.xls,810,C:/Healthcare/LabResults/,2025-02-20T01:38:11,low
schedule_lab_3432.xls,.xls,1043,C:/Healthcare/LabResults/,2024-10-02T01:49:25,medium
minutes_3433.txt,.txt,90,C:/Healthcare/Meetings/,2023-09-10T16:38:33,medium
visit_3434.csv,.csv,170,C:/Healthcare/Patients/,2023-09-21T11:47:10,medium
claim_3435.docx,.docx,639,C:/Healthcare/Insurance/,2024-04-03T10:16:06,low
notice_schedule_3436.xlsx,.xlsx,93,C:/Healthcare/StaffSchedules/,2023-03-20T15:51:37,medium
notice_3437_confidential.pdf,.pdf,408,C:/Healthcare/PublicInfo/Menu/,2024-06-07T23:20:40,low
claim_3438.pdf,.pdf,1753,C:/Healthcare/Insurance/,2023-06-15T17:50:34,high
passwords_notice_3439.pdf,.pdf,1523,C:/Healthcare/PublicInfo/Parking/,2024-06-05T14:38:21,medium
results_agenda_3440.pdf,.pdf,168,C:/Healthcare/Meetings/,2025-07-16T20:17:49,high
maintenance_test_3441.xlsx,.xlsx,344,C:/Healthcare/LabResults/,2025-05-02T12:54:21,low
policy_3442.docx,.docx,90,C:/Healthcare/Insurance/,2025-06-27T14:30:56,medium
results_3443.csv,.csv,406,C:/Healthcare/LabResults/,2023-01-11T15:00:28,medium
parking_analysis_3444.xls,.xls,795,C:/Healthcare/LabResults/,2024-05-14T08:25:44,low
results_claim_3445_draft.pdf,.pdf,1474,C:/Healthcare/Insurance/,2024-04-15T06:26:43,high
meeting_3446.docx,.docx,110,C:/Healthcare/Meetings/,2023-04-26T02:45:16,medium
test_notice_3447.pdf,.pdf,1077,C:/Healthcare/PublicInfo/Notices/,2023-06-08T02:40:39,low
notice_3448.pdf,.pdf,1931,C:/Healthcare/PublicInfo/Menu/,2025-10-13T22:25:44,medium
report_diagnosis_3449.csv,.csv,425,C:/Healthcare/Patients/,2023-09-23T08:49:57,high
public_roster_3450.xlsx,.xlsx,1383,C:/Healthcare/StaffSchedules/,2023-09-28T12:58:57,low
results_menu_3451_v2.txt,.txt,50,C:/Healthcare/PublicInfo/Menu/,2023-09-04T21:11:25,low
notice_shift_3452.csv,.csv,1,C:/Healthcare/StaffSchedules/,2025-10-09T13:20:32,low
guideline_3453.xlsx,.xlsx,1879,C:/Healthcare/Internal/Protocols/,2025-02-14T11:46:34,medium
credentials_parking_3454.csv,.csv,671,C:/Healthcare/PublicInfo/Parking/,2025-12-21T19:02:33,low
notice_patient_3455.csv,.csv,173,C:/Healthcare/Patients/,2023-08-13T16:36:10,low
minutes_3456.txt,.txt,88,C:/Healthcare/Meetings/,2025-11-01T06:10:45,medium
results_info_3457.txt,.txt,53,C:/Healthcare/PublicInfo/Notices/,2025-06-21T10:38:38,high
appointment_notice_3458.pdf,.pdf,705,C:/Healthcare/PublicInfo/Notices/,2025-10-03T19:04:33,low
shift_3459.pdf,.pdf,2328,C:/Healthcare/StaffSchedules/,2023-03-03T17:18:04,low
agenda_3460.pdf,.pdf,478,C:/Healthcare/Meetings/,2025-08-12T02:53:15,low
test_protocol_3461.docx,.docx,120,C:/Healthcare/Internal/Protocols/,2024-05-10T03:48:17,low
shift_3462_archived.xlsx,.xlsx,1375,C:/Healthcare/StaffSchedules/,2023-01-10T12:32:28,low
parking_3463.txt,.txt,90,C:/Healthcare/PublicInfo/Notices/,2024-08-10T00:33:57,low
menu_3464.txt,.txt,3,C:/Healthcare/PublicInfo/Notices/,2024-05-20T10:06:52,medium
guideline_3465.docx,.docx,329,C:/Healthcare/Internal/Protocols/,2024-07-29T23:57:09,low
test_protocol_3466.docx,.docx,271,C:/Healthcare/Internal/Protocols/,2024-10-04T07:17:54,low
public_schedule_3467.csv,.csv,60,C:/Healthcare/StaffSchedules/,2025-11-10T17:31:34,low
shift_3468.pdf,.pdf,657,C:/Healthcare/StaffSchedules/,2024-06-04T16:12:56,low
schedule_visit_3469.pdf,.pdf,243,C:/Healthcare/Patients/,2024-12-25T02:16:56,medium
test_visit_3470.csv,.csv,35,C:/Healthcare/Patients/,2025-03-28T14:55:53,high
protocol_3471.pdf,.pdf,87,C:/Healthcare/Internal/Protocols/,2024-05-12T08:19:47,low
invoice_3472.csv,.csv,283,C:/Healthcare/Insurance/,2023-12-04T19:24:10,medium
results_3473.xls,.xls,1845,C:/Healthcare/LabResults/,2025-02-21T17:34:58,low
test_info_3474.pdf,.pdf,1378,C:/Healthcare/PublicInfo/Menu/,2023-02-10T22:17:06,low
patient_3475.pdf,.pdf,652,C:/Healthcare/Patients/,2024-08-01T05:28:49,high
results_3476_v2.csv,.csv,280,C:/Healthcare/LabResults/,2023-05-16T12:41:17,medium
schedule_notice_3477.pdf,.pdf,1,C:/Healthcare/PublicInfo/Parking/,2023-10-13T09:27:26,low
analysis_3478.xls,.xls,725,C:/Healthcare/LabResults/,2023-02-02T00:01:06,low
schedule_agenda_3479.pdf,.pdf,1610,C:/Healthcare/Meetings/,2023-04-14T01:27:35,medium
schedule_patient_3480_draft.csv,.csv,217,C:/Healthcare/Patients/,2024-12-08T03:38:42,high
credentials_protocol_3481.docx,.docx,858,C:/Healthcare/Internal/Protocols/,2025-12-11T16:21:54,high
invoice_notice_3482.pdf,.pdf,559,C:/Healthcare/PublicInfo/Parking/,2025-05-11T02:23:05,low
info_3483.csv,.csv,68,C:/Healthcare/PublicInfo/Parking/,2023-04-09T17:58:27,low
notice_roster_3484.csv,.csv,469,C:/Healthcare/StaffSchedules/,2024-12-10T02:29:32,medium
menu_claim_3485.pdf,.pdf,239,C:/Healthcare/Insurance/,2025-03-02T22:56:35,medium
results_3486.csv,.csv,292,C:/Healthcare/LabResults/,2025-06-18T00:57:07,low
notice_3487.csv,.csv,684,C:/Healthcare/PublicInfo/Menu/,2024-05-10T13:07:11,low
appointment_notice_3488.pdf,.pdf,38,C:/Healthcare/PublicInfo/Notices/,2023-02-21T05:08:35,medium
log_3489.txt,.txt,41,C:/Healthcare/Maintenance/,2024-05-06T04:47:42,medium
announcement_agenda_3490.pdf,.pdf,1516,C:/Healthcare/Meetings/,2025-09-13T06:19:15,high
appointment_test_3491.csv,.csv,233,C:/Healthcare/LabResults/,2024-06-06T20:27:04,medium
roster_3492.csv,.csv,68,C:/Healthcare/StaffSchedules/,2024-12-27T23:42:41,low
maintenance_menu_3493.csv,.csv,161,C:/Healthcare/PublicInfo/Notices/,2023-02-18T14:20:13,medium
lab_patient_3494.docx,.docx,292,C:/Healthcare/Patients/,2023-04-16T17:07:20,low
notice_analysis_3495.csv,.csv,631,C:/Healthcare/LabResults/,2023-02-05T16:58:06,medium
meeting_3496.docx,.docx,194,C:/Healthcare/Meetings/,2024-04-11T23:53:20,medium
appointment_info_3497.pdf,.pdf,1698,C:/Healthcare/PublicInfo/Parking/,2023-01-22T09:44:45,high
maintenance_roster_3498.xlsx,.xlsx,1303,C:/Healthcare/StaffSchedules/,2023-07-29T02:23:35,medium
meeting_3499.txt,.txt,91,C:/Healthcare/Meetings/,2025-10-18T00:44:48,low
minutes_3500.docx,.docx,899,C:/Healthcare/Meetings/,2023-12-20T12:47:09,low
info_3501.csv,.csv,28,C:/Healthcare/PublicInfo/Notices/,2023-08-10T17:26:28,low
agenda_3502.docx,.docx,235,C:/Healthcare/Meetings/,2025-11-22T11:29:08,medium
maintenance_shift_3503.xlsx,.xlsx,1385,C:/Healthcare/StaffSchedules/,2024-07-31T05:42:51,low
invoice_test_3504.xlsx,.xlsx,1341,C:/Healthcare/LabResults/,2024-12-16T01:00:36,medium
agenda_3505.pdf,.pdf,502,C:/Healthcare/Meetings/,2025-12-06T01:17:10,low
report_log_3506.xlsx,.xlsx,585,C:/Healthcare/Maintenance/,2023-04-14T05:51:47,high
lab_3507.csv,.csv,477,C:/Healthcare/LabResults/,2024-09-16T12:03:56,high
guideline_3508.docx,.docx,691,C:/Healthcare/Internal/Protocols/,2023-09-12T16:30:20,medium
menu_parking_3509.csv,.csv,183,C:/Healthcare/PublicInfo/Menu/,2023-07-12T03:37:48,low
parking_3510.pdf,.pdf,869,C:/Healthcare/PublicInfo/Menu/,2024-03-03T12:39:09,medium
maintenance_workorder_3511.xlsx,.xlsx,347,C:/Healthcare/Maintenance/,2023-04-04T05:56:37,low
parking_3512.pdf,.pdf,1061,C:/Healthcare/PublicInfo/Notices/,2025-05-12T09:52:56,medium
log_3513_v2.pdf,.pdf,493,C:/Healthcare/Maintenance/,2025-09-28T17:21:27,low
confidential_invoice_3514.docx,.docx,53,C:/Healthcare/Insurance/,2025-09-06T08:57:30,low
maintenance_parking_3515.csv,.csv,156,C:/Healthcare/PublicInfo/Parking/,2025-01-19T10:03:28,medium
meeting_3516.pdf,.pdf,768,C:/Healthcare/Meetings/,2024-03-14T13:20:33,low
diagnosis_3517.pdf,.pdf,347,C:/Healthcare/Patients/,2025-11-09T06:54:03,medium
menu_info_3518.pdf,.pdf,1389,C:/Healthcare/PublicInfo/Parking/,2025-10-09T04:55:54,low
announcement_minutes_3519.docx,.docx,517,C:/Healthcare/Meetings/,2024-07-13T22:58:36,low
menu_meeting_3520.txt,.txt,135,C:/Healthcare/Meetings/,2023-12-12T17:22:05,low
invoice_3521_confidential.csv,.csv,1,C:/Healthcare/Insurance/,2023-06-11T19:05:59,high
invoice_notice_3522.pdf,.pdf,475,C:/Healthcare/PublicInfo/Parking/,2025-12-11T19:55:02,low
procedure_3523.docx,.docx,991,C:/Healthcare/Internal/Protocols/,2024-12-15T11:24:09,low
results_info_3524_archived.txt,.txt,100,C:/Healthcare/PublicInfo/Notices/,2024-02-12T21:04:27,medium
public_log_3525.txt,.txt,96,C:/Healthcare/Maintenance/,2023-09-27T05:07:09,low
info_3526.csv,.csv,203,C:/Healthcare/PublicInfo/Parking/,2023-08-12T06:32:50,medium
menu_menu_3527.csv,.csv,74,C:/Healthcare/PublicInfo/Parking/,2024-09-04T06:32:25,high
invoice_coverage_3528.docx,.docx,1442,C:/Healthcare/Insurance/,2024-08-27T23:19:36,medium
results_log_3529.pdf,.pdf,1095,C:/Healthcare/Maintenance/,2023-07-31T01:07:35,low
claim_3530.docx,.docx,265,C:/Healthcare/Insurance/,2024-07-07T19:33:01,low
policy_3531.csv,.csv,70,C:/Healthcare/Insurance/,2024-02-28T22:43:45,low
lab_coverage_3532.pdf,.pdf,1244,C:/Healthcare/Insurance/,2023-07-26T21:49:29,low
invoice_menu_3533_draft.txt,.txt,112,C:/Healthcare/PublicInfo/Parking/,2023-01-03T04:45:41,high
summary_menu_3534.txt,.txt,93,C:/Healthcare/PublicInfo/Parking/,2025-11-01T08:17:06,low
parking_3535.csv,.csv,502,C:/Healthcare/PublicInfo/Menu/,2024-01-22T05:27:47,low
notice_specimen_3536.pdf,.pdf,1267,C:/Healthcare/LabResults/,2025-06-01T21:25:10,low
maintenance_3537.xlsx,.xlsx,1657,C:/Healthcare/Maintenance/,2023-07-22T05:25:03,low
summary_protocol_3538.pdf,.pdf,660,C:/Healthcare/Internal/Protocols/,2025-12-08T09:19:33,high
notice_3539.txt,.txt,4,C:/Healthcare/PublicInfo/Parking/,2023-01-01T09:38:42,low
report_procedure_3540.docx,.docx,471,C:/Healthcare/Internal/Protocols/,2025-06-26T17:53:39,medium
lab_meeting_3541.pdf,.pdf,975,C:/Healthcare/Meetings/,2024-05-24T07:13:39,high
procedure_3542.xlsx,.xlsx,1156,C:/Healthcare/Internal/Protocols/,2025-08-22T18:36:37,low
test_diagnosis_3543.pdf,.pdf,2030,C:/Healthcare/Patients/,2023-04-15T03:20:33,medium
test_parking_3544.pdf,.pdf,448,C:/Healthcare/PublicInfo/Parking/,2024-10-19T09:55:27,high
maintenance_info_3545.txt,.txt,1,C:/Healthcare/PublicInfo/Parking/,2023-05-31T15:09:16,low
maintenance_agenda_3546.pdf,.pdf,150,C:/Healthcare/Meetings/,2024-11-22T18:28:23,low
claim_3547.docx,.docx,850,C:/Healthcare/Insurance/,2024-04-24T04:23:23,low
lab_shift_3548.csv,.csv,148,C:/Healthcare/StaffSchedules/,2025-01-26T12:26:59,low
menu_3549.pdf,.pdf,538,C:/Healthcare/PublicInfo/Menu/,2024-08-09T16:09:34,medium
passwords_info_3550.pdf,.pdf,931,C:/Healthcare/PublicInfo/Parking/,2024-07-13T02:07:25,low
report_notice_3551_archived.pdf,.pdf,671,C:/Healthcare/PublicInfo/Notices/,2025-02-21T22:37:13,medium
info_3552.txt,.txt,53,C:/Healthcare/PublicInfo/Parking/,2024-12-07T01:30:45,low
parking_3553.pdf,.pdf,1852,C:/Healthcare/PublicInfo/Parking/,2024-07-07T14:35:23,low
summary_protocol_3554.pdf,.pdf,118,C:/Healthcare/Internal/Protocols/,2025-01-19T11:53:30,high
maintenance_procedure_3555.docx,.docx,530,C:/Healthcare/Internal/Protocols/,2025-12-19T03:04:18,low
diagnosis_procedure_3556.docx,.docx,516,C:/Healthcare/Internal/Protocols/,2025-02-10T00:01:01,medium
schedule_results_3557.xls,.xls,2121,C:/Healthcare/LabResults/,2024-12-12T05:19:07,medium
announcement_notice_3558.csv,.csv,154,C:/Healthcare/PublicInfo/Notices/,2023-01-31T15:15:02,low
patient_3559.xlsx,.xlsx,293,C:/Healthcare/Patients/,2024-09-24T15:54:58,medium
protocol_3560.docx,.docx,1030,C:/Healthcare/Internal/Protocols/,2024-01-17T23:26:11,low
parking_3561.pdf,.pdf,1620,C:/Healthcare/PublicInfo/Menu/,2024-11-20T10:22:39,medium
credentials_notice_3562.csv,.csv,41,C:/Healthcare/PublicInfo/Parking/,2024-01-08T05:26:04,medium
confidential_shift_3563.pdf,.pdf,23,C:/Healthcare/StaffSchedules/,2024-03-16T17:32:24,low
public_schedule_3564.csv,.csv,75,C:/Healthcare/StaffSchedules/,2024-11-09T07:58:30,low
invoice_3565.csv,.csv,355,C:/Healthcare/Insurance/,2024-02-01T01:50:50,low
notice_log_3566.txt,.txt,71,C:/Healthcare/Maintenance/,2025-02-24T21:29:14,low
workorder_3567_confidential.txt,.txt,105,C:/Healthcare/Maintenance/,2023-09-26T22:25:01,low
appointment_menu_3568_v2.pdf,.pdf,204,C:/Healthcare/PublicInfo/Menu/,2025-03-25T05:50:07,medium
claim_3569_final.pdf,.pdf,2387,C:/Healthcare/Insurance/,2023-01-11T10:34:31,high
agenda_3570.txt,.txt,126,C:/Healthcare/Meetings/,2024-07-18T11:44:04,low
meeting_3571.pdf,.pdf,314,C:/Healthcare/Meetings/,2025-07-04T03:06:33,medium
shift_3572.csv,.csv,411,C:/Healthcare/StaffSchedules/,2025-02-02T14:19:06,low
parking_info_3573.csv,.csv,423,C:/Healthcare/PublicInfo/Parking/,2025-05-23T06:03:09,low
public_workorder_3574.xlsx,.xlsx,643,C:/Healthcare/Maintenance/,2023-10-15T10:59:39,low
audit_specimen_3575.xlsx,.xlsx,1443,C:/Healthcare/LabResults/,2023-08-12T01:28:15,high
menu_3576.pdf,.pdf,342,C:/Healthcare/PublicInfo/Parking/,2025-12-11T12:22:03,low
diagnosis_3577.docx,.docx,9,C:/Healthcare/Patients/,2024-11-01T18:28:03,medium
schedule_minutes_3578.pdf,.pdf,290,C:/Healthcare/Meetings/,2023-05-17T06:26:32,low
appointment_meeting_3579.pdf,.pdf,390,C:/Healthcare/Meetings/,2023-05-03T16:35:10,low
specimen_3580.pdf,.pdf,1090,C:/Healthcare/LabResults/,2024-05-17T08:36:08,high
menu_log_3581.pdf,.pdf,1324,C:/Healthcare/Maintenance/,2024-10-02T03:00:50,low
invoice_procedure_3582.pdf,.pdf,1524,C:/Healthcare/Internal/Protocols/,2025-04-28T12:04:36,high
notice_schedule_3583.csv,.csv,286,C:/Healthcare/StaffSchedules/,2024-01-20T09:20:14,low
maintenance_schedule_3584.pdf,.pdf,1139,C:/Healthcare/StaffSchedules/,2025-10-11T21:46:15,low
public_info_3585.csv,.csv,186,C:/Healthcare/PublicInfo/Notices/,2024-11-02T08:16:42,low
announcement_coverage_3586.pdf,.pdf,1564,C:/Healthcare/Insurance/,2025-11-28T13:30:53,low
maintenance_parking_3587.pdf,.pdf,274,C:/Healthcare/PublicInfo/Notices/,2025-07-30T16:52:49,low
visit_3588.pdf,.pdf,1685,C:/Healthcare/Patients/,2025-07-31T12:04:07,low
record_3589.xlsx,.xlsx,476,C:/Healthcare/Patients/,2023-10-19T20:24:08,low
notice_menu_3590.csv,.csv,51,C:/Healthcare/PublicInfo/Notices/,2024-03-01T16:03:53,low
maintenance_workorder_3591.txt,.txt,40,C:/Healthcare/Maintenance/,2023-08-22T19:12:33,medium
schedule_visit_3592.pdf,.pdf,678,C:/Healthcare/Patients/,2023-08-30T19:23:00,medium
results_agenda_3593.pdf,.pdf,935,C:/Healthcare/Meetings/,2025-02-07T04:53:33,low
log_3594.xlsx,.xlsx,742,C:/Healthcare/Maintenance/,2023-08-08T06:12:16,high
summary_minutes_3595.docx,.docx,306,C:/Healthcare/Meetings/,2024-01-19T07:34:38,low
reimbursement_3596.docx,.docx,605,C:/Healthcare/Insurance/,2024-04-14T13:48:42,medium
roster_3597.xlsx,.xlsx,171,C:/Healthcare/StaffSchedules/,2024-05-25T09:03:38,high
test_shift_3598.pdf,.pdf,341,C:/Healthcare/StaffSchedules/,2024-09-10T00:26:09,low
schedule_results_3599.xlsx,.xlsx,272,C:/Healthcare/LabResults/,2023-10-07T04:36:50,low
lab_menu_3600.txt,.txt,26,C:/Healthcare/PublicInfo/Menu/,2023-03-21T05:34:41,low
public_claim_3601.csv,.csv,153,C:/Healthcare/Insurance/,2024-11-09T08:00:56,low
reimbursement_3602.docx,.docx,45,C:/Healthcare/Insurance/,2024-03-23T10:13:09,low
test_notice_3603.txt,.txt,10,C:/Healthcare/PublicInfo/Parking/,2023-12-10T09:14:25,low
notice_3604.csv,.csv,28,C:/Healthcare/PublicInfo/Parking/,2024-07-17T07:53:07,low
workorder_3605.pdf,.pdf,809,C:/Healthcare/Maintenance/,2025-11-11T23:57:11,high
insurance_claim_invoice_3606.csv,.csv,366,C:/Healthcare/Insurance/,2024-03-04T21:58:57,high
results_agenda_3607.pdf,.pdf,569,C:/Healthcare/Meetings/,2024-10-11T23:11:50,low
lab_procedure_3608_final.docx,.docx,1056,C:/Healthcare/Internal/Protocols/,2024-09-10T05:31:33,medium
appointment_notice_3609.pdf,.pdf,236,C:/Healthcare/PublicInfo/Notices/,2025-11-04T17:14:15,low
menu_3610.pdf,.pdf,719,C:/Healthcare/PublicInfo/Parking/,2025-07-02T10:17:16,low
visit_3611.csv,.csv,221,C:/Healthcare/Patients/,2025-09-29T13:50:08,high
parking_3612.csv,.csv,364,C:/Healthcare/PublicInfo/Parking/,2025-10-19T06:37:49,low
minutes_3613.txt,.txt,49,C:/Healthcare/Meetings/,2024-08-11T01:02:02,low
log_3614.pdf,.pdf,1775,C:/Healthcare/Maintenance/,2023-04-12T01:32:10,low
menu_workorder_3615.xlsx,.xlsx,2435,C:/Healthcare/Maintenance/,2025-03-10T12:25:11,high
workorder_3616.xlsx,.xlsx,345,C:/Healthcare/Maintenance/,2024-07-14T16:28:17,low
protocol_3617_v2.pdf,.pdf,1599,C:/Healthcare/Internal/Protocols/,2023-10-11T06:03:53,low
procedure_3618.xlsx,.xlsx,1089,C:/Healthcare/Internal/Protocols/,2023-07-18T15:47:15,high
summary_workorder_3619.xlsx,.xlsx,649,C:/Healthcare/Maintenance/,2023-12-24T01:30:39,low
patient_parking_3620.txt,.txt,53,C:/Healthcare/PublicInfo/Parking/,2025-08-19T07:33:52,medium
credentials_menu_3621.pdf,.pdf,406,C:/Healthcare/PublicInfo/Parking/,2025-09-18T16:18:59,high
policy_3622.pdf,.pdf,739,C:/Healthcare/Insurance/,2025-11-12T13:39:22,high
meeting_3623.docx,.docx,53,C:/Healthcare/Meetings/,2025-07-08T02:13:41,low
passwords_workorder_3624.xlsx,.xlsx,426,C:/Healthcare/Maintenance/,2024-12-12T08:01:20,low
guideline_3625.docx,.docx,444,C:/Healthcare/Internal/Protocols/,2024-08-09T02:14:02,medium
guideline_3626.docx,.docx,151,C:/Healthcare/Internal/Protocols/,2024-04-25T11:25:09,low
public_schedule_3627.csv,.csv,198,C:/Healthcare/StaffSchedules/,2025-09-10T15:50:29,low
menu_info_3628.pdf,.pdf,1173,C:/Healthcare/PublicInfo/Menu/,2024-05-23T14:08:55,medium
results_parking_3629.csv,.csv,323,C:/Healthcare/PublicInfo/Parking/,2023-09-15T07:45:50,low
parking_3630.csv,.csv,200,C:/Healthcare/PublicInfo/Parking/,2025-09-18T03:36:55,medium
agenda_3631.txt,.txt,30,C:/Healthcare/Meetings/,2024-08-23T03:37:07,high
specimen_3632.xlsx,.xlsx,384,C:/Healthcare/LabResults/,2025-03-18T17:16:09,medium
menu_3633.csv,.csv,180,C:/Healthcare/PublicInfo/Notices/,2023-01-30T12:36:27,medium
schedule_3634.csv,.csv,193,C:/Healthcare/StaffSchedules/,2025-08-23T14:18:00,low
lab_workorder_3635.pdf,.pdf,1678,C:/Healthcare/Maintenance/,2023-06-07T16:04:32,low
payroll_menu_3636.pdf,.pdf,2547,C:/Healthcare/PublicInfo/Notices/,2023-11-13T02:41:48,high
menu_3637.csv,.csv,565,C:/Healthcare/PublicInfo/Parking/,2025-11-12T03:58:56,low
claim_3638.pdf,.pdf,496,C:/Healthcare/Insurance/,2023-01-10T04:06:43,high
results_policy_3639_v2.pdf,.pdf,175,C:/Healthcare/Insurance/,2025-11-20T14:49:38,low
passwords_results_3640_archived.xls,.xls,232,C:/Healthcare/LabResults/,2025-01-21T17:20:35,high
appointment_coverage_3641.pdf,.pdf,189,C:/Healthcare/Insurance/,2025-01-24T21:49:18,low
log_3642_final.pdf,.pdf,1304,C:/Healthcare/Maintenance/,2023-05-04T00:08:11,low
menu_menu_3643.txt,.txt,48,C:/Healthcare/PublicInfo/Parking/,2023-12-06T18:25:01,low
parking_notice_3644.csv,.csv,170,C:/Healthcare/PublicInfo/Notices/,2025-08-31T00:14:55,low
consent_3645_archived.csv,.csv,938,C:/Healthcare/Patients/,2024-01-31T09:01:42,high
diagnosis_3646_confidential.pdf,.pdf,14,C:/Healthcare/Patients/,2023-06-27T03:25:28,high
invoice_claim_3647_confidential.csv,.csv,299,C:/Healthcare/Insurance/,2023-12-29T15:08:10,medium
policy_3648.docx,.docx,77,C:/Healthcare/Insurance/,2023-03-08T16:35:09,medium
invoice_invoice_3649.pdf,.pdf,2509,C:/Healthcare/Insurance/,2023-09-18T03:33:31,high
insurance_claim_notice_3650.txt,.txt,133,C:/Healthcare/PublicInfo/Menu/,2025-04-14T05:28:02,medium
notice_3651.csv,.csv,285,C:/Healthcare/PublicInfo/Menu/,2024-02-03T14:21:07,medium
report_policy_3652.docx,.docx,621,C:/Healthcare/Insurance/,2024-06-09T01:52:34,medium
consent_roster_3653.csv,.csv,292,C:/Healthcare/StaffSchedules/,2025-10-29T15:25:47,high
parking_maintenance_3654.xlsx,.xlsx,960,C:/Healthcare/Maintenance/,2024-11-24T17:44:44,medium
parking_consent_3655.pdf,.pdf,1960,C:/Healthcare/Patients/,2023-02-06T19:28:05,low
notice_3656.txt,.txt,65,C:/Healthcare/PublicInfo/Parking/,2024-05-24T00:32:16,low
consent_3657.pdf,.pdf,1233,C:/Healthcare/Patients/,2023-08-02T16:03:46,low
insurance_claim_menu_3658.pdf,.pdf,2116,C:/Healthcare/PublicInfo/Notices/,2024-02-02T02:09:51,high
invoice_diagnosis_3659_confidential.docx,.docx,453,C:/Healthcare/Patients/,2024-05-04T00:31:26,medium
public_test_3660.xls,.xls,1059,C:/Healthcare/LabResults/,2024-09-02T07:30:58,high
agenda_3661.docx,.docx,312,C:/Healthcare/Meetings/,2025-09-06T20:15:40,low
test_3662.xls,.xls,593,C:/Healthcare/LabResults/,2025-09-13T00:04:29,medium
results_meeting_3663.docx,.docx,443,C:/Healthcare/Meetings/,2024-03-02T05:25:52,low
public_workorder_3664.pdf,.pdf,1245,C:/Healthcare/Maintenance/,2025-05-26T21:52:28,high
report_menu_3665.csv,.csv,837,C:/Healthcare/PublicInfo/Menu/,2024-12-25T23:52:58,medium
diagnosis_3666_draft.pdf,.pdf,263,C:/Healthcare/Patients/,2024-12-16T06:46:34,medium
results_claim_3667.pdf,.pdf,286,C:/Healthcare/Insurance/,2025-03-25T05:08:48,low
guideline_3668.pdf,.pdf,2480,C:/Healthcare/Internal/Protocols/,2025-08-20T04:52:27,low
lab_procedure_3669.xlsx,.xlsx,1674,C:/Healthcare/Internal/Protocols/,2024-02-01T00:42:19,low
diagnosis_3670.csv,.csv,405,C:/Healthcare/Patients/,2025-04-01T00:13:38,low
parking_agenda_3671.txt,.txt,46,C:/Healthcare/Meetings/,2025-11-17T17:41:35,low
report_log_3672.xlsx,.xlsx,1893,C:/Healthcare/Maintenance/,2025-01-05T06:41:30,low
roster_3673.xlsx,.xlsx,2634,C:/Healthcare/StaffSchedules/,2025-09-06T20:45:44,low
invoice_policy_3674.pdf,.pdf,575,C:/Healthcare/Insurance/,2024-08-04T14:36:31,high
lab_parking_3675.txt,.txt,42,C:/Healthcare/PublicInfo/Menu/,2025-03-31T11:56:33,medium
menu_3676.txt,.txt,81,C:/Healthcare/PublicInfo/Notices/,2023-07-02T01:17:02,high
minutes_3677_final.pdf,.pdf,1381,C:/Healthcare/Meetings/,2024-03-31T04:52:06,low
protocol_3678.docx,.docx,920,C:/Healthcare/Internal/Protocols/,2023-10-07T01:09:35,high
parking_minutes_3679.docx,.docx,151,C:/Healthcare/Meetings/,2025-09-23T19:36:53,low
invoice_guideline_3680.docx,.docx,559,C:/Healthcare/Internal/Protocols/,2023-11-14T08:45:39,low
log_3681.xlsx,.xlsx,790,C:/Healthcare/Maintenance/,2023-07-03T16:52:19,low
credentials_workorder_3682.xlsx,.xlsx,249,C:/Healthcare/Maintenance/,2023-12-09T03:11:18,low
meeting_3683.docx,.docx,132,C:/Healthcare/Meetings/,2025-05-16T08:45:14,high
claim_3684_confidential.pdf,.pdf,422,C:/Healthcare/Insurance/,2024-01-06T16:05:54,high
info_3685.txt,.txt,14,C:/Healthcare/PublicInfo/Parking/,2025-09-14T12:12:50,low
lab_3686.pdf,.pdf,350,C:/Healthcare/LabResults/,2023-02-11T03:25:50,low
info_3687.csv,.csv,229,C:/Healthcare/PublicInfo/Menu/,2023-08-17T09:52:02,low
public_lab_3688.xlsx,.xlsx,901,C:/Healthcare/LabResults/,2024-06-27T16:48:24,high
results_guideline_3689_v2.docx,.docx,992,C:/Healthcare/Internal/Protocols/,2023-10-18T21:03:07,high
info_3690.pdf,.pdf,131,C:/Healthcare/PublicInfo/Parking/,2023-07-27T15:21:53,low
payroll_lab_3691.pdf,.pdf,971,C:/Healthcare/LabResults/,2024-12-18T20:05:20,medium
announcement_procedure_3692.pdf,.pdf,1962,C:/Healthcare/Internal/Protocols/,2025-10-02T14:15:37,low
summary_results_3693.xls,.xls,926,C:/Healthcare/LabResults/,2025-04-08T09:22:46,medium
parking_3694.pdf,.pdf,1151,C:/Healthcare/PublicInfo/Menu/,2025-07-20T11:32:34,low
schedule_meeting_3695.docx,.docx,185,C:/Healthcare/Meetings/,2023-09-22T18:20:00,low
schedule_guideline_3696.docx,.docx,198,C:/Healthcare/Internal/Protocols/,2024-08-28T18:29:23,low
public_notice_3697_confidential.txt,.txt,118,C:/Healthcare/PublicInfo/Parking/,2024-03-12T02:47:54,low
shift_3698.csv,.csv,283,C:/Healthcare/StaffSchedules/,2024-07-06T08:24:41,low
info_3699.txt,.txt,124,C:/Healthcare/PublicInfo/Notices/,2023-11-25T12:30:36,high
schedule_maintenance_3700.xlsx,.xlsx,965,C:/Healthcare/Maintenance/,2025-02-16T08:35:20,medium
results_agenda_3701.pdf,.pdf,828,C:/Healthcare/Meetings/,2023-07-22T23:11:59,low
announcement_agenda_3702.pdf,.pdf,255,C:/Healthcare/Meetings/,2023-09-02T15:11:21,medium
schedule_meeting_3703.docx,.docx,251,C:/Healthcare/Meetings/,2025-11-25T03:29:26,high
menu_workorder_3704.txt,.txt,75,C:/Healthcare/Maintenance/,2024-05-28T00:54:40,low
specimen_3705.xls,.xls,643,C:/Healthcare/LabResults/,2023-03-21T19:31:42,medium
results_3706.csv,.csv,120,C:/Healthcare/LabResults/,2023-09-30T02:17:00,low
guideline_3707.docx,.docx,138,C:/Healthcare/Internal/Protocols/,2024-01-31T19:27:20,medium
protocol_3708.xlsx,.xlsx,67,C:/Healthcare/Internal/Protocols/,2023-03-01T02:30:40,low
notice_3709.pdf,.pdf,87,C:/Healthcare/PublicInfo/Parking/,2024-10-06T10:45:14,low
parking_protocol_3710.xlsx,.xlsx,568,C:/Healthcare/Internal/Protocols/,2025-08-02T22:00:59,high
results_parking_3711.txt,.txt,36,C:/Healthcare/PublicInfo/Parking/,2023-02-03T19:28:43,low
notice_agenda_3712.pdf,.pdf,1610,C:/Healthcare/Meetings/,2025-02-12T21:29:56,low
menu_3713.txt,.txt,37,C:/Healthcare/PublicInfo/Notices/,2023-03-05T19:04:59,low
minutes_3714.pdf,.pdf,309,C:/Healthcare/Meetings/,2024-01-16T22:02:56,low
schedule_3715.pdf,.pdf,422,C:/Healthcare/StaffSchedules/,2025-04-01T23:48:18,low
agenda_3716_v2.pdf,.pdf,921,C:/Healthcare/Meetings/,2023-05-16T09:37:41,low
roster_3717.csv,.csv,104,C:/Healthcare/StaffSchedules/,2024-10-07T11:07:07,low
info_3718.csv,.csv,337,C:/Healthcare/PublicInfo/Parking/,2024-10-08T07:00:47,low
parking_workorder_3719.txt,.txt,46,C:/Healthcare/Maintenance/,2024-01-24T15:54:43,low
maintenance_parking_3720.pdf,.pdf,891,C:/Healthcare/PublicInfo/Notices/,2024-08-16T03:13:57,low
menu_protocol_3721.docx,.docx,727,C:/Healthcare/Internal/Protocols/,2023-10-20T23:13:44,low
lab_3722.xls,.xls,174,C:/Healthcare/LabResults/,2023-02-14T06:15:13,low
notice_info_3723.pdf,.pdf,625,C:/Healthcare/PublicInfo/Parking/,2024-05-11T19:59:06,high
maintenance_specimen_3724.csv,.csv,407,C:/Healthcare/LabResults/,2024-03-19T17:46:25,low
parking_3725.csv,.csv,479,C:/Healthcare/PublicInfo/Notices/,2024-12-05T15:52:10,low
roster_3726.xlsx,.xlsx,219,C:/Healthcare/StaffSchedules/,2023-09-18T13:22:56,medium
record_3727.pdf,.pdf,432,C:/Healthcare/Patients/,2024-08-04T08:39:29,high
test_notice_3728.pdf,.pdf,1261,C:/Healthcare/PublicInfo/Notices/,2025-07-26T06:31:59,low
public_workorder_3729.txt,.txt,122,C:/Healthcare/Maintenance/,2024-09-03T09:51:54,low
maintenance_agenda_3730.txt,.txt,83,C:/Healthcare/Meetings/,2023-04-23T16:52:16,high
log_3731.xlsx,.xlsx,264,C:/Healthcare/Maintenance/,2023-01-15T12:03:06,low
schedule_specimen_3732.xlsx,.xlsx,431,C:/Healthcare/LabResults/,2023-03-09T13:20:58,high
protocol_3733.pdf,.pdf,449,C:/Healthcare/Internal/Protocols/,2025-12-19T19:21:02,low
patient_3734.pdf,.pdf,1802,C:/Healthcare/Patients/,2024-01-10T20:49:07,low
public_minutes_3735_final.docx,.docx,347,C:/Healthcare/Meetings/,2023-07-18T01:38:39,medium
invoice_test_3736.xlsx,.xlsx,1201,C:/Healthcare/LabResults/,2025-11-01T14:07:56,medium
shift_3737.pdf,.pdf,525,C:/Healthcare/StaffSchedules/,2024-07-05T13:28:46,low
diagnosis_3738.docx,.docx,181,C:/Healthcare/Patients/,2025-12-11T20:49:52,high
schedule_maintenance_3739.xlsx,.xlsx,1643,C:/Healthcare/Maintenance/,2025-05-28T17:49:26,low
shift_3740.csv,.csv,18,C:/Healthcare/StaffSchedules/,2024-05-02T03:14:34,low
report_results_3741.csv,.csv,344,C:/Healthcare/LabResults/,2024-07-31T00:39:54,low
announcement_analysis_3742_v2.xlsx,.xlsx,270,C:/Healthcare/LabResults/,2024-12-01T16:20:37,high
agenda_3743.docx,.docx,40,C:/Healthcare/Meetings/,2025-02-27T07:46:10,low
protocol_3744.xlsx,.xlsx,995,C:/Healthcare/Internal/Protocols/,2025-08-31T23:18:09,low
appointment_visit_3745.pdf,.pdf,1241,C:/Healthcare/Patients/,2024-01-01T03:41:45,low
summary_consent_3746.csv,.csv,150,C:/Healthcare/Patients/,2023-06-17T15:31:05,high
guideline_3747.docx,.docx,9,C:/Healthcare/Internal/Protocols/,2024-07-17T14:56:17,low
schedule_maintenance_3748.xlsx,.xlsx,234,C:/Healthcare/Maintenance/,2024-07-02T00:47:52,medium
public_parking_3749.txt,.txt,15,C:/Healthcare/PublicInfo/Parking/,2023-01-14T01:10:03,low
consent_3750.pdf,.pdf,977,C:/Healthcare/Patients/,2023-09-28T11:28:01,high
info_3751.pdf,.pdf,1829,C:/Healthcare/PublicInfo/Parking/,2024-06-14T13:33:29,low
menu_3752_v2.pdf,.pdf,1289,C:/Healthcare/PublicInfo/Menu/,2024-10-28T20:15:05,medium
guideline_3753.docx,.docx,210,C:/Healthcare/Internal/Protocols/,2025-10-05T20:47:55,low
results_specimen_3754.csv,.csv,255,C:/Healthcare/LabResults/,2025-09-17T09:30:26,low
schedule_parking_3755.txt,.txt,36,C:/Healthcare/PublicInfo/Menu/,2024-10-05T08:28:27,low
report_maintenance_3756.pdf,.pdf,369,C:/Healthcare/Maintenance/,2025-07-22T23:00:42,low
diagnosis_agenda_3757.txt,.txt,22,C:/Healthcare/Meetings/,2024-01-25T19:28:44,low
log_3758.xlsx,.xlsx,296,C:/Healthcare/Maintenance/,2023-03-15T16:33:04,low
schedule_schedule_3759_final.xlsx,.xlsx,1087,C:/Healthcare/StaffSchedules/,2025-08-25T03:39:47,low
meeting_3760.txt,.txt,114,C:/Healthcare/Meetings/,2024-01-05T15:44:57,low
report_notice_3761.txt,.txt,94,C:/Healthcare/PublicInfo/Notices/,2024-01-18T06:58:14,low
parking_info_3762.csv,.csv,515,C:/Healthcare/PublicInfo/Menu/,2025-12-28T06:53:44,low
parking_3763.pdf,.pdf,497,C:/Healthcare/PublicInfo/Menu/,2023-07-23T13:32:03,low
procedure_3764.docx,.docx,163,C:/Healthcare/Internal/Protocols/,2024-05-11T20:29:38,medium
info_3765.txt,.txt,53,C:/Healthcare/PublicInfo/Parking/,2025-04-22T11:36:14,medium
notice_3766.csv,.csv,152,C:/Healthcare/PublicInfo/Notices/,2023-05-21T10:30:13,low
log_3767.pdf,.pdf,1829,C:/Healthcare/Maintenance/,2025-10-08T13:28:54,high
maintenance_3768.txt,.txt,33,C:/Healthcare/Maintenance/,2023-08-28T14:16:15,high
announcement_parking_3769.pdf,.pdf,367,C:/Healthcare/PublicInfo/Parking/,2024-11-11T22:32:00,low
test_policy_3770.pdf,.pdf,504,C:/Healthcare/Insurance/,2023-09-03T08:33:12,low
consent_3771.xlsx,.xlsx,127,C:/Healthcare/Patients/,2023-01-28T02:39:36,medium
shift_3772.csv,.csv,262,C:/Healthcare/StaffSchedules/,2025-09-22T03:15:51,medium
test_3773.csv,.csv,234,C:/Healthcare/LabResults/,2023-10-29T00:53:31,low
parking_guideline_3774.pdf,.pdf,774,C:/Healthcare/Internal/Protocols/,2025-07-16T09:29:14,low
record_3775.xlsx,.xlsx,887,C:/Healthcare/Patients/,2024-01-10T12:22:04,medium
announcement_consent_3776.xlsx,.xlsx,457,C:/Healthcare/Patients/,2025-07-05T05:13:24,high
policy_3777.docx,.docx,488,C:/Healthcare/Insurance/,2025-12-02T07:37:05,low
parking_patient_3778.xlsx,.xlsx,1023,C:/Healthcare/Patients/,2024-12-26T05:16:16,medium
patient_3779.pdf,.pdf,221,C:/Healthcare/Patients/,2024-02-05T05:15:37,medium
menu_3780.txt,.txt,59,C:/Healthcare/PublicInfo/Menu/,2024-01-15T01:24:42,low
appointment_notice_3781.csv,.csv,100,C:/Healthcare/PublicInfo/Menu/,2025-06-12T14:30:55,medium
menu_notice_3782.txt,.txt,104,C:/Healthcare/PublicInfo/Menu/,2023-09-30T01:49:11,low
appointment_log_3783_draft.pdf,.pdf,183,C:/Healthcare/Maintenance/,2025-10-25T02:52:03,low
guideline_3784.docx,.docx,357,C:/Healthcare/Internal/Protocols/,2025-11-27T09:05:09,low
appointment_schedule_3785.pdf,.pdf,305,C:/Healthcare/StaffSchedules/,2025-09-09T22:52:14,low
parking_3786.csv,.csv,463,C:/Healthcare/PublicInfo/Menu/,2024-04-26T04:01:56,low
consent_3787.xlsx,.xlsx,129,C:/Healthcare/Patients/,2025-10-10T14:05:09,low
results_shift_3788.xlsx,.xlsx,1652,C:/Healthcare/StaffSchedules/,2025-11-28T16:29:10,low
test_info_3789.csv,.csv,783,C:/Healthcare/PublicInfo/Parking/,2025-05-18T17:59:42,high
results_lab_3790_archived.xlsx,.xlsx,2193,C:/Healthcare/LabResults/,2024-12-03T15:41:47,high
lab_menu_3791.pdf,.pdf,1436,C:/Healthcare/PublicInfo/Parking/,2024-11-20T14:12:04,high
log_3792.txt,.txt,4,C:/Healthcare/Maintenance/,2023-11-22T00:04:14,medium
announcement_info_3793_v2.pdf,.pdf,404,C:/Healthcare/PublicInfo/Menu/,2024-05-17T17:46:14,low
menu_workorder_3794.txt,.txt,55,C:/Healthcare/Maintenance/,2024-04-25T06:52:36,low
menu_workorder_3795.xlsx,.xlsx,268,C:/Healthcare/Maintenance/,2025-03-16T00:11:40,low
menu_3796.pdf,.pdf,1144,C:/Healthcare/PublicInfo/Notices/,2023-03-17T09:21:12,low
notice_lab_3797.pdf,.pdf,469,C:/Healthcare/LabResults/,2025-04-24T05:08:21,medium
log_3798.xlsx,.xlsx,165,C:/Healthcare/Maintenance/,2025-04-06T12:32:42,low
announcement_visit_3799.csv,.csv,349,C:/Healthcare/Patients/,2023-10-03T16:50:21,medium
notice_3800.pdf,.pdf,1153,C:/Healthcare/PublicInfo/Parking/,2024-08-08T08:57:20,low
schedule_3801.csv,.csv,207,C:/Healthcare/StaffSchedules/,2023-08-04T00:10:33,medium
parking_minutes_3802.txt,.txt,85,C:/Healthcare/Meetings/,2025-04-04T01:12:24,low
policy_3803.docx,.docx,219,C:/Healthcare/Insurance/,2024-12-21T18:41:56,low
analysis_3804.xlsx,.xlsx,22,C:/Healthcare/LabResults/,2024-08-09T22:39:28,low
guideline_3805.xlsx,.xlsx,1478,C:/Healthcare/Internal/Protocols/,2023-12-01T22:08:54,low
parking_3806.pdf,.pdf,101,C:/Healthcare/PublicInfo/Parking/,2025-12-15T17:52:17,medium
test_policy_3807.docx,.docx,266,C:/Healthcare/Insurance/,2023-05-21T05:44:53,high
policy_3808.csv,.csv,423,C:/Healthcare/Insurance/,2024-08-31T13:46:50,low
coverage_3809.pdf,.pdf,89,C:/Healthcare/Insurance/,2024-07-25T18:09:32,high
menu_agenda_3810.pdf,.pdf,786,C:/Healthcare/Meetings/,2023-01-06T14:13:28,low
patient_3811.csv,.csv,133,C:/Healthcare/Patients/,2025-11-03T07:04:27,low
credentials_meeting_3812.txt,.txt,127,C:/Healthcare/Meetings/,2025-02-21T12:59:41,medium
protocol_3813.xlsx,.xlsx,1361,C:/Healthcare/Internal/Protocols/,2024-10-11T01:41:33,low
coverage_3814.csv,.csv,209,C:/Healthcare/Insurance/,2025-11-22T11:20:42,medium
menu_3815.csv,.csv,305,C:/Healthcare/PublicInfo/Notices/,2023-10-03T02:31:07,low
parking_3816.txt,.txt,41,C:/Healthcare/PublicInfo/Notices/,2024-09-02T09:33:11,medium
report_schedule_3817.xlsx,.xlsx,366,C:/Healthcare/StaffSchedules/,2023-08-25T12:14:58,low
results_info_3818.csv,.csv,199,C:/Healthcare/PublicInfo/Notices/,2025-02-15T02:48:01,low
agenda_3819.docx,.docx,657,C:/Healthcare/Meetings/,2025-11-22T01:14:02,medium
lab_patient_3820.pdf,.pdf,1622,C:/Healthcare/Patients/,2023-08-12T04:40:42,medium
parking_3821_final.pdf,.pdf,185,C:/Healthcare/PublicInfo/Notices/,2024-08-10T18:22:31,low
claim_3822.pdf,.pdf,1815,C:/Healthcare/Insurance/,2024-10-25T07:19:22,high
analysis_3823.xls,.xls,652,C:/Healthcare/LabResults/,2024-08-28T00:20:45,low
patient_3824.docx,.docx,176,C:/Healthcare/Patients/,2025-09-12T04:47:09,low
guideline_3825.docx,.docx,406,C:/Healthcare/Internal/Protocols/,2023-02-07T03:15:54,high
announcement_parking_3826.txt,.txt,35,C:/Healthcare/PublicInfo/Menu/,2023-03-28T23:01:23,low
results_reimbursement_3827.csv,.csv,134,C:/Healthcare/Insurance/,2023-04-29T11:20:56,low
credentials_results_3828.csv,.csv,303,C:/Healthcare/LabResults/,2024-06-21T13:56:15,high
notice_record_3829.csv,.csv,254,C:/Healthcare/Patients/,2023-05-06T04:12:01,medium
agenda_3830.docx,.docx,544,C:/Healthcare/Meetings/,2025-05-08T03:05:08,low
policy_3831.pdf,.pdf,2462,C:/Healthcare/Insurance/,2025-05-02T15:30:52,low
lab_3832.xlsx,.xlsx,2085,C:/Healthcare/LabResults/,2024-11-15T06:33:39,low
test_menu_3833.txt,.txt,11,C:/Healthcare/PublicInfo/Menu/,2024-05-23T22:10:38,medium
visit_3834.docx,.docx,698,C:/Healthcare/Patients/,2023-03-26T03:51:47,high
roster_3835.pdf,.pdf,1039,C:/Healthcare/StaffSchedules/,2024-09-09T09:23:02,low
results_reimbursement_3836.csv,.csv,671,C:/Healthcare/Insurance/,2025-11-21T01:18:20,low
parking_roster_3837.csv,.csv,216,C:/Healthcare/StaffSchedules/,2025-03-25T20:27:33,low
diagnosis_3838.pdf,.pdf,1846,C:/Healthcare/Patients/,2025-10-15T01:36:59,medium
roster_3839.pdf,.pdf,568,C:/Healthcare/StaffSchedules/,2024-02-28T03:08:11,high
parking_3840.csv,.csv,349,C:/Healthcare/PublicInfo/Notices/,2023-11-25T09:42:00,low
appointment_notice_3841.txt,.txt,42,C:/Healthcare/PublicInfo/Parking/,2025-01-02T16:57:55,low
lab_lab_3842_draft.xlsx,.xlsx,208,C:/Healthcare/LabResults/,2025-04-03T06:14:21,medium
menu_3843.pdf,.pdf,59,C:/Healthcare/PublicInfo/Menu/,2023-01-08T15:08:07,low
public_notice_3844.pdf,.pdf,224,C:/Healthcare/PublicInfo/Parking/,2025-05-17T08:00:36,low
appointment_specimen_3845.xlsx,.xlsx,1252,C:/Healthcare/LabResults/,2025-11-19T19:52:00,medium
diagnosis_procedure_3846.pdf,.pdf,472,C:/Healthcare/Internal/Protocols/,2024-05-25T11:26:16,medium
public_info_3847.csv,.csv,552,C:/Healthcare/PublicInfo/Parking/,2023-06-03T05:49:55,low
notice_info_3848.pdf,.pdf,1140,C:/Healthcare/PublicInfo/Menu/,2025-01-27T06:44:51,low
test_menu_3849.csv,.csv,330,C:/Healthcare/PublicInfo/Menu/,2024-01-09T08:07:43,medium
guideline_3850_confidential.docx,.docx,252,C:/Healthcare/Internal/Protocols/,2025-05-18T03:35:17,low
maintenance_notice_3851_draft.csv,.csv,547,C:/Healthcare/PublicInfo/Parking/,2024-05-26T03:37:02,low
test_meeting_3852.txt,.txt,10,C:/Healthcare/Meetings/,2025-06-13T15:59:10,low
medical_parking_3853.txt,.txt,109,C:/Healthcare/PublicInfo/Menu/,2025-08-04T23:29:41,low
menu_3854.pdf,.pdf,899,C:/Healthcare/PublicInfo/Menu/,2024-09-15T15:43:51,medium
notice_3855.csv,.csv,373,C:/Healthcare/PublicInfo/Notices/,2023-06-20T02:39:21,low
announcement_parking_3856.csv,.csv,91,C:/Healthcare/PublicInfo/Parking/,2025-11-29T15:35:55,low
public_info_3857.txt,.txt,111,C:/Healthcare/PublicInfo/Notices/,2025-07-02T17:26:50,low
menu_results_3858.xlsx,.xlsx,1945,C:/Healthcare/LabResults/,2024-05-30T10:54:35,high
info_3859.csv,.csv,430,C:/Healthcare/PublicInfo/Parking/,2025-01-11T02:07:24,low
ssn_reimbursement_3860.docx,.docx,60,C:/Healthcare/Insurance/,2025-04-09T14:00:25,medium
parking_3861.pdf,.pdf,2327,C:/Healthcare/PublicInfo/Notices/,2023-02-10T03:07:27,low
parking_3862.pdf,.pdf,337,C:/Healthcare/PublicInfo/Notices/,2024-12-23T15:53:18,low
roster_3863.xlsx,.xlsx,1094,C:/Healthcare/StaffSchedules/,2025-05-28T10:49:30,low
patient_info_3864.csv,.csv,152,C:/Healthcare/PublicInfo/Menu/,2024-02-25T22:59:31,medium
insurance_claim_agenda_3865_archived.pdf,.pdf,1160,C:/Healthcare/Meetings/,2023-07-11T03:09:49,high
patient_3866.xlsx,.xlsx,111,C:/Healthcare/Patients/,2023-09-08T14:45:51,low
coverage_3867.csv,.csv,276,C:/Healthcare/Insurance/,2025-01-24T01:53:42,low
guideline_3868_confidential.xlsx,.xlsx,926,C:/Healthcare/Internal/Protocols/,2025-09-07T07:58:55,low
parking_log_3869.txt,.txt,60,C:/Healthcare/Maintenance/,2023-04-14T23:12:42,low
announcement_visit_3870.csv,.csv,233,C:/Healthcare/Patients/,2024-12-14T22:46:50,high
invoice_lab_3871.xlsx,.xlsx,1319,C:/Healthcare/LabResults/,2023-04-06T04:13:07,medium
claim_3872_final.pdf,.pdf,1184,C:/Healthcare/Insurance/,2025-02-06T17:12:51,high
notice_info_3873_v2.pdf,.pdf,1292,C:/Healthcare/PublicInfo/Parking/,2023-06-09T08:40:45,low
parking_3874_draft.txt,.txt,104,C:/Healthcare/PublicInfo/Parking/,2023-09-02T07:58:42,medium
procedure_3875.xlsx,.xlsx,48,C:/Healthcare/Internal/Protocols/,2024-09-24T13:36:07,low
menu_3876.txt,.txt,31,C:/Healthcare/PublicInfo/Parking/,2023-04-22T15:13:53,low
notice_3877.txt,.txt,82,C:/Healthcare/PublicInfo/Menu/,2024-02-28T15:20:02,low
maintenance_parking_3878.pdf,.pdf,1475,C:/Healthcare/PublicInfo/Parking/,2025-11-25T12:47:29,low
insurance_claim_roster_3879.csv,.csv,207,C:/Healthcare/StaffSchedules/,2023-04-11T10:57:14,medium
shift_3880.xlsx,.xlsx,1460,C:/Healthcare/StaffSchedules/,2023-03-28T02:18:48,low
parking_parking_3881.txt,.txt,37,C:/Healthcare/PublicInfo/Menu/,2025-10-09T17:40:57,low
announcement_test_3882.csv,.csv,793,C:/Healthcare/LabResults/,2023-04-24T20:01:31,high
notice_3883.txt,.txt,97,C:/Healthcare/PublicInfo/Parking/,2024-12-04T20:11:47,high
test_shift_3884.xlsx,.xlsx,62,C:/Healthcare/StaffSchedules/,2024-05-31T03:07:15,low
maintenance_3885.xlsx,.xlsx,82,C:/Healthcare/Maintenance/,2024-07-19T17:14:44,medium
announcement_invoice_3886.docx,.docx,971,C:/Healthcare/Insurance/,2024-06-17T21:03:05,medium
procedure_3887.pdf,.pdf,1870,C:/Healthcare/Internal/Protocols/,2025-05-21T23:23:29,low
menu_3888.txt,.txt,111,C:/Healthcare/PublicInfo/Menu/,2024-06-21T05:47:35,high
maintenance_specimen_3889.xlsx,.xlsx,116,C:/Healthcare/LabResults/,2025-01-07T07:11:23,low
notice_menu_3890.pdf,.pdf,1141,C:/Healthcare/PublicInfo/Notices/,2025-04-03T06:21:18,low
consent_3891.xlsx,.xlsx,2686,C:/Healthcare/Patients/,2023-05-19T12:51:30,high
parking_menu_3892.pdf,.pdf,1208,C:/Healthcare/PublicInfo/Menu/,2023-08-08T05:58:58,low
invoice_3893_confidential.csv,.csv,496,C:/Healthcare/Insurance/,2025-03-31T06:13:00,high
lab_3894.xls,.xls,698,C:/Healthcare/LabResults/,2025-07-22T18:17:14,low
agenda_3895.pdf,.pdf,1209,C:/Healthcare/Meetings/,2023-07-05T11:01:38,low
schedule_reimbursement_3896.csv,.csv,2,C:/Healthcare/Insurance/,2025-07-09T20:03:49,low
public_procedure_3897_final.xlsx,.xlsx,783,C:/Healthcare/Internal/Protocols/,2024-06-12T00:59:47,medium
patient_3898.docx,.docx,872,C:/Healthcare/Patients/,2025-09-23T15:33:44,low
notice_3899.csv,.csv,71,C:/Healthcare/PublicInfo/Notices/,2023-06-01T00:22:34,low
info_3900_v2.txt,.txt,9,C:/Healthcare/PublicInfo/Menu/,2023-09-07T17:41:23,low
agenda_3901.txt,.txt,32,C:/Healthcare/Meetings/,2024-06-22T14:31:25,medium
test_protocol_3902_draft.pdf,.pdf,1647,C:/Healthcare/Internal/Protocols/,2025-12-08T06:05:56,low
workorder_3903_confidential.pdf,.pdf,111,C:/Healthcare/Maintenance/,2024-02-08T10:56:08,medium
parking_3904.pdf,.pdf,1078,C:/Healthcare/PublicInfo/Menu/,2024-07-04T13:50:28,low
notice_3905.csv,.csv,446,C:/Healthcare/PublicInfo/Parking/,2023-03-31T01:48:13,medium
public_agenda_3906.pdf,.pdf,457,C:/Healthcare/Meetings/,2025-05-25T10:15:22,medium
maintenance_3907.xlsx,.xlsx,1168,C:/Healthcare/Maintenance/,2025-05-08T09:49:26,high
results_info_3908_v2.txt,.txt,78,C:/Healthcare/PublicInfo/Parking/,2025-01-31T04:48:05,low
announcement_meeting_3909_draft.pdf,.pdf,995,C:/Healthcare/Meetings/,2023-02-26T03:16:35,medium
test_parking_3910.pdf,.pdf,279,C:/Healthcare/PublicInfo/Notices/,2025-03-03T04:10:14,low
audit_analysis_3911.csv,.csv,137,C:/Healthcare/LabResults/,2023-08-09T16:48:55,high
results_info_3912.txt,.txt,88,C:/Healthcare/PublicInfo/Parking/,2025-04-07T02:10:50,medium
shift_3913.csv,.csv,354,C:/Healthcare/StaffSchedules/,2023-02-20T19:44:43,low
policy_3914.csv,.csv,426,C:/Healthcare/Insurance/,2025-11-19T03:34:51,high
record_3915.docx,.docx,97,C:/Healthcare/Patients/,2025-06-06T15:01:57,high
summary_meeting_3916.pdf,.pdf,393,C:/Healthcare/Meetings/,2025-08-23T03:10:47,low
results_lab_3917.xls,.xls,197,C:/Healthcare/LabResults/,2025-06-09T07:24:31,low
schedule_record_3918.csv,.csv,533,C:/Healthcare/Patients/,2023-05-04T10:58:13,high
diagnosis_3919.docx,.docx,579,C:/Healthcare/Patients/,2023-01-28T17:15:36,low
public_analysis_3920.csv,.csv,162,C:/Healthcare/LabResults/,2024-03-14T20:24:44,low
results_reimbursement_3921.pdf,.pdf,2760,C:/Healthcare/Insurance/,2023-10-09T21:14:50,medium
public_parking_3922_final.txt,.txt,65,C:/Healthcare/PublicInfo/Parking/,2023-10-18T00:43:44,low
specimen_3923.xls,.xls,767,C:/Healthcare/LabResults/,2025-04-05T06:14:31,low
maintenance_schedule_3924.csv,.csv,498,C:/Healthcare/StaffSchedules/,2025-11-02T09:15:33,low
meeting_3925.docx,.docx,71,C:/Healthcare/Meetings/,2025-02-20T08:01:38,low
protocol_3926.docx,.docx,816,C:/Healthcare/Internal/Protocols/,2025-11-26T04:18:20,low
menu_procedure_3927.docx,.docx,238,C:/Healthcare/Internal/Protocols/,2024-10-13T23:02:41,high
public_info_3928.txt,.txt,131,C:/Healthcare/PublicInfo/Parking/,2024-11-06T00:00:56,low
roster_3929.pdf,.pdf,585,C:/Healthcare/StaffSchedules/,2025-09-16T21:02:48,low
log_3930.txt,.txt,160,C:/Healthcare/Maintenance/,2024-06-04T21:29:08,medium
parking_3931.pdf,.pdf,72,C:/Healthcare/PublicInfo/Parking/,2025-02-06T21:55:55,high
lab_menu_3932.txt,.txt,71,C:/Healthcare/PublicInfo/Parking/,2025-08-24T16:21:33,low
info_3933.txt,.txt,38,C:/Healthcare/PublicInfo/Parking/,2023-02-01T13:46:52,low
patient_3934.docx,.docx,465,C:/Healthcare/Patients/,2024-09-25T11:53:02,high
parking_notice_3935.txt,.txt,62,C:/Healthcare/PublicInfo/Menu/,2023-03-08T09:38:02,low
procedure_3936.pdf,.pdf,388,C:/Healthcare/Internal/Protocols/,2024-02-16T22:13:12,high
menu_workorder_3937.pdf,.pdf,730,C:/Healthcare/Maintenance/,2025-12-11T09:29:13,low
public_procedure_3938.xlsx,.xlsx,306,C:/Healthcare/Internal/Protocols/,2024-06-20T10:52:48,low
results_3939.xlsx,.xlsx,936,C:/Healthcare/LabResults/,2024-02-02T17:04:58,high
results_shift_3940.pdf,.pdf,524,C:/Healthcare/StaffSchedules/,2023-07-22T01:46:02,low
info_3941.csv,.csv,320,C:/Healthcare/PublicInfo/Menu/,2025-10-02T03:59:20,medium
report_guideline_3942.pdf,.pdf,796,C:/Healthcare/Internal/Protocols/,2023-02-16T08:44:34,low
notice_3943.pdf,.pdf,435,C:/Healthcare/PublicInfo/Menu/,2024-10-02T11:44:41,medium
guideline_3944.xlsx,.xlsx,1701,C:/Healthcare/Internal/Protocols/,2024-12-14T18:02:23,low
test_results_3945.csv,.csv,42,C:/Healthcare/LabResults/,2023-03-20T07:42:52,low
shift_3946.xlsx,.xlsx,2204,C:/Healthcare/StaffSchedules/,2024-07-16T23:30:44,low
workorder_3947.pdf,.pdf,204,C:/Healthcare/Maintenance/,2023-05-26T10:16:48,medium
lab_visit_3948.xlsx,.xlsx,716,C:/Healthcare/Patients/,2024-10-06T23:44:07,medium
parking_specimen_3949.xls,.xls,1671,C:/Healthcare/LabResults/,2023-06-16T17:03:26,medium
guideline_3950.pdf,.pdf,1668,C:/Healthcare/Internal/Protocols/,2023-03-01T10:03:28,low
guideline_3951.docx,.docx,734,C:/Healthcare/Internal/Protocols/,2025-10-09T18:17:40,low
report_notice_3952.pdf,.pdf,879,C:/Healthcare/PublicInfo/Menu/,2025-10-03T14:14:02,medium
diagnosis_3953_v2.csv,.csv,282,C:/Healthcare/Patients/,2023-10-31T13:27:47,low
menu_3954.csv,.csv,656,C:/Healthcare/PublicInfo/Parking/,2023-09-11T12:06:05,low
guideline_3955.docx,.docx,1000,C:/Healthcare/Internal/Protocols/,2025-03-13T20:46:48,low
guideline_3956_v2.pdf,.pdf,1047,C:/Healthcare/Internal/Protocols/,2025-07-23T02:53:04,low
results_3957.xlsx,.xlsx,318,C:/Healthcare/LabResults/,2025-06-10T11:49:00,low
roster_3958.xlsx,.xlsx,859,C:/Healthcare/StaffSchedules/,2024-02-11T17:21:24,high
payroll_parking_3959_archived.pdf,.pdf,638,C:/Healthcare/PublicInfo/Menu/,2025-03-28T13:54:51,low
agenda_3960_confidential.pdf,.pdf,1896,C:/Healthcare/Meetings/,2024-11-07T21:18:48,medium
maintenance_3961.xlsx,.xlsx,953,C:/Healthcare/Maintenance/,2024-05-17T00:24:30,medium
payroll_menu_3962_v2.txt,.txt,34,C:/Healthcare/PublicInfo/Notices/,2025-08-03T01:02:20,low
menu_schedule_3963.pdf,.pdf,543,C:/Healthcare/StaffSchedules/,2024-06-28T20:53:58,low
menu_guideline_3964.pdf,.pdf,675,C:/Healthcare/Internal/Protocols/,2024-07-13T03:23:40,low
log_3965.xlsx,.xlsx,878,C:/Healthcare/Maintenance/,2025-05-05T08:54:02,low
passwords_maintenance_3966.txt,.txt,86,C:/Healthcare/Maintenance/,2023-02-09T17:00:33,medium
workorder_3967.pdf,.pdf,1245,C:/Healthcare/Maintenance/,2025-11-23T00:22:30,high
parking_parking_3968.txt,.txt,131,C:/Healthcare/PublicInfo/Menu/,2025-05-01T08:54:27,medium
parking_3969.txt,.txt,49,C:/Healthcare/PublicInfo/Menu/,2024-11-18T16:31:25,low
menu_minutes_3970.txt,.txt,41,C:/Healthcare/Meetings/,2025-12-11T14:20:28,low
report_notice_3971.csv,.csv,461,C:/Healthcare/PublicInfo/Menu/,2025-02-13T18:15:02,low
parking_roster_3972_draft.xlsx,.xlsx,1368,C:/Healthcare/StaffSchedules/,2024-10-09T08:01:43,low
diagnosis_3973.xlsx,.xlsx,500,C:/Healthcare/Patients/,2025-01-26T05:40:00,low
info_3974_confidential.pdf,.pdf,1509,C:/Healthcare/PublicInfo/Parking/,2025-07-31T03:53:38,low
info_3975.pdf,.pdf,244,C:/Healthcare/PublicInfo/Notices/,2024-11-16T09:53:11,medium
maintenance_parking_3976.txt,.txt,72,C:/Healthcare/PublicInfo/Notices/,2025-09-08T09:16:30,low
guideline_3977.pdf,.pdf,880,C:/Healthcare/Internal/Protocols/,2024-11-06T23:13:16,medium
parking_shift_3978.pdf,.pdf,636,C:/Healthcare/StaffSchedules/,2023-08-08T23:21:03,medium
schedule_shift_3979.csv,.csv,314,C:/Healthcare/StaffSchedules/,2025-05-01T17:31:53,low
parking_guideline_3980.xlsx,.xlsx,471,C:/Healthcare/Internal/Protocols/,2025-07-12T18:06:49,low
confidential_record_3981.xlsx,.xlsx,2322,C:/Healthcare/Patients/,2024-05-15T08:10:45,high
insurance_claim_notice_3982.pdf,.pdf,1025,C:/Healthcare/PublicInfo/Notices/,2025-10-18T17:07:44,low
appointment_menu_3983.pdf,.pdf,1501,C:/Healthcare/PublicInfo/Parking/,2024-01-03T18:30:39,low
schedule_3984.csv,.csv,203,C:/Healthcare/StaffSchedules/,2025-06-28T06:15:44,low
maintenance_menu_3985.pdf,.pdf,2602,C:/Healthcare/PublicInfo/Notices/,2025-01-31T07:45:30,medium
info_3986.txt,.txt,32,C:/Healthcare/PublicInfo/Notices/,2025-12-25T20:02:53,low
schedule_menu_3987_archived.csv,.csv,318,C:/Healthcare/PublicInfo/Parking/,2024-11-10T09:23:36,low
info_3988.txt,.txt,88,C:/Healthcare/PublicInfo/Menu/,2023-03-27T19:49:25,low
notice_agenda_3989.pdf,.pdf,467,C:/Healthcare/Meetings/,2023-02-12T06:10:53,medium
menu_results_3990.xls,.xls,638,C:/Healthcare/LabResults/,2024-03-25T22:54:05,medium
parking_notice_3991.pdf,.pdf,901,C:/Healthcare/PublicInfo/Menu/,2025-06-26T07:05:58,low
info_3992.csv,.csv,296,C:/Healthcare/PublicInfo/Notices/,2025-07-06T00:21:52,low
passwords_parking_3993_draft.txt,.txt,125,C:/Healthcare/PublicInfo/Notices/,2023-01-04T10:45:43,low
announcement_log_3994.xlsx,.xlsx,127,C:/Healthcare/Maintenance/,2024-12-05T09:25:20,medium
patient_3995.docx,.docx,735,C:/Healthcare/Patients/,2025-04-10T16:09:12,medium
announcement_analysis_3996.xlsx,.xlsx,1481,C:/Healthcare/LabResults/,2024-06-02T05:28:33,high
schedule_3997.csv,.csv,685,C:/Healthcare/StaffSchedules/,2023-09-23T02:15:32,low
schedule_minutes_3998_archived.pdf,.pdf,983,C:/Healthcare/Meetings/,2025-04-04T09:44:22,low
schedule_3999.xlsx,.xlsx,1417,C:/Healthcare/StaffSchedules/,2025-03-12T09:47:31,medium
appointment_analysis_4000.xlsx,.xlsx,43,C:/Healthcare/LabResults/,2024-06-27T13:04:10,high
procedure_4001.docx,.docx,244,C:/Healthcare/Internal/Protocols/,2024-05-09T16:43:45,low
parking_4002.txt,.txt,42,C:/Healthcare/PublicInfo/Parking/,2025-04-08T06:53:26,medium
notice_procedure_4003.xlsx,.xlsx,1911,C:/Healthcare/Internal/Protocols/,2025-01-22T12:53:26,medium
schedule_menu_4004_final.pdf,.pdf,931,C:/Healthcare/PublicInfo/Notices/,2024-07-28T12:57:14,low
record_4005.xlsx,.xlsx,848,C:/Healthcare/Patients/,2023-07-04T16:15:47,high
notice_4006.csv,.csv,392,C:/Healthcare/PublicInfo/Menu/,2023-12-25T18:43:58,low
lab_meeting_4007.pdf,.pdf,1162,C:/Healthcare/Meetings/,2023-02-22T16:30:35,low
invoice_notice_4008.txt,.txt,9,C:/Healthcare/PublicInfo/Notices/,2025-10-08T00:14:20,low
menu_4009.pdf,.pdf,444,C:/Healthcare/PublicInfo/Menu/,2025-10-05T22:14:32,low
menu_4010.csv,.csv,52,C:/Healthcare/PublicInfo/Notices/,2025-01-26T21:34:10,low
parking_reimbursement_4011.csv,.csv,307,C:/Healthcare/Insurance/,2023-04-11T09:15:45,high
agenda_4012.txt,.txt,82,C:/Healthcare/Meetings/,2025-08-01T16:04:10,medium
record_4013.xlsx,.xlsx,1017,C:/Healthcare/Patients/,2024-02-29T10:34:27,low
public_info_4014.csv,.csv,158,C:/Healthcare/PublicInfo/Notices/,2024-08-07T20:10:46,low
audit_specimen_4015.csv,.csv,731,C:/Healthcare/LabResults/,2023-06-29T17:50:29,high
notice_4016.csv,.csv,391,C:/Healthcare/PublicInfo/Menu/,2024-08-12T21:16:48,high
report_guideline_4017_archived.docx,.docx,44,C:/Healthcare/Internal/Protocols/,2024-07-28T07:07:58,medium
summary_menu_4018.pdf,.pdf,1797,C:/Healthcare/PublicInfo/Parking/,2023-09-09T08:21:14,low
public_procedure_4019.docx,.docx,408,C:/Healthcare/Internal/Protocols/,2025-05-26T06:00:54,medium
schedule_menu_4020.txt,.txt,108,C:/Healthcare/PublicInfo/Notices/,2023-05-27T02:21:08,low
notice_4021.pdf,.pdf,1666,C:/Healthcare/PublicInfo/Menu/,2023-02-27T07:25:43,medium
agenda_4022.pdf,.pdf,402,C:/Healthcare/Meetings/,2025-07-20T10:31:29,low
parking_parking_4023_confidential.csv,.csv,424,C:/Healthcare/PublicInfo/Menu/,2024-12-20T02:25:59,medium
info_4024.pdf,.pdf,465,C:/Healthcare/PublicInfo/Notices/,2023-10-26T18:41:06,medium
parking_menu_4025.pdf,.pdf,387,C:/Healthcare/PublicInfo/Parking/,2025-01-24T17:31:36,low
invoice_agenda_4026.docx,.docx,801,C:/Healthcare/Meetings/,2023-10-23T16:12:37,high
summary_workorder_4027.xlsx,.xlsx,1816,C:/Healthcare/Maintenance/,2023-05-18T03:29:24,medium
schedule_4028.csv,.csv,773,C:/Healthcare/StaffSchedules/,2024-02-29T08:31:52,high
policy_4029.csv,.csv,71,C:/Healthcare/Insurance/,2025-02-20T21:02:59,medium
appointment_visit_4030.docx,.docx,553,C:/Healthcare/Patients/,2024-04-21T16:18:38,medium
visit_4031.xlsx,.xlsx,675,C:/Healthcare/Patients/,2023-09-03T23:59:23,low
menu_4032.pdf,.pdf,336,C:/Healthcare/PublicInfo/Parking/,2024-06-05T13:24:37,low
parking_4033.csv,.csv,62,C:/Healthcare/PublicInfo/Notices/,2024-04-02T01:24:58,low
guideline_4034.pdf,.pdf,737,C:/Healthcare/Internal/Protocols/,2025-01-29T14:38:11,low
maintenance_log_4035.pdf,.pdf,352,C:/Healthcare/Maintenance/,2023-01-08T02:38:26,low
workorder_4036.xlsx,.xlsx,944,C:/Healthcare/Maintenance/,2024-09-08T10:59:14,medium
results_4037.pdf,.pdf,119,C:/Healthcare/LabResults/,2024-04-14T18:33:08,medium
diagnosis_4038.csv,.csv,50,C:/Healthcare/Patients/,2025-10-29T15:33:34,high
invoice_test_4039.xlsx,.xlsx,901,C:/Healthcare/LabResults/,2023-07-05T05:21:57,medium
public_procedure_4040.docx,.docx,474,C:/Healthcare/Internal/Protocols/,2024-03-04T19:11:48,medium
notice_shift_4041.csv,.csv,128,C:/Healthcare/StaffSchedules/,2023-02-03T09:09:32,medium
payroll_menu_4042.csv,.csv,231,C:/Healthcare/PublicInfo/Menu/,2024-09-29T12:44:43,high
schedule_reimbursement_4043.csv,.csv,346,C:/Healthcare/Insurance/,2025-05-04T19:15:58,low
claim_4044.csv,.csv,26,C:/Healthcare/Insurance/,2023-07-14T18:13:46,low
notice_test_4045.xls,.xls,393,C:/Healthcare/LabResults/,2024-09-05T02:52:44,low
claim_4046_confidential.csv,.csv,4,C:/Healthcare/Insurance/,2024-10-18T13:36:04,medium
notice_4047.txt,.txt,151,C:/Healthcare/PublicInfo/Notices/,2025-11-12T10:16:20,medium
diagnosis_invoice_4048.pdf,.pdf,818,C:/Healthcare/Insurance/,2023-11-04T02:09:45,low
procedure_4049.docx,.docx,668,C:/Healthcare/Internal/Protocols/,2025-10-29T23:35:17,medium
info_4050_v2.pdf,.pdf,357,C:/Healthcare/PublicInfo/Menu/,2025-03-08T22:51:10,low
announcement_log_4051.txt,.txt,57,C:/Healthcare/Maintenance/,2023-09-19T08:22:35,medium
summary_menu_4052.pdf,.pdf,1548,C:/Healthcare/PublicInfo/Parking/,2025-11-20T19:00:42,medium
notice_claim_4053.csv,.csv,218,C:/Healthcare/Insurance/,2024-04-04T09:58:16,low
menu_notice_4054.csv,.csv,60,C:/Healthcare/PublicInfo/Parking/,2023-03-22T22:52:42,low
diagnosis_4055.docx,.docx,315,C:/Healthcare/Patients/,2024-09-30T14:34:54,low
test_guideline_4056.xlsx,.xlsx,2236,C:/Healthcare/Internal/Protocols/,2024-06-06T05:46:04,medium
notice_notice_4057.pdf,.pdf,1720,C:/Healthcare/PublicInfo/Notices/,2023-10-20T11:46:26,medium
lab_lab_4058.xlsx,.xlsx,577,C:/Healthcare/LabResults/,2023-10-27T17:32:51,low
shift_4059.xlsx,.xlsx,596,C:/Healthcare/StaffSchedules/,2023-05-10T13:13:55,low
meeting_4060.docx,.docx,763,C:/Healthcare/Meetings/,2024-11-06T09:43:46,medium
invoice_4061_confidential.csv,.csv,813,C:/Healthcare/Insurance/,2023-07-22T15:38:08,high
menu_4062_final.txt,.txt,148,C:/Healthcare/PublicInfo/Menu/,2023-01-13T02:51:54,medium
lab_4063.xlsx,.xlsx,417,C:/Healthcare/LabResults/,2024-01-24T10:29:26,low
lab_diagnosis_4064.docx,.docx,949,C:/Healthcare/Patients/,2024-05-31T20:30:00,high
menu_4065.csv,.csv,260,C:/Healthcare/PublicInfo/Menu/,2025-07-18T02:48:58,medium
maintenance_4066.xlsx,.xlsx,996,C:/Healthcare/Maintenance/,2023-08-22T03:06:12,medium
invoice_4067.csv,.csv,1004,C:/Healthcare/Insurance/,2024-10-19T18:39:58,high
visit_4068.pdf,.pdf,1243,C:/Healthcare/Patients/,2024-04-12T14:37:01,medium
schedule_guideline_4069.docx,.docx,338,C:/Healthcare/Internal/Protocols/,2025-02-05T03:53:02,low
workorder_4070.xlsx,.xlsx,681,C:/Healthcare/Maintenance/,2025-03-25T04:08:39,low
test_procedure_4071.xlsx,.xlsx,527,C:/Healthcare/Internal/Protocols/,2023-06-26T01:05:26,low
summary_lab_4072.xls,.xls,1970,C:/Healthcare/LabResults/,2024-10-08T23:04:51,medium
menu_4073.pdf,.pdf,482,C:/Healthcare/PublicInfo/Parking/,2024-02-14T15:21:53,low
analysis_4074.csv,.csv,412,C:/Healthcare/LabResults/,2023-03-25T02:48:10,medium
notice_4075.pdf,.pdf,445,C:/Healthcare/PublicInfo/Notices/,2023-05-21T23:50:08,high
info_4076_final.txt,.txt,11,C:/Healthcare/PublicInfo/Parking/,2023-06-26T02:11:19,medium
announcement_results_4077.csv,.csv,284,C:/Healthcare/LabResults/,2023-09-10T04:12:31,low
consent_4078.csv,.csv,380,C:/Healthcare/Patients/,2023-02-17T14:48:58,medium
test_4079.csv,.csv,266,C:/Healthcare/LabResults/,2024-11-10T22:09:53,high
summary_notice_4080.csv,.csv,295,C:/Healthcare/PublicInfo/Notices/,2025-10-23T12:07:36,medium
invoice_test_4081.pdf,.pdf,2059,C:/Healthcare/LabResults/,2025-03-31T11:34:44,low
claim_4082.pdf,.pdf,933,C:/Healthcare/Insurance/,2023-04-24T20:20:09,low
schedule_lab_4083.xlsx,.xlsx,671,C:/Healthcare/LabResults/,2025-12-26T01:01:17,low
lab_workorder_4084.pdf,.pdf,123,C:/Healthcare/Maintenance/,2024-05-19T11:37:24,low
invoice_shift_4085.pdf,.pdf,917,C:/Healthcare/StaffSchedules/,2024-03-23T09:08:37,medium
analysis_4086.xls,.xls,1028,C:/Healthcare/LabResults/,2025-11-13T11:38:13,low
minutes_4087.docx,.docx,693,C:/Healthcare/Meetings/,2025-07-18T22:13:49,low
announcement_record_4088.xlsx,.xlsx,1098,C:/Healthcare/Patients/,2023-01-22T06:25:45,high
meeting_4089.pdf,.pdf,681,C:/Healthcare/Meetings/,2025-02-13T02:18:54,medium
shift_4090.xlsx,.xlsx,958,C:/Healthcare/StaffSchedules/,2024-11-02T02:50:20,low
invoice_procedure_4091.pdf,.pdf,804,C:/Healthcare/Internal/Protocols/,2025-12-27T02:53:37,low
parking_notice_4092.csv,.csv,460,C:/Healthcare/PublicInfo/Parking/,2024-05-23T17:06:44,high
guideline_4093.pdf,.pdf,451,C:/Healthcare/Internal/Protocols/,2023-02-03T00:06:46,high
workorder_4094_draft.txt,.txt,128,C:/Healthcare/Maintenance/,2024-02-19T14:48:04,low
announcement_notice_4095.csv,.csv,257,C:/Healthcare/PublicInfo/Parking/,2024-03-23T10:10:05,low
lab_4096.xlsx,.xlsx,337,C:/Healthcare/LabResults/,2025-09-15T09:23:59,low
public_notice_4097.pdf,.pdf,875,C:/Healthcare/PublicInfo/Menu/,2023-11-09T20:09:00,low
lab_lab_4098.csv,.csv,81,C:/Healthcare/LabResults/,2023-09-06T20:20:09,low
summary_shift_4099.xlsx,.xlsx,429,C:/Healthcare/StaffSchedules/,2025-03-17T09:34:20,high
maintenance_4100.txt,.txt,20,C:/Healthcare/Maintenance/,2024-02-10T18:27:10,high
analysis_4101.xls,.xls,1191,C:/Healthcare/LabResults/,2025-02-03T03:16:42,medium
roster_4102.csv,.csv,679,C:/Healthcare/StaffSchedules/,2023-01-19T10:22:30,high
audit_protocol_4103.docx,.docx,270,C:/Healthcare/Internal/Protocols/,2025-08-15T14:40:33,medium
consent_agenda_4104.pdf,.pdf,760,C:/Healthcare/Meetings/,2025-09-22T18:04:51,low
record_4105.csv,.csv,16,C:/Healthcare/Patients/,2025-07-31T18:02:01,low
roster_4106.csv,.csv,194,C:/Healthcare/StaffSchedules/,2025-03-19T16:18:45,low
lab_4107.xlsx,.xlsx,850,C:/Healthcare/LabResults/,2025-10-21T19:34:40,high
report_lab_4108.xls,.xls,377,C:/Healthcare/LabResults/,2024-02-09T02:29:34,low
appointment_parking_4109.csv,.csv,613,C:/Healthcare/PublicInfo/Menu/,2023-10-09T17:35:10,medium
schedule_4110.pdf,.pdf,691,C:/Healthcare/StaffSchedules/,2025-01-07T03:04:56,medium
diagnosis_4111.csv,.csv,309,C:/Healthcare/Patients/,2023-01-19T13:03:38,low
info_4112.csv,.csv,199,C:/Healthcare/PublicInfo/Notices/,2023-06-23T08:59:14,medium
menu_4113.csv,.csv,36,C:/Healthcare/PublicInfo/Menu/,2025-07-14T22:37:24,low
announcement_roster_4114_archived.csv,.csv,207,C:/Healthcare/StaffSchedules/,2024-01-18T16:40:58,low
parking_info_4115.pdf,.pdf,2012,C:/Healthcare/PublicInfo/Notices/,2024-11-22T21:14:39,low
consent_4116.xlsx,.xlsx,543,C:/Healthcare/Patients/,2025-01-28T12:18:38,medium
record_4117.pdf,.pdf,788,C:/Healthcare/Patients/,2024-02-14T19:12:44,low
notice_4118.csv,.csv,62,C:/Healthcare/PublicInfo/Notices/,2025-03-14T20:50:39,low
log_4119.xlsx,.xlsx,1498,C:/Healthcare/Maintenance/,2023-09-15T19:48:58,medium
maintenance_4120.pdf,.pdf,112,C:/Healthcare/Maintenance/,2024-05-13T20:29:35,low
confidential_shift_4121.xlsx,.xlsx,21,C:/Healthcare/StaffSchedules/,2024-09-15T20:19:54,medium
report_schedule_4122.pdf,.pdf,1174,C:/Healthcare/StaffSchedules/,2025-07-05T23:19:55,medium
appointment_maintenance_4123.xlsx,.xlsx,610,C:/Healthcare/Maintenance/,2025-01-27T13:30:29,low
notice_4124.txt,.txt,141,C:/Healthcare/PublicInfo/Parking/,2024-10-05T09:19:37,medium
lab_4125.pdf,.pdf,374,C:/Healthcare/LabResults/,2023-03-12T00:50:41,medium
results_parking_4126.pdf,.pdf,257,C:/Healthcare/PublicInfo/Parking/,2025-01-12T19:54:32,medium
shift_4127_archived.xlsx,.xlsx,883,C:/Healthcare/StaffSchedules/,2025-07-30T05:45:34,low
consent_4128.docx,.docx,3,C:/Healthcare/Patients/,2023-02-07T15:18:36,low
notice_4129.csv,.csv,200,C:/Healthcare/PublicInfo/Parking/,2023-02-05T06:05:41,low
shift_4130_confidential.xlsx,.xlsx,1351,C:/Healthcare/StaffSchedules/,2024-10-05T18:23:14,high
parking_4131.csv,.csv,23,C:/Healthcare/PublicInfo/Notices/,2025-12-18T18:52:57,low
info_4132.csv,.csv,203,C:/Healthcare/PublicInfo/Notices/,2023-03-28T06:22:38,medium
workorder_4133.txt,.txt,93,C:/Healthcare/Maintenance/,2025-01-22T09:42:20,low
minutes_4134_archived.pdf,.pdf,842,C:/Healthcare/Meetings/,2025-07-16T00:32:57,low
roster_4135.xlsx,.xlsx,215,C:/Healthcare/StaffSchedules/,2023-02-21T16:21:52,medium
schedule_log_4136.txt,.txt,65,C:/Healthcare/Maintenance/,2025-03-17T11:12:38,low
confidential_agenda_4137_draft.pdf,.pdf,613,C:/Healthcare/Meetings/,2024-08-21T03:28:44,high
announcement_info_4138.csv,.csv,691,C:/Healthcare/PublicInfo/Notices/,2025-07-28T20:27:55,medium
menu_coverage_4139.csv,.csv,200,C:/Healthcare/Insurance/,2025-07-24T20:31:18,low
appointment_maintenance_4140.txt,.txt,81,C:/Healthcare/Maintenance/,2024-07-02T05:12:49,low
announcement_claim_4141.docx,.docx,500,C:/Healthcare/Insurance/,2023-02-03T10:51:25,high
notice_4142.csv,.csv,39,C:/Healthcare/PublicInfo/Parking/,2025-01-17T05:59:34,medium
info_4143.csv,.csv,289,C:/Healthcare/PublicInfo/Parking/,2023-03-03T22:26:33,low
results_roster_4144.pdf,.pdf,873,C:/Healthcare/StaffSchedules/,2023-06-04T18:51:21,high
parking_4145.txt,.txt,80,C:/Healthcare/PublicInfo/Menu/,2025-07-31T20:19:55,low
public_reimbursement_4146.pdf,.pdf,480,C:/Healthcare/Insurance/,2024-01-12T01:21:10,low
parking_4147.txt,.txt,28,C:/Healthcare/PublicInfo/Parking/,2025-06-17T07:42:30,low
announcement_notice_4148.csv,.csv,680,C:/Healthcare/PublicInfo/Parking/,2025-06-12T15:02:04,low
consent_agenda_4149.pdf,.pdf,732,C:/Healthcare/Meetings/,2025-06-20T01:26:15,low
public_reimbursement_4150.docx,.docx,297,C:/Healthcare/Insurance/,2025-10-31T17:14:17,low
appointment_info_4151.txt,.txt,63,C:/Healthcare/PublicInfo/Parking/,2023-06-23T05:34:30,medium
notice_guideline_4152.docx,.docx,405,C:/Healthcare/Internal/Protocols/,2024-11-02T21:54:30,low
notice_notice_4153.txt,.txt,38,C:/Healthcare/PublicInfo/Menu/,2024-08-14T03:51:14,low
meeting_4154.pdf,.pdf,337,C:/Healthcare/Meetings/,2023-01-25T01:42:40,high
maintenance_info_4155.csv,.csv,343,C:/Healthcare/PublicInfo/Notices/,2023-11-27T04:42:09,low
guideline_4156.pdf,.pdf,1261,C:/Healthcare/Internal/Protocols/,2025-01-11T17:18:35,low
parking_4157_archived.csv,.csv,230,C:/Healthcare/PublicInfo/Parking/,2023-07-29T08:33:35,low
log_4158_draft.txt,.txt,54,C:/Healthcare/Maintenance/,2025-08-22T13:12:49,low
maintenance_guideline_4159.xlsx,.xlsx,335,C:/Healthcare/Internal/Protocols/,2024-02-19T22:49:35,low
parking_info_4160.pdf,.pdf,731,C:/Healthcare/PublicInfo/Notices/,2024-06-09T11:23:43,low
prescription_minutes_4161.txt,.txt,2,C:/Healthcare/Meetings/,2025-12-01T09:26:21,low
info_4162.pdf,.pdf,504,C:/Healthcare/PublicInfo/Parking/,2024-08-27T09:42:38,low
announcement_guideline_4163_confidential.docx,.docx,578,C:/Healthcare/Internal/Protocols/,2025-09-29T03:35:37,medium
payroll_info_4164.csv,.csv,387,C:/Healthcare/PublicInfo/Menu/,2025-11-24T10:20:26,low
test_meeting_4165.pdf,.pdf,684,C:/Healthcare/Meetings/,2025-01-18T16:14:56,medium
guideline_4166.xlsx,.xlsx,1012,C:/Healthcare/Internal/Protocols/,2025-03-27T08:10:19,low
schedule_agenda_4167.pdf,.pdf,1557,C:/Healthcare/Meetings/,2025-06-23T00:22:02,high
workorder_4168.xlsx,.xlsx,812,C:/Healthcare/Maintenance/,2024-08-26T01:02:16,medium
schedule_procedure_4169_confidential.docx,.docx,293,C:/Healthcare/Internal/Protocols/,2025-03-24T19:52:46,medium
test_4170.xls,.xls,1995,C:/Healthcare/LabResults/,2025-01-16T03:49:12,low
agenda_4171.pdf,.pdf,643,C:/Healthcare/Meetings/,2024-03-13T03:36:01,low
specimen_4172.xlsx,.xlsx,1533,C:/Healthcare/LabResults/,2025-06-08T03:14:28,medium
results_minutes_4173.docx,.docx,974,C:/Healthcare/Meetings/,2024-02-13T19:36:05,low
notice_4174.csv,.csv,395,C:/Healthcare/PublicInfo/Menu/,2023-12-25T01:13:29,medium
protocol_4175.xlsx,.xlsx,57,C:/Healthcare/Internal/Protocols/,2024-11-03T04:43:15,low
summary_protocol_4176.docx,.docx,586,C:/Healthcare/Internal/Protocols/,2024-03-21T19:50:29,low
menu_invoice_4177.docx,.docx,146,C:/Healthcare/Insurance/,2024-01-14T11:34:16,low
consent_4178.csv,.csv,513,C:/Healthcare/Patients/,2025-06-12T22:30:47,high
parking_roster_4179.pdf,.pdf,324,C:/Healthcare/StaffSchedules/,2023-08-15T07:42:44,medium
agenda_4180.txt,.txt,52,C:/Healthcare/Meetings/,2025-05-17T08:49:53,low
menu_parking_4181.csv,.csv,155,C:/Healthcare/PublicInfo/Parking/,2023-09-15T11:17:46,medium
test_info_4182.txt,.txt,112,C:/Healthcare/PublicInfo/Notices/,2024-08-12T09:02:58,medium
invoice_4183.docx,.docx,288,C:/Healthcare/Insurance/,2025-01-25T02:15:44,low
menu_roster_4184.xlsx,.xlsx,1843,C:/Healthcare/StaffSchedules/,2025-05-30T11:02:47,low
test_4185.xls,.xls,1487,C:/Healthcare/LabResults/,2023-10-07T16:05:41,low
notice_parking_4186.pdf,.pdf,1721,C:/Healthcare/PublicInfo/Menu/,2024-07-28T19:46:34,low
roster_4187.pdf,.pdf,52,C:/Healthcare/StaffSchedules/,2024-11-19T01:16:03,low
results_shift_4188_final.pdf,.pdf,1824,C:/Healthcare/StaffSchedules/,2024-03-03T13:23:31,low
guideline_4189.docx,.docx,406,C:/Healthcare/Internal/Protocols/,2023-01-11T13:57:37,low
invoice_4190.csv,.csv,407,C:/Healthcare/Insurance/,2025-09-11T07:00:04,medium
patient_4191_draft.pdf,.pdf,427,C:/Healthcare/Patients/,2025-05-06T21:16:21,low
protocol_4192.xlsx,.xlsx,613,C:/Healthcare/Internal/Protocols/,2024-10-08T02:56:11,low
parking_specimen_4193.xls,.xls,236,C:/Healthcare/LabResults/,2024-02-25T17:51:03,high
shift_4194.xlsx,.xlsx,1412,C:/Healthcare/StaffSchedules/,2023-02-18T01:28:11,high
record_4195.csv,.csv,80,C:/Healthcare/Patients/,2025-09-01T05:23:54,low
info_4196.pdf,.pdf,857,C:/Healthcare/PublicInfo/Menu/,2024-03-01T16:34:58,low
info_4197_draft.csv,.csv,225,C:/Healthcare/PublicInfo/Parking/,2024-08-07T03:11:24,medium
maintenance_coverage_4198.pdf,.pdf,630,C:/Healthcare/Insurance/,2024-02-14T06:11:59,low
lab_info_4199.txt,.txt,142,C:/Healthcare/PublicInfo/Notices/,2023-06-19T21:36:59,medium
lab_4200.xlsx,.xlsx,1527,C:/Healthcare/LabResults/,2025-05-31T14:45:54,medium
parking_4201.txt,.txt,41,C:/Healthcare/PublicInfo/Parking/,2024-09-15T16:45:44,medium
parking_notice_4202.csv,.csv,99,C:/Healthcare/PublicInfo/Parking/,2023-08-02T10:36:07,medium
results_procedure_4203.xlsx,.xlsx,570,C:/Healthcare/Internal/Protocols/,2023-03-09T18:32:12,high
specimen_4204.xlsx,.xlsx,162,C:/Healthcare/LabResults/,2025-08-17T03:13:45,low
report_info_4205.pdf,.pdf,2228,C:/Healthcare/PublicInfo/Parking/,2023-01-09T15:57:40,medium
notice_4206.csv,.csv,242,C:/Healthcare/PublicInfo/Parking/,2024-02-16T03:56:47,high
roster_4207.csv,.csv,253,C:/Healthcare/StaffSchedules/,2024-08-31T01:42:49,medium
parking_4208.csv,.csv,263,C:/Healthcare/PublicInfo/Menu/,2023-02-15T12:14:16,low
info_4209.txt,.txt,118,C:/Healthcare/PublicInfo/Parking/,2024-11-28T03:38:37,low
summary_parking_4210.txt,.txt,92,C:/Healthcare/PublicInfo/Parking/,2025-01-20T14:44:04,low
schedule_menu_4211.csv,.csv,407,C:/Healthcare/PublicInfo/Parking/,2023-12-28T06:20:04,high
results_minutes_4212.docx,.docx,160,C:/Healthcare/Meetings/,2023-10-02T12:03:52,medium
menu_workorder_4213.pdf,.pdf,707,C:/Healthcare/Maintenance/,2025-03-24T19:33:59,low
protocol_4214.docx,.docx,342,C:/Healthcare/Internal/Protocols/,2024-12-23T20:32:32,low
notice_4215_v2.txt,.txt,89,C:/Healthcare/PublicInfo/Menu/,2023-12-02T19:43:08,low
passwords_notice_4216.pdf,.pdf,445,C:/Healthcare/PublicInfo/Menu/,2025-10-05T01:56:17,low
invoice_4217.csv,.csv,170,C:/Healthcare/Insurance/,2024-06-07T14:10:18,medium
protocol_4218.docx,.docx,812,C:/Healthcare/Internal/Protocols/,2024-11-07T16:04:58,medium
parking_4219.pdf,.pdf,82,C:/Healthcare/PublicInfo/Menu/,2023-03-26T10:20:44,low
test_invoice_4220.csv,.csv,215,C:/Healthcare/Insurance/,2024-05-21T18:37:20,high
minutes_4221.pdf,.pdf,912,C:/Healthcare/Meetings/,2024-12-20T09:07:11,medium
schedule_4222.pdf,.pdf,61,C:/Healthcare/StaffSchedules/,2025-09-14T23:46:20,high
minutes_4223.txt,.txt,55,C:/Healthcare/Meetings/,2025-04-18T17:24:31,low
minutes_4224.docx,.docx,361,C:/Healthcare/Meetings/,2023-02-12T10:34:41,low
insurance_claim_record_4225.pdf,.pdf,632,C:/Healthcare/Patients/,2025-09-03T16:13:51,high
announcement_menu_4226.csv,.csv,242,C:/Healthcare/PublicInfo/Parking/,2023-03-21T03:08:20,high
maintenance_4227.txt,.txt,140,C:/Healthcare/Maintenance/,2023-09-06T05:59:34,medium
menu_notice_4228.txt,.txt,9,C:/Healthcare/PublicInfo/Parking/,2023-07-03T17:21:57,low
guideline_4229.pdf,.pdf,1311,C:/Healthcare/Internal/Protocols/,2023-01-01T08:51:42,low
notice_info_4230.pdf,.pdf,1138,C:/Healthcare/PublicInfo/Notices/,2024-05-03T22:07:32,low
menu_schedule_4231.xlsx,.xlsx,1033,C:/Healthcare/StaffSchedules/,2023-09-01T21:25:29,low
invoice_meeting_4232.docx,.docx,82,C:/Healthcare/Meetings/,2023-07-09T15:39:07,low
schedule_4233.pdf,.pdf,661,C:/Healthcare/StaffSchedules/,2024-07-11T11:07:47,low
report_lab_4234.pdf,.pdf,532,C:/Healthcare/LabResults/,2023-04-16T05:44:05,high
maintenance_4235.pdf,.pdf,504,C:/Healthcare/Maintenance/,2023-08-14T20:52:35,medium
parking_4236.txt,.txt,55,C:/Healthcare/PublicInfo/Menu/,2025-11-13T14:54:10,low
report_workorder_4237.xlsx,.xlsx,1227,C:/Healthcare/Maintenance/,2023-08-20T00:22:59,medium
minutes_4238.txt,.txt,57,C:/Healthcare/Meetings/,2025-08-14T09:05:41,low
maintenance_lab_4239.xls,.xls,608,C:/Healthcare/LabResults/,2024-04-07T02:52:19,medium
roster_4240_draft.pdf,.pdf,271,C:/Healthcare/StaffSchedules/,2024-03-10T21:14:11,low
maintenance_4241.txt,.txt,124,C:/Healthcare/Maintenance/,2024-04-01T00:11:46,low
notice_4242.txt,.txt,133,C:/Healthcare/PublicInfo/Menu/,2025-01-13T23:32:51,low
lab_notice_4243.csv,.csv,362,C:/Healthcare/PublicInfo/Menu/,2023-12-11T21:26:59,low
notice_4244.txt,.txt,29,C:/Healthcare/PublicInfo/Notices/,2025-10-20T15:54:56,low
report_coverage_4245.docx,.docx,783,C:/Healthcare/Insurance/,2024-04-16T00:34:49,low
menu_info_4246_v2.pdf,.pdf,289,C:/Healthcare/PublicInfo/Parking/,2024-10-24T17:33:59,low
diagnosis_shift_4247.csv,.csv,172,C:/Healthcare/StaffSchedules/,2023-11-09T15:02:47,low
credentials_roster_4248_confidential.pdf,.pdf,379,C:/Healthcare/StaffSchedules/,2024-12-26T00:18:17,medium
workorder_4249.xlsx,.xlsx,756,C:/Healthcare/Maintenance/,2025-10-16T06:39:18,high
announcement_menu_4250.csv,.csv,205,C:/Healthcare/PublicInfo/Menu/,2023-01-18T12:17:57,low
consent_4251.docx,.docx,279,C:/Healthcare/Patients/,2023-09-05T23:24:30,medium
maintenance_menu_4252.txt,.txt,68,C:/Healthcare/PublicInfo/Parking/,2025-02-21T06:50:26,low
consent_4253.docx,.docx,348,C:/Healthcare/Patients/,2025-08-05T01:10:38,high
menu_notice_4254_final.csv,.csv,218,C:/Healthcare/PublicInfo/Parking/,2024-06-21T02:20:34,medium
meeting_4255.pdf,.pdf,549,C:/Healthcare/Meetings/,2024-01-19T05:01:56,low
shift_4256.xlsx,.xlsx,499,C:/Healthcare/StaffSchedules/,2023-07-30T11:42:45,low
report_notice_4257.pdf,.pdf,528,C:/Healthcare/PublicInfo/Menu/,2025-09-21T03:46:03,low
public_guideline_4258.xlsx,.xlsx,582,C:/Healthcare/Internal/Protocols/,2023-11-25T18:47:03,low
parking_4259.txt,.txt,105,C:/Healthcare/PublicInfo/Parking/,2025-03-27T22:23:48,low
notice_parking_4260.txt,.txt,23,C:/Healthcare/PublicInfo/Notices/,2023-12-31T23:00:25,low
ssn_notice_4261.pdf,.pdf,1570,C:/Healthcare/PublicInfo/Parking/,2025-07-24T14:57:17,low
results_minutes_4262.txt,.txt,7,C:/Healthcare/Meetings/,2025-01-11T21:56:48,low
medical_notice_4263.txt,.txt,116,C:/Healthcare/PublicInfo/Menu/,2024-01-29T03:00:25,medium
schedule_record_4264.xlsx,.xlsx,5,C:/Healthcare/Patients/,2025-10-25T16:45:22,high
menu_workorder_4265.txt,.txt,63,C:/Healthcare/Maintenance/,2024-09-16T07:56:24,medium
appointment_notice_4266.pdf,.pdf,1580,C:/Healthcare/PublicInfo/Parking/,2023-03-09T20:11:14,low
test_parking_4267_confidential.txt,.txt,54,C:/Healthcare/PublicInfo/Menu/,2025-05-15T10:07:44,low
menu_menu_4268.txt,.txt,108,C:/Healthcare/PublicInfo/Menu/,2025-10-01T22:08:42,low
schedule_minutes_4269.docx,.docx,496,C:/Healthcare/Meetings/,2024-08-02T07:39:52,low
parking_4270.pdf,.pdf,1031,C:/Healthcare/PublicInfo/Parking/,2025-06-19T09:53:22,low
public_coverage_4271_archived.docx,.docx,494,C:/Healthcare/Insurance/,2024-03-19T07:18:42,low
payroll_notice_4272.txt,.txt,20,C:/Healthcare/PublicInfo/Menu/,2023-01-10T20:55:35,low
parking_diagnosis_4273.xlsx,.xlsx,1029,C:/Healthcare/Patients/,2023-03-26T22:34:19,low
parking_analysis_4274.xlsx,.xlsx,300,C:/Healthcare/LabResults/,2025-12-09T05:54:25,low
consent_coverage_4275.csv,.csv,137,C:/Healthcare/Insurance/,2024-12-12T02:07:38,medium
roster_4276.xlsx,.xlsx,525,C:/Healthcare/StaffSchedules/,2024-09-13T03:59:50,medium
credentials_protocol_4277.xlsx,.xlsx,1858,C:/Healthcare/Internal/Protocols/,2025-02-07T11:17:51,medium
lab_4278.xls,.xls,1440,C:/Healthcare/LabResults/,2023-10-01T15:06:46,medium
coverage_4279.csv,.csv,30,C:/Healthcare/Insurance/,2024-10-04T23:12:48,low
workorder_4280_draft.xlsx,.xlsx,1489,C:/Healthcare/Maintenance/,2024-02-14T03:38:59,medium
menu_specimen_4281.xls,.xls,180,C:/Healthcare/LabResults/,2025-05-03T12:23:42,medium
announcement_info_4282.csv,.csv,611,C:/Healthcare/PublicInfo/Notices/,2025-11-11T15:11:58,low
test_log_4283.txt,.txt,67,C:/Healthcare/Maintenance/,2024-09-12T09:27:11,medium
minutes_4284.txt,.txt,115,C:/Healthcare/Meetings/,2024-12-12T10:54:09,low
minutes_4285.pdf,.pdf,1610,C:/Healthcare/Meetings/,2024-06-20T00:25:55,low
info_4286.txt,.txt,11,C:/Healthcare/PublicInfo/Parking/,2025-01-03T22:08:03,medium
info_4287.pdf,.pdf,1691,C:/Healthcare/PublicInfo/Parking/,2025-03-03T03:44:11,low
announcement_roster_4288.csv,.csv,304,C:/Healthcare/StaffSchedules/,2025-07-15T12:46:04,low
menu_procedure_4289.pdf,.pdf,632,C:/Healthcare/Internal/Protocols/,2023-07-08T03:00:14,medium
announcement_coverage_4290.docx,.docx,613,C:/Healthcare/Insurance/,2023-10-07T12:26:36,medium
prescription_meeting_4291.docx,.docx,186,C:/Healthcare/Meetings/,2025-04-01T10:46:39,low
agenda_4292.pdf,.pdf,2206,C:/Healthcare/Meetings/,2023-12-13T08:20:24,medium
report_meeting_4293.pdf,.pdf,1190,C:/Healthcare/Meetings/,2023-12-03T06:02:25,low
summary_specimen_4294.pdf,.pdf,695,C:/Healthcare/LabResults/,2024-02-23T15:01:35,low
maintenance_4295.pdf,.pdf,383,C:/Healthcare/Maintenance/,2023-04-24T21:43:35,low
summary_results_4296_confidential.pdf,.pdf,1605,C:/Healthcare/LabResults/,2025-02-23T19:58:27,medium
schedule_protocol_4297.docx,.docx,649,C:/Healthcare/Internal/Protocols/,2025-09-29T11:04:12,high
consent_4298.xlsx,.xlsx,865,C:/Healthcare/Patients/,2025-10-17T06:13:37,high
menu_roster_4299.xlsx,.xlsx,1475,C:/Healthcare/StaffSchedules/,2025-01-17T14:48:08,low
menu_4300.txt,.txt,123,C:/Healthcare/PublicInfo/Notices/,2025-02-07T09:12:58,low
maintenance_4301.xlsx,.xlsx,769,C:/Healthcare/Maintenance/,2025-05-28T19:17:08,low
parking_test_4302_confidential.pdf,.pdf,51,C:/Healthcare/LabResults/,2025-06-02T10:40:09,medium
menu_reimbursement_4303_archived.docx,.docx,194,C:/Healthcare/Insurance/,2024-05-02T05:59:38,medium
reimbursement_4304.docx,.docx,181,C:/Healthcare/Insurance/,2023-12-14T18:53:25,low
consent_shift_4305.pdf,.pdf,157,C:/Healthcare/StaffSchedules/,2025-02-08T02:48:28,high
log_4306.txt,.txt,88,C:/Healthcare/Maintenance/,2023-08-10T08:42:28,low
lab_4307.pdf,.pdf,1339,C:/Healthcare/LabResults/,2025-05-24T16:04:04,low
log_4308.txt,.txt,116,C:/Healthcare/Maintenance/,2023-03-29T14:47:10,low
record_4309.docx,.docx,788,C:/Healthcare/Patients/,2024-10-17T05:55:31,low
shift_4310.xlsx,.xlsx,840,C:/Healthcare/StaffSchedules/,2025-07-18T02:07:28,low
schedule_4311.xlsx,.xlsx,1537,C:/Healthcare/StaffSchedules/,2025-02-12T12:31:37,low
minutes_4312.docx,.docx,166,C:/Healthcare/Meetings/,2023-10-30T01:03:17,low
results_4313.xls,.xls,914,C:/Healthcare/LabResults/,2025-10-16T13:44:43,low
menu_patient_4314.docx,.docx,85,C:/Healthcare/Patients/,2023-06-28T17:04:15,medium
parking_guideline_4315.xlsx,.xlsx,573,C:/Healthcare/Internal/Protocols/,2025-09-10T07:45:43,low
minutes_4316.docx,.docx,285,C:/Healthcare/Meetings/,2025-02-05T02:24:33,low
prescription_info_4317.csv,.csv,232,C:/Healthcare/PublicInfo/Parking/,2024-11-21T19:33:45,low
appointment_visit_4318.docx,.docx,721,C:/Healthcare/Patients/,2025-10-11T10:44:04,medium
report_info_4319.txt,.txt,79,C:/Healthcare/PublicInfo/Notices/,2023-04-30T21:11:01,medium
schedule_procedure_4320.pdf,.pdf,2148,C:/Healthcare/Internal/Protocols/,2023-12-31T10:10:13,high
minutes_4321.txt,.txt,94,C:/Healthcare/Meetings/,2024-06-15T12:49:34,low
parking_info_4322.txt,.txt,79,C:/Healthcare/PublicInfo/Parking/,2023-10-27T03:55:00,low
parking_claim_4323.docx,.docx,688,C:/Healthcare/Insurance/,2023-08-24T22:54:02,medium
shift_4324.xlsx,.xlsx,707,C:/Healthcare/StaffSchedules/,2025-12-28T00:45:35,low
notice_4325.txt,.txt,68,C:/Healthcare/PublicInfo/Parking/,2023-12-09T05:25:45,low
notice_4326.pdf,.pdf,951,C:/Healthcare/PublicInfo/Parking/,2025-07-15T11:48:47,low
patient_4327.csv,.csv,360,C:/Healthcare/Patients/,2025-06-13T00:13:45,low
info_4328_final.pdf,.pdf,1589,C:/Healthcare/PublicInfo/Menu/,2023-12-09T03:39:19,low
parking_notice_4329.csv,.csv,105,C:/Healthcare/PublicInfo/Menu/,2024-12-30T00:04:31,low
notice_4330.txt,.txt,77,C:/Healthcare/PublicInfo/Parking/,2025-08-24T03:09:29,medium
parking_info_4331.txt,.txt,135,C:/Healthcare/PublicInfo/Menu/,2023-12-07T04:27:42,medium
diagnosis_4332.docx,.docx,26,C:/Healthcare/Patients/,2025-02-28T20:02:21,low
info_4333.pdf,.pdf,66,C:/Healthcare/PublicInfo/Notices/,2025-12-02T12:47:02,low
parking_menu_4334.csv,.csv,487,C:/Healthcare/PublicInfo/Menu/,2024-11-14T22:37:27,low
test_test_4335.pdf,.pdf,2932,C:/Healthcare/LabResults/,2023-12-02T16:04:40,high
lab_notice_4336_draft.txt,.txt,124,C:/Healthcare/PublicInfo/Menu/,2025-04-12T04:24:04,low
summary_invoice_4337.csv,.csv,232,C:/Healthcare/Insurance/,2025-09-22T07:29:42,low
parking_roster_4338.csv,.csv,141,C:/Healthcare/StaffSchedules/,2023-06-14T09:43:59,medium
menu_workorder_4339.txt,.txt,16,C:/Healthcare/Maintenance/,2024-07-20T08:27:40,medium
diagnosis_analysis_4340.xlsx,.xlsx,1754,C:/Healthcare/LabResults/,2024-04-17T00:51:50,high
parking_notice_4341.csv,.csv,133,C:/Healthcare/PublicInfo/Menu/,2023-12-13T00:18:26,low
procedure_4342.docx,.docx,732,C:/Healthcare/Internal/Protocols/,2025-12-01T04:08:27,low
reimbursement_4343_confidential.docx,.docx,1266,C:/Healthcare/Insurance/,2023-03-19T15:24:04,medium
maintenance_parking_4344.csv,.csv,53,C:/Healthcare/PublicInfo/Menu/,2023-05-30T03:46:36,low
specimen_4345.xlsx,.xlsx,853,C:/Healthcare/LabResults/,2023-02-16T06:59:31,medium
workorder_4346.txt,.txt,2,C:/Healthcare/Maintenance/,2025-01-22T16:29:32,medium
schedule_protocol_4347.xlsx,.xlsx,1899,C:/Healthcare/Internal/Protocols/,2025-03-18T16:12:55,medium
announcement_info_4348.pdf,.pdf,1246,C:/Healthcare/PublicInfo/Menu/,2024-10-13T10:18:41,low
summary_meeting_4349.docx,.docx,1077,C:/Healthcare/Meetings/,2023-04-27T22:45:55,low
results_guideline_4350.pdf,.pdf,3254,C:/Healthcare/Internal/Protocols/,2025-01-25T11:35:03,low
parking_menu_4351.pdf,.pdf,990,C:/Healthcare/PublicInfo/Parking/,2024-02-14T23:37:35,low
test_roster_4352_confidential.csv,.csv,103,C:/Healthcare/StaffSchedules/,2025-01-11T10:35:14,high
parking_4353.txt,.txt,160,C:/Healthcare/PublicInfo/Menu/,2024-07-17T03:04:46,medium
results_workorder_4354.txt,.txt,127,C:/Healthcare/Maintenance/,2023-09-17T04:04:02,medium
maintenance_4355.xlsx,.xlsx,1571,C:/Healthcare/Maintenance/,2023-11-14T16:55:18,medium
procedure_4356.docx,.docx,226,C:/Healthcare/Internal/Protocols/,2025-02-01T11:31:43,medium
notice_shift_4357.pdf,.pdf,1182,C:/Healthcare/StaffSchedules/,2024-04-18T12:30:13,medium
notice_4358.pdf,.pdf,1599,C:/Healthcare/PublicInfo/Notices/,2024-07-21T11:53:59,low
log_4359.pdf,.pdf,1057,C:/Healthcare/Maintenance/,2023-09-02T05:50:14,low
log_4360.txt,.txt,18,C:/Healthcare/Maintenance/,2024-07-24T09:50:41,high
maintenance_4361.pdf,.pdf,1607,C:/Healthcare/Maintenance/,2024-09-26T23:59:32,medium
patient_parking_4362.txt,.txt,6,C:/Healthcare/PublicInfo/Parking/,2024-04-12T04:25:39,low
analysis_4363.pdf,.pdf,685,C:/Healthcare/LabResults/,2025-03-02T04:57:59,medium
menu_info_4364.pdf,.pdf,1146,C:/Healthcare/PublicInfo/Menu/,2025-12-08T08:03:27,low
appointment_log_4365.xlsx,.xlsx,486,C:/Healthcare/Maintenance/,2023-12-13T10:11:15,medium
guideline_4366.pdf,.pdf,2152,C:/Healthcare/Internal/Protocols/,2024-08-27T04:01:54,medium
menu_meeting_4367.txt,.txt,39,C:/Healthcare/Meetings/,2023-01-19T16:18:53,low
parking_4368.csv,.csv,68,C:/Healthcare/PublicInfo/Notices/,2023-07-24T07:04:13,low
protocol_4369.pdf,.pdf,2375,C:/Healthcare/Internal/Protocols/,2024-08-07T05:21:28,high
announcement_visit_4370.csv,.csv,731,C:/Healthcare/Patients/,2025-04-02T05:01:02,high
roster_4371.csv,.csv,244,C:/Healthcare/StaffSchedules/,2025-12-14T02:48:44,low
schedule_claim_4372.docx,.docx,139,C:/Healthcare/Insurance/,2025-07-18T17:34:45,low
workorder_4373.pdf,.pdf,2003,C:/Healthcare/Maintenance/,2025-08-11T00:58:30,medium
results_meeting_4374.pdf,.pdf,999,C:/Healthcare/Meetings/,2025-05-01T22:51:53,low
schedule_notice_4375.csv,.csv,88,C:/Healthcare/PublicInfo/Notices/,2023-09-28T22:50:33,low
schedule_4376_draft.pdf,.pdf,453,C:/Healthcare/StaffSchedules/,2024-02-27T12:42:47,low
maintenance_roster_4377.pdf,.pdf,415,C:/Healthcare/StaffSchedules/,2025-02-09T04:06:45,low
menu_4378.pdf,.pdf,405,C:/Healthcare/PublicInfo/Menu/,2025-02-22T09:45:23,high
visit_4379_confidential.csv,.csv,285,C:/Healthcare/Patients/,2024-08-06T18:51:07,low
notice_4380.csv,.csv,106,C:/Healthcare/PublicInfo/Notices/,2024-03-09T20:04:16,medium
menu_4381_v2.pdf,.pdf,488,C:/Healthcare/PublicInfo/Parking/,2023-01-12T10:46:39,medium
roster_4382.xlsx,.xlsx,1701,C:/Healthcare/StaffSchedules/,2023-01-27T08:22:00,low
results_agenda_4383.pdf,.pdf,1198,C:/Healthcare/Meetings/,2025-08-07T04:58:19,low
test_coverage_4384_draft.pdf,.pdf,1051,C:/Healthcare/Insurance/,2025-05-29T21:59:11,medium
notice_lab_4385_final.xls,.xls,927,C:/Healthcare/LabResults/,2023-12-17T07:20:32,low
notice_4386_archived.csv,.csv,465,C:/Healthcare/PublicInfo/Menu/,2025-05-19T23:15:21,medium
notice_test_4387.pdf,.pdf,836,C:/Healthcare/LabResults/,2024-12-24T00:16:47,low
notice_parking_4388.pdf,.pdf,89,C:/Healthcare/PublicInfo/Parking/,2023-11-14T23:40:03,low
workorder_4389_archived.xlsx,.xlsx,66,C:/Healthcare/Maintenance/,2023-04-16T23:59:01,low
record_4390.docx,.docx,532,C:/Healthcare/Patients/,2024-07-18T04:33:30,high
lab_4391.pdf,.pdf,1465,C:/Healthcare/LabResults/,2023-11-12T08:55:42,low
visit_4392.csv,.csv,206,C:/Healthcare/Patients/,2023-11-10T01:49:08,high
workorder_4393.pdf,.pdf,2427,C:/Healthcare/Maintenance/,2023-12-16T23:20:14,low
parking_menu_4394.csv,.csv,75,C:/Healthcare/PublicInfo/Notices/,2023-02-12T23:24:26,low
public_info_4395.pdf,.pdf,170,C:/Healthcare/PublicInfo/Notices/,2023-07-08T09:32:09,low
confidential_minutes_4396.docx,.docx,59,C:/Healthcare/Meetings/,2025-03-04T14:39:37,low
meeting_4397.docx,.docx,951,C:/Healthcare/Meetings/,2025-07-17T15:48:21,high
report_consent_4398.pdf,.pdf,892,C:/Healthcare/Patients/,2023-01-25T13:55:47,medium
parking_protocol_4399.docx,.docx,226,C:/Healthcare/Internal/Protocols/,2024-08-28T15:53:18,low
notice_parking_4400.txt,.txt,28,C:/Healthcare/PublicInfo/Parking/,2025-09-01T11:14:09,low
meeting_4401.txt,.txt,93,C:/Healthcare/Meetings/,2025-09-19T15:04:00,low
notice_4402.csv,.csv,193,C:/Healthcare/PublicInfo/Parking/,2023-12-20T04:54:40,low
parking_info_4403.csv,.csv,338,C:/Healthcare/PublicInfo/Menu/,2024-12-29T14:09:34,low
analysis_4404.csv,.csv,505,C:/Healthcare/LabResults/,2025-06-20T17:25:10,medium
maintenance_4405_confidential.xlsx,.xlsx,1630,C:/Healthcare/Maintenance/,2024-06-27T20:22:23,low
agenda_4406.docx,.docx,533,C:/Healthcare/Meetings/,2025-07-10T23:23:53,medium
minutes_4407.pdf,.pdf,875,C:/Healthcare/Meetings/,2024-02-10T13:25:38,low
parking_log_4408.xlsx,.xlsx,1246,C:/Healthcare/Maintenance/,2024-11-14T00:50:28,high
payroll_minutes_4409.pdf,.pdf,1267,C:/Healthcare/Meetings/,2025-10-19T19:38:34,medium
analysis_4410.xls,.xls,766,C:/Healthcare/LabResults/,2024-06-22T03:46:25,low
parking_meeting_4411_archived.txt,.txt,7,C:/Healthcare/Meetings/,2025-05-11T08:02:42,low
announcement_policy_4412.docx,.docx,521,C:/Healthcare/Insurance/,2023-02-10T20:32:34,low
parking_4413.pdf,.pdf,546,C:/Healthcare/PublicInfo/Notices/,2024-08-17T14:36:36,medium
agenda_4414.docx,.docx,145,C:/Healthcare/Meetings/,2024-05-29T00:37:02,low
patient_4415.docx,.docx,104,C:/Healthcare/Patients/,2024-04-19T21:25:29,high
schedule_4416.pdf,.pdf,581,C:/Healthcare/StaffSchedules/,2025-06-20T04:33:10,medium
notice_protocol_4417.xlsx,.xlsx,748,C:/Healthcare/Internal/Protocols/,2025-04-01T07:50:14,medium
policy_4418.pdf,.pdf,154,C:/Healthcare/Insurance/,2025-05-26T19:04:15,low
specimen_4419.xlsx,.xlsx,420,C:/Healthcare/LabResults/,2023-11-15T16:50:07,low
guideline_4420.xlsx,.xlsx,124,C:/Healthcare/Internal/Protocols/,2025-11-07T23:09:19,low
passwords_parking_4421_archived.pdf,.pdf,748,C:/Healthcare/PublicInfo/Notices/,2025-12-05T18:00:34,low
lab_4422.csv,.csv,359,C:/Healthcare/LabResults/,2023-02-24T09:02:11,medium
maintenance_guideline_4423.docx,.docx,90,C:/Healthcare/Internal/Protocols/,2023-06-30T18:06:05,high
schedule_agenda_4424.pdf,.pdf,1678,C:/Healthcare/Meetings/,2024-05-08T02:34:34,medium
parking_log_4425.pdf,.pdf,1101,C:/Healthcare/Maintenance/,2023-09-12T20:46:56,low
menu_4426.pdf,.pdf,1828,C:/Healthcare/PublicInfo/Parking/,2023-05-03T11:36:36,high
payroll_guideline_4427.pdf,.pdf,315,C:/Healthcare/Internal/Protocols/,2025-11-30T11:08:57,low
credentials_shift_4428.xlsx,.xlsx,449,C:/Healthcare/StaffSchedules/,2024-08-20T12:48:02,high
info_4429_draft.pdf,.pdf,227,C:/Healthcare/PublicInfo/Notices/,2025-01-01T08:22:12,low
test_visit_4430.pdf,.pdf,50,C:/Healthcare/Patients/,2025-04-09T17:10:04,medium
diagnosis_4431.pdf,.pdf,61,C:/Healthcare/Patients/,2025-11-12T23:14:03,high
menu_4432.csv,.csv,402,C:/Healthcare/PublicInfo/Parking/,2024-08-16T00:44:49,medium
invoice_reimbursement_4433.pdf,.pdf,69,C:/Healthcare/Insurance/,2024-05-17T17:32:17,high
workorder_4434.txt,.txt,26,C:/Healthcare/Maintenance/,2024-09-07T19:52:46,medium
info_4435.txt,.txt,5,C:/Healthcare/PublicInfo/Notices/,2025-03-22T23:02:18,low
notice_protocol_4436.docx,.docx,382,C:/Healthcare/Internal/Protocols/,2024-09-20T12:36:52,low
passwords_maintenance_4437.txt,.txt,14,C:/Healthcare/Maintenance/,2025-02-28T13:08:06,medium
protocol_4438.docx,.docx,376,C:/Healthcare/Internal/Protocols/,2025-03-29T10:42:18,low
parking_invoice_4439_confidential.docx,.docx,162,C:/Healthcare/Insurance/,2024-02-11T20:37:37,low
report_protocol_4440.docx,.docx,332,C:/Healthcare/Internal/Protocols/,2023-01-11T17:45:42,medium
minutes_4441.pdf,.pdf,740,C:/Healthcare/Meetings/,2025-05-31T20:52:16,low
schedule_analysis_4442.csv,.csv,244,C:/Healthcare/LabResults/,2025-05-12T03:16:08,low
lab_analysis_4443.xls,.xls,611,C:/Healthcare/LabResults/,2025-05-17T10:31:20,high
menu_specimen_4444.xlsx,.xlsx,1022,C:/Healthcare/LabResults/,2023-11-07T20:10:42,low
public_menu_4445.txt,.txt,104,C:/Healthcare/PublicInfo/Menu/,2023-01-21T17:19:35,low
invoice_4446.docx,.docx,11,C:/Healthcare/Insurance/,2024-06-09T20:19:06,low
invoice_diagnosis_4447_confidential.pdf,.pdf,700,C:/Healthcare/Patients/,2025-10-03T19:38:27,medium
menu_4448.pdf,.pdf,349,C:/Healthcare/PublicInfo/Notices/,2023-10-13T13:55:03,low
parking_info_4449.txt,.txt,69,C:/Healthcare/PublicInfo/Parking/,2025-07-05T15:02:39,low
test_menu_4450_v2.csv,.csv,118,C:/Healthcare/PublicInfo/Notices/,2023-05-13T19:33:50,low
maintenance_4451.pdf,.pdf,483,C:/Healthcare/Maintenance/,2023-02-15T14:33:57,high
invoice_lab_4452.csv,.csv,362,C:/Healthcare/LabResults/,2023-01-02T08:38:15,low
test_minutes_4453_confidential.pdf,.pdf,635,C:/Healthcare/Meetings/,2025-02-21T14:41:09,medium
invoice_log_4454.pdf,.pdf,144,C:/Healthcare/Maintenance/,2023-07-21T20:17:23,low
public_info_4455.txt,.txt,63,C:/Healthcare/PublicInfo/Parking/,2024-09-25T05:53:08,low
info_4456.txt,.txt,14,C:/Healthcare/PublicInfo/Notices/,2025-12-20T08:44:35,low
results_info_4457.txt,.txt,102,C:/Healthcare/PublicInfo/Menu/,2024-10-08T23:42:53,low
parking_results_4458.pdf,.pdf,829,C:/Healthcare/LabResults/,2023-08-03T12:35:46,low
guideline_4459_confidential.docx,.docx,182,C:/Healthcare/Internal/Protocols/,2025-05-28T14:00:51,medium
invoice_4460_v2.pdf,.pdf,1841,C:/Healthcare/Insurance/,2024-08-28T17:56:14,medium
invoice_menu_4461.txt,.txt,126,C:/Healthcare/PublicInfo/Parking/,2023-04-22T06:21:06,low
menu_4462.csv,.csv,235,C:/Healthcare/PublicInfo/Menu/,2023-01-04T23:13:08,low
maintenance_schedule_4463.pdf,.pdf,1095,C:/Healthcare/StaffSchedules/,2025-08-07T01:42:47,low
schedule_parking_4464.csv,.csv,256,C:/Healthcare/PublicInfo/Notices/,2025-07-11T02:31:53,low
credentials_menu_4465.csv,.csv,527,C:/Healthcare/PublicInfo/Parking/,2023-09-16T14:22:34,high
menu_4466.csv,.csv,550,C:/Healthcare/PublicInfo/Parking/,2024-11-27T10:11:10,high
announcement_workorder_4467.xlsx,.xlsx,2821,C:/Healthcare/Maintenance/,2025-02-08T14:13:07,high
maintenance_record_4468.xlsx,.xlsx,478,C:/Healthcare/Patients/,2024-03-16T22:39:02,low
lab_4469.xls,.xls,1105,C:/Healthcare/LabResults/,2025-11-13T02:15:22,low
report_analysis_4470.csv,.csv,195,C:/Healthcare/LabResults/,2024-08-08T00:49:22,low
procedure_4471_v2.pdf,.pdf,105,C:/Healthcare/Internal/Protocols/,2024-08-24T06:52:34,medium
parking_guideline_4472.xlsx,.xlsx,1216,C:/Healthcare/Internal/Protocols/,2023-10-08T15:25:53,low
test_menu_4473.pdf,.pdf,1578,C:/Healthcare/PublicInfo/Menu/,2024-08-08T21:47:31,low
patient_4474.docx,.docx,258,C:/Healthcare/Patients/,2023-06-17T17:46:20,low
results_agenda_4475.docx,.docx,563,C:/Healthcare/Meetings/,2025-05-25T18:20:29,high
roster_4476.pdf,.pdf,465,C:/Healthcare/StaffSchedules/,2025-07-22T02:14:51,low
minutes_4477.pdf,.pdf,2249,C:/Healthcare/Meetings/,2024-05-17T14:31:15,high
log_4478_final.txt,.txt,62,C:/Healthcare/Maintenance/,2025-05-15T07:02:25,low
invoice_menu_4479.pdf,.pdf,1639,C:/Healthcare/PublicInfo/Parking/,2023-04-25T11:46:37,low
workorder_4480_archived.xlsx,.xlsx,425,C:/Healthcare/Maintenance/,2025-01-25T22:10:17,low
procedure_4481.docx,.docx,365,C:/Healthcare/Internal/Protocols/,2025-07-23T08:41:30,low
announcement_info_4482.txt,.txt,24,C:/Healthcare/PublicInfo/Menu/,2023-07-25T08:03:40,medium
parking_patient_4483.csv,.csv,61,C:/Healthcare/Patients/,2023-11-12T22:28:05,low
schedule_info_4484.csv,.csv,173,C:/Healthcare/PublicInfo/Notices/,2024-02-23T17:02:11,medium
info_4485.txt,.txt,137,C:/Healthcare/PublicInfo/Notices/,2023-05-03T06:53:26,high
agenda_4486.pdf,.pdf,664,C:/Healthcare/Meetings/,2023-03-24T05:42:03,low
summary_minutes_4487.txt,.txt,67,C:/Healthcare/Meetings/,2024-06-17T17:57:11,medium
notice_reimbursement_4488.docx,.docx,108,C:/Healthcare/Insurance/,2023-03-27T03:34:45,low
menu_4489.pdf,.pdf,1522,C:/Healthcare/PublicInfo/Parking/,2023-09-19T12:10:21,low
prescription_info_4490.csv,.csv,231,C:/Healthcare/PublicInfo/Notices/,2025-10-10T02:48:58,low
notice_log_4491.pdf,.pdf,78,C:/Healthcare/Maintenance/,2025-07-22T01:07:21,medium
reimbursement_4492.csv,.csv,243,C:/Healthcare/Insurance/,2024-09-04T16:48:21,low
shift_4493_archived.xlsx,.xlsx,16,C:/Healthcare/StaffSchedules/,2025-03-30T11:21:56,medium
menu_4494.pdf,.pdf,733,C:/Healthcare/PublicInfo/Menu/,2023-01-17T01:54:04,low
roster_4495.xlsx,.xlsx,19,C:/Healthcare/StaffSchedules/,2025-08-05T16:00:18,low
maintenance_agenda_4496.docx,.docx,415,C:/Healthcare/Meetings/,2024-01-21T22:39:56,low
agenda_4497_final.txt,.txt,93,C:/Healthcare/Meetings/,2025-10-10T01:53:38,low
diagnosis_4498.csv,.csv,699,C:/Healthcare/Patients/,2023-01-15T05:12:11,low
patient_4499.xlsx,.xlsx,377,C:/Healthcare/Patients/,2024-07-05T07:26:24,low
notice_4500_final.txt,.txt,51,C:/Healthcare/PublicInfo/Menu/,2023-10-20T06:30:22,low
maintenance_test_4501_draft.csv,.csv,231,C:/Healthcare/LabResults/,2025-03-09T12:24:01,high
invoice_meeting_4502.docx,.docx,543,C:/Healthcare/Meetings/,2025-06-05T10:11:51,low
test_shift_4503.pdf,.pdf,1055,C:/Healthcare/StaffSchedules/,2024-02-20T22:28:43,medium
schedule_minutes_4504.txt,.txt,44,C:/Healthcare/Meetings/,2024-07-19T10:52:33,low
notice_visit_4505_draft.xlsx,.xlsx,298,C:/Healthcare/Patients/,2024-01-17T17:14:52,low
policy_4506.docx,.docx,126,C:/Healthcare/Insurance/,2024-10-29T04:29:02,medium
lab_4507.xls,.xls,181,C:/Healthcare/LabResults/,2024-12-07T18:10:59,low
claim_4508.docx,.docx,994,C:/Healthcare/Insurance/,2025-03-03T11:13:16,low
menu_guideline_4509.docx,.docx,26,C:/Healthcare/Internal/Protocols/,2025-09-05T00:49:33,low
info_4510.pdf,.pdf,747,C:/Healthcare/PublicInfo/Menu/,2023-05-12T12:15:49,low
shift_4511.pdf,.pdf,713,C:/Healthcare/StaffSchedules/,2024-02-04T17:24:10,low
report_diagnosis_4512.docx,.docx,579,C:/Healthcare/Patients/,2023-08-04T05:44:39,medium
parking_agenda_4513.pdf,.pdf,498,C:/Healthcare/Meetings/,2025-09-01T12:42:39,medium
parking_4514.pdf,.pdf,741,C:/Healthcare/PublicInfo/Menu/,2024-01-06T08:14:24,low
consent_4515.pdf,.pdf,338,C:/Healthcare/Patients/,2023-07-18T09:27:53,low
public_notice_4516_v2.pdf,.pdf,2379,C:/Healthcare/PublicInfo/Notices/,2023-03-16T07:16:33,low
test_parking_4517.txt,.txt,60,C:/Healthcare/PublicInfo/Parking/,2024-02-26T20:44:37,low
roster_4518.pdf,.pdf,1727,C:/Healthcare/StaffSchedules/,2024-07-25T04:30:16,medium
workorder_4519.txt,.txt,60,C:/Healthcare/Maintenance/,2024-06-20T02:15:44,low
test_menu_4520.txt,.txt,42,C:/Healthcare/PublicInfo/Parking/,2023-04-22T06:56:19,low
announcement_diagnosis_4521.xlsx,.xlsx,163,C:/Healthcare/Patients/,2025-04-02T07:32:16,low
consent_4522.xlsx,.xlsx,324,C:/Healthcare/Patients/,2025-03-16T08:33:18,low
schedule_4523.xlsx,.xlsx,37,C:/Healthcare/StaffSchedules/,2025-11-22T23:40:21,low
notice_4524.pdf,.pdf,270,C:/Healthcare/PublicInfo/Notices/,2025-11-05T17:50:48,low
maintenance_4525.pdf,.pdf,1811,C:/Healthcare/Maintenance/,2025-02-27T11:44:43,low
parking_notice_4526.pdf,.pdf,1788,C:/Healthcare/PublicInfo/Parking/,2025-10-26T22:50:22,high
claim_4527.pdf,.pdf,1717,C:/Healthcare/Insurance/,2024-02-08T10:23:10,medium
menu_4528.pdf,.pdf,401,C:/Healthcare/PublicInfo/Notices/,2024-02-22T17:54:47,high
diagnosis_4529.xlsx,.xlsx,592,C:/Healthcare/Patients/,2023-04-15T23:05:51,low
invoice_invoice_4530.pdf,.pdf,1439,C:/Healthcare/Insurance/,2025-09-05T23:29:43,low
minutes_4531.txt,.txt,76,C:/Healthcare/Meetings/,2025-01-20T23:03:13,low
announcement_results_4532.pdf,.pdf,1381,C:/Healthcare/LabResults/,2023-02-08T17:48:30,medium
menu_4533_final.pdf,.pdf,2028,C:/Healthcare/PublicInfo/Notices/,2025-03-26T09:22:16,high
announcement_roster_4534_archived.xlsx,.xlsx,1122,C:/Healthcare/StaffSchedules/,2025-12-16T18:49:45,low
payroll_minutes_4535.pdf,.pdf,1191,C:/Healthcare/Meetings/,2023-08-06T22:34:37,low
shift_4536.xlsx,.xlsx,1490,C:/Healthcare/StaffSchedules/,2024-08-14T12:29:54,medium
credentials_visit_4537.xlsx,.xlsx,1064,C:/Healthcare/Patients/,2023-07-09T21:45:53,medium
ssn_notice_4538.pdf,.pdf,543,C:/Healthcare/PublicInfo/Notices/,2023-03-14T05:10:16,low
public_test_4539.csv,.csv,150,C:/Healthcare/LabResults/,2025-04-17T20:30:49,low
announcement_maintenance_4540.pdf,.pdf,469,C:/Healthcare/Maintenance/,2024-05-12T09:55:18,medium
guideline_4541.xlsx,.xlsx,402,C:/Healthcare/Internal/Protocols/,2025-06-24T19:51:21,medium
procedure_4542.xlsx,.xlsx,429,C:/Healthcare/Internal/Protocols/,2024-09-16T19:40:24,low
log_4543_draft.xlsx,.xlsx,708,C:/Healthcare/Maintenance/,2023-02-08T12:46:43,low
notice_agenda_4544.docx,.docx,1163,C:/Healthcare/Meetings/,2024-06-08T08:49:35,medium
lab_meeting_4545.docx,.docx,260,C:/Healthcare/Meetings/,2023-08-05T17:00:04,low
maintenance_maintenance_4546.xlsx,.xlsx,615,C:/Healthcare/Maintenance/,2023-09-12T12:55:07,high
analysis_4547.xlsx,.xlsx,74,C:/Healthcare/LabResults/,2023-03-24T05:24:59,low
meeting_4548.docx,.docx,84,C:/Healthcare/Meetings/,2024-10-28T19:09:54,high
specimen_4549_draft.xls,.xls,69,C:/Healthcare/LabResults/,2024-05-09T20:45:27,low
report_menu_4550.csv,.csv,535,C:/Healthcare/PublicInfo/Parking/,2023-05-28T04:37:33,low
menu_4551.csv,.csv,272,C:/Healthcare/PublicInfo/Parking/,2025-01-21T20:36:40,medium
notice_roster_4552.pdf,.pdf,1896,C:/Healthcare/StaffSchedules/,2024-03-01T18:54:35,low
notice_4553.csv,.csv,377,C:/Healthcare/PublicInfo/Menu/,2024-04-27T21:46:23,low
public_info_4554.txt,.txt,128,C:/Healthcare/PublicInfo/Menu/,2024-11-21T03:08:04,medium
info_4555.txt,.txt,45,C:/Healthcare/PublicInfo/Menu/,2023-05-18T09:10:51,low
menu_menu_4556.txt,.txt,5,C:/Healthcare/PublicInfo/Menu/,2023-06-05T02:37:56,low
agenda_4557.docx,.docx,392,C:/Healthcare/Meetings/,2024-06-29T11:42:27,low
results_4558.csv,.csv,134,C:/Healthcare/LabResults/,2023-08-23T11:43:14,high
maintenance_4559.txt,.txt,70,C:/Healthcare/Maintenance/,2023-12-24T04:42:25,low
roster_4560.pdf,.pdf,335,C:/Healthcare/StaffSchedules/,2023-01-27T21:18:35,low
notice_4561.pdf,.pdf,368,C:/Healthcare/PublicInfo/Menu/,2023-10-27T20:03:10,low
patient_4562.csv,.csv,383,C:/Healthcare/Patients/,2023-11-07T17:50:19,high
results_agenda_4563.txt,.txt,112,C:/Healthcare/Meetings/,2025-02-13T19:39:28,low
menu_4564.txt,.txt,71,C:/Healthcare/PublicInfo/Parking/,2024-08-25T04:16:59,medium
public_coverage_4565.pdf,.pdf,1281,C:/Healthcare/Insurance/,2023-11-09T07:15:38,medium
summary_reimbursement_4566.docx,.docx,800,C:/Healthcare/Insurance/,2023-06-11T22:38:45,low
notice_4567.txt,.txt,137,C:/Healthcare/PublicInfo/Menu/,2023-08-28T19:08:42,low
menu_menu_4568_v2.pdf,.pdf,214,C:/Healthcare/PublicInfo/Menu/,2025-05-20T13:13:40,medium
parking_notice_4569.txt,.txt,53,C:/Healthcare/PublicInfo/Parking/,2024-10-22T17:17:11,low
maintenance_4570.txt,.txt,117,C:/Healthcare/Maintenance/,2025-03-12T15:30:47,low
appointment_maintenance_4571_draft.txt,.txt,94,C:/Healthcare/Maintenance/,2025-05-09T15:16:24,medium
minutes_4572.pdf,.pdf,292,C:/Healthcare/Meetings/,2024-11-13T22:15:40,low
minutes_4573.docx,.docx,364,C:/Healthcare/Meetings/,2023-06-28T16:40:39,medium
results_shift_4574.csv,.csv,209,C:/Healthcare/StaffSchedules/,2025-04-19T21:12:05,low
policy_4575.docx,.docx,812,C:/Healthcare/Insurance/,2025-04-20T13:00:19,medium
menu_4576.pdf,.pdf,2398,C:/Healthcare/PublicInfo/Notices/,2025-12-23T16:07:28,low
summary_maintenance_4577_confidential.xlsx,.xlsx,1889,C:/Healthcare/Maintenance/,2024-12-19T10:21:24,high
roster_4578.csv,.csv,365,C:/Healthcare/StaffSchedules/,2024-05-01T19:44:41,low
notice_4579.pdf,.pdf,715,C:/Healthcare/PublicInfo/Notices/,2024-11-18T07:25:41,medium
info_4580.txt,.txt,42,C:/Healthcare/PublicInfo/Parking/,2025-07-23T12:18:46,low
invoice_record_4581.csv,.csv,519,C:/Healthcare/Patients/,2025-10-17T15:25:09,low
schedule_4582.xlsx,.xlsx,473,C:/Healthcare/StaffSchedules/,2024-09-17T00:55:19,medium
agenda_4583.txt,.txt,8,C:/Healthcare/Meetings/,2024-12-22T16:55:44,low
parking_4584.pdf,.pdf,1611,C:/Healthcare/PublicInfo/Menu/,2024-08-20T19:38:13,low
maintenance_4585.pdf,.pdf,392,C:/Healthcare/Maintenance/,2025-11-05T10:52:38,low
specimen_4586_v2.pdf,.pdf,1864,C:/Healthcare/LabResults/,2025-04-15T21:03:23,high
announcement_invoice_4587.docx,.docx,496,C:/Healthcare/Insurance/,2023-10-24T03:19:16,low
passwords_patient_4588.docx,.docx,290,C:/Healthcare/Patients/,2025-07-06T00:37:48,low
menu_4589_draft.txt,.txt,17,C:/Healthcare/PublicInfo/Parking/,2025-06-17T13:39:57,low
consent_menu_4590.pdf,.pdf,1060,C:/Healthcare/PublicInfo/Notices/,2024-04-23T20:31:30,low
parking_reimbursement_4591.docx,.docx,225,C:/Healthcare/Insurance/,2025-05-19T01:38:59,low
procedure_4592.xlsx,.xlsx,113,C:/Healthcare/Internal/Protocols/,2023-05-18T09:31:41,low
visit_4593.xlsx,.xlsx,1156,C:/Healthcare/Patients/,2024-12-08T15:44:04,medium
coverage_4594.csv,.csv,39,C:/Healthcare/Insurance/,2024-11-06T05:52:59,medium
prescription_specimen_4595.csv,.csv,420,C:/Healthcare/LabResults/,2024-02-27T08:11:35,low
procedure_4596.pdf,.pdf,493,C:/Healthcare/Internal/Protocols/,2025-05-29T17:15:55,low
report_maintenance_4597.pdf,.pdf,164,C:/Healthcare/Maintenance/,2024-03-02T22:43:22,low
maintenance_4598.txt,.txt,24,C:/Healthcare/Maintenance/,2024-03-10T06:51:11,low
public_workorder_4599.txt,.txt,127,C:/Healthcare/Maintenance/,2023-09-28T18:45:29,low
info_4600.pdf,.pdf,2332,C:/Healthcare/PublicInfo/Menu/,2025-10-17T06:45:37,low
reimbursement_4601.csv,.csv,288,C:/Healthcare/Insurance/,2025-06-04T05:21:54,high
test_parking_4602.pdf,.pdf,159,C:/Healthcare/PublicInfo/Parking/,2025-12-19T12:40:03,low
notice_log_4603.txt,.txt,3,C:/Healthcare/Maintenance/,2025-10-11T21:13:45,low
info_4604.pdf,.pdf,841,C:/Healthcare/PublicInfo/Notices/,2025-11-27T21:13:45,high
minutes_4605.txt,.txt,29,C:/Healthcare/Meetings/,2025-06-07T19:23:40,low
visit_4606.docx,.docx,35,C:/Healthcare/Patients/,2024-07-12T12:36:25,medium
parking_4607.txt,.txt,78,C:/Healthcare/PublicInfo/Parking/,2023-03-26T10:42:06,low
public_notice_4608.pdf,.pdf,2252,C:/Healthcare/PublicInfo/Notices/,2024-10-10T16:06:25,low
public_schedule_4609_final.xlsx,.xlsx,1085,C:/Healthcare/StaffSchedules/,2023-09-01T17:14:21,low
schedule_4610.xlsx,.xlsx,1602,C:/Healthcare/StaffSchedules/,2024-11-03T05:01:31,medium
info_4611.csv,.csv,805,C:/Healthcare/PublicInfo/Notices/,2023-08-04T14:10:52,low
workorder_4612.pdf,.pdf,1432,C:/Healthcare/Maintenance/,2024-08-20T07:45:57,medium
announcement_minutes_4613.txt,.txt,91,C:/Healthcare/Meetings/,2023-06-23T07:30:39,low
prescription_shift_4614.xlsx,.xlsx,748,C:/Healthcare/StaffSchedules/,2025-08-23T18:48:32,medium
parking_4615.pdf,.pdf,1482,C:/Healthcare/PublicInfo/Notices/,2024-04-28T16:38:57,high
workorder_4616.xlsx,.xlsx,1800,C:/Healthcare/Maintenance/,2024-06-04T04:36:28,medium
announcement_analysis_4617.pdf,.pdf,1027,C:/Healthcare/LabResults/,2025-08-16T05:28:44,low
results_log_4618.xlsx,.xlsx,1444,C:/Healthcare/Maintenance/,2024-03-24T15:39:10,medium
analysis_4619.csv,.csv,482,C:/Healthcare/LabResults/,2025-12-13T09:10:52,low
parking_4620.txt,.txt,14,C:/Healthcare/PublicInfo/Menu/,2023-01-04T22:09:22,medium
guideline_4621_draft.pdf,.pdf,168,C:/Healthcare/Internal/Protocols/,2024-12-31T15:07:47,medium
lab_agenda_4622.txt,.txt,128,C:/Healthcare/Meetings/,2025-06-23T13:49:42,low
schedule_schedule_4623.pdf,.pdf,164,C:/Healthcare/StaffSchedules/,2024-04-22T02:32:50,low
medical_maintenance_4624_confidential.pdf,.pdf,415,C:/Healthcare/Maintenance/,2024-11-25T10:18:10,medium
protocol_4625.xlsx,.xlsx,3307,C:/Healthcare/Internal/Protocols/,2023-01-31T19:36:11,medium
workorder_4626_confidential.xlsx,.xlsx,436,C:/Healthcare/Maintenance/,2024-07-24T15:53:01,low
info_4627.csv,.csv,307,C:/Healthcare/PublicInfo/Notices/,2023-09-22T23:18:36,low
invoice_menu_4628.txt,.txt,44,C:/Healthcare/PublicInfo/Menu/,2023-06-19T12:01:57,low
coverage_4629.csv,.csv,683,C:/Healthcare/Insurance/,2025-12-12T14:16:16,low
parking_4630.pdf,.pdf,2108,C:/Healthcare/PublicInfo/Notices/,2024-08-18T07:05:38,low
policy_4631.csv,.csv,391,C:/Healthcare/Insurance/,2023-11-09T11:51:13,medium
diagnosis_claim_4632.docx,.docx,829,C:/Healthcare/Insurance/,2023-03-11T02:01:32,low
info_4633.pdf,.pdf,1578,C:/Healthcare/PublicInfo/Menu/,2025-11-21T21:55:40,low
info_4634.pdf,.pdf,1388,C:/Healthcare/PublicInfo/Menu/,2023-04-25T16:49:31,medium
info_4635_v2.txt,.txt,18,C:/Healthcare/PublicInfo/Menu/,2024-07-13T05:16:27,low
results_4636.xls,.xls,922,C:/Healthcare/LabResults/,2023-11-04T13:38:40,low
parking_parking_4637.csv,.csv,390,C:/Healthcare/PublicInfo/Menu/,2024-01-17T20:39:25,medium
workorder_4638_draft.xlsx,.xlsx,813,C:/Healthcare/Maintenance/,2023-03-12T14:48:54,low
menu_4639.csv,.csv,113,C:/Healthcare/PublicInfo/Menu/,2025-07-27T18:30:56,high
policy_4640.docx,.docx,211,C:/Healthcare/Insurance/,2024-10-12T15:06:43,high
menu_4641.csv,.csv,167,C:/Healthcare/PublicInfo/Notices/,2024-07-29T18:15:41,high
menu_procedure_4642.pdf,.pdf,200,C:/Healthcare/Internal/Protocols/,2024-08-28T03:25:17,low
prescription_procedure_4643.pdf,.pdf,1344,C:/Healthcare/Internal/Protocols/,2025-03-25T23:27:28,medium
visit_4644.docx,.docx,139,C:/Healthcare/Patients/,2024-04-17T05:16:29,medium
minutes_4645_draft.docx,.docx,202,C:/Healthcare/Meetings/,2024-06-23T01:28:08,high
log_4646.pdf,.pdf,108,C:/Healthcare/Maintenance/,2024-09-08T13:40:47,high
procedure_4647.pdf,.pdf,1123,C:/Healthcare/Internal/Protocols/,2024-01-27T13:23:00,medium
public_roster_4648.xlsx,.xlsx,943,C:/Healthcare/StaffSchedules/,2023-06-06T11:29:25,low
appointment_roster_4649.csv,.csv,213,C:/Healthcare/StaffSchedules/,2023-03-18T18:12:30,high
test_policy_4650.docx,.docx,696,C:/Healthcare/Insurance/,2024-02-23T18:15:40,low
summary_record_4651.xlsx,.xlsx,978,C:/Healthcare/Patients/,2023-02-04T17:36:57,medium
lab_claim_4652_final.pdf,.pdf,1285,C:/Healthcare/Insurance/,2025-10-21T04:15:43,medium
report_reimbursement_4653.pdf,.pdf,800,C:/Healthcare/Insurance/,2023-09-09T08:18:28,low
public_guideline_4654.docx,.docx,328,C:/Healthcare/Internal/Protocols/,2024-09-25T15:34:02,medium
info_4655.csv,.csv,493,C:/Healthcare/PublicInfo/Parking/,2025-05-07T05:36:19,medium
announcement_roster_4656.xlsx,.xlsx,1615,C:/Healthcare/StaffSchedules/,2023-10-19T13:31:57,medium
schedule_results_4657.csv,.csv,261,C:/Healthcare/LabResults/,2025-07-01T23:02:38,low
reimbursement_4658.pdf,.pdf,954,C:/Healthcare/Insurance/,2023-10-11T04:48:57,low
notice_agenda_4659.pdf,.pdf,2941,C:/Healthcare/Meetings/,2023-12-13T13:18:06,medium
roster_4660.csv,.csv,330,C:/Healthcare/StaffSchedules/,2024-06-08T20:00:40,low
schedule_procedure_4661_confidential.xlsx,.xlsx,2226,C:/Healthcare/Internal/Protocols/,2025-12-03T21:35:16,medium
menu_test_4662.pdf,.pdf,1725,C:/Healthcare/LabResults/,2024-08-25T12:51:36,low
maintenance_menu_4663.txt,.txt,85,C:/Healthcare/PublicInfo/Parking/,2023-08-31T18:05:52,low
invoice_guideline_4664_v2.pdf,.pdf,930,C:/Healthcare/Internal/Protocols/,2023-12-30T22:57:35,low
public_schedule_4665.pdf,.pdf,833,C:/Healthcare/StaffSchedules/,2024-06-12T16:59:51,low
schedule_4666.pdf,.pdf,281,C:/Healthcare/StaffSchedules/,2025-03-01T08:12:17,low
policy_4667.pdf,.pdf,1207,C:/Healthcare/Insurance/,2025-01-18T20:16:12,low
patient_4668.xlsx,.xlsx,455,C:/Healthcare/Patients/,2024-09-03T18:30:40,low
parking_4669.pdf,.pdf,2008,C:/Healthcare/PublicInfo/Parking/,2024-07-23T16:47:42,low
consent_info_4670.csv,.csv,588,C:/Healthcare/PublicInfo/Menu/,2025-10-23T04:31:34,high
menu_record_4671.xlsx,.xlsx,554,C:/Healthcare/Patients/,2023-06-21T18:23:17,low
record_4672.csv,.csv,258,C:/Healthcare/Patients/,2024-10-18T19:53:59,high
notice_4673.txt,.txt,60,C:/Healthcare/PublicInfo/Menu/,2023-03-18T16:03:42,low
notice_maintenance_4674.pdf,.pdf,483,C:/Healthcare/Maintenance/,2023-11-05T12:31:41,medium
maintenance_policy_4675.pdf,.pdf,1783,C:/Healthcare/Insurance/,2023-04-02T02:54:26,high
maintenance_schedule_4676.csv,.csv,759,C:/Healthcare/StaffSchedules/,2024-09-30T20:57:18,high
parking_4677.pdf,.pdf,3117,C:/Healthcare/PublicInfo/Notices/,2023-09-12T00:56:43,low
workorder_4678.xlsx,.xlsx,111,C:/Healthcare/Maintenance/,2024-11-06T12:58:23,low
parking_4679.txt,.txt,67,C:/Healthcare/PublicInfo/Parking/,2023-02-16T11:10:24,low
notice_4680.txt,.txt,79,C:/Healthcare/PublicInfo/Parking/,2024-03-26T11:44:36,medium
announcement_parking_4681.csv,.csv,81,C:/Healthcare/PublicInfo/Notices/,2025-10-11T06:18:41,low
report_patient_4682.pdf,.pdf,1277,C:/Healthcare/Patients/,2023-04-21T21:28:39,low
report_agenda_4683.txt,.txt,85,C:/Healthcare/Meetings/,2023-05-13T23:20:39,low
public_coverage_4684.pdf,.pdf,2887,C:/Healthcare/Insurance/,2023-12-04T03:20:50,high
schedule_specimen_4685.xlsx,.xlsx,1904,C:/Healthcare/LabResults/,2024-07-09T16:53:53,high
results_test_4686.xls,.xls,1780,C:/Healthcare/LabResults/,2023-07-24T10:02:05,high
notice_4687.txt,.txt,105,C:/Healthcare/PublicInfo/Parking/,2023-06-28T10:13:37,medium
report_analysis_4688.pdf,.pdf,754,C:/Healthcare/LabResults/,2025-08-15T10:42:08,high
schedule_4689.xlsx,.xlsx,813,C:/Healthcare/StaffSchedules/,2025-02-14T00:37:09,high
notice_claim_4690.csv,.csv,552,C:/Healthcare/Insurance/,2024-05-15T01:35:20,high
record_4691.docx,.docx,327,C:/Healthcare/Patients/,2025-03-15T00:03:07,low
audit_info_4692.csv,.csv,297,C:/Healthcare/PublicInfo/Menu/,2023-03-02T13:08:11,low
specimen_4693.csv,.csv,272,C:/Healthcare/LabResults/,2025-07-06T17:54:39,low
test_4694.pdf,.pdf,362,C:/Healthcare/LabResults/,2023-06-27T12:03:38,high
invoice_4695.csv,.csv,375,C:/Healthcare/Insurance/,2025-12-24T15:55:15,high
parking_claim_4696.docx,.docx,36,C:/Healthcare/Insurance/,2024-02-16T04:18:06,low
notice_roster_4697.xlsx,.xlsx,931,C:/Healthcare/StaffSchedules/,2024-11-04T09:48:01,low
guideline_4698.xlsx,.xlsx,855,C:/Healthcare/Internal/Protocols/,2023-09-23T17:35:20,low
invoice_protocol_4699.pdf,.pdf,218,C:/Healthcare/Internal/Protocols/,2025-03-13T14:17:07,low
announcement_roster_4700_final.csv,.csv,264,C:/Healthcare/StaffSchedules/,2025-08-05T02:30:02,low
lab_roster_4701.csv,.csv,129,C:/Healthcare/StaffSchedules/,2025-05-22T22:09:15,low
invoice_4702_archived.docx,.docx,669,C:/Healthcare/Insurance/,2023-08-23T14:47:18,low
notice_procedure_4703.xlsx,.xlsx,1655,C:/Healthcare/Internal/Protocols/,2024-10-12T01:52:25,low
report_protocol_4704.pdf,.pdf,1983,C:/Healthcare/Internal/Protocols/,2025-10-19T14:47:37,medium
maintenance_info_4705_confidential.txt,.txt,46,C:/Healthcare/PublicInfo/Parking/,2025-10-03T21:34:16,low
schedule_log_4706.xlsx,.xlsx,1457,C:/Healthcare/Maintenance/,2025-09-29T21:23:49,low
notice_diagnosis_4707_v2.xlsx,.xlsx,719,C:/Healthcare/Patients/,2025-07-06T08:55:09,low
parking_info_4708.csv,.csv,350,C:/Healthcare/PublicInfo/Notices/,2023-04-15T21:40:49,medium
schedule_claim_4709.pdf,.pdf,397,C:/Healthcare/Insurance/,2023-03-07T17:23:14,low
notice_4710.txt,.txt,99,C:/Healthcare/PublicInfo/Parking/,2023-11-23T23:47:56,low
menu_4711.txt,.txt,44,C:/Healthcare/PublicInfo/Menu/,2023-05-26T08:45:04,low
parking_test_4712_final.csv,.csv,42,C:/Healthcare/LabResults/,2023-06-13T10:44:02,low
public_maintenance_4713.txt,.txt,170,C:/Healthcare/Maintenance/,2024-01-20T22:16:13,high
notice_4714.txt,.txt,96,C:/Healthcare/PublicInfo/Notices/,2024-09-06T14:21:00,low
parking_4715.csv,.csv,433,C:/Healthcare/PublicInfo/Parking/,2025-02-06T02:17:04,low
agenda_4716_final.pdf,.pdf,2074,C:/Healthcare/Meetings/,2023-02-10T00:46:35,medium
report_roster_4717_v2.csv,.csv,373,C:/Healthcare/StaffSchedules/,2023-05-31T10:20:35,high
notice_4718.pdf,.pdf,1094,C:/Healthcare/PublicInfo/Menu/,2024-07-03T05:11:24,low
announcement_lab_4719.pdf,.pdf,272,C:/Healthcare/LabResults/,2023-12-14T00:23:53,medium
guideline_4720.docx,.docx,272,C:/Healthcare/Internal/Protocols/,2023-09-20T09:07:07,low
menu_4721.txt,.txt,77,C:/Healthcare/PublicInfo/Parking/,2025-10-03T21:57:00,high
public_visit_4722.pdf,.pdf,278,C:/Healthcare/Patients/,2023-08-09T18:25:15,low
analysis_4723.csv,.csv,526,C:/Healthcare/LabResults/,2025-08-28T12:47:11,low
procedure_4724.xlsx,.xlsx,284,C:/Healthcare/Internal/Protocols/,2023-04-09T11:22:59,low
summary_info_4725.pdf,.pdf,850,C:/Healthcare/PublicInfo/Notices/,2023-12-15T21:27:43,medium
public_notice_4726.csv,.csv,118,C:/Healthcare/PublicInfo/Parking/,2024-12-27T18:30:43,low
menu_protocol_4727.docx,.docx,378,C:/Healthcare/Internal/Protocols/,2023-09-04T03:21:55,medium
invoice_meeting_4728.txt,.txt,49,C:/Healthcare/Meetings/,2023-05-02T19:46:17,low
maintenance_4729_archived.xlsx,.xlsx,1546,C:/Healthcare/Maintenance/,2025-08-03T07:43:36,low
payroll_parking_4730.pdf,.pdf,771,C:/Healthcare/PublicInfo/Menu/,2024-07-28T00:41:31,low
appointment_menu_4731.pdf,.pdf,1413,C:/Healthcare/PublicInfo/Menu/,2024-04-11T21:03:51,low
diagnosis_meeting_4732.docx,.docx,133,C:/Healthcare/Meetings/,2024-08-28T22:13:29,low
parking_guideline_4733.xlsx,.xlsx,1420,C:/Healthcare/Internal/Protocols/,2024-05-28T18:55:42,high
roster_4734.xlsx,.xlsx,203,C:/Healthcare/StaffSchedules/,2023-01-26T20:55:23,medium
notice_4735.csv,.csv,225,C:/Healthcare/PublicInfo/Parking/,2025-03-13T04:15:32,low
confidential_menu_4736.csv,.csv,60,C:/Healthcare/PublicInfo/Menu/,2025-07-30T15:59:25,low
parking_4737.pdf,.pdf,375,C:/Healthcare/PublicInfo/Notices/,2025-02-09T18:41:55,low
schedule_parking_4738.txt,.txt,66,C:/Healthcare/PublicInfo/Notices/,2023-12-12T10:41:13,low
diagnosis_parking_4739.csv,.csv,515,C:/Healthcare/PublicInfo/Notices/,2024-11-25T18:13:52,low
notice_parking_4740.csv,.csv,460,C:/Healthcare/PublicInfo/Parking/,2024-08-19T04:40:46,low
schedule_visit_4741.xlsx,.xlsx,1563,C:/Healthcare/Patients/,2023-05-12T07:41:36,medium
invoice_log_4742.txt,.txt,13,C:/Healthcare/Maintenance/,2025-12-08T15:55:16,low
results_invoice_4743.csv,.csv,71,C:/Healthcare/Insurance/,2024-07-15T20:35:59,medium
notice_4744.txt,.txt,151,C:/Healthcare/PublicInfo/Parking/,2025-11-06T08:11:05,high
agenda_4745_final.txt,.txt,44,C:/Healthcare/Meetings/,2023-11-11T04:39:21,high
workorder_4746.txt,.txt,62,C:/Healthcare/Maintenance/,2025-08-30T06:10:09,low
parking_parking_4747_v2.txt,.txt,26,C:/Healthcare/PublicInfo/Notices/,2023-10-28T05:24:49,low
menu_4748.pdf,.pdf,948,C:/Healthcare/PublicInfo/Parking/,2025-09-28T18:26:20,low
results_info_4749.csv,.csv,355,C:/Healthcare/PublicInfo/Menu/,2024-02-06T12:00:28,low
diagnosis_4750.pdf,.pdf,16,C:/Healthcare/Patients/,2024-05-26T10:46:32,medium
menu_roster_4751.csv,.csv,433,C:/Healthcare/StaffSchedules/,2024-02-08T20:15:24,medium
menu_4752.csv,.csv,301,C:/Healthcare/PublicInfo/Parking/,2025-05-23T08:09:01,low
menu_4753.txt,.txt,61,C:/Healthcare/PublicInfo/Parking/,2025-03-05T11:57:32,medium
info_4754_draft.pdf,.pdf,74,C:/Healthcare/PublicInfo/Notices/,2025-10-04T13:43:48,low
appointment_meeting_4755.pdf,.pdf,49,C:/Healthcare/Meetings/,2023-10-02T13:19:16,low
agenda_4756.pdf,.pdf,1879,C:/Healthcare/Meetings/,2025-03-11T21:32:00,low
notice_4757.txt,.txt,51,C:/Healthcare/PublicInfo/Notices/,2025-10-17T21:04:12,low
maintenance_invoice_4758_draft.docx,.docx,19,C:/Healthcare/Insurance/,2023-05-13T03:54:35,low
invoice_maintenance_4759_archived.txt,.txt,19,C:/Healthcare/Maintenance/,2023-12-31T08:32:33,low
notice_4760.csv,.csv,104,C:/Healthcare/PublicInfo/Notices/,2024-09-09T23:07:19,low
notice_4761.txt,.txt,77,C:/Healthcare/PublicInfo/Menu/,2025-06-15T14:55:15,low
menu_4762.txt,.txt,33,C:/Healthcare/PublicInfo/Menu/,2023-10-07T20:44:07,medium
meeting_4763.docx,.docx,433,C:/Healthcare/Meetings/,2025-05-07T13:49:34,medium
info_4764_archived.txt,.txt,61,C:/Healthcare/PublicInfo/Menu/,2024-12-15T23:30:45,medium
procedure_4765.docx,.docx,284,C:/Healthcare/Internal/Protocols/,2023-02-10T05:21:11,low
protocol_4766.docx,.docx,324,C:/Healthcare/Internal/Protocols/,2024-03-20T05:03:18,medium
notice_4767.csv,.csv,298,C:/Healthcare/PublicInfo/Parking/,2023-10-08T18:11:19,low
test_4768_final.xlsx,.xlsx,2851,C:/Healthcare/LabResults/,2023-02-10T09:43:03,low
menu_4769.txt,.txt,24,C:/Healthcare/PublicInfo/Menu/,2024-08-30T16:51:13,medium
minutes_4770.pdf,.pdf,897,C:/Healthcare/Meetings/,2023-12-13T06:27:11,medium
log_4771.xlsx,.xlsx,678,C:/Healthcare/Maintenance/,2023-06-05T16:56:09,low
schedule_invoice_4772.pdf,.pdf,416,C:/Healthcare/Insurance/,2024-07-10T09:22:21,high
guideline_4773_final.xlsx,.xlsx,43,C:/Healthcare/Internal/Protocols/,2025-04-07T18:25:29,low
report_claim_4774.pdf,.pdf,585,C:/Healthcare/Insurance/,2023-10-27T18:36:18,high
menu_4775.csv,.csv,119,C:/Healthcare/PublicInfo/Menu/,2024-04-11T11:59:35,low
meeting_4776.txt,.txt,122,C:/Healthcare/Meetings/,2023-07-25T12:03:09,high
menu_4777.csv,.csv,194,C:/Healthcare/PublicInfo/Menu/,2023-08-07T10:05:40,low
protocol_4778.docx,.docx,381,C:/Healthcare/Internal/Protocols/,2024-02-13T00:05:17,high
shift_4779_confidential.csv,.csv,100,C:/Healthcare/StaffSchedules/,2025-06-13T13:17:44,low
menu_protocol_4780_final.xlsx,.xlsx,528,C:/Healthcare/Internal/Protocols/,2025-07-01T16:27:10,medium
protocol_4781.xlsx,.xlsx,200,C:/Healthcare/Internal/Protocols/,2024-07-24T23:19:22,high
protocol_4782.docx,.docx,141,C:/Healthcare/Internal/Protocols/,2023-02-23T11:54:16,high
roster_4783_draft.xlsx,.xlsx,100,C:/Healthcare/StaffSchedules/,2025-03-20T01:13:04,low
visit_4784_draft.pdf,.pdf,1055,C:/Healthcare/Patients/,2024-07-09T17:00:15,high
lab_notice_4785_draft.pdf,.pdf,772,C:/Healthcare/PublicInfo/Parking/,2025-08-26T06:51:31,medium
invoice_4786.docx,.docx,16,C:/Healthcare/Insurance/,2025-08-23T13:13:26,low
payroll_record_4787_archived.xlsx,.xlsx,174,C:/Healthcare/Patients/,2024-07-26T15:03:57,low
guideline_4788_confidential.docx,.docx,1027,C:/Healthcare/Internal/Protocols/,2024-10-15T07:04:27,low
parking_4789.pdf,.pdf,789,C:/Healthcare/PublicInfo/Notices/,2023-01-29T00:44:52,low
guideline_4790.pdf,.pdf,2117,C:/Healthcare/Internal/Protocols/,2023-07-15T21:18:04,low
patient_4791.pdf,.pdf,144,C:/Healthcare/Patients/,2023-02-15T00:16:23,medium
workorder_4792.xlsx,.xlsx,1914,C:/Healthcare/Maintenance/,2025-05-20T20:22:51,low
notice_4793.csv,.csv,130,C:/Healthcare/PublicInfo/Notices/,2024-10-01T17:03:40,medium
agenda_4794.docx,.docx,271,C:/Healthcare/Meetings/,2023-11-23T17:14:29,low
prescription_invoice_4795.csv,.csv,3,C:/Healthcare/Insurance/,2025-05-28T20:32:45,low
schedule_4796_confidential.xlsx,.xlsx,1238,C:/Healthcare/StaffSchedules/,2024-09-13T23:08:47,low
parking_4797.txt,.txt,66,C:/Healthcare/PublicInfo/Parking/,2025-11-16T19:55:57,low
notice_4798.csv,.csv,280,C:/Healthcare/PublicInfo/Notices/,2025-03-10T16:16:49,low
test_parking_4799.txt,.txt,134,C:/Healthcare/PublicInfo/Notices/,2023-11-29T23:41:00,low
menu_4800_confidential.txt,.txt,92,C:/Healthcare/PublicInfo/Parking/,2025-05-30T14:30:03,high
report_agenda_4801.docx,.docx,380,C:/Healthcare/Meetings/,2023-02-04T19:57:38,low
guideline_4802_final.docx,.docx,126,C:/Healthcare/Internal/Protocols/,2024-08-23T01:53:58,low
confidential_test_4803.xlsx,.xlsx,1855,C:/Healthcare/LabResults/,2023-07-29T23:17:10,low
notice_roster_4804.csv,.csv,381,C:/Healthcare/StaffSchedules/,2024-01-22T19:38:19,low
parking_guideline_4805_draft.pdf,.pdf,2205,C:/Healthcare/Internal/Protocols/,2025-05-26T02:47:34,medium
confidential_menu_4806.txt,.txt,80,C:/Healthcare/PublicInfo/Notices/,2023-06-20T05:47:59,high
specimen_4807.xls,.xls,1849,C:/Healthcare/LabResults/,2024-09-23T01:05:36,high
lab_workorder_4808.txt,.txt,103,C:/Healthcare/Maintenance/,2025-05-25T11:40:22,medium
meeting_4809_final.docx,.docx,377,C:/Healthcare/Meetings/,2025-12-17T04:36:08,high
maintenance_consent_4810.pdf,.pdf,231,C:/Healthcare/Patients/,2023-10-18T02:54:41,low
roster_4811.csv,.csv,257,C:/Healthcare/StaffSchedules/,2024-09-02T15:08:30,medium
public_invoice_4812.pdf,.pdf,2138,C:/Healthcare/Insurance/,2025-06-06T15:22:46,high
patient_4813.docx,.docx,280,C:/Healthcare/Patients/,2025-03-26T02:33:13,low
results_test_4814.xlsx,.xlsx,452,C:/Healthcare/LabResults/,2024-12-26T05:58:10,high
agenda_4815.txt,.txt,113,C:/Healthcare/Meetings/,2023-05-11T14:35:47,low
log_4816.xlsx,.xlsx,108,C:/Healthcare/Maintenance/,2025-08-31T21:14:28,medium
results_maintenance_4817.xlsx,.xlsx,191,C:/Healthcare/Maintenance/,2023-09-24T12:36:28,low
protocol_4818.pdf,.pdf,753,C:/Healthcare/Internal/Protocols/,2023-09-25T17:09:56,low
lab_menu_4819.pdf,.pdf,16,C:/Healthcare/PublicInfo/Menu/,2023-06-22T18:21:46,medium
maintenance_shift_4820.xlsx,.xlsx,1760,C:/Healthcare/StaffSchedules/,2023-04-12T12:08:43,high
results_roster_4821.xlsx,.xlsx,906,C:/Healthcare/StaffSchedules/,2025-09-24T14:43:05,medium
notice_4822.txt,.txt,31,C:/Healthcare/PublicInfo/Parking/,2023-07-26T19:44:11,low
consent_menu_4823.csv,.csv,168,C:/Healthcare/PublicInfo/Parking/,2025-01-04T19:55:48,low
guideline_4824.pdf,.pdf,318,C:/Healthcare/Internal/Protocols/,2024-04-19T22:04:25,medium
maintenance_analysis_4825.xls,.xls,307,C:/Healthcare/LabResults/,2024-11-25T17:50:31,low
notice_4826.pdf,.pdf,1439,C:/Healthcare/PublicInfo/Menu/,2024-03-15T03:01:13,low
parking_4827.pdf,.pdf,1244,C:/Healthcare/PublicInfo/Parking/,2025-01-21T05:21:00,medium
lab_record_4828.xlsx,.xlsx,585,C:/Healthcare/Patients/,2025-05-07T08:36:27,medium
analysis_4829.pdf,.pdf,751,C:/Healthcare/LabResults/,2025-10-29T05:16:32,medium
schedule_info_4830_final.pdf,.pdf,883,C:/Healthcare/PublicInfo/Parking/,2023-04-16T13:04:36,low
schedule_results_4831.xls,.xls,1862,C:/Healthcare/LabResults/,2025-03-12T05:41:15,high
menu_menu_4832.pdf,.pdf,218,C:/Healthcare/PublicInfo/Menu/,2024-03-19T16:11:58,low
info_4833_draft.csv,.csv,66,C:/Healthcare/PublicInfo/Menu/,2023-02-10T02:08:52,low
public_info_4834.txt,.txt,90,C:/Healthcare/PublicInfo/Notices/,2024-03-09T13:21:26,low
record_4835.pdf,.pdf,509,C:/Healthcare/Patients/,2023-12-25T22:30:10,low
invoice_info_4836.txt,.txt,94,C:/Healthcare/PublicInfo/Parking/,2024-12-13T07:29:41,low
schedule_lab_4837.xls,.xls,225,C:/Healthcare/LabResults/,2024-11-22T21:44:12,low
announcement_parking_4838.pdf,.pdf,436,C:/Healthcare/PublicInfo/Parking/,2025-09-11T21:35:46,high
specimen_4839_archived.csv,.csv,305,C:/Healthcare/LabResults/,2023-11-28T20:26:11,low
log_4840.xlsx,.xlsx,178,C:/Healthcare/Maintenance/,2023-02-16T10:39:51,low
info_4841.txt,.txt,62,C:/Healthcare/PublicInfo/Parking/,2023-11-23T22:59:26,low
diagnosis_patient_4842.csv,.csv,142,C:/Healthcare/Patients/,2023-09-30T11:45:00,high
specimen_4843.csv,.csv,514,C:/Healthcare/LabResults/,2024-07-22T14:29:15,medium
maintenance_4844.txt,.txt,111,C:/Healthcare/Maintenance/,2024-12-29T19:02:27,low
parking_minutes_4845.docx,.docx,296,C:/Healthcare/Meetings/,2023-12-02T14:02:42,low
menu_menu_4846_v2.pdf,.pdf,975,C:/Healthcare/PublicInfo/Parking/,2024-09-22T09:58:09,medium
menu_patient_4847.docx,.docx,397,C:/Healthcare/Patients/,2023-03-15T03:59:04,high
guideline_4848.pdf,.pdf,1817,C:/Healthcare/Internal/Protocols/,2023-07-02T02:05:56,high
procedure_4849.docx,.docx,389,C:/Healthcare/Internal/Protocols/,2024-06-23T15:03:20,medium
patient_4850.docx,.docx,167,C:/Healthcare/Patients/,2024-01-29T16:07:29,low
invoice_agenda_4851.docx,.docx,393,C:/Healthcare/Meetings/,2025-11-18T07:37:45,high
invoice_4852.pdf,.pdf,2696,C:/Healthcare/Insurance/,2023-08-12T08:36:26,high
summary_roster_4853.pdf,.pdf,14,C:/Healthcare/StaffSchedules/,2023-10-05T19:22:12,medium
guideline_4854.pdf,.pdf,1329,C:/Healthcare/Internal/Protocols/,2023-10-06T20:04:00,low
visit_4855_final.docx,.docx,681,C:/Healthcare/Patients/,2024-01-30T06:16:25,medium
guideline_4856.xlsx,.xlsx,445,C:/Healthcare/Internal/Protocols/,2024-03-31T05:58:01,low
invoice_4857.docx,.docx,256,C:/Healthcare/Insurance/,2024-11-30T09:20:49,low
schedule_4858_final.pdf,.pdf,1405,C:/Healthcare/StaffSchedules/,2023-09-25T09:15:24,high
results_guideline_4859.docx,.docx,294,C:/Healthcare/Internal/Protocols/,2024-03-21T02:22:15,medium
menu_menu_4860.csv,.csv,45,C:/Healthcare/PublicInfo/Notices/,2024-03-09T00:10:41,low
analysis_4861_draft.pdf,.pdf,457,C:/Healthcare/LabResults/,2024-01-20T16:22:49,medium
roster_4862.csv,.csv,214,C:/Healthcare/StaffSchedules/,2024-08-21T21:31:17,low
guideline_4863.xlsx,.xlsx,2841,C:/Healthcare/Internal/Protocols/,2024-10-25T17:39:44,medium
lab_maintenance_4864.xlsx,.xlsx,824,C:/Healthcare/Maintenance/,2025-10-22T15:20:19,low
parking_4865_draft.txt,.txt,37,C:/Healthcare/PublicInfo/Menu/,2023-10-18T06:03:25,high
summary_agenda_4866_confidential.docx,.docx,687,C:/Healthcare/Meetings/,2025-07-10T10:43:23,low
schedule_visit_4867.csv,.csv,200,C:/Healthcare/Patients/,2023-04-30T12:23:41,medium
summary_menu_4868.txt,.txt,14,C:/Healthcare/PublicInfo/Parking/,2024-09-21T19:11:56,low
results_protocol_4869.docx,.docx,375,C:/Healthcare/Internal/Protocols/,2025-05-07T10:31:22,low
info_4870_archived.pdf,.pdf,231,C:/Healthcare/PublicInfo/Parking/,2024-02-06T08:07:33,low
log_4871.txt,.txt,83,C:/Healthcare/Maintenance/,2025-05-19T08:22:16,low
roster_4872.xlsx,.xlsx,962,C:/Healthcare/StaffSchedules/,2023-12-05T20:53:19,low
test_menu_4873.csv,.csv,26,C:/Healthcare/PublicInfo/Menu/,2023-02-04T09:04:18,low
menu_notice_4874_v2.txt,.txt,78,C:/Healthcare/PublicInfo/Parking/,2023-01-22T00:04:53,low
maintenance_protocol_4875.docx,.docx,133,C:/Healthcare/Internal/Protocols/,2023-12-12T01:04:49,low
lab_notice_4876.csv,.csv,517,C:/Healthcare/PublicInfo/Parking/,2023-12-20T16:08:02,low
invoice_procedure_4877.docx,.docx,273,C:/Healthcare/Internal/Protocols/,2024-10-09T03:31:05,low
policy_4878.docx,.docx,527,C:/Healthcare/Insurance/,2023-08-08T12:23:28,low
maintenance_meeting_4879_confidential.pdf,.pdf,2323,C:/Healthcare/Meetings/,2024-10-08T22:18:40,low
passwords_lab_4880.csv,.csv,541,C:/Healthcare/LabResults/,2024-09-04T02:44:42,high
coverage_4881.docx,.docx,83,C:/Healthcare/Insurance/,2023-07-31T09:38:37,high
info_4882.txt,.txt,25,C:/Healthcare/PublicInfo/Menu/,2024-01-05T21:28:55,low
invoice_4883.pdf,.pdf,1797,C:/Healthcare/Insurance/,2024-11-18T12:56:32,low
lab_agenda_4884.pdf,.pdf,198,C:/Healthcare/Meetings/,2024-09-11T19:03:53,low
announcement_coverage_4885.csv,.csv,218,C:/Healthcare/Insurance/,2024-06-13T18:22:45,low
appointment_info_4886.pdf,.pdf,1427,C:/Healthcare/PublicInfo/Parking/,2025-03-06T10:05:47,low
lab_4887.xls,.xls,1291,C:/Healthcare/LabResults/,2023-05-16T13:34:46,high
notice_4888.pdf,.pdf,211,C:/Healthcare/PublicInfo/Notices/,2024-06-12T12:18:24,low
public_analysis_4889.pdf,.pdf,847,C:/Healthcare/LabResults/,2025-07-16T07:44:35,low
schedule_info_4890_v2.csv,.csv,172,C:/Healthcare/PublicInfo/Menu/,2025-06-09T16:05:17,low
maintenance_4891.pdf,.pdf,771,C:/Healthcare/Maintenance/,2024-01-27T09:03:52,high
invoice_policy_4892.pdf,.pdf,2696,C:/Healthcare/Insurance/,2024-02-29T17:36:23,medium
results_coverage_4893.pdf,.pdf,547,C:/Healthcare/Insurance/,2023-10-25T22:47:09,low
notice_4894.pdf,.pdf,882,C:/Healthcare/PublicInfo/Notices/,2023-06-06T19:09:58,medium
record_4895.xlsx,.xlsx,1226,C:/Healthcare/Patients/,2023-11-16T16:22:51,low
shift_4896.xlsx,.xlsx,1794,C:/Healthcare/StaffSchedules/,2023-11-10T10:02:05,high
minutes_4897.txt,.txt,97,C:/Healthcare/Meetings/,2023-12-24T15:43:19,low
lab_roster_4898.pdf,.pdf,1412,C:/Healthcare/StaffSchedules/,2025-09-11T12:15:17,low
summary_notice_4899.csv,.csv,518,C:/Healthcare/PublicInfo/Notices/,2023-02-20T15:37:43,low
lab_parking_4900.csv,.csv,904,C:/Healthcare/PublicInfo/Menu/,2024-06-22T09:07:43,high
notice_4901.pdf,.pdf,356,C:/Healthcare/PublicInfo/Parking/,2023-10-01T09:34:36,low
maintenance_4902_draft.txt,.txt,104,C:/Healthcare/Maintenance/,2025-03-14T14:09:28,medium
invoice_parking_4903.pdf,.pdf,1352,C:/Healthcare/PublicInfo/Menu/,2024-01-10T09:24:49,medium
consent_schedule_4904.csv,.csv,116,C:/Healthcare/StaffSchedules/,2023-01-07T07:24:44,high
parking_4905.txt,.txt,38,C:/Healthcare/PublicInfo/Menu/,2023-06-17T19:10:31,low
parking_4906.csv,.csv,24,C:/Healthcare/PublicInfo/Parking/,2023-08-07T03:29:20,low
protocol_4907.pdf,.pdf,985,C:/Healthcare/Internal/Protocols/,2025-08-14T16:57:25,low
specimen_4908.csv,.csv,149,C:/Healthcare/LabResults/,2025-05-17T03:11:39,low
parking_notice_4909.txt,.txt,29,C:/Healthcare/PublicInfo/Menu/,2023-07-07T11:22:03,low
notice_parking_4910.csv,.csv,120,C:/Healthcare/PublicInfo/Parking/,2024-02-27T07:25:38,medium
visit_4911.pdf,.pdf,276,C:/Healthcare/Patients/,2025-07-03T21:52:15,medium
results_record_4912.xlsx,.xlsx,1188,C:/Healthcare/Patients/,2023-03-29T08:09:12,low
roster_4913.csv,.csv,431,C:/Healthcare/StaffSchedules/,2023-08-19T19:03:05,low
announcement_protocol_4914.pdf,.pdf,2568,C:/Healthcare/Internal/Protocols/,2025-11-08T14:03:40,medium
appointment_workorder_4915.pdf,.pdf,1654,C:/Healthcare/Maintenance/,2025-12-29T00:35:52,medium
public_procedure_4916.docx,.docx,898,C:/Healthcare/Internal/Protocols/,2025-02-19T17:54:44,low
notice_info_4917.pdf,.pdf,1292,C:/Healthcare/PublicInfo/Parking/,2023-10-31T08:16:09,low
notice_guideline_4918.docx,.docx,220,C:/Healthcare/Internal/Protocols/,2024-02-14T14:18:08,medium
notice_4919.txt,.txt,31,C:/Healthcare/PublicInfo/Notices/,2025-03-19T13:59:48,low
maintenance_4920.xlsx,.xlsx,1129,C:/Healthcare/Maintenance/,2023-12-07T17:32:58,medium
lab_4921.xlsx,.xlsx,250,C:/Healthcare/LabResults/,2023-02-21T12:51:05,low
protocol_4922.pdf,.pdf,1836,C:/Healthcare/Internal/Protocols/,2024-02-11T12:56:26,high
record_4923.docx,.docx,114,C:/Healthcare/Patients/,2023-01-31T15:43:00,low
shift_4924.xlsx,.xlsx,656,C:/Healthcare/StaffSchedules/,2024-12-04T08:45:18,low
parking_4925_final.txt,.txt,83,C:/Healthcare/PublicInfo/Parking/,2023-06-02T22:46:00,low
ssn_protocol_4926.xlsx,.xlsx,18,C:/Healthcare/Internal/Protocols/,2023-04-08T03:49:20,high
results_menu_4927_v2.pdf,.pdf,86,C:/Healthcare/PublicInfo/Parking/,2023-01-07T19:01:36,medium
notice_claim_4928.docx,.docx,54,C:/Healthcare/Insurance/,2025-06-07T20:47:16,low
record_4929.xlsx,.xlsx,301,C:/Healthcare/Patients/,2024-01-28T04:11:03,medium
schedule_procedure_4930.xlsx,.xlsx,1447,C:/Healthcare/Internal/Protocols/,2024-08-16T16:32:30,low
roster_4931.xlsx,.xlsx,733,C:/Healthcare/StaffSchedules/,2024-10-05T17:07:56,medium
maintenance_4932.xlsx,.xlsx,85,C:/Healthcare/Maintenance/,2024-04-02T15:03:01,low
test_lab_4933.xls,.xls,299,C:/Healthcare/LabResults/,2025-06-22T13:40:57,medium
diagnosis_4934.pdf,.pdf,224,C:/Healthcare/Patients/,2025-01-23T22:12:37,high
menu_4935.csv,.csv,174,C:/Healthcare/PublicInfo/Parking/,2025-09-06T10:04:46,low
consent_4936_v2.csv,.csv,177,C:/Healthcare/Patients/,2023-09-05T22:24:49,low
analysis_4937.pdf,.pdf,1621,C:/Healthcare/LabResults/,2024-08-07T10:05:21,low
notice_4938.csv,.csv,251,C:/Healthcare/PublicInfo/Parking/,2023-04-05T08:46:30,low
appointment_reimbursement_4939.csv,.csv,15,C:/Healthcare/Insurance/,2025-11-15T17:41:03,low
coverage_4940.csv,.csv,259,C:/Healthcare/Insurance/,2024-04-25T23:03:32,low
meeting_4941.docx,.docx,701,C:/Healthcare/Meetings/,2025-12-14T00:52:02,medium
appointment_invoice_4942.docx,.docx,857,C:/Healthcare/Insurance/,2025-08-25T19:22:12,low
consent_coverage_4943.pdf,.pdf,2670,C:/Healthcare/Insurance/,2025-10-14T08:18:27,high
schedule_roster_4944.csv,.csv,375,C:/Healthcare/StaffSchedules/,2025-09-19T21:44:57,medium
analysis_4945.xls,.xls,1737,C:/Healthcare/LabResults/,2024-05-12T00:59:45,high
public_roster_4946.pdf,.pdf,504,C:/Healthcare/StaffSchedules/,2025-12-30T02:51:45,low
reimbursement_4947.pdf,.pdf,1606,C:/Healthcare/Insurance/,2025-11-22T11:49:48,medium
test_4948.pdf,.pdf,1057,C:/Healthcare/LabResults/,2025-02-02T04:31:08,medium
notice_guideline_4949_confidential.docx,.docx,1033,C:/Healthcare/Internal/Protocols/,2023-09-22T04:20:53,low
parking_specimen_4950.csv,.csv,201,C:/Healthcare/LabResults/,2025-04-02T17:33:56,low
diagnosis_roster_4951_draft.csv,.csv,57,C:/Healthcare/StaffSchedules/,2023-04-15T23:09:33,high
diagnosis_4952.csv,.csv,176,C:/Healthcare/Patients/,2024-07-08T21:19:54,low
report_lab_4953.xls,.xls,94,C:/Healthcare/LabResults/,2023-11-19T21:08:28,low
report_consent_4954.csv,.csv,103,C:/Healthcare/Patients/,2023-09-13T03:01:41,low
test_menu_4955.pdf,.pdf,414,C:/Healthcare/PublicInfo/Parking/,2025-08-25T02:50:14,low
workorder_4956.txt,.txt,39,C:/Healthcare/Maintenance/,2025-07-17T20:22:59,low
insurance_claim_log_4957.txt,.txt,103,C:/Healthcare/Maintenance/,2024-11-12T22:49:09,low
menu_4958.csv,.csv,350,C:/Healthcare/PublicInfo/Menu/,2025-04-24T03:19:47,low
info_4959.csv,.csv,453,C:/Healthcare/PublicInfo/Menu/,2025-01-25T03:08:32,low
record_4960.docx,.docx,54,C:/Healthcare/Patients/,2025-06-21T15:52:03,high
notice_4961_confidential.csv,.csv,323,C:/Healthcare/PublicInfo/Menu/,2024-05-29T18:38:29,low
info_4962.txt,.txt,82,C:/Healthcare/PublicInfo/Menu/,2023-03-14T01:24:28,low
info_4963.pdf,.pdf,1877,C:/Healthcare/PublicInfo/Notices/,2025-02-26T22:27:37,high
medical_claim_4964.docx,.docx,778,C:/Healthcare/Insurance/,2023-09-10T20:09:51,high
summary_visit_4965_v2.xlsx,.xlsx,1316,C:/Healthcare/Patients/,2024-02-17T08:51:34,low
menu_4966.csv,.csv,119,C:/Healthcare/PublicInfo/Menu/,2024-04-01T03:51:18,low
info_4967.txt,.txt,23,C:/Healthcare/PublicInfo/Notices/,2024-05-25T18:46:52,medium
meeting_4968.pdf,.pdf,1299,C:/Healthcare/Meetings/,2023-12-19T17:03:51,low
log_4969.pdf,.pdf,1982,C:/Healthcare/Maintenance/,2023-04-14T08:49:04,low
summary_parking_4970.txt,.txt,55,C:/Healthcare/PublicInfo/Menu/,2023-05-03T23:35:18,low
claim_4971_final.csv,.csv,189,C:/Healthcare/Insurance/,2024-01-23T11:21:00,low
announcement_analysis_4972.xls,.xls,594,C:/Healthcare/LabResults/,2023-03-25T13:45:33,high
maintenance_workorder_4973.pdf,.pdf,56,C:/Healthcare/Maintenance/,2025-10-04T22:29:06,low
agenda_4974.pdf,.pdf,103,C:/Healthcare/Meetings/,2025-11-10T12:27:05,medium
minutes_4975_draft.pdf,.pdf,64,C:/Healthcare/Meetings/,2023-05-20T12:09:30,medium
info_4976.pdf,.pdf,1011,C:/Healthcare/PublicInfo/Notices/,2023-09-28T09:44:18,low
workorder_4977_final.xlsx,.xlsx,73,C:/Healthcare/Maintenance/,2024-11-26T13:02:45,low
info_4978.csv,.csv,90,C:/Healthcare/PublicInfo/Parking/,2025-11-25T01:57:59,low
parking_4979_draft.pdf,.pdf,1277,C:/Healthcare/PublicInfo/Menu/,2025-05-14T15:39:55,low
shift_4980.csv,.csv,571,C:/Healthcare/StaffSchedules/,2023-04-06T16:11:23,medium
menu_4981.txt,.txt,25,C:/Healthcare/PublicInfo/Menu/,2025-11-11T04:33:16,low
notice_meeting_4982.docx,.docx,96,C:/Healthcare/Meetings/,2024-07-04T02:29:05,medium
audit_test_4983.csv,.csv,251,C:/Healthcare/LabResults/,2024-12-30T02:08:42,low
roster_4984.pdf,.pdf,320,C:/Healthcare/StaffSchedules/,2025-01-10T11:00:45,low
public_workorder_4985.pdf,.pdf,240,C:/Healthcare/Maintenance/,2025-04-01T09:00:28,low
appointment_notice_4986.csv,.csv,184,C:/Healthcare/PublicInfo/Parking/,2023-12-25T00:52:16,low
schedule_4987.pdf,.pdf,405,C:/Healthcare/StaffSchedules/,2024-03-03T22:50:07,medium
public_analysis_4988.csv,.csv,426,C:/Healthcare/LabResults/,2024-10-08T15:17:16,high
maintenance_schedule_4989.xlsx,.xlsx,629,C:/Healthcare/StaffSchedules/,2023-09-26T05:51:57,low
visit_4990.csv,.csv,766,C:/Healthcare/Patients/,2024-01-07T14:52:01,medium
maintenance_log_4991_draft.xlsx,.xlsx,479,C:/Healthcare/Maintenance/,2024-03-27T21:57:14,low
announcement_reimbursement_4992_v2.docx,.docx,357,C:/Healthcare/Insurance/,2023-03-09T21:42:59,high
results_4993.xlsx,.xlsx,907,C:/Healthcare/LabResults/,2024-03-04T09:27:52,low
report_shift_4994.xlsx,.xlsx,1578,C:/Healthcare/StaffSchedules/,2025-02-12T15:21:07,medium
schedule_4995_archived.xlsx,.xlsx,341,C:/Healthcare/StaffSchedules/,2025-09-02T19:53:59,low
log_4996.txt,.txt,77,C:/Healthcare/Maintenance/,2024-03-23T00:11:47,low
invoice_notice_4997.pdf,.pdf,1257,C:/Healthcare/PublicInfo/Menu/,2023-07-26T04:07:07,high
meeting_4998.pdf,.pdf,251,C:/Healthcare/Meetings/,2023-11-28T00:22:02,medium
notice_4999.pdf,.pdf,737,C:/Healthcare/PublicInfo/Menu/,2023-06-05T23:35:26,medium
appointment_analysis_5000.xls,.xls,772,C:/Healthcare/LabResults/,2025-07-05T09:05:23,low
reimbursement_5001.csv,.csv,270,C:/Healthcare/Insurance/,2025-06-26T03:13:19,low
parking_agenda_5002.txt,.txt,12,C:/Healthcare/Meetings/,2024-04-21T08:10:23,low
parking_invoice_5003.docx,.docx,754,C:/Healthcare/Insurance/,2023-06-06T17:29:51,high
public_agenda_5004.pdf,.pdf,1423,C:/Healthcare/Meetings/,2023-07-29T03:23:22,low
maintenance_info_5005.csv,.csv,169,C:/Healthcare/PublicInfo/Notices/,2023-02-08T15:52:22,high
appointment_agenda_5006.pdf,.pdf,484,C:/Healthcare/Meetings/,2025-08-04T14:44:35,medium
announcement_protocol_5007.xlsx,.xlsx,1569,C:/Healthcare/Internal/Protocols/,2024-11-16T12:48:06,low
results_results_5008.pdf,.pdf,802,C:/Healthcare/LabResults/,2023-11-13T05:21:24,medium
report_menu_5009.txt,.txt,100,C:/Healthcare/PublicInfo/Notices/,2023-08-16T04:09:05,medium
diagnosis_5010.docx,.docx,500,C:/Healthcare/Patients/,2023-03-22T17:07:38,high
appointment_info_5011.pdf,.pdf,2573,C:/Healthcare/PublicInfo/Menu/,2025-04-04T20:17:32,low
lab_workorder_5012.txt,.txt,49,C:/Healthcare/Maintenance/,2023-09-05T04:19:03,low
maintenance_test_5013.xlsx,.xlsx,259,C:/Healthcare/LabResults/,2025-12-06T10:28:04,low
protocol_5014.pdf,.pdf,1496,C:/Healthcare/Internal/Protocols/,2024-02-24T20:20:57,low
public_reimbursement_5015.docx,.docx,41,C:/Healthcare/Insurance/,2025-10-19T04:52:36,low
guideline_5016.xlsx,.xlsx,853,C:/Healthcare/Internal/Protocols/,2025-11-17T23:30:01,low
info_5017.csv,.csv,619,C:/Healthcare/PublicInfo/Parking/,2025-05-27T20:42:03,high
roster_5018.xlsx,.xlsx,1105,C:/Healthcare/StaffSchedules/,2025-09-29T07:16:46,low
analysis_5019.csv,.csv,314,C:/Healthcare/LabResults/,2023-12-20T06:37:38,medium
consent_5020.xlsx,.xlsx,1557,C:/Healthcare/Patients/,2025-06-08T20:54:00,high
results_patient_5021.csv,.csv,637,C:/Healthcare/Patients/,2024-11-01T13:58:58,low
medical_protocol_5022.xlsx,.xlsx,989,C:/Healthcare/Internal/Protocols/,2024-03-12T11:48:15,low
notice_agenda_5023.docx,.docx,690,C:/Healthcare/Meetings/,2025-04-19T12:49:32,low
schedule_5024.xlsx,.xlsx,1458,C:/Healthcare/StaffSchedules/,2024-07-10T13:32:45,low
patient_5025_draft.csv,.csv,528,C:/Healthcare/Patients/,2024-11-10T18:03:40,medium
menu_5026.pdf,.pdf,683,C:/Healthcare/PublicInfo/Menu/,2023-05-24T02:03:28,low
payroll_consent_5027.csv,.csv,463,C:/Healthcare/Patients/,2025-01-07T13:19:41,low
shift_5028.csv,.csv,717,C:/Healthcare/StaffSchedules/,2024-02-23T15:03:43,low
maintenance_5029.pdf,.pdf,1478,C:/Healthcare/Maintenance/,2023-05-01T20:08:33,low
maintenance_info_5030.pdf,.pdf,1668,C:/Healthcare/PublicInfo/Notices/,2023-02-18T14:24:55,medium
roster_5031.pdf,.pdf,1691,C:/Healthcare/StaffSchedules/,2024-08-18T21:23:05,medium
menu_5032.txt,.txt,41,C:/Healthcare/PublicInfo/Parking/,2025-06-13T09:50:19,medium
invoice_5033.pdf,.pdf,457,C:/Healthcare/Insurance/,2024-08-07T04:30:33,low
notice_shift_5034.pdf,.pdf,1444,C:/Healthcare/StaffSchedules/,2023-12-17T00:02:19,low
workorder_5035.txt,.txt,112,C:/Healthcare/Maintenance/,2024-11-09T20:07:05,low
menu_5036.txt,.txt,20,C:/Healthcare/PublicInfo/Menu/,2025-02-04T20:46:25,low
agenda_5037.docx,.docx,263,C:/Healthcare/Meetings/,2023-08-10T20:37:08,low
report_agenda_5038.txt,.txt,28,C:/Healthcare/Meetings/,2025-04-07T01:21:03,low
diagnosis_5039.docx,.docx,747,C:/Healthcare/Patients/,2024-03-26T13:52:15,low
menu_5040_archived.txt,.txt,92,C:/Healthcare/PublicInfo/Notices/,2024-08-13T10:15:03,medium
log_5041.xlsx,.xlsx,1683,C:/Healthcare/Maintenance/,2025-11-25T05:14:36,low
report_maintenance_5042.xlsx,.xlsx,1092,C:/Healthcare/Maintenance/,2023-04-05T10:59:41,high
announcement_menu_5043.txt,.txt,90,C:/Healthcare/PublicInfo/Notices/,2023-12-15T14:24:42,low
appointment_info_5044.pdf,.pdf,597,C:/Healthcare/PublicInfo/Menu/,2024-02-08T19:18:43,low
menu_reimbursement_5045.pdf,.pdf,494,C:/Healthcare/Insurance/,2023-09-18T07:41:49,low
announcement_info_5046.pdf,.pdf,1532,C:/Healthcare/PublicInfo/Parking/,2025-03-22T16:05:00,medium
menu_parking_5047.csv,.csv,205,C:/Healthcare/PublicInfo/Menu/,2024-09-19T16:12:41,medium
parking_5048.txt,.txt,55,C:/Healthcare/PublicInfo/Parking/,2025-11-21T07:06:50,medium
notice_reimbursement_5049.csv,.csv,481,C:/Healthcare/Insurance/,2023-02-01T11:48:14,medium
diagnosis_5050.xlsx,.xlsx,93,C:/Healthcare/Patients/,2024-05-09T06:09:53,medium
analysis_5051.pdf,.pdf,1135,C:/Healthcare/LabResults/,2025-05-24T03:30:04,high
lab_roster_5052_draft.csv,.csv,624,C:/Healthcare/StaffSchedules/,2025-01-19T08:36:30,medium
coverage_5053_final.csv,.csv,8,C:/Healthcare/Insurance/,2023-01-23T01:44:47,high
menu_5054.txt,.txt,123,C:/Healthcare/PublicInfo/Menu/,2023-04-21T01:19:09,low
lab_5055.xlsx,.xlsx,217,C:/Healthcare/LabResults/,2023-06-07T10:16:57,low
notice_5056.pdf,.pdf,749,C:/Healthcare/PublicInfo/Notices/,2025-09-16T12:01:38,low
results_5057.pdf,.pdf,125,C:/Healthcare/LabResults/,2023-03-15T11:49:27,low
specimen_5058.xls,.xls,613,C:/Healthcare/LabResults/,2025-07-12T08:59:02,low
menu_parking_5059.pdf,.pdf,723,C:/Healthcare/PublicInfo/Parking/,2023-01-14T11:49:16,high
parking_menu_5060.pdf,.pdf,395,C:/Healthcare/PublicInfo/Menu/,2023-08-21T11:58:04,low
lab_invoice_5061.pdf,.pdf,341,C:/Healthcare/Insurance/,2023-02-25T13:10:38,low
specimen_5062.pdf,.pdf,194,C:/Healthcare/LabResults/,2025-07-02T11:03:10,low
analysis_5063.xls,.xls,143,C:/Healthcare/LabResults/,2024-03-13T11:16:28,low
test_guideline_5064.docx,.docx,656,C:/Healthcare/Internal/Protocols/,2024-08-15T01:42:41,medium
meeting_5065.txt,.txt,88,C:/Healthcare/Meetings/,2023-07-08T19:26:53,low
test_info_5066_v2.txt,.txt,79,C:/Healthcare/PublicInfo/Menu/,2024-05-06T02:45:28,medium
summary_log_5067.xlsx,.xlsx,263,C:/Healthcare/Maintenance/,2024-05-20T19:13:55,low
insurance_claim_agenda_5068.docx,.docx,138,C:/Healthcare/Meetings/,2024-04-02T08:00:03,low
policy_5069.csv,.csv,293,C:/Healthcare/Insurance/,2025-10-21T10:36:53,medium
schedule_info_5070.txt,.txt,36,C:/Healthcare/PublicInfo/Parking/,2023-01-04T16:45:59,low
results_reimbursement_5071.pdf,.pdf,885,C:/Healthcare/Insurance/,2024-10-22T16:45:43,medium
menu_menu_5072.pdf,.pdf,2069,C:/Healthcare/PublicInfo/Parking/,2023-03-10T04:36:01,high
lab_meeting_5073.docx,.docx,310,C:/Healthcare/Meetings/,2025-05-31T19:50:55,low
test_info_5074.pdf,.pdf,2994,C:/Healthcare/PublicInfo/Menu/,2023-03-06T13:35:38,low
schedule_agenda_5075.txt,.txt,60,C:/Healthcare/Meetings/,2024-04-18T07:26:39,low
menu_5076.pdf,.pdf,430,C:/Healthcare/PublicInfo/Menu/,2024-12-24T06:27:10,low
test_menu_5077.csv,.csv,437,C:/Healthcare/PublicInfo/Notices/,2023-09-27T13:25:48,low
parking_parking_5078.csv,.csv,494,C:/Healthcare/PublicInfo/Parking/,2025-07-11T19:28:50,low
agenda_5079.txt,.txt,41,C:/Healthcare/Meetings/,2023-02-16T17:01:42,low
summary_visit_5080.pdf,.pdf,1274,C:/Healthcare/Patients/,2023-11-09T14:59:11,low
results_menu_5081.csv,.csv,210,C:/Healthcare/PublicInfo/Notices/,2024-08-25T02:40:22,low
results_info_5082.txt,.txt,57,C:/Healthcare/PublicInfo/Menu/,2025-10-29T07:48:33,low
diagnosis_5083.csv,.csv,96,C:/Healthcare/Patients/,2025-09-19T09:17:25,high
parking_5084.pdf,.pdf,2218,C:/Healthcare/PublicInfo/Menu/,2023-05-19T11:36:03,low
maintenance_specimen_5085_archived.pdf,.pdf,840,C:/Healthcare/LabResults/,2023-09-07T06:18:29,medium
schedule_info_5086.pdf,.pdf,1838,C:/Healthcare/PublicInfo/Notices/,2025-09-17T11:00:26,medium
log_5087.xlsx,.xlsx,1702,C:/Healthcare/Maintenance/,2024-07-29T18:34:56,low
specimen_5088.xls,.xls,2102,C:/Healthcare/LabResults/,2024-04-03T02:40:50,high
invoice_roster_5089.xlsx,.xlsx,509,C:/Healthcare/StaffSchedules/,2024-11-24T13:33:56,medium
menu_5090.txt,.txt,44,C:/Healthcare/PublicInfo/Menu/,2024-09-03T09:33:42,medium
lab_notice_5091_v2.txt,.txt,88,C:/Healthcare/PublicInfo/Parking/,2025-01-09T00:49:23,medium
results_analysis_5092.xls,.xls,1671,C:/Healthcare/LabResults/,2024-02-04T15:58:52,low
menu_menu_5093.csv,.csv,331,C:/Healthcare/PublicInfo/Menu/,2023-07-28T17:27:24,low
parking_5094.csv,.csv,341,C:/Healthcare/PublicInfo/Notices/,2024-01-18T08:12:33,low
menu_5095.csv,.csv,527,C:/Healthcare/PublicInfo/Notices/,2024-06-02T10:21:15,low
procedure_5096.pdf,.pdf,376,C:/Healthcare/Internal/Protocols/,2025-12-10T21:11:04,medium
agenda_5097.pdf,.pdf,19,C:/Healthcare/Meetings/,2025-08-07T06:58:55,high
info_5098.pdf,.pdf,1615,C:/Healthcare/PublicInfo/Menu/,2025-10-05T01:04:47,medium
diagnosis_5099.xlsx,.xlsx,981,C:/Healthcare/Patients/,2023-11-30T22:02:21,low
schedule_5100.csv,.csv,401,C:/Healthcare/StaffSchedules/,2025-10-13T12:05:35,high
log_5101.txt,.txt,62,C:/Healthcare/Maintenance/,2024-09-13T20:41:28,low
schedule_5102.csv,.csv,404,C:/Healthcare/StaffSchedules/,2024-07-16T13:57:03,high
notice_notice_5103.csv,.csv,455,C:/Healthcare/PublicInfo/Notices/,2025-02-01T00:23:57,low
menu_shift_5104.csv,.csv,373,C:/Healthcare/StaffSchedules/,2024-06-11T20:24:40,low
announcement_info_5105.txt,.txt,15,C:/Healthcare/PublicInfo/Menu/,2025-08-03T09:06:09,low
schedule_5106.xlsx,.xlsx,3162,C:/Healthcare/StaffSchedules/,2024-03-08T19:09:56,low
menu_5107.csv,.csv,397,C:/Healthcare/PublicInfo/Notices/,2024-10-21T11:38:04,medium
minutes_5108.pdf,.pdf,454,C:/Healthcare/Meetings/,2023-08-08T08:18:06,low
public_info_5109.txt,.txt,105,C:/Healthcare/PublicInfo/Notices/,2024-05-28T10:28:03,low
schedule_results_5110_confidential.xlsx,.xlsx,760,C:/Healthcare/LabResults/,2024-08-19T06:08:16,low
lab_menu_5111.txt,.txt,73,C:/Healthcare/PublicInfo/Menu/,2024-03-03T15:35:10,medium
announcement_minutes_5112.pdf,.pdf,744,C:/Healthcare/Meetings/,2025-04-21T20:34:02,high
payroll_log_5113.xlsx,.xlsx,2175,C:/Healthcare/Maintenance/,2023-01-16T04:42:33,high
menu_roster_5114.pdf,.pdf,431,C:/Healthcare/StaffSchedules/,2025-10-20T23:49:24,low
notice_results_5115.xlsx,.xlsx,387,C:/Healthcare/LabResults/,2025-03-11T21:29:09,medium
parking_5116.pdf,.pdf,539,C:/Healthcare/PublicInfo/Parking/,2023-02-16T01:37:11,low
parking_consent_5117.docx,.docx,1017,C:/Healthcare/Patients/,2024-10-14T14:46:59,medium
notice_workorder_5118.txt,.txt,44,C:/Healthcare/Maintenance/,2024-01-12T06:48:56,low
public_parking_5119.pdf,.pdf,1156,C:/Healthcare/PublicInfo/Menu/,2023-04-01T15:41:16,low
claim_5120.csv,.csv,200,C:/Healthcare/Insurance/,2024-08-23T11:46:08,low
announcement_guideline_5121.pdf,.pdf,269,C:/Healthcare/Internal/Protocols/,2024-08-01T14:01:33,low
maintenance_5122.txt,.txt,107,C:/Healthcare/Maintenance/,2024-02-08T09:46:22,low
lab_test_5123.xls,.xls,1118,C:/Healthcare/LabResults/,2024-08-25T09:20:28,medium
diagnosis_5124.pdf,.pdf,172,C:/Healthcare/Patients/,2024-08-24T22:12:44,high
schedule_5125.csv,.csv,107,C:/Healthcare/StaffSchedules/,2023-05-07T04:14:10,low
protocol_5126.docx,.docx,246,C:/Healthcare/Internal/Protocols/,2025-07-27T04:13:02,low
notice_reimbursement_5127.pdf,.pdf,475,C:/Healthcare/Insurance/,2025-03-05T10:59:06,medium
schedule_record_5128.csv,.csv,356,C:/Healthcare/Patients/,2023-07-19T22:08:29,high
report_info_5129.txt,.txt,103,C:/Healthcare/PublicInfo/Notices/,2025-01-30T00:00:09,low
appointment_shift_5130.xlsx,.xlsx,142,C:/Healthcare/StaffSchedules/,2025-01-29T11:53:21,high
parking_5131.csv,.csv,66,C:/Healthcare/PublicInfo/Menu/,2023-04-08T06:14:50,medium
test_5132.pdf,.pdf,177,C:/Healthcare/LabResults/,2024-08-18T13:10:26,low
schedule_roster_5133.csv,.csv,31,C:/Healthcare/StaffSchedules/,2023-10-31T06:24:39,low
minutes_5134.pdf,.pdf,1828,C:/Healthcare/Meetings/,2025-07-09T19:31:55,medium
info_5135.csv,.csv,266,C:/Healthcare/PublicInfo/Menu/,2024-05-04T19:21:49,medium
notice_meeting_5136.txt,.txt,117,C:/Healthcare/Meetings/,2023-07-17T10:28:16,medium
schedule_workorder_5137.txt,.txt,12,C:/Healthcare/Maintenance/,2023-12-05T13:21:08,low
test_analysis_5138.xlsx,.xlsx,311,C:/Healthcare/LabResults/,2025-05-24T01:22:13,low
invoice_parking_5139.txt,.txt,83,C:/Healthcare/PublicInfo/Menu/,2024-01-06T06:29:57,medium
menu_5140.csv,.csv,394,C:/Healthcare/PublicInfo/Notices/,2024-12-13T14:31:10,low
reimbursement_5141.docx,.docx,424,C:/Healthcare/Insurance/,2023-09-01T21:22:57,medium
patient_5142.csv,.csv,418,C:/Healthcare/Patients/,2024-11-15T10:45:42,low
notice_notice_5143.txt,.txt,73,C:/Healthcare/PublicInfo/Parking/,2023-11-12T07:22:29,low
protocol_5144.pdf,.pdf,2470,C:/Healthcare/Internal/Protocols/,2024-03-03T18:16:06,high
lab_diagnosis_5145.xlsx,.xlsx,1232,C:/Healthcare/Patients/,2023-07-30T00:58:49,high
consent_5146.pdf,.pdf,18,C:/Healthcare/Patients/,2025-02-18T03:30:47,medium
agenda_5147.docx,.docx,28,C:/Healthcare/Meetings/,2024-04-18T02:51:13,low
log_5148.txt,.txt,66,C:/Healthcare/Maintenance/,2023-05-13T12:17:44,low
analysis_5149.xls,.xls,779,C:/Healthcare/LabResults/,2025-08-08T22:03:38,low
visit_5150.csv,.csv,297,C:/Healthcare/Patients/,2023-02-02T05:39:29,low
menu_5151.csv,.csv,144,C:/Healthcare/PublicInfo/Notices/,2024-09-01T16:47:42,low
public_parking_5152.csv,.csv,232,C:/Healthcare/PublicInfo/Notices/,2023-04-04T22:30:19,medium
roster_5153.pdf,.pdf,2166,C:/Healthcare/StaffSchedules/,2024-11-19T03:30:05,high
test_menu_5154.txt,.txt,78,C:/Healthcare/PublicInfo/Menu/,2025-01-10T00:59:10,low
info_5155.pdf,.pdf,1737,C:/Healthcare/PublicInfo/Menu/,2025-09-09T17:32:25,high
guideline_5156_draft.docx,.docx,799,C:/Healthcare/Internal/Protocols/,2024-09-10T22:34:55,medium
analysis_5157.xls,.xls,1676,C:/Healthcare/LabResults/,2023-11-01T17:23:32,medium
maintenance_maintenance_5158.xlsx,.xlsx,1593,C:/Healthcare/Maintenance/,2025-10-30T06:16:23,low
parking_5159.txt,.txt,141,C:/Healthcare/PublicInfo/Notices/,2024-07-17T09:21:33,low
confidential_roster_5160.pdf,.pdf,187,C:/Healthcare/StaffSchedules/,2023-02-15T21:13:21,low
invoice_5161_archived.pdf,.pdf,2668,C:/Healthcare/Insurance/,2025-02-01T14:52:09,low
test_schedule_5162.xlsx,.xlsx,850,C:/Healthcare/StaffSchedules/,2025-06-08T02:33:03,low
maintenance_notice_5163.csv,.csv,437,C:/Healthcare/PublicInfo/Parking/,2024-04-02T05:18:50,low
policy_5164_final.csv,.csv,6,C:/Healthcare/Insurance/,2023-07-27T04:48:37,low
analysis_5165.csv,.csv,255,C:/Healthcare/LabResults/,2025-05-31T11:22:48,low
summary_notice_5166.pdf,.pdf,232,C:/Healthcare/PublicInfo/Menu/,2024-10-14T01:15:42,medium
menu_workorder_5167_draft.xlsx,.xlsx,716,C:/Healthcare/Maintenance/,2025-12-06T16:12:32,low
maintenance_menu_5168.csv,.csv,456,C:/Healthcare/PublicInfo/Menu/,2024-12-20T09:54:22,high
specimen_5169.xls,.xls,758,C:/Healthcare/LabResults/,2023-05-15T04:48:59,low
notice_5170.txt,.txt,92,C:/Healthcare/PublicInfo/Parking/,2025-09-16T10:36:29,low
invoice_diagnosis_5171.pdf,.pdf,547,C:/Healthcare/Patients/,2025-02-24T16:32:39,low
confidential_minutes_5172.txt,.txt,7,C:/Healthcare/Meetings/,2024-03-21T14:14:03,low
announcement_parking_5173.csv,.csv,371,C:/Healthcare/PublicInfo/Menu/,2024-04-17T06:59:03,low
parking_procedure_5174.pdf,.pdf,590,C:/Healthcare/Internal/Protocols/,2024-08-10T08:08:18,high
schedule_notice_5175.csv,.csv,165,C:/Healthcare/PublicInfo/Notices/,2025-02-01T22:14:41,low
parking_5176.pdf,.pdf,410,C:/Healthcare/PublicInfo/Notices/,2023-01-07T14:41:58,low
guideline_5177.docx,.docx,670,C:/Healthcare/Internal/Protocols/,2023-08-22T03:58:55,high
notice_coverage_5178_v2.pdf,.pdf,786,C:/Healthcare/Insurance/,2023-01-05T16:43:12,medium
guideline_5179.docx,.docx,826,C:/Healthcare/Internal/Protocols/,2025-06-04T15:14:16,low
menu_policy_5180.docx,.docx,556,C:/Healthcare/Insurance/,2023-08-25T11:12:16,medium
notice_5181_draft.pdf,.pdf,853,C:/Healthcare/PublicInfo/Notices/,2025-11-17T15:30:07,medium
menu_5182.pdf,.pdf,457,C:/Healthcare/PublicInfo/Menu/,2025-10-19T05:25:03,low
roster_5183.pdf,.pdf,4,C:/Healthcare/StaffSchedules/,2024-10-29T07:35:37,medium
info_5184.txt,.txt,37,C:/Healthcare/PublicInfo/Notices/,2024-06-20T17:05:41,low
announcement_info_5185.pdf,.pdf,60,C:/Healthcare/PublicInfo/Notices/,2024-01-23T13:05:26,low
log_5186.xlsx,.xlsx,12,C:/Healthcare/Maintenance/,2025-01-31T22:43:51,low
notice_schedule_5187.pdf,.pdf,781,C:/Healthcare/StaffSchedules/,2024-09-19T09:33:32,low
record_5188.xlsx,.xlsx,650,C:/Healthcare/Patients/,2023-03-31T08:15:47,low
lab_menu_5189.txt,.txt,24,C:/Healthcare/PublicInfo/Notices/,2024-11-15T02:03:53,medium
maintenance_info_5190.csv,.csv,133,C:/Healthcare/PublicInfo/Parking/,2023-04-16T00:41:54,medium
guideline_5191.docx,.docx,308,C:/Healthcare/Internal/Protocols/,2025-06-02T04:15:16,low
public_shift_5192.xlsx,.xlsx,372,C:/Healthcare/StaffSchedules/,2023-03-27T22:56:10,medium
appointment_schedule_5193.xlsx,.xlsx,1398,C:/Healthcare/StaffSchedules/,2025-07-29T20:20:32,medium
analysis_5194_v2.csv,.csv,243,C:/Healthcare/LabResults/,2024-07-19T23:11:38,low
maintenance_menu_5195.pdf,.pdf,802,C:/Healthcare/PublicInfo/Parking/,2025-03-24T01:38:51,low
announcement_log_5196.xlsx,.xlsx,329,C:/Healthcare/Maintenance/,2023-01-13T21:01:12,low
diagnosis_5197.xlsx,.xlsx,26,C:/Healthcare/Patients/,2025-12-19T04:11:42,low
agenda_5198.docx,.docx,197,C:/Healthcare/Meetings/,2023-02-14T14:08:28,low
menu_agenda_5199.docx,.docx,560,C:/Healthcare/Meetings/,2024-05-14T13:52:02,medium
schedule_5200.pdf,.pdf,1317,C:/Healthcare/StaffSchedules/,2025-06-10T11:30:11,high
menu_protocol_5201.pdf,.pdf,888,C:/Healthcare/Internal/Protocols/,2024-05-17T22:21:57,low
ssn_shift_5202_archived.xlsx,.xlsx,1405,C:/Healthcare/StaffSchedules/,2024-10-13T15:08:11,low
guideline_5203.pdf,.pdf,3,C:/Healthcare/Internal/Protocols/,2024-05-10T19:59:20,medium
appointment_analysis_5204.xls,.xls,681,C:/Healthcare/LabResults/,2023-04-20T07:40:58,high
invoice_5205.csv,.csv,619,C:/Healthcare/Insurance/,2025-08-17T16:26:24,high
parking_specimen_5206.pdf,.pdf,977,C:/Healthcare/LabResults/,2024-02-02T21:29:59,low
menu_maintenance_5207.xlsx,.xlsx,360,C:/Healthcare/Maintenance/,2024-03-10T09:44:03,low
specimen_5208.xls,.xls,421,C:/Healthcare/LabResults/,2025-07-20T14:18:52,low
passwords_roster_5209.xlsx,.xlsx,229,C:/Healthcare/StaffSchedules/,2025-10-21T04:23:41,medium
notice_5210.txt,.txt,46,C:/Healthcare/PublicInfo/Menu/,2024-09-30T18:44:31,low
ssn_specimen_5211.csv,.csv,150,C:/Healthcare/LabResults/,2024-12-05T07:08:37,low
schedule_5212.pdf,.pdf,462,C:/Healthcare/StaffSchedules/,2024-05-02T17:38:52,medium
reimbursement_5213.docx,.docx,525,C:/Healthcare/Insurance/,2025-02-23T23:27:40,low
test_procedure_5214.xlsx,.xlsx,1419,C:/Healthcare/Internal/Protocols/,2024-05-12T18:04:13,medium
menu_5215.csv,.csv,419,C:/Healthcare/PublicInfo/Menu/,2024-02-13T01:11:17,low
info_5216.pdf,.pdf,221,C:/Healthcare/PublicInfo/Notices/,2024-02-27T06:15:19,low
minutes_5217.txt,.txt,87,C:/Healthcare/Meetings/,2023-04-18T18:49:04,low
procedure_5218.xlsx,.xlsx,1478,C:/Healthcare/Internal/Protocols/,2024-12-11T11:34:01,high
payroll_agenda_5219.docx,.docx,264,C:/Healthcare/Meetings/,2024-09-01T17:20:25,low
record_5220.xlsx,.xlsx,577,C:/Healthcare/Patients/,2023-08-04T04:42:44,low
payroll_schedule_5221.pdf,.pdf,2074,C:/Healthcare/StaffSchedules/,2023-02-15T04:41:37,medium
workorder_5222.pdf,.pdf,441,C:/Healthcare/Maintenance/,2025-06-11T10:27:22,low
roster_5223.pdf,.pdf,1239,C:/Healthcare/StaffSchedules/,2025-05-30T17:26:53,medium
test_protocol_5224_confidential.docx,.docx,674,C:/Healthcare/Internal/Protocols/,2023-07-13T18:59:46,low
record_5225.pdf,.pdf,524,C:/Healthcare/Patients/,2025-10-10T08:04:33,low
test_schedule_5226.xlsx,.xlsx,1082,C:/Healthcare/StaffSchedules/,2025-01-23T08:40:24,low
notice_5227.pdf,.pdf,272,C:/Healthcare/PublicInfo/Parking/,2025-04-14T13:48:37,low
roster_5228.xlsx,.xlsx,530,C:/Healthcare/StaffSchedules/,2023-11-01T14:39:02,low
results_coverage_5229.docx,.docx,551,C:/Healthcare/Insurance/,2025-04-05T14:51:30,low
diagnosis_5230_final.xlsx,.xlsx,414,C:/Healthcare/Patients/,2024-06-27T04:46:39,low
maintenance_shift_5231.csv,.csv,117,C:/Healthcare/StaffSchedules/,2025-04-24T07:05:25,medium
lab_maintenance_5232.pdf,.pdf,1151,C:/Healthcare/Maintenance/,2023-06-15T15:20:30,low
minutes_5233.txt,.txt,23,C:/Healthcare/Meetings/,2024-04-03T04:59:56,low
appointment_meeting_5234.docx,.docx,1124,C:/Healthcare/Meetings/,2024-09-23T17:51:58,medium
invoice_workorder_5235.pdf,.pdf,955,C:/Healthcare/Maintenance/,2023-12-31T23:20:41,medium
info_5236.pdf,.pdf,150,C:/Healthcare/PublicInfo/Menu/,2025-07-20T07:58:32,low
summary_visit_5237.pdf,.pdf,329,C:/Healthcare/Patients/,2024-10-28T11:48:04,high
public_minutes_5238.docx,.docx,684,C:/Healthcare/Meetings/,2023-12-30T00:51:12,medium
notice_parking_5239.pdf,.pdf,1167,C:/Healthcare/PublicInfo/Menu/,2025-11-18T13:08:02,low
report_shift_5240.xlsx,.xlsx,31,C:/Healthcare/StaffSchedules/,2024-12-09T17:52:44,low
public_protocol_5241.xlsx,.xlsx,1672,C:/Healthcare/Internal/Protocols/,2023-04-29T06:49:01,low
procedure_5242.pdf,.pdf,13,C:/Healthcare/Internal/Protocols/,2025-03-22T22:28:39,medium
lab_meeting_5243.docx,.docx,247,C:/Healthcare/Meetings/,2024-04-22T14:22:34,low
menu_5244.pdf,.pdf,493,C:/Healthcare/PublicInfo/Parking/,2025-01-26T16:31:42,medium
announcement_log_5245.pdf,.pdf,1830,C:/Healthcare/Maintenance/,2024-02-12T20:17:01,medium
report_reimbursement_5246.pdf,.pdf,2059,C:/Healthcare/Insurance/,2024-03-25T13:20:55,high
invoice_results_5247.xlsx,.xlsx,631,C:/Healthcare/LabResults/,2025-11-08T02:47:58,high
info_5248.pdf,.pdf,496,C:/Healthcare/PublicInfo/Parking/,2024-01-17T06:52:14,low
menu_notice_5249_draft.txt,.txt,116,C:/Healthcare/PublicInfo/Parking/,2025-11-29T22:14:27,medium
schedule_minutes_5250.txt,.txt,58,C:/Healthcare/Meetings/,2023-01-12T04:38:51,low
lab_guideline_5251.docx,.docx,778,C:/Healthcare/Internal/Protocols/,2025-09-24T20:40:45,high
parking_lab_5252.csv,.csv,478,C:/Healthcare/LabResults/,2024-05-22T19:24:28,medium
maintenance_menu_5253.csv,.csv,387,C:/Healthcare/PublicInfo/Notices/,2023-05-01T23:45:37,low
appointment_notice_5254.pdf,.pdf,1228,C:/Healthcare/PublicInfo/Notices/,2023-10-31T12:10:57,low
consent_5255.csv,.csv,194,C:/Healthcare/Patients/,2024-01-25T12:18:23,low
confidential_workorder_5256.xlsx,.xlsx,1400,C:/Healthcare/Maintenance/,2023-03-15T21:50:22,low
menu_menu_5257_v2.pdf,.pdf,1170,C:/Healthcare/PublicInfo/Notices/,2024-12-10T21:23:22,low
policy_5258.pdf,.pdf,446,C:/Healthcare/Insurance/,2023-11-19T09:41:17,low
notice_coverage_5259.csv,.csv,479,C:/Healthcare/Insurance/,2023-09-13T05:44:27,medium
parking_5260.csv,.csv,725,C:/Healthcare/PublicInfo/Menu/,2024-06-18T08:24:43,medium
roster_5261.pdf,.pdf,1788,C:/Healthcare/StaffSchedules/,2024-06-22T14:39:48,low
schedule_protocol_5262.pdf,.pdf,127,C:/Healthcare/Internal/Protocols/,2024-12-13T02:04:41,low
coverage_5263_v2.docx,.docx,641,C:/Healthcare/Insurance/,2023-04-17T23:20:40,high
results_guideline_5264.pdf,.pdf,177,C:/Healthcare/Internal/Protocols/,2025-12-20T12:23:04,high
maintenance_5265.txt,.txt,35,C:/Healthcare/Maintenance/,2025-10-20T13:06:10,high
menu_coverage_5266.pdf,.pdf,342,C:/Healthcare/Insurance/,2025-06-09T07:39:00,low
meeting_5267.pdf,.pdf,492,C:/Healthcare/Meetings/,2025-01-25T04:35:49,medium
invoice_workorder_5268.xlsx,.xlsx,211,C:/Healthcare/Maintenance/,2025-03-08T01:17:36,high
protocol_5269.pdf,.pdf,505,C:/Healthcare/Internal/Protocols/,2024-12-06T08:44:22,low
patient_5270.pdf,.pdf,1071,C:/Healthcare/Patients/,2025-12-23T03:30:06,low
parking_5271.txt,.txt,130,C:/Healthcare/PublicInfo/Notices/,2023-11-30T04:28:12,low
workorder_5272.xlsx,.xlsx,160,C:/Healthcare/Maintenance/,2025-09-03T15:52:57,low
roster_5273.csv,.csv,670,C:/Healthcare/StaffSchedules/,2023-12-01T04:38:07,medium
summary_visit_5274.xlsx,.xlsx,135,C:/Healthcare/Patients/,2025-11-22T18:34:07,low
maintenance_minutes_5275.txt,.txt,107,C:/Healthcare/Meetings/,2023-08-24T13:20:12,low
agenda_5276.docx,.docx,98,C:/Healthcare/Meetings/,2025-10-29T04:58:00,medium
report_results_5277.xls,.xls,1368,C:/Healthcare/LabResults/,2023-06-15T14:41:23,high
reimbursement_5278.pdf,.pdf,389,C:/Healthcare/Insurance/,2024-02-07T21:46:17,medium
results_analysis_5279.xls,.xls,1369,C:/Healthcare/LabResults/,2024-04-03T05:21:49,medium
minutes_5280.pdf,.pdf,883,C:/Healthcare/Meetings/,2024-09-02T03:21:06,high
notice_5281.txt,.txt,92,C:/Healthcare/PublicInfo/Parking/,2025-07-29T14:47:03,low
parking_results_5282.xls,.xls,913,C:/Healthcare/LabResults/,2024-02-22T10:30:52,low
diagnosis_info_5283.txt,.txt,10,C:/Healthcare/PublicInfo/Menu/,2024-11-21T09:36:49,medium
results_specimen_5284_draft.csv,.csv,53,C:/Healthcare/LabResults/,2024-12-30T00:39:28,high
invoice_notice_5285.txt,.txt,70,C:/Healthcare/PublicInfo/Menu/,2023-02-04T00:32:13,medium
procedure_5286.docx,.docx,722,C:/Healthcare/Internal/Protocols/,2024-08-02T13:19:39,high
consent_5287.docx,.docx,26,C:/Healthcare/Patients/,2023-12-04T14:27:21,medium
notice_5288.csv,.csv,147,C:/Healthcare/PublicInfo/Notices/,2025-11-25T10:22:20,low
results_notice_5289.pdf,.pdf,708,C:/Healthcare/PublicInfo/Parking/,2023-06-25T15:52:26,high
maintenance_info_5290.csv,.csv,312,C:/Healthcare/PublicInfo/Parking/,2023-09-15T14:13:50,low
maintenance_info_5291.pdf,.pdf,1265,C:/Healthcare/PublicInfo/Parking/,2025-04-17T19:57:18,low
results_minutes_5292_archived.pdf,.pdf,1862,C:/Healthcare/Meetings/,2024-01-29T02:42:24,low
info_5293.pdf,.pdf,593,C:/Healthcare/PublicInfo/Parking/,2023-01-29T06:45:33,low
public_maintenance_5294.xlsx,.xlsx,610,C:/Healthcare/Maintenance/,2025-06-09T13:04:21,low
parking_5295.pdf,.pdf,859,C:/Healthcare/PublicInfo/Menu/,2025-03-20T23:19:09,low
minutes_5296_confidential.pdf,.pdf,64,C:/Healthcare/Meetings/,2023-09-20T06:10:24,medium
log_5297.txt,.txt,1,C:/Healthcare/Maintenance/,2023-06-16T23:22:48,low
lab_notice_5298.pdf,.pdf,1114,C:/Healthcare/PublicInfo/Notices/,2023-04-03T13:26:50,medium
menu_5299.pdf,.pdf,702,C:/Healthcare/PublicInfo/Notices/,2025-07-23T06:08:24,low
parking_5300_v2.csv,.csv,412,C:/Healthcare/PublicInfo/Menu/,2024-05-12T12:28:49,low
meeting_5301.docx,.docx,627,C:/Healthcare/Meetings/,2024-09-10T00:25:44,medium
report_diagnosis_5302.csv,.csv,714,C:/Healthcare/Patients/,2024-01-04T14:49:23,low
guideline_5303.pdf,.pdf,1547,C:/Healthcare/Internal/Protocols/,2024-11-02T21:06:59,medium
patient_notice_5304.csv,.csv,85,C:/Healthcare/PublicInfo/Notices/,2024-02-08T08:50:20,low
announcement_invoice_5305_final.csv,.csv,321,C:/Healthcare/Insurance/,2024-11-07T05:58:21,low
schedule_5306.xlsx,.xlsx,676,C:/Healthcare/StaffSchedules/,2024-01-02T04:48:02,high
test_test_5307.xlsx,.xlsx,875,C:/Healthcare/LabResults/,2024-04-24T01:14:05,low
parking_schedule_5308.csv,.csv,313,C:/Healthcare/StaffSchedules/,2025-11-29T13:39:37,medium
report_lab_5309.xlsx,.xlsx,803,C:/Healthcare/LabResults/,2024-10-07T18:55:47,medium
report_minutes_5310.docx,.docx,704,C:/Healthcare/Meetings/,2025-02-20T14:53:16,low
schedule_5311.csv,.csv,546,C:/Healthcare/StaffSchedules/,2024-07-25T14:21:05,medium
audit_minutes_5312.txt,.txt,63,C:/Healthcare/Meetings/,2025-12-10T02:01:37,low
payroll_procedure_5313.docx,.docx,228,C:/Healthcare/Internal/Protocols/,2024-09-14T20:06:03,low
minutes_5314.docx,.docx,301,C:/Healthcare/Meetings/,2025-03-11T02:00:10,low
policy_5315.pdf,.pdf,499,C:/Healthcare/Insurance/,2025-07-14T05:04:49,low
parking_5316.csv,.csv,475,C:/Healthcare/PublicInfo/Parking/,2025-05-04T01:19:26,low
results_roster_5317.pdf,.pdf,618,C:/Healthcare/StaffSchedules/,2024-11-03T23:30:20,low
lab_meeting_5318.pdf,.pdf,126,C:/Healthcare/Meetings/,2025-02-20T10:33:40,high
shift_5319_archived.xlsx,.xlsx,535,C:/Healthcare/StaffSchedules/,2023-10-22T11:45:51,medium
test_minutes_5320.docx,.docx,189,C:/Healthcare/Meetings/,2024-10-04T05:07:05,low
meeting_5321_archived.pdf,.pdf,695,C:/Healthcare/Meetings/,2024-03-18T13:53:03,low
public_shift_5322.csv,.csv,26,C:/Healthcare/StaffSchedules/,2023-10-16T19:36:18,low
menu_notice_5323.txt,.txt,61,C:/Healthcare/PublicInfo/Menu/,2025-05-21T09:27:05,medium
info_5324_archived.csv,.csv,396,C:/Healthcare/PublicInfo/Notices/,2024-08-20T18:39:37,low
specimen_5325_confidential.xlsx,.xlsx,783,C:/Healthcare/LabResults/,2024-10-18T06:48:40,medium
results_5326.pdf,.pdf,1349,C:/Healthcare/LabResults/,2024-09-10T18:43:57,low
menu_visit_5327.csv,.csv,602,C:/Healthcare/Patients/,2023-05-12T11:12:13,medium
notice_record_5328.xlsx,.xlsx,1235,C:/Healthcare/Patients/,2024-12-02T20:09:40,high
parking_5329.txt,.txt,117,C:/Healthcare/PublicInfo/Notices/,2023-01-24T04:43:40,medium
roster_5330.xlsx,.xlsx,708,C:/Healthcare/StaffSchedules/,2023-04-21T14:12:58,low
results_lab_5331.xls,.xls,1112,C:/Healthcare/LabResults/,2024-07-17T08:07:58,low
protocol_5332.xlsx,.xlsx,930,C:/Healthcare/Internal/Protocols/,2023-02-24T16:04:53,high
test_menu_5333.pdf,.pdf,1076,C:/Healthcare/PublicInfo/Parking/,2025-11-15T17:38:14,medium
maintenance_5334.xlsx,.xlsx,366,C:/Healthcare/Maintenance/,2024-12-30T11:46:40,low
schedule_5335.csv,.csv,349,C:/Healthcare/StaffSchedules/,2025-04-08T16:22:47,low
passwords_coverage_5336.pdf,.pdf,1790,C:/Healthcare/Insurance/,2024-09-25T23:08:21,medium
summary_log_5337.xlsx,.xlsx,1043,C:/Healthcare/Maintenance/,2023-02-06T01:48:44,medium
public_parking_5338.txt,.txt,128,C:/Healthcare/PublicInfo/Menu/,2023-09-27T00:29:19,medium
confidential_protocol_5339.pdf,.pdf,163,C:/Healthcare/Internal/Protocols/,2023-05-11T18:03:27,low
report_procedure_5340.xlsx,.xlsx,945,C:/Healthcare/Internal/Protocols/,2024-06-08T10:55:22,medium
record_5341.csv,.csv,278,C:/Healthcare/Patients/,2023-09-23T08:12:12,medium
menu_5342.pdf,.pdf,233,C:/Healthcare/PublicInfo/Parking/,2025-03-18T22:06:46,low
minutes_5343.txt,.txt,81,C:/Healthcare/Meetings/,2025-07-08T11:43:56,low
roster_5344.pdf,.pdf,758,C:/Healthcare/StaffSchedules/,2023-06-28T02:49:02,high
menu_5345.pdf,.pdf,452,C:/Healthcare/PublicInfo/Menu/,2023-04-29T18:33:28,low
menu_visit_5346.pdf,.pdf,1253,C:/Healthcare/Patients/,2024-07-13T10:24:52,high
maintenance_info_5347.pdf,.pdf,995,C:/Healthcare/PublicInfo/Notices/,2024-03-07T22:02:55,medium
maintenance_info_5348_v2.txt,.txt,13,C:/Healthcare/PublicInfo/Menu/,2023-04-02T09:58:44,low
coverage_5349.csv,.csv,183,C:/Healthcare/Insurance/,2025-11-30T08:00:22,low
specimen_5350_final.pdf,.pdf,557,C:/Healthcare/LabResults/,2023-03-12T21:39:24,low
policy_5351.pdf,.pdf,797,C:/Healthcare/Insurance/,2023-09-11T05:23:47,low
summary_notice_5352.txt,.txt,69,C:/Healthcare/PublicInfo/Notices/,2024-10-28T02:47:01,low
maintenance_shift_5353.pdf,.pdf,310,C:/Healthcare/StaffSchedules/,2025-04-01T06:29:18,high
info_5354.txt,.txt,46,C:/Healthcare/PublicInfo/Notices/,2024-04-22T04:11:23,low
notice_parking_5355.txt,.txt,49,C:/Healthcare/PublicInfo/Parking/,2025-01-06T19:58:05,low
schedule_5356_confidential.pdf,.pdf,1191,C:/Healthcare/StaffSchedules/,2023-05-03T03:26:39,medium
lab_minutes_5357.txt,.txt,71,C:/Healthcare/Meetings/,2025-05-30T22:28:30,medium
menu_5358.txt,.txt,43,C:/Healthcare/PublicInfo/Parking/,2024-04-11T12:49:09,low
protocol_5359.xlsx,.xlsx,386,C:/Healthcare/Internal/Protocols/,2025-08-04T03:29:38,low
notice_shift_5360_draft.xlsx,.xlsx,357,C:/Healthcare/StaffSchedules/,2024-11-19T15:11:37,high
confidential_info_5361.csv,.csv,29,C:/Healthcare/PublicInfo/Menu/,2024-10-04T18:11:29,low
meeting_5362.txt,.txt,22,C:/Healthcare/Meetings/,2023-04-21T01:45:24,low
schedule_menu_5363.pdf,.pdf,472,C:/Healthcare/PublicInfo/Notices/,2023-08-09T21:01:13,low
notice_minutes_5364.docx,.docx,538,C:/Healthcare/Meetings/,2025-06-24T12:19:03,medium
test_5365.xlsx,.xlsx,574,C:/Healthcare/LabResults/,2025-12-24T16:52:53,low
audit_claim_5366_final.csv,.csv,235,C:/Healthcare/Insurance/,2024-08-06T22:33:07,medium
lab_schedule_5367.pdf,.pdf,660,C:/Healthcare/StaffSchedules/,2024-01-24T15:47:23,low
notice_record_5368.csv,.csv,43,C:/Healthcare/Patients/,2024-08-26T03:56:13,low
workorder_5369_archived.pdf,.pdf,1477,C:/Healthcare/Maintenance/,2024-06-04T16:05:02,medium
notice_5370.csv,.csv,482,C:/Healthcare/PublicInfo/Parking/,2025-03-22T09:06:07,medium
diagnosis_5371.xlsx,.xlsx,576,C:/Healthcare/Patients/,2023-10-16T13:47:18,medium
parking_5372.pdf,.pdf,1212,C:/Healthcare/PublicInfo/Menu/,2024-01-05T04:03:42,low
schedule_5373.xlsx,.xlsx,862,C:/Healthcare/StaffSchedules/,2023-04-12T21:01:16,low
menu_5374.txt,.txt,46,C:/Healthcare/PublicInfo/Notices/,2024-03-11T08:49:31,low
invoice_5375.pdf,.pdf,1141,C:/Healthcare/Insurance/,2025-12-07T18:34:29,high
appointment_diagnosis_5376.pdf,.pdf,656,C:/Healthcare/Patients/,2025-01-31T04:04:43,low
public_notice_5377_draft.pdf,.pdf,670,C:/Healthcare/PublicInfo/Menu/,2024-06-30T17:28:50,medium
insurance_claim_notice_5378.txt,.txt,136,C:/Healthcare/PublicInfo/Parking/,2024-02-26T08:20:30,high
notice_5379.pdf,.pdf,336,C:/Healthcare/PublicInfo/Menu/,2023-10-27T15:55:36,low
test_menu_5380.txt,.txt,84,C:/Healthcare/PublicInfo/Notices/,2023-05-04T12:53:23,low
schedule_info_5381.txt,.txt,73,C:/Healthcare/PublicInfo/Menu/,2025-11-24T00:44:40,low
protocol_5382.xlsx,.xlsx,1164,C:/Healthcare/Internal/Protocols/,2025-04-19T06:10:20,low
public_protocol_5383.pdf,.pdf,1142,C:/Healthcare/Internal/Protocols/,2024-11-21T17:57:08,low
passwords_info_5384.pdf,.pdf,2585,C:/Healthcare/PublicInfo/Parking/,2025-04-09T23:12:06,high
specimen_5385.xlsx,.xlsx,965,C:/Healthcare/LabResults/,2025-07-08T04:57:41,low
appointment_maintenance_5386.txt,.txt,105,C:/Healthcare/Maintenance/,2024-03-08T10:45:42,low
report_results_5387.xlsx,.xlsx,24,C:/Healthcare/LabResults/,2025-05-07T16:00:10,low
claim_5388.docx,.docx,357,C:/Healthcare/Insurance/,2025-01-07T12:10:32,medium
parking_5389.txt,.txt,42,C:/Healthcare/PublicInfo/Notices/,2025-01-18T00:26:01,low
announcement_roster_5390.xlsx,.xlsx,1712,C:/Healthcare/StaffSchedules/,2024-01-22T19:16:49,medium
claim_5391.csv,.csv,387,C:/Healthcare/Insurance/,2025-05-23T05:36:54,low
public_menu_5392_archived.pdf,.pdf,2155,C:/Healthcare/PublicInfo/Menu/,2025-06-06T05:27:52,high
procedure_5393.pdf,.pdf,145,C:/Healthcare/Internal/Protocols/,2024-03-09T07:17:08,low
confidential_parking_5394_final.txt,.txt,72,C:/Healthcare/PublicInfo/Menu/,2023-09-11T04:40:49,low
notice_maintenance_5395.pdf,.pdf,805,C:/Healthcare/Maintenance/,2024-12-05T16:37:21,low
notice_protocol_5396.xlsx,.xlsx,1508,C:/Healthcare/Internal/Protocols/,2024-08-16T18:48:21,high
schedule_5397.xlsx,.xlsx,388,C:/Healthcare/StaffSchedules/,2023-10-19T02:13:52,medium
diagnosis_5398.pdf,.pdf,520,C:/Healthcare/Patients/,2024-12-14T18:47:41,medium
invoice_consent_5399.pdf,.pdf,608,C:/Healthcare/Patients/,2023-12-03T09:14:35,low
appointment_policy_5400.csv,.csv,405,C:/Healthcare/Insurance/,2024-07-22T00:50:02,low
parking_5401.txt,.txt,106,C:/Healthcare/PublicInfo/Menu/,2024-03-06T17:58:36,low
results_5402.pdf,.pdf,2330,C:/Healthcare/LabResults/,2025-01-26T01:53:19,low
parking_5403.pdf,.pdf,511,C:/Healthcare/PublicInfo/Parking/,2025-05-03T01:35:29,medium
notice_log_5404.pdf,.pdf,1770,C:/Healthcare/Maintenance/,2025-11-24T13:18:59,low
reimbursement_5405.csv,.csv,618,C:/Healthcare/Insurance/,2025-03-20T22:08:55,high
report_notice_5406.csv,.csv,362,C:/Healthcare/PublicInfo/Parking/,2024-03-01T05:45:40,low
agenda_5407.docx,.docx,643,C:/Healthcare/Meetings/,2023-05-01T03:45:57,low
schedule_visit_5408.pdf,.pdf,139,C:/Healthcare/Patients/,2025-11-02T17:12:21,low
schedule_info_5409.txt,.txt,36,C:/Healthcare/PublicInfo/Notices/,2023-01-15T05:36:36,low
prescription_workorder_5410.pdf,.pdf,1330,C:/Healthcare/Maintenance/,2024-02-11T19:05:44,high
schedule_parking_5411.pdf,.pdf,2716,C:/Healthcare/PublicInfo/Menu/,2025-11-17T03:37:42,medium
appointment_schedule_5412.pdf,.pdf,842,C:/Healthcare/StaffSchedules/,2025-10-23T17:18:29,high
parking_5413.txt,.txt,12,C:/Healthcare/PublicInfo/Notices/,2023-01-22T20:48:39,low
workorder_5414_draft.pdf,.pdf,403,C:/Healthcare/Maintenance/,2024-04-23T20:06:31,medium
invoice_test_5415.csv,.csv,130,C:/Healthcare/LabResults/,2025-05-21T20:22:17,low
menu_5416.csv,.csv,60,C:/Healthcare/PublicInfo/Parking/,2023-10-07T11:17:34,medium
notice_claim_5417.csv,.csv,316,C:/Healthcare/Insurance/,2025-07-22T05:56:53,high
parking_5418.pdf,.pdf,1742,C:/Healthcare/PublicInfo/Notices/,2024-11-24T20:16:33,low
menu_5419.pdf,.pdf,58,C:/Healthcare/PublicInfo/Parking/,2023-07-17T21:35:51,medium
results_5420.xlsx,.xlsx,417,C:/Healthcare/LabResults/,2025-03-14T22:56:23,low
notice_schedule_5421.xlsx,.xlsx,65,C:/Healthcare/StaffSchedules/,2024-12-04T22:52:04,low
workorder_5422.pdf,.pdf,902,C:/Healthcare/Maintenance/,2025-08-29T02:30:12,high
maintenance_reimbursement_5423.pdf,.pdf,5,C:/Healthcare/Insurance/,2023-04-06T04:51:01,low
parking_5424.txt,.txt,13,C:/Healthcare/PublicInfo/Menu/,2024-10-09T06:41:01,medium
schedule_coverage_5425.csv,.csv,126,C:/Healthcare/Insurance/,2024-02-20T16:31:52,low
menu_minutes_5426.txt,.txt,35,C:/Healthcare/Meetings/,2023-09-26T08:50:30,medium
appointment_notice_5427.pdf,.pdf,647,C:/Healthcare/PublicInfo/Parking/,2023-04-25T22:26:38,high
log_5428.pdf,.pdf,1264,C:/Healthcare/Maintenance/,2023-02-19T18:51:39,medium
log_5429.xlsx,.xlsx,1583,C:/Healthcare/Maintenance/,2024-12-03T04:37:33,low
confidential_notice_5430.txt,.txt,5,C:/Healthcare/PublicInfo/Parking/,2025-01-09T03:29:37,low
schedule_5431.xlsx,.xlsx,1178,C:/Healthcare/StaffSchedules/,2025-04-06T08:03:58,medium
minutes_5432_final.docx,.docx,500,C:/Healthcare/Meetings/,2023-12-27T07:45:52,low
parking_5433.csv,.csv,472,C:/Healthcare/PublicInfo/Notices/,2023-03-27T15:12:53,low
notice_log_5434.pdf,.pdf,146,C:/Healthcare/Maintenance/,2025-04-27T10:43:51,low
claim_5435.pdf,.pdf,439,C:/Healthcare/Insurance/,2023-10-31T14:52:12,medium
invoice_procedure_5436_final.docx,.docx,316,C:/Healthcare/Internal/Protocols/,2024-10-02T21:27:48,low
maintenance_menu_5437.csv,.csv,299,C:/Healthcare/PublicInfo/Parking/,2024-12-29T09:43:39,low
maintenance_5438_final.pdf,.pdf,656,C:/Healthcare/Maintenance/,2025-03-28T18:38:19,medium
menu_5439.pdf,.pdf,444,C:/Healthcare/PublicInfo/Parking/,2024-10-28T19:44:00,low
invoice_schedule_5440.csv,.csv,312,C:/Healthcare/StaffSchedules/,2023-01-23T14:56:34,low
shift_5441.pdf,.pdf,171,C:/Healthcare/StaffSchedules/,2025-12-15T17:31:32,low
info_5442.pdf,.pdf,320,C:/Healthcare/PublicInfo/Parking/,2023-01-11T09:38:11,low
policy_5443.pdf,.pdf,765,C:/Healthcare/Insurance/,2024-01-23T10:58:07,low
parking_5444.csv,.csv,43,C:/Healthcare/PublicInfo/Menu/,2024-05-01T01:37:21,low
insurance_claim_procedure_5445.xlsx,.xlsx,256,C:/Healthcare/Internal/Protocols/,2025-10-25T12:30:25,medium
appointment_shift_5446.xlsx,.xlsx,1225,C:/Healthcare/StaffSchedules/,2025-03-01T08:31:18,low
confidential_notice_5447.pdf,.pdf,1650,C:/Healthcare/PublicInfo/Parking/,2023-09-17T03:08:59,high
lab_record_5448.docx,.docx,112,C:/Healthcare/Patients/,2024-08-17T22:14:37,medium
test_lab_5449.pdf,.pdf,1506,C:/Healthcare/LabResults/,2024-07-01T12:07:38,low
report_guideline_5450.pdf,.pdf,155,C:/Healthcare/Internal/Protocols/,2025-03-10T20:45:43,medium
schedule_info_5451.txt,.txt,44,C:/Healthcare/PublicInfo/Notices/,2024-06-25T04:44:53,low
maintenance_record_5452_v2.pdf,.pdf,802,C:/Healthcare/Patients/,2025-12-09T03:05:46,low
maintenance_5453.xlsx,.xlsx,360,C:/Healthcare/Maintenance/,2025-09-14T12:58:39,low
announcement_workorder_5454.pdf,.pdf,277,C:/Healthcare/Maintenance/,2024-10-01T14:35:42,low
results_procedure_5455.xlsx,.xlsx,422,C:/Healthcare/Internal/Protocols/,2025-12-19T15:55:57,high
analysis_5456.xls,.xls,614,C:/Healthcare/LabResults/,2023-01-27T18:49:14,medium
menu_5457.pdf,.pdf,2491,C:/Healthcare/PublicInfo/Parking/,2025-11-30T06:52:00,medium
invoice_menu_5458.txt,.txt,39,C:/Healthcare/PublicInfo/Notices/,2024-02-22T05:02:59,low
notice_workorder_5459.xlsx,.xlsx,555,C:/Healthcare/Maintenance/,2023-05-02T22:57:30,low
confidential_record_5460.xlsx,.xlsx,1222,C:/Healthcare/Patients/,2024-02-21T12:36:34,high
results_menu_5461.txt,.txt,69,C:/Healthcare/PublicInfo/Parking/,2025-07-03T17:35:50,low
notice_5462.csv,.csv,307,C:/Healthcare/PublicInfo/Menu/,2025-03-27T15:27:32,low
parking_consent_5463.xlsx,.xlsx,1492,C:/Healthcare/Patients/,2023-12-13T23:56:12,high
report_parking_5464.pdf,.pdf,329,C:/Healthcare/PublicInfo/Notices/,2023-11-04T15:27:31,low
public_parking_5465.pdf,.pdf,954,C:/Healthcare/PublicInfo/Notices/,2024-09-17T22:59:38,low
agenda_5466.txt,.txt,51,C:/Healthcare/Meetings/,2023-12-22T00:33:09,low
payroll_parking_5467.txt,.txt,137,C:/Healthcare/PublicInfo/Parking/,2025-06-16T06:37:13,medium
ssn_shift_5468.xlsx,.xlsx,653,C:/Healthcare/StaffSchedules/,2025-07-17T18:05:13,medium
guideline_5469.pdf,.pdf,1389,C:/Healthcare/Internal/Protocols/,2024-08-26T01:27:13,medium
schedule_patient_5470_confidential.xlsx,.xlsx,630,C:/Healthcare/Patients/,2025-01-16T22:03:30,low
parking_log_5471.pdf,.pdf,228,C:/Healthcare/Maintenance/,2024-08-09T07:17:41,low
test_roster_5472.xlsx,.xlsx,1194,C:/Healthcare/StaffSchedules/,2023-07-06T12:48:07,low
schedule_menu_5473.pdf,.pdf,1462,C:/Healthcare/PublicInfo/Parking/,2024-03-10T14:27:27,medium
maintenance_reimbursement_5474.pdf,.pdf,370,C:/Healthcare/Insurance/,2024-01-09T18:18:24,high
record_5475.pdf,.pdf,234,C:/Healthcare/Patients/,2024-07-26T00:56:58,low
parking_5476.txt,.txt,7,C:/Healthcare/PublicInfo/Menu/,2025-02-26T12:44:09,low
appointment_menu_5477.pdf,.pdf,1257,C:/Healthcare/PublicInfo/Notices/,2023-09-12T02:52:27,medium
info_5478.csv,.csv,635,C:/Healthcare/PublicInfo/Parking/,2025-12-01T00:35:45,medium
roster_5479.xlsx,.xlsx,590,C:/Healthcare/StaffSchedules/,2025-02-01T20:40:09,high
parking_5480_final.txt,.txt,42,C:/Healthcare/PublicInfo/Parking/,2024-05-11T02:05:08,low
invoice_notice_5481.csv,.csv,476,C:/Healthcare/PublicInfo/Parking/,2023-01-24T20:43:42,high
consent_results_5482.xls,.xls,606,C:/Healthcare/LabResults/,2023-05-04T19:01:36,medium
specimen_5483.csv,.csv,325,C:/Healthcare/LabResults/,2023-05-02T04:32:34,medium
protocol_5484.docx,.docx,117,C:/Healthcare/Internal/Protocols/,2024-03-24T22:32:13,medium
public_workorder_5485.pdf,.pdf,1329,C:/Healthcare/Maintenance/,2023-11-01T13:47:22,high
schedule_5486.pdf,.pdf,83,C:/Healthcare/StaffSchedules/,2025-09-04T22:42:01,medium
public_procedure_5487_v2.docx,.docx,133,C:/Healthcare/Internal/Protocols/,2023-12-15T07:53:04,low
schedule_5488.pdf,.pdf,663,C:/Healthcare/StaffSchedules/,2025-06-21T00:12:29,low
payroll_info_5489.txt,.txt,165,C:/Healthcare/PublicInfo/Menu/,2025-05-30T01:43:36,medium
invoice_5490.csv,.csv,45,C:/Healthcare/Insurance/,2025-12-17T05:54:29,low
parking_5491.pdf,.pdf,35,C:/Healthcare/PublicInfo/Menu/,2024-11-18T02:44:15,low
workorder_5492.pdf,.pdf,22,C:/Healthcare/Maintenance/,2025-02-26T12:53:39,medium
notice_consent_5493.pdf,.pdf,718,C:/Healthcare/Patients/,2023-12-14T22:27:38,low
parking_procedure_5494_v2.docx,.docx,123,C:/Healthcare/Internal/Protocols/,2023-03-23T02:03:13,low
parking_5495.pdf,.pdf,505,C:/Healthcare/PublicInfo/Parking/,2023-08-30T10:06:31,low
results_5496.pdf,.pdf,1610,C:/Healthcare/LabResults/,2024-11-12T16:09:52,medium
notice_5497.txt,.txt,28,C:/Healthcare/PublicInfo/Notices/,2024-06-02T08:03:30,low
notice_5498.txt,.txt,96,C:/Healthcare/PublicInfo/Parking/,2025-11-28T01:21:40,low
patient_5499.docx,.docx,342,C:/Healthcare/Patients/,2023-07-17T21:42:50,low
shift_5500.csv,.csv,196,C:/Healthcare/StaffSchedules/,2025-05-24T12:41:25,medium
notice_5501.pdf,.pdf,479,C:/Healthcare/PublicInfo/Parking/,2025-01-28T01:36:03,low
maintenance_results_5502.xls,.xls,185,C:/Healthcare/LabResults/,2023-11-10T20:35:13,medium
notice_5503.txt,.txt,118,C:/Healthcare/PublicInfo/Menu/,2025-12-14T06:20:09,medium
report_info_5504.csv,.csv,163,C:/Healthcare/PublicInfo/Menu/,2023-06-06T23:09:03,medium
schedule_maintenance_5505_confidential.txt,.txt,95,C:/Healthcare/Maintenance/,2023-06-22T17:50:28,low
announcement_diagnosis_5506.pdf,.pdf,376,C:/Healthcare/Patients/,2025-03-12T03:17:18,low
protocol_5507.pdf,.pdf,2028,C:/Healthcare/Internal/Protocols/,2025-10-03T09:30:22,high
medical_info_5508_final.pdf,.pdf,1695,C:/Healthcare/PublicInfo/Menu/,2024-02-03T20:48:53,medium
test_5509.xls,.xls,835,C:/Healthcare/LabResults/,2024-01-20T04:54:26,medium
roster_5510.pdf,.pdf,181,C:/Healthcare/StaffSchedules/,2024-09-29T22:38:23,medium
info_5511.pdf,.pdf,414,C:/Healthcare/PublicInfo/Menu/,2024-05-31T22:42:39,low
record_5512.pdf,.pdf,1455,C:/Healthcare/Patients/,2023-01-03T05:40:55,high
summary_results_5513.pdf,.pdf,57,C:/Healthcare/LabResults/,2025-08-29T09:35:33,low
menu_5514.txt,.txt,87,C:/Healthcare/PublicInfo/Parking/,2024-03-03T22:02:15,low
appointment_notice_5515.csv,.csv,802,C:/Healthcare/PublicInfo/Notices/,2024-02-17T10:04:31,medium
roster_5516.pdf,.pdf,885,C:/Healthcare/StaffSchedules/,2023-11-21T03:32:25,low
procedure_5517.docx,.docx,291,C:/Healthcare/Internal/Protocols/,2024-12-09T00:02:37,medium
public_specimen_5518_v2.xls,.xls,154,C:/Healthcare/LabResults/,2024-01-01T20:59:13,low
notice_notice_5519.pdf,.pdf,469,C:/Healthcare/PublicInfo/Notices/,2024-08-18T06:26:07,high
roster_5520.xlsx,.xlsx,890,C:/Healthcare/StaffSchedules/,2025-06-23T22:22:42,low
shift_5521.xlsx,.xlsx,293,C:/Healthcare/StaffSchedules/,2025-08-01T18:23:58,medium
claim_5522.csv,.csv,496,C:/Healthcare/Insurance/,2023-02-11T07:30:43,low
notice_5523.pdf,.pdf,370,C:/Healthcare/PublicInfo/Menu/,2023-06-30T02:29:06,low
invoice_info_5524.txt,.txt,100,C:/Healthcare/PublicInfo/Menu/,2025-08-21T09:36:44,low
results_5525.xls,.xls,118,C:/Healthcare/LabResults/,2023-11-22T13:08:29,low
maintenance_5526.xlsx,.xlsx,625,C:/Healthcare/Maintenance/,2023-08-02T06:23:33,medium
meeting_5527_draft.txt,.txt,6,C:/Healthcare/Meetings/,2024-11-24T07:33:37,low
menu_5528.pdf,.pdf,553,C:/Healthcare/PublicInfo/Parking/,2023-07-19T18:00:48,low
maintenance_minutes_5529.pdf,.pdf,1737,C:/Healthcare/Meetings/,2025-09-25T04:45:14,low
meeting_5530.docx,.docx,361,C:/Healthcare/Meetings/,2023-09-10T05:55:46,low
shift_5531.pdf,.pdf,2084,C:/Healthcare/StaffSchedules/,2023-11-30T17:45:20,low
parking_5532_draft.txt,.txt,113,C:/Healthcare/PublicInfo/Menu/,2025-04-21T04:32:57,low
agenda_5533.docx,.docx,742,C:/Healthcare/Meetings/,2023-11-30T17:26:18,medium
credentials_meeting_5534.pdf,.pdf,158,C:/Healthcare/Meetings/,2023-12-03T23:37:36,medium
coverage_5535.docx,.docx,149,C:/Healthcare/Insurance/,2024-08-04T07:32:07,medium
test_5536.csv,.csv,76,C:/Healthcare/LabResults/,2025-01-20T00:55:23,low
results_log_5537.txt,.txt,125,C:/Healthcare/Maintenance/,2023-10-04T09:37:06,medium
insurance_claim_workorder_5538.txt,.txt,116,C:/Healthcare/Maintenance/,2024-11-20T00:30:27,medium
specimen_5539.xls,.xls,403,C:/Healthcare/LabResults/,2023-07-20T21:14:13,high
appointment_menu_5540_archived.pdf,.pdf,1153,C:/Healthcare/PublicInfo/Menu/,2023-03-15T02:49:10,low
notice_5541.pdf,.pdf,2483,C:/Healthcare/PublicInfo/Notices/,2025-06-20T10:07:18,low
claim_5542.pdf,.pdf,656,C:/Healthcare/Insurance/,2025-09-13T18:28:07,low
notice_maintenance_5543_v2.pdf,.pdf,1968,C:/Healthcare/Maintenance/,2025-06-20T07:33:42,low
report_visit_5544.pdf,.pdf,1251,C:/Healthcare/Patients/,2024-12-21T04:44:51,low
procedure_5545.xlsx,.xlsx,877,C:/Healthcare/Internal/Protocols/,2025-11-02T20:40:20,medium
test_minutes_5546.txt,.txt,158,C:/Healthcare/Meetings/,2025-01-05T17:20:38,medium
announcement_patient_5547.pdf,.pdf,934,C:/Healthcare/Patients/,2024-04-01T05:25:03,high
announcement_parking_5548.pdf,.pdf,1081,C:/Healthcare/PublicInfo/Menu/,2024-07-10T08:34:20,low
test_specimen_5549.csv,.csv,324,C:/Healthcare/LabResults/,2024-12-10T11:37:49,high
minutes_5550.docx,.docx,370,C:/Healthcare/Meetings/,2023-12-31T14:37:26,high
info_5551.pdf,.pdf,660,C:/Healthcare/PublicInfo/Menu/,2025-10-26T23:36:14,medium
appointment_diagnosis_5552.xlsx,.xlsx,1425,C:/Healthcare/Patients/,2023-07-30T04:41:13,low
procedure_5553.xlsx,.xlsx,967,C:/Healthcare/Internal/Protocols/,2025-10-17T20:54:21,low
reimbursement_5554.csv,.csv,233,C:/Healthcare/Insurance/,2025-07-13T04:15:03,low
appointment_workorder_5555.txt,.txt,7,C:/Healthcare/Maintenance/,2024-12-27T14:14:15,low
lab_lab_5556.csv,.csv,363,C:/Healthcare/LabResults/,2023-08-19T18:13:00,medium
menu_test_5557_draft.csv,.csv,31,C:/Healthcare/LabResults/,2025-04-23T23:27:27,high
notice_5558.txt,.txt,46,C:/Healthcare/PublicInfo/Menu/,2023-06-20T17:56:44,low
report_lab_5559.xlsx,.xlsx,492,C:/Healthcare/LabResults/,2024-02-03T21:48:48,low
results_procedure_5560.xlsx,.xlsx,180,C:/Healthcare/Internal/Protocols/,2024-09-03T22:14:35,low
menu_5561_archived.txt,.txt,1,C:/Healthcare/PublicInfo/Menu/,2025-12-23T07:50:10,medium
patient_lab_5562_archived.csv,.csv,321,C:/Healthcare/LabResults/,2023-09-04T20:40:44,high
appointment_parking_5563_confidential.pdf,.pdf,1561,C:/Healthcare/PublicInfo/Menu/,2025-02-16T15:10:12,low
credentials_log_5564_draft.txt,.txt,145,C:/Healthcare/Maintenance/,2025-09-23T11:27:54,medium
shift_5565.xlsx,.xlsx,664,C:/Healthcare/StaffSchedules/,2025-08-16T12:06:35,low
patient_minutes_5566.pdf,.pdf,1292,C:/Healthcare/Meetings/,2025-04-12T07:27:32,medium
roster_5567_archived.xlsx,.xlsx,400,C:/Healthcare/StaffSchedules/,2024-08-20T18:23:53,low
meeting_5568.pdf,.pdf,103,C:/Healthcare/Meetings/,2025-06-11T16:12:16,high
guideline_5569_final.docx,.docx,748,C:/Healthcare/Internal/Protocols/,2023-06-12T10:10:49,high
notice_parking_5570.txt,.txt,98,C:/Healthcare/PublicInfo/Parking/,2024-05-24T18:42:31,medium
parking_shift_5571.pdf,.pdf,1324,C:/Healthcare/StaffSchedules/,2024-11-06T03:54:14,medium
announcement_menu_5572.csv,.csv,283,C:/Healthcare/PublicInfo/Menu/,2024-09-29T09:59:26,low
notice_5573.txt,.txt,153,C:/Healthcare/PublicInfo/Notices/,2025-12-31T05:47:38,low
invoice_roster_5574.xlsx,.xlsx,951,C:/Healthcare/StaffSchedules/,2024-10-20T09:12:14,low
coverage_5575.pdf,.pdf,334,C:/Healthcare/Insurance/,2025-08-24T05:41:58,low
schedule_lab_5576.xls,.xls,1074,C:/Healthcare/LabResults/,2024-02-18T08:28:02,low
schedule_meeting_5577.pdf,.pdf,1102,C:/Healthcare/Meetings/,2024-06-20T06:24:45,medium
schedule_protocol_5578.pdf,.pdf,261,C:/Healthcare/Internal/Protocols/,2024-11-15T04:52:09,medium
protocol_5579.pdf,.pdf,368,C:/Healthcare/Internal/Protocols/,2023-01-28T17:02:35,high
test_5580_confidential.pdf,.pdf,47,C:/Healthcare/LabResults/,2024-04-12T02:53:33,low
public_meeting_5581.txt,.txt,104,C:/Healthcare/Meetings/,2024-01-18T09:38:38,medium
menu_5582.csv,.csv,283,C:/Healthcare/PublicInfo/Notices/,2024-12-11T16:22:07,low
parking_menu_5583.txt,.txt,72,C:/Healthcare/PublicInfo/Menu/,2024-05-13T07:00:04,medium
schedule_parking_5584.txt,.txt,73,C:/Healthcare/PublicInfo/Parking/,2024-07-26T20:42:28,low
menu_consent_5585.csv,.csv,32,C:/Healthcare/Patients/,2023-06-09T21:33:19,low
report_guideline_5586.docx,.docx,154,C:/Healthcare/Internal/Protocols/,2024-10-13T16:49:07,low
consent_5587.pdf,.pdf,643,C:/Healthcare/Patients/,2023-11-13T22:14:31,medium
menu_coverage_5588.csv,.csv,189,C:/Healthcare/Insurance/,2023-01-09T10:53:16,high
specimen_5589.csv,.csv,359,C:/Healthcare/LabResults/,2025-09-02T04:26:51,high
public_visit_5590_archived.pdf,.pdf,845,C:/Healthcare/Patients/,2024-08-01T04:33:34,medium
shift_5591.xlsx,.xlsx,1033,C:/Healthcare/StaffSchedules/,2023-10-04T01:20:05,medium
public_notice_5592.csv,.csv,320,C:/Healthcare/PublicInfo/Notices/,2024-03-22T21:49:25,low
maintenance_procedure_5593.docx,.docx,753,C:/Healthcare/Internal/Protocols/,2023-04-09T01:39:38,medium
menu_5594.txt,.txt,35,C:/Healthcare/PublicInfo/Menu/,2025-05-07T15:04:05,medium
passwords_menu_5595.pdf,.pdf,1613,C:/Healthcare/PublicInfo/Notices/,2024-06-06T07:05:18,low
notice_5596.pdf,.pdf,179,C:/Healthcare/PublicInfo/Parking/,2023-06-11T07:32:02,low
menu_5597.txt,.txt,16,C:/Healthcare/PublicInfo/Notices/,2024-12-29T19:36:52,low
guideline_5598.xlsx,.xlsx,263,C:/Healthcare/Internal/Protocols/,2025-01-05T11:29:35,low
info_5599.csv,.csv,190,C:/Healthcare/PublicInfo/Menu/,2025-01-24T05:03:31,medium
medical_test_5600.csv,.csv,150,C:/Healthcare/LabResults/,2024-06-13T09:23:46,high
menu_5601.pdf,.pdf,1510,C:/Healthcare/PublicInfo/Menu/,2023-10-04T22:08:58,high
claim_5602.pdf,.pdf,935,C:/Healthcare/Insurance/,2023-10-27T05:11:34,medium
log_5603.txt,.txt,36,C:/Healthcare/Maintenance/,2024-05-07T00:37:46,low
invoice_5604.csv,.csv,296,C:/Healthcare/Insurance/,2025-11-24T20:43:29,high
credentials_guideline_5605.docx,.docx,52,C:/Healthcare/Internal/Protocols/,2023-05-26T03:24:26,low
menu_5606_final.csv,.csv,149,C:/Healthcare/PublicInfo/Parking/,2025-11-23T22:37:36,high
prescription_minutes_5607.docx,.docx,318,C:/Healthcare/Meetings/,2025-04-10T20:23:41,low
results_parking_5608.csv,.csv,150,C:/Healthcare/PublicInfo/Menu/,2025-04-02T05:39:44,medium
schedule_5609.pdf,.pdf,1169,C:/Healthcare/StaffSchedules/,2024-02-21T02:29:36,medium
notice_5610.txt,.txt,88,C:/Healthcare/PublicInfo/Notices/,2024-07-08T10:06:14,low
menu_5611.txt,.txt,110,C:/Healthcare/PublicInfo/Parking/,2024-01-02T15:56:52,low
test_5612.xls,.xls,487,C:/Healthcare/LabResults/,2025-11-23T00:08:54,high
public_specimen_5613.pdf,.pdf,1108,C:/Healthcare/LabResults/,2023-08-14T05:57:31,low
coverage_5614.pdf,.pdf,355,C:/Healthcare/Insurance/,2025-11-03T03:52:24,low
maintenance_meeting_5615.docx,.docx,756,C:/Healthcare/Meetings/,2023-05-05T20:37:59,low
agenda_5616.pdf,.pdf,2701,C:/Healthcare/Meetings/,2023-03-28T03:32:17,low
notice_5617.pdf,.pdf,1007,C:/Healthcare/PublicInfo/Parking/,2024-09-08T00:43:59,medium
lab_specimen_5618.pdf,.pdf,1296,C:/Healthcare/LabResults/,2024-06-04T11:53:21,low
guideline_5619.xlsx,.xlsx,144,C:/Healthcare/Internal/Protocols/,2024-11-16T16:35:13,low
schedule_5620.xlsx,.xlsx,679,C:/Healthcare/StaffSchedules/,2023-11-29T05:10:15,high
meeting_5621.docx,.docx,10,C:/Healthcare/Meetings/,2023-05-16T11:29:54,low
menu_procedure_5622.xlsx,.xlsx,151,C:/Healthcare/Internal/Protocols/,2024-05-12T19:36:30,medium
record_5623.docx,.docx,157,C:/Healthcare/Patients/,2024-08-30T17:15:16,low
report_parking_5624.pdf,.pdf,956,C:/Healthcare/PublicInfo/Notices/,2024-09-24T05:19:38,low
invoice_5625.pdf,.pdf,2094,C:/Healthcare/Insurance/,2023-12-24T08:38:45,low
parking_5626.csv,.csv,198,C:/Healthcare/PublicInfo/Notices/,2023-05-10T09:01:53,medium
menu_meeting_5627_draft.docx,.docx,301,C:/Healthcare/Meetings/,2024-05-18T19:48:46,low
ssn_meeting_5628.pdf,.pdf,1204,C:/Healthcare/Meetings/,2025-02-20T01:12:40,low
results_minutes_5629.docx,.docx,7,C:/Healthcare/Meetings/,2023-12-30T19:44:17,medium
visit_5630.csv,.csv,224,C:/Healthcare/Patients/,2023-04-18T07:53:56,high
info_5631_archived.txt,.txt,32,C:/Healthcare/PublicInfo/Parking/,2025-12-18T08:23:17,low
lab_info_5632.pdf,.pdf,138,C:/Healthcare/PublicInfo/Notices/,2025-10-27T06:41:14,low
maintenance_parking_5633.txt,.txt,64,C:/Healthcare/PublicInfo/Parking/,2023-08-08T05:20:49,low
menu_lab_5634_draft.xls,.xls,1,C:/Healthcare/LabResults/,2024-08-27T00:58:23,low
info_5635.txt,.txt,6,C:/Healthcare/PublicInfo/Menu/,2023-11-24T01:07:44,low
report_lab_5636.xls,.xls,1586,C:/Healthcare/LabResults/,2025-02-06T01:31:49,low
coverage_5637.pdf,.pdf,2554,C:/Healthcare/Insurance/,2025-10-04T22:31:15,high
parking_5638.csv,.csv,406,C:/Healthcare/PublicInfo/Notices/,2024-07-24T17:13:23,medium
menu_consent_5639_v2.docx,.docx,301,C:/Healthcare/Patients/,2023-11-06T14:32:01,low
procedure_5640.docx,.docx,235,C:/Healthcare/Internal/Protocols/,2024-08-25T22:56:03,low
confidential_info_5641.txt,.txt,36,C:/Healthcare/PublicInfo/Notices/,2024-04-29T02:45:08,low
results_schedule_5642.xlsx,.xlsx,595,C:/Healthcare/StaffSchedules/,2023-12-29T19:35:09,medium
info_5643.pdf,.pdf,582,C:/Healthcare/PublicInfo/Parking/,2025-10-20T09:31:38,low
workorder_5644.xlsx,.xlsx,668,C:/Healthcare/Maintenance/,2023-12-19T07:26:26,high
announcement_procedure_5645.xlsx,.xlsx,335,C:/Healthcare/Internal/Protocols/,2024-06-24T17:04:25,medium
parking_protocol_5646.docx,.docx,366,C:/Healthcare/Internal/Protocols/,2024-04-23T22:46:52,low
notice_test_5647_confidential.csv,.csv,183,C:/Healthcare/LabResults/,2025-06-14T09:09:23,low
insurance_claim_workorder_5648.txt,.txt,34,C:/Healthcare/Maintenance/,2025-09-30T05:09:14,medium
roster_5649.csv,.csv,57,C:/Healthcare/StaffSchedules/,2024-04-23T16:45:49,low
menu_5650_confidential.csv,.csv,402,C:/Healthcare/PublicInfo/Parking/,2025-09-22T22:53:51,low
summary_procedure_5651.docx,.docx,499,C:/Healthcare/Internal/Protocols/,2024-12-26T21:01:58,low
parking_5652_draft.txt,.txt,112,C:/Healthcare/PublicInfo/Menu/,2024-08-05T15:47:45,medium
menu_5653.txt,.txt,82,C:/Healthcare/PublicInfo/Parking/,2024-01-03T11:20:37,medium
notice_5654_archived.pdf,.pdf,311,C:/Healthcare/PublicInfo/Menu/,2023-08-03T18:40:11,low
schedule_meeting_5655.pdf,.pdf,240,C:/Healthcare/Meetings/,2023-11-13T22:24:51,medium
claim_5656.pdf,.pdf,470,C:/Healthcare/Insurance/,2024-02-21T05:19:25,low
patient_protocol_5657_v2.pdf,.pdf,74,C:/Healthcare/Internal/Protocols/,2024-02-06T02:37:23,high
schedule_info_5658_confidential.pdf,.pdf,2062,C:/Healthcare/PublicInfo/Notices/,2023-03-29T18:15:38,medium
summary_reimbursement_5659.csv,.csv,967,C:/Healthcare/Insurance/,2025-02-12T16:43:02,medium
public_record_5660.xlsx,.xlsx,566,C:/Healthcare/Patients/,2023-10-05T05:36:58,medium
ssn_agenda_5661.docx,.docx,446,C:/Healthcare/Meetings/,2024-09-22T05:14:44,medium
test_notice_5662.txt,.txt,37,C:/Healthcare/PublicInfo/Menu/,2024-01-01T19:48:17,low
schedule_lab_5663.csv,.csv,558,C:/Healthcare/LabResults/,2024-03-05T17:56:50,low
parking_maintenance_5664.xlsx,.xlsx,2105,C:/Healthcare/Maintenance/,2024-05-15T11:39:00,low
notice_5665.txt,.txt,44,C:/Healthcare/PublicInfo/Menu/,2023-01-03T23:49:08,low
lab_policy_5666.docx,.docx,624,C:/Healthcare/Insurance/,2024-04-04T22:35:08,low
test_5667.csv,.csv,504,C:/Healthcare/LabResults/,2024-05-21T20:15:05,medium
specimen_5668.xlsx,.xlsx,1773,C:/Healthcare/LabResults/,2023-02-02T17:21:53,low
menu_5669.csv,.csv,341,C:/Healthcare/PublicInfo/Notices/,2025-11-25T08:19:16,medium
schedule_invoice_5670.docx,.docx,32,C:/Healthcare/Insurance/,2023-11-11T14:53:25,low
results_patient_5671.xlsx,.xlsx,2150,C:/Healthcare/Patients/,2024-05-12T11:42:56,medium
menu_5672.csv,.csv,383,C:/Healthcare/PublicInfo/Notices/,2024-04-18T18:06:18,medium
payroll_minutes_5673.pdf,.pdf,358,C:/Healthcare/Meetings/,2025-04-23T22:53:48,low
lab_protocol_5674.pdf,.pdf,909,C:/Healthcare/Internal/Protocols/,2024-04-12T17:40:55,low
notice_5675.csv,.csv,508,C:/Healthcare/PublicInfo/Menu/,2023-05-26T17:17:33,low
report_menu_5676.txt,.txt,67,C:/Healthcare/PublicInfo/Notices/,2023-10-05T09:41:39,low
parking_test_5677.csv,.csv,55,C:/Healthcare/LabResults/,2025-03-12T11:12:36,low
guideline_5678.xlsx,.xlsx,780,C:/Healthcare/Internal/Protocols/,2024-06-17T04:46:15,low
notice_protocol_5679.pdf,.pdf,995,C:/Healthcare/Internal/Protocols/,2024-11-11T07:51:37,low
report_minutes_5680.txt,.txt,106,C:/Healthcare/Meetings/,2024-01-18T23:01:47,low
menu_consent_5681.xlsx,.xlsx,1168,C:/Healthcare/Patients/,2025-03-16T22:37:30,low
parking_5682.csv,.csv,492,C:/Healthcare/PublicInfo/Parking/,2025-02-18T02:45:45,medium
roster_5683.csv,.csv,526,C:/Healthcare/StaffSchedules/,2024-03-28T02:05:06,low
record_5684.docx,.docx,373,C:/Healthcare/Patients/,2023-09-20T04:10:05,medium
notice_5685.csv,.csv,557,C:/Healthcare/PublicInfo/Parking/,2024-09-14T15:27:22,low
audit_reimbursement_5686.pdf,.pdf,625,C:/Healthcare/Insurance/,2023-06-29T22:53:38,low
info_5687.csv,.csv,475,C:/Healthcare/PublicInfo/Parking/,2023-02-05T07:58:56,medium
parking_test_5688.xls,.xls,51,C:/Healthcare/LabResults/,2023-03-09T00:13:06,low
parking_parking_5689.txt,.txt,148,C:/Healthcare/PublicInfo/Menu/,2025-02-01T16:07:50,low
schedule_specimen_5690.csv,.csv,230,C:/Healthcare/LabResults/,2024-03-20T20:31:22,low
lab_procedure_5691_final.xlsx,.xlsx,2305,C:/Healthcare/Internal/Protocols/,2023-07-07T01:08:15,medium
maintenance_5692.txt,.txt,53,C:/Healthcare/Maintenance/,2023-03-27T02:04:50,medium
roster_5693.csv,.csv,489,C:/Healthcare/StaffSchedules/,2024-01-23T06:06:12,medium
lab_parking_5694.csv,.csv,11,C:/Healthcare/PublicInfo/Parking/,2025-04-27T08:11:56,low
test_5695.csv,.csv,359,C:/Healthcare/LabResults/,2025-06-25T03:14:55,low
reimbursement_5696.csv,.csv,369,C:/Healthcare/Insurance/,2025-04-18T02:05:49,medium
notice_5697.pdf,.pdf,2709,C:/Healthcare/PublicInfo/Menu/,2025-05-22T17:12:01,high
menu_5698.csv,.csv,138,C:/Healthcare/PublicInfo/Menu/,2024-02-04T21:54:28,low
info_5699.txt,.txt,55,C:/Healthcare/PublicInfo/Notices/,2023-04-10T19:42:59,low
report_test_5700.xlsx,.xlsx,1187,C:/Healthcare/LabResults/,2024-12-14T14:41:08,low
appointment_schedule_5701_archived.xlsx,.xlsx,1184,C:/Healthcare/StaffSchedules/,2023-07-23T20:25:33,low
policy_5702.docx,.docx,656,C:/Healthcare/Insurance/,2023-09-19T00:40:48,medium
menu_5703.csv,.csv,373,C:/Healthcare/PublicInfo/Parking/,2023-04-16T07:19:54,low
menu_5704.txt,.txt,73,C:/Healthcare/PublicInfo/Menu/,2025-06-24T05:57:15,low
notice_parking_5705.pdf,.pdf,486,C:/Healthcare/PublicInfo/Parking/,2024-05-29T18:03:32,low
notice_5706.pdf,.pdf,955,C:/Healthcare/PublicInfo/Parking/,2025-04-09T11:51:34,low
info_5707_draft.csv,.csv,159,C:/Healthcare/PublicInfo/Menu/,2023-07-15T11:10:51,low
maintenance_protocol_5708.docx,.docx,408,C:/Healthcare/Internal/Protocols/,2025-04-24T15:24:01,medium
confidential_analysis_5709.xls,.xls,2585,C:/Healthcare/LabResults/,2025-03-16T07:54:02,high
lab_coverage_5710_confidential.csv,.csv,310,C:/Healthcare/Insurance/,2024-05-08T13:20:00,low
results_visit_5711.xlsx,.xlsx,1388,C:/Healthcare/Patients/,2024-07-27T11:00:32,medium
agenda_5712.docx,.docx,668,C:/Healthcare/Meetings/,2023-09-29T09:04:12,low
meeting_5713.pdf,.pdf,540,C:/Healthcare/Meetings/,2024-08-31T20:26:09,high
parking_5714.txt,.txt,115,C:/Healthcare/PublicInfo/Notices/,2025-08-04T11:29:10,high
invoice_notice_5715.csv,.csv,336,C:/Healthcare/PublicInfo/Notices/,2023-11-14T09:01:36,low
maintenance_consent_5716.docx,.docx,68,C:/Healthcare/Patients/,2023-05-09T02:16:03,high
test_reimbursement_5717_archived.csv,.csv,339,C:/Healthcare/Insurance/,2023-09-22T19:34:21,high
log_5718.txt,.txt,33,C:/Healthcare/Maintenance/,2025-02-27T08:24:29,medium
meeting_5719.pdf,.pdf,705,C:/Healthcare/Meetings/,2023-09-18T15:13:48,medium
report_workorder_5720.txt,.txt,131,C:/Healthcare/Maintenance/,2023-07-02T20:14:50,low
invoice_5721.pdf,.pdf,2124,C:/Healthcare/Insurance/,2023-11-17T08:45:38,medium
results_diagnosis_5722.pdf,.pdf,150,C:/Healthcare/Patients/,2023-05-05T20:27:01,low
schedule_5723.csv,.csv,75,C:/Healthcare/StaffSchedules/,2025-10-11T09:50:48,low
analysis_5724.csv,.csv,252,C:/Healthcare/LabResults/,2024-05-21T22:49:18,low
insurance_claim_test_5725.csv,.csv,245,C:/Healthcare/LabResults/,2025-06-04T10:21:23,medium
meeting_5726.pdf,.pdf,7,C:/Healthcare/Meetings/,2023-11-29T14:25:48,low
minutes_5727.pdf,.pdf,710,C:/Healthcare/Meetings/,2025-08-03T01:43:30,medium
summary_guideline_5728.pdf,.pdf,1736,C:/Healthcare/Internal/Protocols/,2025-08-16T11:18:33,medium
schedule_5729.pdf,.pdf,1093,C:/Healthcare/StaffSchedules/,2024-02-22T23:57:49,low
agenda_5730.docx,.docx,293,C:/Healthcare/Meetings/,2025-06-14T16:06:22,low
maintenance_workorder_5731.pdf,.pdf,867,C:/Healthcare/Maintenance/,2025-03-19T01:01:42,medium
shift_5732.csv,.csv,422,C:/Healthcare/StaffSchedules/,2023-10-09T04:50:53,low
parking_5733_confidential.csv,.csv,221,C:/Healthcare/PublicInfo/Menu/,2024-12-26T01:30:53,low
claim_5734.pdf,.pdf,591,C:/Healthcare/Insurance/,2024-03-19T20:02:58,medium
maintenance_5735.xlsx,.xlsx,648,C:/Healthcare/Maintenance/,2024-05-19T17:02:21,low
public_parking_5736.pdf,.pdf,856,C:/Healthcare/PublicInfo/Notices/,2023-02-22T17:34:54,low
coverage_5737.pdf,.pdf,458,C:/Healthcare/Insurance/,2025-03-04T21:42:26,high
notice_5738.pdf,.pdf,934,C:/Healthcare/PublicInfo/Menu/,2025-10-24T00:08:07,medium
minutes_5739.pdf,.pdf,512,C:/Healthcare/Meetings/,2023-04-12T15:25:15,low
record_5740.docx,.docx,517,C:/Healthcare/Patients/,2024-11-25T04:01:38,low
results_guideline_5741.xlsx,.xlsx,1137,C:/Healthcare/Internal/Protocols/,2024-06-04T10:03:42,low
info_5742.csv,.csv,116,C:/Healthcare/PublicInfo/Notices/,2025-09-13T08:21:59,low
notice_diagnosis_5743.xlsx,.xlsx,767,C:/Healthcare/Patients/,2025-12-31T11:39:46,low
invoice_info_5744.pdf,.pdf,1031,C:/Healthcare/PublicInfo/Parking/,2025-11-25T00:48:02,medium
consent_parking_5745.pdf,.pdf,1127,C:/Healthcare/PublicInfo/Parking/,2024-08-02T19:45:09,low
menu_5746.pdf,.pdf,1525,C:/Healthcare/PublicInfo/Menu/,2023-04-21T04:30:13,low
maintenance_5747.pdf,.pdf,60,C:/Healthcare/Maintenance/,2024-08-28T10:38:36,medium
notice_5748.csv,.csv,227,C:/Healthcare/PublicInfo/Menu/,2025-07-02T05:59:38,low
coverage_5749.pdf,.pdf,1881,C:/Healthcare/Insurance/,2024-03-07T05:09:17,low
info_5750.pdf,.pdf,1314,C:/Healthcare/PublicInfo/Menu/,2025-01-23T04:37:41,low
maintenance_5751.xlsx,.xlsx,1172,C:/Healthcare/Maintenance/,2023-05-19T02:21:00,medium
agenda_5752.docx,.docx,160,C:/Healthcare/Meetings/,2025-02-18T08:41:45,low
invoice_5753.csv,.csv,139,C:/Healthcare/Insurance/,2025-12-20T01:57:25,medium
ssn_specimen_5754.xls,.xls,2184,C:/Healthcare/LabResults/,2024-09-12T02:45:35,medium
notice_info_5755.csv,.csv,37,C:/Healthcare/PublicInfo/Menu/,2024-08-31T03:25:22,low
invoice_5756.csv,.csv,234,C:/Healthcare/Insurance/,2023-09-09T08:34:16,high
results_log_5757_v2.xlsx,.xlsx,732,C:/Healthcare/Maintenance/,2023-08-31T18:15:07,low
info_5758.pdf,.pdf,466,C:/Healthcare/PublicInfo/Parking/,2025-07-30T10:42:23,low
consent_roster_5759.xlsx,.xlsx,1086,C:/Healthcare/StaffSchedules/,2024-04-01T05:22:29,low
parking_meeting_5760.docx,.docx,657,C:/Healthcare/Meetings/,2025-04-30T16:03:32,medium
results_roster_5761_draft.xlsx,.xlsx,551,C:/Healthcare/StaffSchedules/,2023-06-10T02:13:00,medium
menu_5762.pdf,.pdf,305,C:/Healthcare/PublicInfo/Parking/,2024-09-26T08:31:01,medium
menu_5763.txt,.txt,121,C:/Healthcare/PublicInfo/Menu/,2025-11-12T23:23:00,medium
appointment_shift_5764_confidential.pdf,.pdf,1365,C:/Healthcare/StaffSchedules/,2023-12-01T16:28:18,low
public_maintenance_5765_final.xlsx,.xlsx,332,C:/Healthcare/Maintenance/,2025-11-17T06:58:27,low
parking_protocol_5766.xlsx,.xlsx,1002,C:/Healthcare/Internal/Protocols/,2025-06-08T03:07:37,medium
info_5767_confidential.pdf,.pdf,1363,C:/Healthcare/PublicInfo/Menu/,2025-10-26T05:09:18,low
results_protocol_5768_final.pdf,.pdf,177,C:/Healthcare/Internal/Protocols/,2025-09-08T03:04:11,medium
info_5769_draft.pdf,.pdf,2718,C:/Healthcare/PublicInfo/Parking/,2023-06-04T07:02:03,low
schedule_diagnosis_5770.pdf,.pdf,1727,C:/Healthcare/Patients/,2024-11-01T11:39:48,high
parking_log_5771.xlsx,.xlsx,897,C:/Healthcare/Maintenance/,2023-03-27T16:25:08,low
workorder_5772_draft.txt,.txt,44,C:/Healthcare/Maintenance/,2023-12-03T07:53:38,low
info_5773.csv,.csv,184,C:/Healthcare/PublicInfo/Menu/,2025-02-04T00:42:05,low
announcement_policy_5774.csv,.csv,605,C:/Healthcare/Insurance/,2023-05-09T08:21:01,low
notice_5775.csv,.csv,38,C:/Healthcare/PublicInfo/Parking/,2025-12-19T19:27:34,low
menu_consent_5776.xlsx,.xlsx,950,C:/Healthcare/Patients/,2024-04-21T20:40:19,medium
test_shift_5777.csv,.csv,508,C:/Healthcare/StaffSchedules/,2023-11-20T12:07:02,medium
public_meeting_5778.docx,.docx,694,C:/Healthcare/Meetings/,2024-09-30T05:16:48,medium
maintenance_minutes_5779.docx,.docx,327,C:/Healthcare/Meetings/,2023-05-13T04:23:16,low
results_info_5780_final.pdf,.pdf,1551,C:/Healthcare/PublicInfo/Notices/,2024-02-25T01:24:55,medium
notice_schedule_5781.xlsx,.xlsx,391,C:/Healthcare/StaffSchedules/,2023-03-05T17:32:11,low
protocol_5782.xlsx,.xlsx,646,C:/Healthcare/Internal/Protocols/,2024-03-29T04:27:56,low
public_parking_5783.txt,.txt,88,C:/Healthcare/PublicInfo/Notices/,2024-08-29T01:48:56,low
public_info_5784.pdf,.pdf,1034,C:/Healthcare/PublicInfo/Notices/,2025-02-05T22:22:11,low
maintenance_5785.xlsx,.xlsx,25,C:/Healthcare/Maintenance/,2025-08-05T06:29:47,high
test_minutes_5786_archived.pdf,.pdf,396,C:/Healthcare/Meetings/,2023-06-08T22:27:15,high
public_agenda_5787.docx,.docx,423,C:/Healthcare/Meetings/,2025-02-13T18:22:43,low
summary_notice_5788.txt,.txt,40,C:/Healthcare/PublicInfo/Parking/,2023-04-16T14:44:54,low
menu_info_5789.pdf,.pdf,1391,C:/Healthcare/PublicInfo/Parking/,2023-04-07T22:16:34,low
announcement_menu_5790.pdf,.pdf,786,C:/Healthcare/PublicInfo/Menu/,2024-08-26T07:51:40,low
consent_procedure_5791.pdf,.pdf,2802,C:/Healthcare/Internal/Protocols/,2025-02-02T16:55:00,high
notice_5792.csv,.csv,252,C:/Healthcare/PublicInfo/Notices/,2024-04-29T14:51:22,low
public_policy_5793.csv,.csv,187,C:/Healthcare/Insurance/,2024-05-07T04:48:09,high
parking_5794.pdf,.pdf,776,C:/Healthcare/PublicInfo/Menu/,2024-04-09T12:01:28,low
appointment_guideline_5795.pdf,.pdf,579,C:/Healthcare/Internal/Protocols/,2025-03-30T20:09:52,medium
public_procedure_5796.docx,.docx,538,C:/Healthcare/Internal/Protocols/,2023-10-17T02:37:22,low
parking_5797.txt,.txt,67,C:/Healthcare/PublicInfo/Menu/,2023-10-17T02:57:51,medium
notice_patient_5798.docx,.docx,120,C:/Healthcare/Patients/,2024-01-19T08:15:54,low
log_5799.txt,.txt,12,C:/Healthcare/Maintenance/,2024-11-26T04:09:13,low
ssn_results_5800.csv,.csv,21,C:/Healthcare/LabResults/,2024-01-18T19:13:13,high
announcement_policy_5801.pdf,.pdf,117,C:/Healthcare/Insurance/,2024-04-09T22:51:09,low
notice_5802.txt,.txt,41,C:/Healthcare/PublicInfo/Notices/,2023-05-07T19:46:26,low
notice_5803.pdf,.pdf,1407,C:/Healthcare/PublicInfo/Parking/,2023-04-14T13:57:06,medium
public_analysis_5804.xlsx,.xlsx,1023,C:/Healthcare/LabResults/,2023-11-22T00:57:43,low
parking_workorder_5805.xlsx,.xlsx,1138,C:/Healthcare/Maintenance/,2024-03-30T01:53:19,medium
info_5806.pdf,.pdf,910,C:/Healthcare/PublicInfo/Parking/,2023-02-03T04:42:52,low
payroll_workorder_5807.xlsx,.xlsx,846,C:/Healthcare/Maintenance/,2023-07-21T18:52:07,low
public_protocol_5808.docx,.docx,619,C:/Healthcare/Internal/Protocols/,2025-08-14T08:58:04,medium
credentials_minutes_5809.docx,.docx,137,C:/Healthcare/Meetings/,2024-06-22T14:59:28,medium
notice_menu_5810.pdf,.pdf,625,C:/Healthcare/PublicInfo/Notices/,2023-05-29T19:45:33,low
schedule_info_5811.csv,.csv,207,C:/Healthcare/PublicInfo/Notices/,2024-03-16T18:02:09,low
notice_meeting_5812.txt,.txt,63,C:/Healthcare/Meetings/,2023-01-13T01:36:01,low
public_parking_5813.pdf,.pdf,542,C:/Healthcare/PublicInfo/Notices/,2024-02-02T23:42:10,low
coverage_5814.pdf,.pdf,1124,C:/Healthcare/Insurance/,2024-06-08T11:05:52,high
shift_5815.csv,.csv,912,C:/Healthcare/StaffSchedules/,2025-03-02T18:51:47,medium
roster_5816.xlsx,.xlsx,616,C:/Healthcare/StaffSchedules/,2024-11-23T18:02:53,medium
minutes_5817.docx,.docx,269,C:/Healthcare/Meetings/,2025-01-10T16:43:50,low
consent_5818.docx,.docx,472,C:/Healthcare/Patients/,2025-11-26T16:33:53,high
claim_5819.csv,.csv,470,C:/Healthcare/Insurance/,2024-03-12T20:58:28,high
policy_5820.csv,.csv,467,C:/Healthcare/Insurance/,2024-04-13T16:35:36,low
workorder_5821.txt,.txt,28,C:/Healthcare/Maintenance/,2023-05-31T15:32:44,low
announcement_maintenance_5822.pdf,.pdf,763,C:/Healthcare/Maintenance/,2024-06-10T08:26:49,medium
parking_5823.txt,.txt,80,C:/Healthcare/PublicInfo/Notices/,2025-12-13T17:56:29,low
test_5824.pdf,.pdf,303,C:/Healthcare/LabResults/,2025-07-15T14:07:03,medium
test_parking_5825.txt,.txt,60,C:/Healthcare/PublicInfo/Menu/,2023-05-18T20:30:36,low
schedule_notice_5826.txt,.txt,79,C:/Healthcare/PublicInfo/Notices/,2023-02-23T21:15:00,medium
public_protocol_5827.docx,.docx,658,C:/Healthcare/Internal/Protocols/,2024-07-07T09:33:15,low
lab_meeting_5828.docx,.docx,324,C:/Healthcare/Meetings/,2025-02-06T11:28:32,low
info_5829.pdf,.pdf,1055,C:/Healthcare/PublicInfo/Menu/,2025-07-16T15:44:32,low
record_5830_confidential.docx,.docx,188,C:/Healthcare/Patients/,2025-05-28T02:46:54,medium
shift_5831.xlsx,.xlsx,357,C:/Healthcare/StaffSchedules/,2023-08-29T13:41:42,medium
shift_5832.pdf,.pdf,1931,C:/Healthcare/StaffSchedules/,2024-07-19T12:04:34,high
menu_5833.pdf,.pdf,382,C:/Healthcare/PublicInfo/Menu/,2025-06-20T00:18:35,medium
menu_5834.txt,.txt,46,C:/Healthcare/PublicInfo/Menu/,2025-08-13T13:38:58,medium
results_5835.pdf,.pdf,585,C:/Healthcare/LabResults/,2025-10-18T21:48:05,low
menu_claim_5836.docx,.docx,187,C:/Healthcare/Insurance/,2025-12-07T14:36:24,medium
test_agenda_5837.txt,.txt,98,C:/Healthcare/Meetings/,2023-04-09T08:23:18,low
appointment_parking_5838.pdf,.pdf,828,C:/Healthcare/PublicInfo/Notices/,2025-02-12T18:47:58,low
lab_5839.xlsx,.xlsx,1713,C:/Healthcare/LabResults/,2024-12-19T03:53:23,medium
medical_minutes_5840.txt,.txt,108,C:/Healthcare/Meetings/,2025-06-24T18:15:33,low
meeting_5841.txt,.txt,31,C:/Healthcare/Meetings/,2024-03-24T09:56:15,low
menu_invoice_5842.docx,.docx,277,C:/Healthcare/Insurance/,2025-11-21T21:00:44,high
log_5843.txt,.txt,50,C:/Healthcare/Maintenance/,2025-10-06T08:24:01,low
lab_menu_5844.pdf,.pdf,1888,C:/Healthcare/PublicInfo/Parking/,2023-07-01T02:23:53,medium
diagnosis_5845.pdf,.pdf,2344,C:/Healthcare/Patients/,2023-08-23T02:22:19,medium
lab_info_5846.txt,.txt,21,C:/Healthcare/PublicInfo/Notices/,2023-04-21T18:05:10,low
maintenance_patient_5847.docx,.docx,325,C:/Healthcare/Patients/,2024-11-28T10:13:52,low
summary_procedure_5848_archived.docx,.docx,70,C:/Healthcare/Internal/Protocols/,2024-07-13T02:22:20,low
appointment_procedure_5849.xlsx,.xlsx,593,C:/Healthcare/Internal/Protocols/,2024-10-12T09:18:57,low
meeting_5850.txt,.txt,53,C:/Healthcare/Meetings/,2023-05-06T00:28:18,high
claim_5851.pdf,.pdf,1059,C:/Healthcare/Insurance/,2024-08-31T18:11:41,low
invoice_5852.docx,.docx,727,C:/Healthcare/Insurance/,2025-03-16T02:33:05,high
info_5853_archived.txt,.txt,126,C:/Healthcare/PublicInfo/Notices/,2024-04-14T16:29:08,medium
confidential_info_5854.txt,.txt,81,C:/Healthcare/PublicInfo/Notices/,2025-03-10T04:27:51,medium
schedule_5855.pdf,.pdf,1923,C:/Healthcare/StaffSchedules/,2025-02-20T11:31:23,low
workorder_5856.pdf,.pdf,225,C:/Healthcare/Maintenance/,2023-08-02T00:43:53,low
minutes_5857.docx,.docx,117,C:/Healthcare/Meetings/,2025-08-08T11:40:19,high
lab_protocol_5858.pdf,.pdf,355,C:/Healthcare/Internal/Protocols/,2025-09-09T08:52:33,low
workorder_5859.txt,.txt,45,C:/Healthcare/Maintenance/,2024-11-29T03:34:58,low
report_info_5860_archived.pdf,.pdf,32,C:/Healthcare/PublicInfo/Notices/,2024-09-18T10:12:51,low
payroll_test_5861.csv,.csv,331,C:/Healthcare/LabResults/,2023-11-22T20:28:46,medium
notice_5862.pdf,.pdf,1509,C:/Healthcare/PublicInfo/Menu/,2023-10-01T09:22:44,low
roster_5863_v2.pdf,.pdf,656,C:/Healthcare/StaffSchedules/,2025-05-02T19:44:59,low
announcement_invoice_5864.csv,.csv,343,C:/Healthcare/Insurance/,2023-05-24T17:20:03,medium
schedule_reimbursement_5865.pdf,.pdf,869,C:/Healthcare/Insurance/,2024-06-23T02:13:40,low
results_procedure_5866.docx,.docx,1,C:/Healthcare/Internal/Protocols/,2023-11-21T20:55:00,low
schedule_parking_5867.pdf,.pdf,582,C:/Healthcare/PublicInfo/Parking/,2025-01-04T00:06:34,low
patient_minutes_5868.docx,.docx,694,C:/Healthcare/Meetings/,2024-04-29T21:36:32,high
guideline_5869.docx,.docx,377,C:/Healthcare/Internal/Protocols/,2025-11-30T09:43:00,high
roster_5870.pdf,.pdf,325,C:/Healthcare/StaffSchedules/,2023-11-05T17:03:57,low
notice_5871.pdf,.pdf,834,C:/Healthcare/PublicInfo/Menu/,2024-07-20T16:50:00,low
parking_5872.pdf,.pdf,960,C:/Healthcare/PublicInfo/Menu/,2025-12-22T13:38:57,low
protocol_5873.pdf,.pdf,550,C:/Healthcare/Internal/Protocols/,2024-01-02T13:02:14,low
announcement_specimen_5874.csv,.csv,164,C:/Healthcare/LabResults/,2025-09-27T19:21:35,low
claim_5875.pdf,.pdf,562,C:/Healthcare/Insurance/,2023-01-12T03:41:31,low
test_menu_5876.pdf,.pdf,462,C:/Healthcare/PublicInfo/Parking/,2024-11-14T05:26:11,low
audit_parking_5877.pdf,.pdf,95,C:/Healthcare/PublicInfo/Notices/,2024-02-23T12:37:16,low
summary_minutes_5878.pdf,.pdf,2496,C:/Healthcare/Meetings/,2024-02-13T10:31:59,high
diagnosis_menu_5879.csv,.csv,338,C:/Healthcare/PublicInfo/Parking/,2023-04-17T10:29:02,high
consent_protocol_5880.xlsx,.xlsx,217,C:/Healthcare/Internal/Protocols/,2024-01-08T13:39:39,low
insurance_claim_minutes_5881.txt,.txt,68,C:/Healthcare/Meetings/,2025-07-31T19:42:01,medium
payroll_menu_5882.pdf,.pdf,1911,C:/Healthcare/PublicInfo/Menu/,2024-12-28T01:10:03,medium
info_5883_archived.csv,.csv,92,C:/Healthcare/PublicInfo/Menu/,2023-10-18T10:44:44,low
test_protocol_5884.xlsx,.xlsx,705,C:/Healthcare/Internal/Protocols/,2023-05-17T21:03:03,low
record_5885_final.csv,.csv,424,C:/Healthcare/Patients/,2025-07-09T02:48:25,low
notice_claim_5886.pdf,.pdf,531,C:/Healthcare/Insurance/,2023-08-25T02:31:38,low
parking_5887.txt,.txt,6,C:/Healthcare/PublicInfo/Notices/,2025-05-25T23:53:13,low
medical_diagnosis_5888.docx,.docx,171,C:/Healthcare/Patients/,2024-02-07T17:58:27,high
invoice_5889.csv,.csv,281,C:/Healthcare/Insurance/,2025-04-23T13:42:25,high
results_menu_5890.pdf,.pdf,544,C:/Healthcare/PublicInfo/Parking/,2025-11-20T08:45:54,medium
roster_5891.xlsx,.xlsx,1468,C:/Healthcare/StaffSchedules/,2023-01-24T10:01:59,high
record_5892.pdf,.pdf,2674,C:/Healthcare/Patients/,2024-11-09T07:09:13,high
coverage_5893.docx,.docx,265,C:/Healthcare/Insurance/,2025-04-04T13:51:14,high
roster_5894.xlsx,.xlsx,601,C:/Healthcare/StaffSchedules/,2024-03-10T09:54:47,medium
notice_schedule_5895.pdf,.pdf,1484,C:/Healthcare/StaffSchedules/,2025-10-28T23:37:17,low
schedule_log_5896.pdf,.pdf,627,C:/Healthcare/Maintenance/,2023-12-04T01:58:29,low
record_5897.xlsx,.xlsx,1458,C:/Healthcare/Patients/,2024-06-27T09:53:25,high
shift_5898.xlsx,.xlsx,1639,C:/Healthcare/StaffSchedules/,2023-02-21T21:21:24,medium
report_procedure_5899.xlsx,.xlsx,315,C:/Healthcare/Internal/Protocols/,2023-11-29T00:51:30,low
specimen_5900.xls,.xls,622,C:/Healthcare/LabResults/,2024-07-02T03:09:01,low
log_5901_v2.pdf,.pdf,1958,C:/Healthcare/Maintenance/,2024-08-04T07:39:08,low
schedule_schedule_5902.csv,.csv,310,C:/Healthcare/StaffSchedules/,2023-10-14T02:10:33,low
meeting_5903.docx,.docx,356,C:/Healthcare/Meetings/,2023-03-11T06:15:32,high
specimen_5904.csv,.csv,546,C:/Healthcare/LabResults/,2023-04-28T05:30:03,high
report_menu_5905.txt,.txt,53,C:/Healthcare/PublicInfo/Menu/,2024-04-25T00:20:58,low
menu_protocol_5906.xlsx,.xlsx,1078,C:/Healthcare/Internal/Protocols/,2024-05-12T19:31:26,low
roster_5907.xlsx,.xlsx,291,C:/Healthcare/StaffSchedules/,2023-10-15T06:39:55,low
consent_claim_5908_draft.pdf,.pdf,292,C:/Healthcare/Insurance/,2023-05-10T22:00:34,medium
confidential_menu_5909.pdf,.pdf,1842,C:/Healthcare/PublicInfo/Notices/,2025-07-07T13:09:54,low
parking_5910.txt,.txt,85,C:/Healthcare/PublicInfo/Parking/,2025-11-12T10:08:02,low
invoice_record_5911.xlsx,.xlsx,1150,C:/Healthcare/Patients/,2024-04-06T07:08:59,low
lab_test_5912.xlsx,.xlsx,197,C:/Healthcare/LabResults/,2025-08-23T13:22:26,low
menu_5913.txt,.txt,31,C:/Healthcare/PublicInfo/Menu/,2023-01-09T21:25:39,low
test_workorder_5914.xlsx,.xlsx,876,C:/Healthcare/Maintenance/,2023-10-21T04:47:46,low
appointment_shift_5915.xlsx,.xlsx,1520,C:/Healthcare/StaffSchedules/,2025-12-08T20:45:14,low
menu_5916.txt,.txt,67,C:/Healthcare/PublicInfo/Menu/,2025-08-04T13:34:04,medium
passwords_patient_5917.pdf,.pdf,819,C:/Healthcare/Patients/,2024-04-10T12:19:20,high
announcement_consent_5918.docx,.docx,552,C:/Healthcare/Patients/,2025-02-24T23:19:56,high
minutes_5919.txt,.txt,80,C:/Healthcare/Meetings/,2024-02-10T01:58:50,medium
notice_5920.csv,.csv,332,C:/Healthcare/PublicInfo/Parking/,2025-09-13T18:24:22,low
notice_5921.txt,.txt,16,C:/Healthcare/PublicInfo/Notices/,2025-03-11T15:32:34,low
diagnosis_menu_5922.csv,.csv,183,C:/Healthcare/PublicInfo/Notices/,2025-04-09T14:21:45,medium
schedule_minutes_5923.docx,.docx,573,C:/Healthcare/Meetings/,2023-03-23T16:03:43,low
appointment_roster_5924.pdf,.pdf,50,C:/Healthcare/StaffSchedules/,2023-08-07T10:13:24,low
menu_info_5925.csv,.csv,403,C:/Healthcare/PublicInfo/Parking/,2023-03-20T03:46:59,low
claim_5926_final.pdf,.pdf,1799,C:/Healthcare/Insurance/,2023-02-07T01:46:31,medium
workorder_5927.txt,.txt,33,C:/Healthcare/Maintenance/,2025-01-05T22:24:40,low
shift_5928.csv,.csv,30,C:/Healthcare/StaffSchedules/,2025-02-11T14:39:52,high
lab_5929.xlsx,.xlsx,1505,C:/Healthcare/LabResults/,2024-09-23T09:06:41,low
invoice_5930_v2.csv,.csv,118,C:/Healthcare/Insurance/,2024-01-20T02:01:22,medium
parking_5931.pdf,.pdf,600,C:/Healthcare/PublicInfo/Parking/,2024-03-27T17:28:57,low
test_parking_5932.pdf,.pdf,564,C:/Healthcare/PublicInfo/Notices/,2024-01-27T00:37:29,medium
procedure_5933.docx,.docx,99,C:/Healthcare/Internal/Protocols/,2024-07-14T05:29:56,high
notice_coverage_5934_final.docx,.docx,895,C:/Healthcare/Insurance/,2024-03-08T00:28:19,low
invoice_workorder_5935.pdf,.pdf,1214,C:/Healthcare/Maintenance/,2025-01-27T20:03:38,low
info_5936.csv,.csv,110,C:/Healthcare/PublicInfo/Menu/,2023-11-09T13:19:50,low
report_maintenance_5937_archived.txt,.txt,11,C:/Healthcare/Maintenance/,2023-11-17T04:51:17,low
diagnosis_5938.pdf,.pdf,301,C:/Healthcare/Patients/,2023-10-03T03:27:28,medium
schedule_parking_5939.pdf,.pdf,809,C:/Healthcare/PublicInfo/Menu/,2024-05-21T00:22:41,low
diagnosis_coverage_5940_confidential.pdf,.pdf,1258,C:/Healthcare/Insurance/,2025-12-01T18:06:23,low
procedure_5941.docx,.docx,62,C:/Healthcare/Internal/Protocols/,2025-07-20T04:22:38,low
shift_5942.xlsx,.xlsx,2239,C:/Healthcare/StaffSchedules/,2023-08-21T07:47:12,medium
maintenance_notice_5943.pdf,.pdf,1326,C:/Healthcare/PublicInfo/Menu/,2025-01-11T23:12:10,low
announcement_patient_5944.pdf,.pdf,605,C:/Healthcare/Patients/,2025-09-25T16:37:36,high
parking_5945.txt,.txt,74,C:/Healthcare/PublicInfo/Parking/,2024-02-17T04:36:07,low
test_parking_5946.txt,.txt,95,C:/Healthcare/PublicInfo/Parking/,2024-12-09T22:40:13,low
schedule_guideline_5947.docx,.docx,46,C:/Healthcare/Internal/Protocols/,2024-09-14T18:56:06,medium
schedule_5948.xlsx,.xlsx,1420,C:/Healthcare/StaffSchedules/,2025-05-13T00:45:12,low
schedule_protocol_5949.xlsx,.xlsx,1017,C:/Healthcare/Internal/Protocols/,2025-02-21T08:00:22,low
info_5950.txt,.txt,120,C:/Healthcare/PublicInfo/Parking/,2025-03-28T00:50:09,low
public_notice_5951.txt,.txt,103,C:/Healthcare/PublicInfo/Parking/,2024-10-01T21:30:08,low
notice_5952.pdf,.pdf,1231,C:/Healthcare/PublicInfo/Notices/,2025-10-31T05:57:42,low
guideline_5953.docx,.docx,41,C:/Healthcare/Internal/Protocols/,2023-08-28T12:13:20,low
announcement_protocol_5954.xlsx,.xlsx,1072,C:/Healthcare/Internal/Protocols/,2024-10-25T03:07:29,low
announcement_info_5955.txt,.txt,70,C:/Healthcare/PublicInfo/Parking/,2024-09-18T01:56:17,medium
record_5956.pdf,.pdf,359,C:/Healthcare/Patients/,2023-11-01T02:02:17,medium
notice_5957_draft.pdf,.pdf,630,C:/Healthcare/PublicInfo/Notices/,2025-09-24T13:29:50,medium
info_5958.txt,.txt,107,C:/Healthcare/PublicInfo/Parking/,2024-09-16T11:18:23,low
invoice_lab_5959.pdf,.pdf,255,C:/Healthcare/LabResults/,2025-05-21T11:12:39,low
visit_5960.pdf,.pdf,755,C:/Healthcare/Patients/,2025-12-18T01:16:25,medium
maintenance_parking_5961.pdf,.pdf,943,C:/Healthcare/PublicInfo/Menu/,2025-02-12T09:54:18,low
test_diagnosis_5962.docx,.docx,164,C:/Healthcare/Patients/,2025-03-21T23:11:38,high
minutes_5963.pdf,.pdf,629,C:/Healthcare/Meetings/,2024-01-31T20:58:34,medium
parking_protocol_5964.pdf,.pdf,242,C:/Healthcare/Internal/Protocols/,2025-11-20T22:12:47,low
parking_5965.pdf,.pdf,183,C:/Healthcare/PublicInfo/Parking/,2024-02-21T03:14:02,medium
info_5966.txt,.txt,51,C:/Healthcare/PublicInfo/Menu/,2025-01-02T04:17:59,low
lab_5967.xlsx,.xlsx,1279,C:/Healthcare/LabResults/,2023-06-27T20:52:28,medium
credentials_diagnosis_5968.pdf,.pdf,1164,C:/Healthcare/Patients/,2023-01-22T07:43:45,low
lab_consent_5969.xlsx,.xlsx,1245,C:/Healthcare/Patients/,2023-10-08T16:07:54,medium
menu_coverage_5970.pdf,.pdf,496,C:/Healthcare/Insurance/,2023-02-06T00:31:01,medium
claim_5971.pdf,.pdf,1849,C:/Healthcare/Insurance/,2024-09-17T14:38:12,high
lab_workorder_5972_archived.xlsx,.xlsx,62,C:/Healthcare/Maintenance/,2025-07-24T03:02:02,low
maintenance_5973.xlsx,.xlsx,11,C:/Healthcare/Maintenance/,2025-11-16T19:02:25,low
menu_5974.pdf,.pdf,148,C:/Healthcare/PublicInfo/Parking/,2024-09-21T16:06:02,medium
specimen_5975.xlsx,.xlsx,389,C:/Healthcare/LabResults/,2024-12-04T09:36:12,medium
patient_5976.xlsx,.xlsx,543,C:/Healthcare/Patients/,2025-05-29T11:26:46,low
claim_5977_draft.pdf,.pdf,440,C:/Healthcare/Insurance/,2023-12-14T07:21:14,low
announcement_notice_5978.pdf,.pdf,219,C:/Healthcare/PublicInfo/Menu/,2025-04-17T04:19:11,low
lab_consent_5979.pdf,.pdf,412,C:/Healthcare/Patients/,2025-04-20T23:59:58,low
parking_5980.pdf,.pdf,2673,C:/Healthcare/PublicInfo/Parking/,2025-06-16T02:26:15,low
audit_info_5981.txt,.txt,134,C:/Healthcare/PublicInfo/Parking/,2023-05-21T10:22:16,medium
minutes_5982.docx,.docx,318,C:/Healthcare/Meetings/,2025-09-29T00:26:12,low
protocol_5983.xlsx,.xlsx,446,C:/Healthcare/Internal/Protocols/,2023-08-08T02:59:57,low
diagnosis_5984.pdf,.pdf,1226,C:/Healthcare/Patients/,2025-12-14T07:29:56,medium
invoice_schedule_5985_v2.pdf,.pdf,2035,C:/Healthcare/StaffSchedules/,2024-11-11T08:18:52,medium
schedule_minutes_5986.docx,.docx,691,C:/Healthcare/Meetings/,2024-10-14T01:40:08,low
report_results_5987.xlsx,.xlsx,864,C:/Healthcare/LabResults/,2024-01-28T12:54:19,medium
notice_5988.csv,.csv,513,C:/Healthcare/PublicInfo/Parking/,2023-02-28T03:30:09,high
diagnosis_5989.xlsx,.xlsx,1987,C:/Healthcare/Patients/,2024-02-26T00:26:27,high
consent_5990.docx,.docx,537,C:/Healthcare/Patients/,2024-08-19T08:17:06,medium
consent_roster_5991.pdf,.pdf,2235,C:/Healthcare/StaffSchedules/,2025-09-22T11:11:25,low
protocol_5992_v2.docx,.docx,189,C:/Healthcare/Internal/Protocols/,2024-12-22T19:19:25,high
patient_5993.pdf,.pdf,198,C:/Healthcare/Patients/,2024-04-09T01:23:27,medium
invoice_roster_5994.xlsx,.xlsx,727,C:/Healthcare/StaffSchedules/,2024-11-17T00:53:42,medium
announcement_invoice_5995.docx,.docx,612,C:/Healthcare/Insurance/,2023-08-28T21:20:15,high
lab_parking_5996.txt,.txt,77,C:/Healthcare/PublicInfo/Parking/,2024-08-31T23:43:02,low
analysis_5997.xls,.xls,1525,C:/Healthcare/LabResults/,2023-09-03T08:09:31,low
specimen_5998.xls,.xls,454,C:/Healthcare/LabResults/,2024-08-16T22:42:46,high
parking_5999.txt,.txt,46,C:/Healthcare/PublicInfo/Menu/,2023-07-22T14:34:33,low
maintenance_procedure_6000_draft.docx,.docx,542,C:/Healthcare/Internal/Protocols/,2023-10-09T01:18:14,medium
public_agenda_6001.docx,.docx,141,C:/Healthcare/Meetings/,2025-03-15T03:49:49,medium
log_6002.pdf,.pdf,1177,C:/Healthcare/Maintenance/,2024-01-09T07:19:30,low
announcement_procedure_6003.xlsx,.xlsx,811,C:/Healthcare/Internal/Protocols/,2024-04-18T01:30:02,medium
agenda_6004.txt,.txt,70,C:/Healthcare/Meetings/,2025-07-15T01:16:23,low
minutes_6005_confidential.pdf,.pdf,299,C:/Healthcare/Meetings/,2023-01-02T09:12:21,low
appointment_notice_6006.txt,.txt,52,C:/Healthcare/PublicInfo/Parking/,2024-12-23T06:03:52,low
invoice_menu_6007.pdf,.pdf,3044,C:/Healthcare/PublicInfo/Parking/,2025-12-17T10:46:31,medium
menu_6008.txt,.txt,74,C:/Healthcare/PublicInfo/Parking/,2025-03-18T21:23:19,medium
lab_notice_6009.txt,.txt,72,C:/Healthcare/PublicInfo/Notices/,2025-11-09T11:55:47,medium
test_6010.xls,.xls,964,C:/Healthcare/LabResults/,2024-06-28T12:27:44,medium
schedule_patient_6011_final.pdf,.pdf,57,C:/Healthcare/Patients/,2024-01-19T09:25:23,low
info_6012.txt,.txt,66,C:/Healthcare/PublicInfo/Parking/,2023-05-29T02:19:28,low
minutes_6013.docx,.docx,500,C:/Healthcare/Meetings/,2024-01-14T00:03:38,low
claim_6014.csv,.csv,331,C:/Healthcare/Insurance/,2025-05-13T08:08:06,low
log_6015.txt,.txt,80,C:/Healthcare/Maintenance/,2024-06-07T16:36:14,medium
appointment_maintenance_6016.txt,.txt,115,C:/Healthcare/Maintenance/,2025-04-12T20:52:23,medium
schedule_parking_6017.txt,.txt,110,C:/Healthcare/PublicInfo/Menu/,2024-01-12T01:19:56,low
appointment_shift_6018.pdf,.pdf,166,C:/Healthcare/StaffSchedules/,2025-06-23T15:03:13,low
passwords_guideline_6019.pdf,.pdf,1255,C:/Healthcare/Internal/Protocols/,2025-03-11T06:44:07,high
consent_menu_6020.csv,.csv,403,C:/Healthcare/PublicInfo/Parking/,2024-12-18T00:11:33,medium
lab_info_6021.csv,.csv,737,C:/Healthcare/PublicInfo/Notices/,2024-01-05T08:08:22,high
reimbursement_6022.csv,.csv,73,C:/Healthcare/Insurance/,2025-11-09T00:13:14,low
menu_menu_6023.txt,.txt,31,C:/Healthcare/PublicInfo/Parking/,2025-07-27T23:37:41,low
coverage_6024.docx,.docx,4,C:/Healthcare/Insurance/,2024-03-24T07:16:09,high
maintenance_menu_6025.pdf,.pdf,1612,C:/Healthcare/PublicInfo/Menu/,2024-09-23T17:35:44,low
schedule_protocol_6026.docx,.docx,566,C:/Healthcare/Internal/Protocols/,2023-12-12T13:32:42,low
prescription_notice_6027.txt,.txt,112,C:/Healthcare/PublicInfo/Notices/,2024-04-10T14:40:53,medium
report_agenda_6028.pdf,.pdf,1785,C:/Healthcare/Meetings/,2024-09-05T19:40:12,medium
notice_patient_6029.pdf,.pdf,1148,C:/Healthcare/Patients/,2023-01-16T21:02:10,low
test_maintenance_6030.txt,.txt,81,C:/Healthcare/Maintenance/,2024-03-17T00:30:00,low
menu_6031.txt,.txt,38,C:/Healthcare/PublicInfo/Parking/,2024-02-04T02:59:46,low
public_claim_6032.docx,.docx,621,C:/Healthcare/Insurance/,2023-06-14T15:14:48,low
schedule_claim_6033.csv,.csv,554,C:/Healthcare/Insurance/,2024-11-27T09:37:23,low
procedure_6034.pdf,.pdf,45,C:/Healthcare/Internal/Protocols/,2023-02-27T18:19:31,low
info_6035.csv,.csv,332,C:/Healthcare/PublicInfo/Menu/,2024-10-22T19:40:24,low
summary_info_6036.csv,.csv,352,C:/Healthcare/PublicInfo/Parking/,2024-12-15T19:27:44,medium
schedule_specimen_6037.pdf,.pdf,1030,C:/Healthcare/LabResults/,2024-05-07T08:05:35,low
medical_lab_6038.pdf,.pdf,707,C:/Healthcare/LabResults/,2024-04-10T01:51:58,high
info_6039.csv,.csv,292,C:/Healthcare/PublicInfo/Parking/,2024-08-13T18:16:18,low
prescription_policy_6040.docx,.docx,465,C:/Healthcare/Insurance/,2024-08-24T08:51:37,low
policy_6041.csv,.csv,291,C:/Healthcare/Insurance/,2025-04-26T13:08:36,high
guideline_6042.xlsx,.xlsx,718,C:/Healthcare/Internal/Protocols/,2023-03-02T17:46:53,high
notice_patient_6043.pdf,.pdf,529,C:/Healthcare/Patients/,2023-03-10T18:34:48,low
protocol_6044.docx,.docx,342,C:/Healthcare/Internal/Protocols/,2025-03-05T09:39:43,low
shift_6045_final.xlsx,.xlsx,1692,C:/Healthcare/StaffSchedules/,2025-10-29T00:52:08,high
public_visit_6046.pdf,.pdf,516,C:/Healthcare/Patients/,2024-06-27T11:52:05,medium
notice_6047.csv,.csv,284,C:/Healthcare/PublicInfo/Menu/,2024-07-22T07:30:12,low
minutes_6048.docx,.docx,662,C:/Healthcare/Meetings/,2024-01-10T20:21:38,low
info_6049.pdf,.pdf,369,C:/Healthcare/PublicInfo/Notices/,2024-03-15T05:19:57,low
results_parking_6050.txt,.txt,137,C:/Healthcare/PublicInfo/Parking/,2024-02-21T16:48:54,low
maintenance_6051_draft.txt,.txt,20,C:/Healthcare/Maintenance/,2025-07-15T05:58:10,low
credentials_info_6052.pdf,.pdf,379,C:/Healthcare/PublicInfo/Menu/,2025-04-26T10:42:10,medium
claim_6053.docx,.docx,250,C:/Healthcare/Insurance/,2024-12-03T21:27:24,medium
minutes_6054.txt,.txt,27,C:/Healthcare/Meetings/,2025-02-09T20:29:58,low
schedule_6055.xlsx,.xlsx,6,C:/Healthcare/StaffSchedules/,2024-08-02T08:49:03,low
parking_invoice_6056.pdf,.pdf,184,C:/Healthcare/Insurance/,2025-05-09T00:38:05,low
menu_6057.txt,.txt,119,C:/Healthcare/PublicInfo/Menu/,2024-04-16T17:12:25,medium
workorder_6058.pdf,.pdf,258,C:/Healthcare/Maintenance/,2023-11-03T00:53:29,low
schedule_info_6059.csv,.csv,120,C:/Healthcare/PublicInfo/Notices/,2024-10-21T06:22:41,low
consent_results_6060.xls,.xls,695,C:/Healthcare/LabResults/,2023-05-21T06:05:37,low
parking_6061.csv,.csv,508,C:/Healthcare/PublicInfo/Menu/,2024-12-01T08:26:34,low
info_6062.txt,.txt,62,C:/Healthcare/PublicInfo/Menu/,2025-02-14T23:18:09,low
analysis_6063.xlsx,.xlsx,1773,C:/Healthcare/LabResults/,2025-09-11T06:30:07,high
procedure_6064.xlsx,.xlsx,1030,C:/Healthcare/Internal/Protocols/,2023-12-05T21:18:24,high
confidential_minutes_6065_confidential.txt,.txt,43,C:/Healthcare/Meetings/,2024-10-13T23:14:41,medium
menu_6066.pdf,.pdf,1119,C:/Healthcare/PublicInfo/Parking/,2025-02-03T11:55:31,low
announcement_roster_6067.xlsx,.xlsx,2085,C:/Healthcare/StaffSchedules/,2023-03-13T16:38:09,low
diagnosis_6068.docx,.docx,504,C:/Healthcare/Patients/,2024-10-17T13:00:38,medium
public_guideline_6069.docx,.docx,660,C:/Healthcare/Internal/Protocols/,2025-11-15T09:07:45,medium
summary_guideline_6070_archived.xlsx,.xlsx,211,C:/Healthcare/Internal/Protocols/,2023-01-02T19:06:47,high
parking_6071.txt,.txt,39,C:/Healthcare/PublicInfo/Menu/,2023-03-19T19:02:10,low
public_diagnosis_6072.pdf,.pdf,342,C:/Healthcare/Patients/,2023-07-15T17:26:16,low
maintenance_record_6073.pdf,.pdf,383,C:/Healthcare/Patients/,2024-04-06T05:21:54,low
passwords_meeting_6074.pdf,.pdf,1852,C:/Healthcare/Meetings/,2025-05-03T12:59:56,medium
invoice_notice_6075.csv,.csv,555,C:/Healthcare/PublicInfo/Parking/,2023-02-12T18:12:23,low
menu_6076.pdf,.pdf,834,C:/Healthcare/PublicInfo/Notices/,2024-08-28T04:26:15,low
workorder_6077.pdf,.pdf,524,C:/Healthcare/Maintenance/,2025-11-13T13:35:07,low
announcement_lab_6078.xlsx,.xlsx,1561,C:/Healthcare/LabResults/,2023-08-26T20:38:58,medium
patient_6079.docx,.docx,1087,C:/Healthcare/Patients/,2023-02-08T01:11:58,high
procedure_6080.xlsx,.xlsx,862,C:/Healthcare/Internal/Protocols/,2025-04-29T20:36:36,low
maintenance_specimen_6081.csv,.csv,577,C:/Healthcare/LabResults/,2025-12-08T15:12:35,medium
parking_minutes_6082.txt,.txt,96,C:/Healthcare/Meetings/,2025-07-21T16:41:10,low
results_menu_6083.pdf,.pdf,469,C:/Healthcare/PublicInfo/Menu/,2024-08-20T09:57:55,low
test_lab_6084.xls,.xls,417,C:/Healthcare/LabResults/,2023-08-22T01:52:22,medium
parking_6085.txt,.txt,49,C:/Healthcare/PublicInfo/Menu/,2025-03-25T06:15:32,low
notice_6086.pdf,.pdf,1794,C:/Healthcare/PublicInfo/Notices/,2024-12-31T07:08:05,low
results_claim_6087.docx,.docx,821,C:/Healthcare/Insurance/,2023-04-06T09:46:47,high
report_log_6088.xlsx,.xlsx,160,C:/Healthcare/Maintenance/,2024-03-02T14:17:04,low
lab_6089.xls,.xls,841,C:/Healthcare/LabResults/,2025-11-17T06:09:59,low
procedure_6090.docx,.docx,651,C:/Healthcare/Internal/Protocols/,2025-12-08T18:35:34,medium
minutes_6091.pdf,.pdf,2350,C:/Healthcare/Meetings/,2024-06-20T20:51:09,medium
protocol_6092_confidential.pdf,.pdf,201,C:/Healthcare/Internal/Protocols/,2025-04-19T10:58:02,low
appointment_menu_6093.pdf,.pdf,1134,C:/Healthcare/PublicInfo/Menu/,2023-04-26T12:39:51,low
summary_analysis_6094.csv,.csv,528,C:/Healthcare/LabResults/,2023-03-01T10:24:19,high
info_6095.txt,.txt,149,C:/Healthcare/PublicInfo/Notices/,2023-12-14T21:50:23,high
menu_menu_6096.csv,.csv,260,C:/Healthcare/PublicInfo/Notices/,2024-12-22T05:26:22,medium
announcement_record_6097.xlsx,.xlsx,997,C:/Healthcare/Patients/,2025-01-14T20:13:54,high
medical_procedure_6098.docx,.docx,136,C:/Healthcare/Internal/Protocols/,2023-04-22T18:46:31,low
report_results_6099.csv,.csv,191,C:/Healthcare/LabResults/,2024-08-22T23:55:18,medium
menu_menu_6100.pdf,.pdf,1014,C:/Healthcare/PublicInfo/Parking/,2025-04-10T07:38:26,low
roster_6101.xlsx,.xlsx,725,C:/Healthcare/StaffSchedules/,2023-07-09T16:27:24,low
guideline_6102.docx,.docx,555,C:/Healthcare/Internal/Protocols/,2023-05-21T09:58:24,low
menu_results_6103_v2.csv,.csv,111,C:/Healthcare/LabResults/,2025-01-03T00:46:31,low
claim_6104.docx,.docx,629,C:/Healthcare/Insurance/,2023-12-28T00:49:18,low
notice_notice_6105_archived.txt,.txt,84,C:/Healthcare/PublicInfo/Notices/,2024-03-13T15:18:45,low
claim_6106.csv,.csv,314,C:/Healthcare/Insurance/,2024-01-17T22:18:45,medium
guideline_6107.pdf,.pdf,1600,C:/Healthcare/Internal/Protocols/,2025-10-04T16:31:25,high
agenda_6108.pdf,.pdf,229,C:/Healthcare/Meetings/,2023-09-22T18:42:51,high
results_shift_6109.xlsx,.xlsx,745,C:/Healthcare/StaffSchedules/,2023-01-15T10:39:20,low
notice_6110.txt,.txt,97,C:/Healthcare/PublicInfo/Notices/,2023-05-05T13:49:56,low
log_6111.pdf,.pdf,1677,C:/Healthcare/Maintenance/,2025-05-18T13:17:46,medium
parking_6112.txt,.txt,91,C:/Healthcare/PublicInfo/Parking/,2024-05-28T13:31:24,low
schedule_6113_archived.pdf,.pdf,32,C:/Healthcare/StaffSchedules/,2023-07-20T23:36:53,low
insurance_claim_minutes_6114_final.docx,.docx,932,C:/Healthcare/Meetings/,2025-01-16T04:17:59,high
announcement_minutes_6115_confidential.txt,.txt,74,C:/Healthcare/Meetings/,2024-03-22T13:51:17,low
guideline_6116_draft.docx,.docx,215,C:/Healthcare/Internal/Protocols/,2024-08-08T05:29:08,low
minutes_6117.txt,.txt,105,C:/Healthcare/Meetings/,2023-04-12T06:51:49,medium
parking_procedure_6118.docx,.docx,598,C:/Healthcare/Internal/Protocols/,2024-09-27T12:42:26,medium
invoice_parking_6119.pdf,.pdf,515,C:/Healthcare/PublicInfo/Parking/,2025-01-14T13:27:08,medium
announcement_log_6120.xlsx,.xlsx,173,C:/Healthcare/Maintenance/,2024-07-15T06:46:35,low
lab_analysis_6121.xls,.xls,1079,C:/Healthcare/LabResults/,2024-10-07T03:22:12,medium
schedule_procedure_6122.docx,.docx,915,C:/Healthcare/Internal/Protocols/,2025-01-05T15:52:52,medium
parking_6123.csv,.csv,147,C:/Healthcare/PublicInfo/Parking/,2025-03-07T15:01:56,low
test_notice_6124.txt,.txt,88,C:/Healthcare/PublicInfo/Notices/,2023-12-05T14:12:06,low
protocol_6125.xlsx,.xlsx,1352,C:/Healthcare/Internal/Protocols/,2024-07-30T06:41:57,low
schedule_agenda_6126.txt,.txt,31,C:/Healthcare/Meetings/,2024-06-12T06:36:45,low
appointment_roster_6127_confidential.xlsx,.xlsx,231,C:/Healthcare/StaffSchedules/,2023-09-29T15:06:41,high
results_6128.csv,.csv,307,C:/Healthcare/LabResults/,2024-07-03T17:09:39,low
maintenance_menu_6129.txt,.txt,88,C:/Healthcare/PublicInfo/Menu/,2024-10-29T09:31:24,low
results_6130.csv,.csv,200,C:/Healthcare/LabResults/,2024-10-31T19:49:20,low
meeting_6131.txt,.txt,72,C:/Healthcare/Meetings/,2023-04-28T00:14:53,low
consent_info_6132.csv,.csv,443,C:/Healthcare/PublicInfo/Notices/,2025-04-01T15:19:52,high
minutes_6133.docx,.docx,695,C:/Healthcare/Meetings/,2024-09-23T07:46:38,medium
invoice_schedule_6134_v2.pdf,.pdf,1905,C:/Healthcare/StaffSchedules/,2025-02-12T08:02:59,medium
protocol_6135_confidential.pdf,.pdf,462,C:/Healthcare/Internal/Protocols/,2023-02-12T11:47:09,medium
report_log_6136_confidential.xlsx,.xlsx,1056,C:/Healthcare/Maintenance/,2025-11-03T07:05:34,low
menu_visit_6137_draft.xlsx,.xlsx,349,C:/Healthcare/Patients/,2025-03-11T09:54:01,low
summary_info_6138.pdf,.pdf,1318,C:/Healthcare/PublicInfo/Notices/,2024-09-17T21:29:44,medium
roster_6139.pdf,.pdf,1964,C:/Healthcare/StaffSchedules/,2024-02-28T04:24:18,low
menu_6140.pdf,.pdf,1011,C:/Healthcare/PublicInfo/Parking/,2025-09-29T17:24:49,low
diagnosis_6141.csv,.csv,224,C:/Healthcare/Patients/,2023-01-07T01:16:03,low
results_6142_confidential.xls,.xls,540,C:/Healthcare/LabResults/,2023-06-01T19:16:56,high
schedule_meeting_6143.docx,.docx,445,C:/Healthcare/Meetings/,2025-09-21T13:58:44,high
parking_6144_v2.pdf,.pdf,799,C:/Healthcare/PublicInfo/Parking/,2024-02-13T03:42:42,low
parking_6145.csv,.csv,507,C:/Healthcare/PublicInfo/Menu/,2025-06-15T14:07:30,low
patient_6146.xlsx,.xlsx,88,C:/Healthcare/Patients/,2023-06-02T11:28:02,medium
workorder_6147.xlsx,.xlsx,413,C:/Healthcare/Maintenance/,2025-07-29T12:20:34,low
medical_info_6148.pdf,.pdf,1759,C:/Healthcare/PublicInfo/Menu/,2025-12-25T01:02:15,high
guideline_6149.xlsx,.xlsx,583,C:/Healthcare/Internal/Protocols/,2024-03-29T04:30:28,low
lab_record_6150.pdf,.pdf,1014,C:/Healthcare/Patients/,2023-02-09T19:23:11,low
parking_6151.txt,.txt,24,C:/Healthcare/PublicInfo/Parking/,2023-03-07T10:37:16,medium
results_protocol_6152.docx,.docx,553,C:/Healthcare/Internal/Protocols/,2025-04-30T14:10:50,low
workorder_6153.pdf,.pdf,867,C:/Healthcare/Maintenance/,2023-08-20T13:00:52,medium
roster_6154.xlsx,.xlsx,1500,C:/Healthcare/StaffSchedules/,2025-02-17T11:45:17,high
parking_6155.txt,.txt,94,C:/Healthcare/PublicInfo/Parking/,2023-09-11T07:14:42,low
workorder_6156.pdf,.pdf,322,C:/Healthcare/Maintenance/,2024-02-24T19:46:05,low
report_test_6157.pdf,.pdf,1183,C:/Healthcare/LabResults/,2025-03-07T09:29:12,low
notice_agenda_6158.docx,.docx,229,C:/Healthcare/Meetings/,2024-07-17T13:48:41,low
diagnosis_6159.xlsx,.xlsx,232,C:/Healthcare/Patients/,2025-11-26T20:30:32,low
patient_6160.pdf,.pdf,300,C:/Healthcare/Patients/,2025-03-19T16:42:09,medium
public_agenda_6161.pdf,.pdf,1502,C:/Healthcare/Meetings/,2024-01-07T04:02:51,medium
parking_6162.pdf,.pdf,1317,C:/Healthcare/PublicInfo/Parking/,2024-07-04T01:45:37,low
notice_6163.txt,.txt,48,C:/Healthcare/PublicInfo/Menu/,2023-10-11T03:02:24,low
invoice_notice_6164.pdf,.pdf,3419,C:/Healthcare/PublicInfo/Parking/,2025-09-05T04:38:26,low
appointment_roster_6165.csv,.csv,325,C:/Healthcare/StaffSchedules/,2025-06-05T08:55:15,high
parking_6166.pdf,.pdf,837,C:/Healthcare/PublicInfo/Notices/,2025-06-19T09:27:50,low
maintenance_shift_6167.xlsx,.xlsx,902,C:/Healthcare/StaffSchedules/,2024-08-03T15:53:02,low
log_6168.pdf,.pdf,1656,C:/Healthcare/Maintenance/,2024-10-08T15:43:13,medium
appointment_policy_6169_v2.csv,.csv,384,C:/Healthcare/Insurance/,2023-03-05T05:06:55,low
schedule_6170_final.csv,.csv,225,C:/Healthcare/StaffSchedules/,2025-03-13T09:15:44,low
specimen_6171.pdf,.pdf,386,C:/Healthcare/LabResults/,2024-08-21T22:59:03,medium
menu_menu_6172.txt,.txt,140,C:/Healthcare/PublicInfo/Menu/,2023-11-29T03:11:52,medium
ssn_shift_6173.pdf,.pdf,2319,C:/Healthcare/StaffSchedules/,2023-03-26T14:36:58,medium
maintenance_6174.xlsx,.xlsx,221,C:/Healthcare/Maintenance/,2025-01-13T06:02:59,low
announcement_shift_6175.csv,.csv,102,C:/Healthcare/StaffSchedules/,2023-05-21T08:59:04,medium
workorder_6176.txt,.txt,34,C:/Healthcare/Maintenance/,2023-10-11T11:45:19,low
insurance_claim_schedule_6177.xlsx,.xlsx,470,C:/Healthcare/StaffSchedules/,2023-06-21T15:26:46,low
public_parking_6178.pdf,.pdf,476,C:/Healthcare/PublicInfo/Parking/,2024-12-25T15:24:54,medium
results_info_6179.csv,.csv,158,C:/Healthcare/PublicInfo/Menu/,2023-01-05T19:35:29,medium
minutes_6180_final.docx,.docx,733,C:/Healthcare/Meetings/,2024-09-02T13:10:10,high
summary_meeting_6181.docx,.docx,54,C:/Healthcare/Meetings/,2024-09-20T12:03:19,low
summary_meeting_6182.pdf,.pdf,568,C:/Healthcare/Meetings/,2023-12-25T16:24:15,low
parking_info_6183.pdf,.pdf,752,C:/Healthcare/PublicInfo/Parking/,2025-04-29T05:34:19,medium
notice_6184.txt,.txt,8,C:/Healthcare/PublicInfo/Notices/,2023-02-08T01:04:37,low
patient_policy_6185.pdf,.pdf,3866,C:/Healthcare/Insurance/,2023-07-26T09:00:58,high
maintenance_workorder_6186.pdf,.pdf,1636,C:/Healthcare/Maintenance/,2025-02-17T16:44:27,medium
public_minutes_6187.pdf,.pdf,1112,C:/Healthcare/Meetings/,2025-08-24T05:14:11,low
agenda_6188.pdf,.pdf,336,C:/Healthcare/Meetings/,2025-11-09T03:08:44,low
schedule_lab_6189.xls,.xls,571,C:/Healthcare/LabResults/,2025-09-03T08:33:36,medium
ssn_guideline_6190.pdf,.pdf,2088,C:/Healthcare/Internal/Protocols/,2024-04-24T07:13:19,low
test_6191_archived.xlsx,.xlsx,709,C:/Healthcare/LabResults/,2023-03-13T09:39:36,medium
menu_procedure_6192.xlsx,.xlsx,64,C:/Healthcare/Internal/Protocols/,2023-08-31T02:46:07,medium
menu_6193.pdf,.pdf,1337,C:/Healthcare/PublicInfo/Parking/,2023-11-22T12:08:17,low
announcement_agenda_6194.docx,.docx,522,C:/Healthcare/Meetings/,2024-08-01T09:40:46,medium
reimbursement_6195_confidential.csv,.csv,204,C:/Healthcare/Insurance/,2023-10-31T13:21:47,medium
info_6196.csv,.csv,127,C:/Healthcare/PublicInfo/Menu/,2023-08-19T03:12:23,low
results_schedule_6197.pdf,.pdf,519,C:/Healthcare/StaffSchedules/,2024-03-20T13:11:57,medium
invoice_workorder_6198.pdf,.pdf,1135,C:/Healthcare/Maintenance/,2025-10-12T08:55:42,low
report_shift_6199.pdf,.pdf,505,C:/Healthcare/StaffSchedules/,2024-11-12T20:48:08,medium
summary_log_6200.pdf,.pdf,867,C:/Healthcare/Maintenance/,2024-11-16T23:43:39,medium
shift_6201.pdf,.pdf,26,C:/Healthcare/StaffSchedules/,2025-04-04T09:27:15,low
lab_6202.pdf,.pdf,730,C:/Healthcare/LabResults/,2025-11-11T04:43:01,low
appointment_analysis_6203.csv,.csv,421,C:/Healthcare/LabResults/,2023-05-25T12:58:22,medium
minutes_6204.txt,.txt,27,C:/Healthcare/Meetings/,2025-12-09T07:19:26,medium
meeting_6205.pdf,.pdf,761,C:/Healthcare/Meetings/,2024-03-27T10:09:27,low
prescription_test_6206.xlsx,.xlsx,1183,C:/Healthcare/LabResults/,2023-01-22T01:21:07,high
test_guideline_6207.docx,.docx,1097,C:/Healthcare/Internal/Protocols/,2025-09-04T19:19:31,high
announcement_guideline_6208.pdf,.pdf,765,C:/Healthcare/Internal/Protocols/,2025-02-15T01:27:26,high
diagnosis_6209.csv,.csv,361,C:/Healthcare/Patients/,2025-12-14T05:22:01,low
test_guideline_6210_draft.xlsx,.xlsx,2333,C:/Healthcare/Internal/Protocols/,2024-10-30T14:55:55,high
parking_notice_6211.csv,.csv,71,C:/Healthcare/PublicInfo/Parking/,2024-07-25T03:48:02,high
announcement_coverage_6212.docx,.docx,147,C:/Healthcare/Insurance/,2025-12-22T16:31:46,low
analysis_6213.csv,.csv,192,C:/Healthcare/LabResults/,2025-05-09T05:25:16,low
analysis_6214.xls,.xls,904,C:/Healthcare/LabResults/,2023-03-28T09:38:00,low
summary_info_6215.csv,.csv,612,C:/Healthcare/PublicInfo/Notices/,2025-06-06T13:20:45,low
report_maintenance_6216.xlsx,.xlsx,1786,C:/Healthcare/Maintenance/,2025-10-13T02:08:47,medium
notice_menu_6217.txt,.txt,81,C:/Healthcare/PublicInfo/Menu/,2024-12-21T18:28:46,low
parking_record_6218_v2.pdf,.pdf,566,C:/Healthcare/Patients/,2023-12-10T14:06:49,medium
menu_6219_confidential.csv,.csv,239,C:/Healthcare/PublicInfo/Notices/,2023-03-21T17:58:35,medium
public_minutes_6220.pdf,.pdf,1086,C:/Healthcare/Meetings/,2025-06-01T02:30:57,low
notice_maintenance_6221.xlsx,.xlsx,1146,C:/Healthcare/Maintenance/,2024-11-13T14:04:08,medium
payroll_invoice_6222.csv,.csv,902,C:/Healthcare/Insurance/,2025-02-12T06:03:50,medium
summary_schedule_6223.pdf,.pdf,994,C:/Healthcare/StaffSchedules/,2023-04-05T09:13:13,medium
notice_info_6224.csv,.csv,522,C:/Healthcare/PublicInfo/Notices/,2023-03-22T03:26:55,medium
agenda_6225.txt,.txt,112,C:/Healthcare/Meetings/,2025-06-26T17:44:04,medium
results_6226.xlsx,.xlsx,544,C:/Healthcare/LabResults/,2024-02-23T11:58:50,low
lab_menu_6227.pdf,.pdf,541,C:/Healthcare/PublicInfo/Parking/,2025-05-22T06:45:43,low
parking_6228.txt,.txt,58,C:/Healthcare/PublicInfo/Parking/,2025-12-01T20:25:29,low
notice_claim_6229.csv,.csv,275,C:/Healthcare/Insurance/,2023-11-30T16:19:01,low
notice_6230_v2.txt,.txt,80,C:/Healthcare/PublicInfo/Menu/,2024-02-14T08:33:44,low
reimbursement_6231.docx,.docx,51,C:/Healthcare/Insurance/,2025-04-26T20:43:16,low
report_consent_6232_confidential.pdf,.pdf,774,C:/Healthcare/Patients/,2024-04-22T04:39:59,low
log_6233.xlsx,.xlsx,402,C:/Healthcare/Maintenance/,2025-04-26T00:39:23,low
notice_6234.txt,.txt,131,C:/Healthcare/PublicInfo/Menu/,2025-05-06T22:21:39,low
announcement_minutes_6235.docx,.docx,554,C:/Healthcare/Meetings/,2024-06-03T22:21:01,low
patient_6236.docx,.docx,351,C:/Healthcare/Patients/,2024-08-23T22:35:38,low
workorder_6237.txt,.txt,20,C:/Healthcare/Maintenance/,2023-02-09T14:34:56,low
lab_6238.xls,.xls,279,C:/Healthcare/LabResults/,2025-05-11T11:31:34,low
schedule_analysis_6239.xls,.xls,1506,C:/Healthcare/LabResults/,2023-09-11T04:38:59,low
appointment_parking_6240.csv,.csv,13,C:/Healthcare/PublicInfo/Menu/,2024-04-29T16:23:45,medium
results_6241.pdf,.pdf,1115,C:/Healthcare/LabResults/,2024-04-06T12:37:32,high
diagnosis_6242.xlsx,.xlsx,26,C:/Healthcare/Patients/,2023-07-11T16:54:25,medium
test_info_6243.pdf,.pdf,252,C:/Healthcare/PublicInfo/Parking/,2025-05-13T02:35:13,low
notice_guideline_6244.pdf,.pdf,1836,C:/Healthcare/Internal/Protocols/,2024-07-03T16:19:27,medium
info_6245.pdf,.pdf,1450,C:/Healthcare/PublicInfo/Parking/,2023-04-26T00:05:48,medium
summary_minutes_6246.pdf,.pdf,1006,C:/Healthcare/Meetings/,2024-08-13T22:56:29,high
minutes_6247.docx,.docx,817,C:/Healthcare/Meetings/,2024-03-29T13:47:45,medium
policy_6248.docx,.docx,250,C:/Healthcare/Insurance/,2024-04-06T20:49:51,high
guideline_6249.docx,.docx,363,C:/Healthcare/Internal/Protocols/,2024-03-27T17:13:46,low
announcement_diagnosis_6250.xlsx,.xlsx,155,C:/Healthcare/Patients/,2025-12-28T08:42:18,high
schedule_maintenance_6251.pdf,.pdf,1336,C:/Healthcare/Maintenance/,2023-03-11T09:04:47,low
schedule_parking_6252.pdf,.pdf,320,C:/Healthcare/PublicInfo/Menu/,2024-09-20T18:35:12,high
public_info_6253.pdf,.pdf,1520,C:/Healthcare/PublicInfo/Parking/,2023-05-25T02:55:32,low
schedule_schedule_6254.xlsx,.xlsx,1584,C:/Healthcare/StaffSchedules/,2024-04-13T18:17:38,low
public_coverage_6255.pdf,.pdf,518,C:/Healthcare/Insurance/,2024-03-21T16:25:17,high
notice_claim_6256.pdf,.pdf,444,C:/Healthcare/Insurance/,2024-06-03T09:31:53,medium
menu_6257.pdf,.pdf,429,C:/Healthcare/PublicInfo/Notices/,2024-05-16T06:29:27,high
menu_guideline_6258.pdf,.pdf,1652,C:/Healthcare/Internal/Protocols/,2024-12-13T18:19:50,low
report_notice_6259.pdf,.pdf,431,C:/Healthcare/PublicInfo/Notices/,2023-11-25T19:25:48,low
maintenance_6260.xlsx,.xlsx,1447,C:/Healthcare/Maintenance/,2025-12-21T00:28:13,low
lab_protocol_6261.xlsx,.xlsx,894,C:/Healthcare/Internal/Protocols/,2023-10-25T00:34:49,low
lab_6262.xls,.xls,1001,C:/Healthcare/LabResults/,2024-07-26T06:04:20,low
protocol_6263.xlsx,.xlsx,1199,C:/Healthcare/Internal/Protocols/,2023-12-03T15:50:06,low
report_notice_6264.csv,.csv,347,C:/Healthcare/PublicInfo/Menu/,2023-08-23T19:21:19,medium
report_workorder_6265.xlsx,.xlsx,327,C:/Healthcare/Maintenance/,2023-04-20T16:01:40,low
maintenance_notice_6266.pdf,.pdf,1244,C:/Healthcare/PublicInfo/Menu/,2025-05-09T02:43:11,low
notice_info_6267.csv,.csv,1039,C:/Healthcare/PublicInfo/Parking/,2024-02-04T21:27:34,medium
summary_log_6268.xlsx,.xlsx,2109,C:/Healthcare/Maintenance/,2023-08-24T20:10:10,low
lab_6269.xls,.xls,1156,C:/Healthcare/LabResults/,2025-11-01T03:59:45,low
notice_6270.txt,.txt,41,C:/Healthcare/PublicInfo/Menu/,2023-05-02T14:05:20,low
test_workorder_6271_archived.xlsx,.xlsx,369,C:/Healthcare/Maintenance/,2025-12-16T12:00:05,low
reimbursement_6272.pdf,.pdf,720,C:/Healthcare/Insurance/,2023-12-08T13:09:09,low
protocol_6273.docx,.docx,757,C:/Healthcare/Internal/Protocols/,2023-10-21T08:58:14,low
maintenance_6274.xlsx,.xlsx,465,C:/Healthcare/Maintenance/,2024-06-27T22:16:31,low
analysis_6275.xlsx,.xlsx,5,C:/Healthcare/LabResults/,2024-05-24T09:39:49,medium
meeting_6276.docx,.docx,233,C:/Healthcare/Meetings/,2025-11-22T00:40:38,low
notice_workorder_6277_v2.txt,.txt,12,C:/Healthcare/Maintenance/,2024-01-24T13:23:42,low
menu_6278.pdf,.pdf,792,C:/Healthcare/PublicInfo/Notices/,2023-11-28T23:48:05,low
procedure_6279.xlsx,.xlsx,2156,C:/Healthcare/Internal/Protocols/,2024-04-23T01:29:22,medium
menu_6280_v2.pdf,.pdf,382,C:/Healthcare/PublicInfo/Parking/,2023-10-24T09:49:32,low
invoice_protocol_6281.docx,.docx,949,C:/Healthcare/Internal/Protocols/,2023-07-07T00:55:05,medium
announcement_workorder_6282_final.txt,.txt,47,C:/Healthcare/Maintenance/,2024-04-18T20:18:27,low
medical_notice_6283.txt,.txt,30,C:/Healthcare/PublicInfo/Parking/,2023-08-30T04:30:29,low
menu_minutes_6284.txt,.txt,101,C:/Healthcare/Meetings/,2024-04-30T02:21:28,low
test_roster_6285.pdf,.pdf,100,C:/Healthcare/StaffSchedules/,2023-08-14T04:49:38,low
menu_6286.pdf,.pdf,57,C:/Healthcare/PublicInfo/Menu/,2025-12-20T18:46:29,low
parking_parking_6287.txt,.txt,3,C:/Healthcare/PublicInfo/Notices/,2025-10-05T05:44:43,low
info_6288.txt,.txt,72,C:/Healthcare/PublicInfo/Notices/,2025-03-12T22:27:18,medium
analysis_6289.pdf,.pdf,1502,C:/Healthcare/LabResults/,2024-12-16T12:38:22,medium
parking_6290.pdf,.pdf,1814,C:/Healthcare/PublicInfo/Parking/,2024-02-14T00:18:15,low
summary_test_6291.pdf,.pdf,1468,C:/Healthcare/LabResults/,2024-03-16T04:17:07,low
agenda_6292.pdf,.pdf,1071,C:/Healthcare/Meetings/,2023-05-17T17:55:15,low
lab_protocol_6293.xlsx,.xlsx,421,C:/Healthcare/Internal/Protocols/,2024-02-12T13:57:31,high
reimbursement_6294.csv,.csv,36,C:/Healthcare/Insurance/,2023-10-01T00:41:14,medium
parking_6295_final.csv,.csv,126,C:/Healthcare/PublicInfo/Notices/,2024-04-20T01:07:58,low
agenda_6296.txt,.txt,75,C:/Healthcare/Meetings/,2023-12-05T04:13:30,low
public_menu_6297.pdf,.pdf,2208,C:/Healthcare/PublicInfo/Parking/,2024-08-08T07:38:21,medium
menu_6298_v2.pdf,.pdf,8,C:/Healthcare/PublicInfo/Notices/,2024-01-09T04:45:28,low
announcement_procedure_6299.pdf,.pdf,728,C:/Healthcare/Internal/Protocols/,2025-09-11T20:51:46,low
parking_claim_6300.docx,.docx,102,C:/Healthcare/Insurance/,2025-07-13T20:20:11,low
specimen_6301.csv,.csv,548,C:/Healthcare/LabResults/,2023-09-01T04:59:47,low
invoice_6302.docx,.docx,1245,C:/Healthcare/Insurance/,2024-03-16T08:37:35,high
parking_workorder_6303.pdf,.pdf,364,C:/Healthcare/Maintenance/,2024-12-03T10:20:53,medium
reimbursement_6304_confidential.csv,.csv,5,C:/Healthcare/Insurance/,2024-09-16T16:36:56,low
menu_6305.pdf,.pdf,365,C:/Healthcare/PublicInfo/Parking/,2023-11-17T03:58:25,low
patient_diagnosis_6306.pdf,.pdf,786,C:/Healthcare/Patients/,2024-10-30T05:56:49,low
schedule_6307.xlsx,.xlsx,1832,C:/Healthcare/StaffSchedules/,2024-06-24T11:54:18,medium
parking_6308.txt,.txt,46,C:/Healthcare/PublicInfo/Menu/,2025-02-10T18:52:20,low
consent_minutes_6309.txt,.txt,94,C:/Healthcare/Meetings/,2023-07-18T00:34:10,low
notice_info_6310.txt,.txt,5,C:/Healthcare/PublicInfo/Menu/,2024-06-02T08:22:54,low
consent_schedule_6311.pdf,.pdf,553,C:/Healthcare/StaffSchedules/,2024-08-29T06:11:23,high
schedule_lab_6312_draft.xlsx,.xlsx,1322,C:/Healthcare/LabResults/,2025-05-15T06:39:59,low
maintenance_policy_6313.csv,.csv,252,C:/Healthcare/Insurance/,2025-05-28T20:52:22,low
info_6314_draft.pdf,.pdf,2807,C:/Healthcare/PublicInfo/Parking/,2025-01-04T09:08:36,low
results_6315.csv,.csv,428,C:/Healthcare/LabResults/,2024-05-25T11:27:58,low
log_6316_v2.xlsx,.xlsx,334,C:/Healthcare/Maintenance/,2023-10-14T14:51:11,low
patient_6317.pdf,.pdf,574,C:/Healthcare/Patients/,2023-12-21T18:33:32,high
test_guideline_6318.docx,.docx,395,C:/Healthcare/Internal/Protocols/,2023-07-17T22:24:45,low
policy_6319.csv,.csv,667,C:/Healthcare/Insurance/,2025-05-27T07:21:34,low
info_6320.pdf,.pdf,1109,C:/Healthcare/PublicInfo/Menu/,2024-08-18T14:52:18,low
passwords_notice_6321.csv,.csv,19,C:/Healthcare/PublicInfo/Menu/,2024-10-14T02:24:31,high
appointment_minutes_6322.pdf,.pdf,753,C:/Healthcare/Meetings/,2024-04-01T14:03:16,high
agenda_6323.pdf,.pdf,457,C:/Healthcare/Meetings/,2023-10-26T00:17:24,low
public_maintenance_6324.xlsx,.xlsx,454,C:/Healthcare/Maintenance/,2024-03-26T23:22:46,medium
lab_6325.xls,.xls,909,C:/Healthcare/LabResults/,2025-05-03T02:19:54,low
guideline_6326.docx,.docx,594,C:/Healthcare/Internal/Protocols/,2024-01-08T14:48:39,medium
info_6327.pdf,.pdf,370,C:/Healthcare/PublicInfo/Notices/,2024-09-27T18:31:46,low
procedure_6328.docx,.docx,882,C:/Healthcare/Internal/Protocols/,2023-12-01T08:07:58,medium
public_specimen_6329.csv,.csv,67,C:/Healthcare/LabResults/,2024-01-28T20:36:34,medium
meeting_6330.txt,.txt,112,C:/Healthcare/Meetings/,2024-05-25T21:32:10,medium
parking_notice_6331.csv,.csv,40,C:/Healthcare/PublicInfo/Parking/,2025-01-06T18:58:10,low
analysis_6332.pdf,.pdf,1688,C:/Healthcare/LabResults/,2023-08-21T06:55:01,low
notice_6333.txt,.txt,16,C:/Healthcare/PublicInfo/Notices/,2023-02-19T01:13:29,low
notice_6334.pdf,.pdf,428,C:/Healthcare/PublicInfo/Notices/,2023-06-22T03:20:56,low
consent_record_6335.pdf,.pdf,1352,C:/Healthcare/Patients/,2025-11-12T14:56:32,high
notice_claim_6336.pdf,.pdf,1009,C:/Healthcare/Insurance/,2024-02-28T08:46:52,low
maintenance_6337.txt,.txt,110,C:/Healthcare/Maintenance/,2024-09-23T15:07:09,low
schedule_maintenance_6338.xlsx,.xlsx,469,C:/Healthcare/Maintenance/,2025-04-22T05:14:14,high
info_6339.txt,.txt,68,C:/Healthcare/PublicInfo/Notices/,2024-01-08T18:24:38,low
parking_6340.csv,.csv,547,C:/Healthcare/PublicInfo/Parking/,2023-05-02T10:52:07,low
announcement_meeting_6341_final.docx,.docx,582,C:/Healthcare/Meetings/,2023-04-23T01:29:15,low
protocol_6342.pdf,.pdf,371,C:/Healthcare/Internal/Protocols/,2023-01-15T12:42:40,low
policy_6343.csv,.csv,436,C:/Healthcare/Insurance/,2024-05-27T22:40:42,medium
parking_6344.pdf,.pdf,478,C:/Healthcare/PublicInfo/Notices/,2023-02-01T01:46:50,low
info_6345.pdf,.pdf,690,C:/Healthcare/PublicInfo/Parking/,2025-03-21T11:27:16,low
appointment_menu_6346_final.csv,.csv,251,C:/Healthcare/PublicInfo/Notices/,2025-10-31T18:39:22,low
procedure_6347.xlsx,.xlsx,564,C:/Healthcare/Internal/Protocols/,2024-01-27T01:59:43,low
invoice_6348.pdf,.pdf,362,C:/Healthcare/Insurance/,2023-07-23T11:16:43,low
workorder_6349_archived.txt,.txt,34,C:/Healthcare/Maintenance/,2025-02-08T16:45:43,low
credentials_claim_6350.pdf,.pdf,418,C:/Healthcare/Insurance/,2024-11-08T02:16:58,low
invoice_6351.docx,.docx,213,C:/Healthcare/Insurance/,2023-09-20T16:50:07,low
medical_menu_6352.txt,.txt,68,C:/Healthcare/PublicInfo/Notices/,2024-09-04T06:15:24,low
consent_6353.xlsx,.xlsx,221,C:/Healthcare/Patients/,2025-07-29T10:18:39,low
results_protocol_6354.xlsx,.xlsx,876,C:/Healthcare/Internal/Protocols/,2024-03-07T17:30:40,low
parking_minutes_6355.pdf,.pdf,734,C:/Healthcare/Meetings/,2023-01-22T23:15:16,low
report_agenda_6356.pdf,.pdf,1023,C:/Healthcare/Meetings/,2023-12-02T02:56:37,low
analysis_6357.xlsx,.xlsx,935,C:/Healthcare/LabResults/,2023-04-07T22:32:12,medium
shift_6358.xlsx,.xlsx,594,C:/Healthcare/StaffSchedules/,2023-07-26T02:46:31,low
consent_6359_confidential.docx,.docx,745,C:/Healthcare/Patients/,2024-10-12T13:17:56,high
procedure_6360.xlsx,.xlsx,427,C:/Healthcare/Internal/Protocols/,2025-02-26T10:44:28,low
parking_6361.pdf,.pdf,831,C:/Healthcare/PublicInfo/Notices/,2025-05-22T05:18:57,high
info_6362.csv,.csv,347,C:/Healthcare/PublicInfo/Parking/,2025-03-22T00:05:28,low
summary_notice_6363_draft.csv,.csv,295,C:/Healthcare/PublicInfo/Menu/,2024-03-28T09:06:22,medium
schedule_menu_6364.pdf,.pdf,548,C:/Healthcare/PublicInfo/Menu/,2023-08-09T05:15:54,medium
invoice_info_6365_confidential.pdf,.pdf,285,C:/Healthcare/PublicInfo/Menu/,2025-01-07T05:09:04,medium
invoice_6366.csv,.csv,205,C:/Healthcare/Insurance/,2023-05-02T12:36:06,low
schedule_6367_confidential.xlsx,.xlsx,933,C:/Healthcare/StaffSchedules/,2023-05-20T21:37:26,low
consent_roster_6368.xlsx,.xlsx,153,C:/Healthcare/StaffSchedules/,2023-06-28T18:16:33,low
log_6369.xlsx,.xlsx,1471,C:/Healthcare/Maintenance/,2023-05-05T16:59:56,low
parking_notice_6370.txt,.txt,20,C:/Healthcare/PublicInfo/Notices/,2025-12-28T02:42:15,medium
lab_6371.csv,.csv,482,C:/Healthcare/LabResults/,2025-06-10T13:34:32,high
invoice_info_6372.txt,.txt,21,C:/Healthcare/PublicInfo/Notices/,2025-05-09T17:08:59,high
lab_6373.csv,.csv,175,C:/Healthcare/LabResults/,2024-08-20T17:41:52,low
analysis_6374.xls,.xls,1527,C:/Healthcare/LabResults/,2023-07-22T14:52:03,low
minutes_6375_final.pdf,.pdf,795,C:/Healthcare/Meetings/,2023-11-26T20:15:29,high
consent_info_6376_v2.txt,.txt,95,C:/Healthcare/PublicInfo/Notices/,2025-12-14T04:48:11,low
workorder_6377.txt,.txt,59,C:/Healthcare/Maintenance/,2025-09-26T13:17:27,low
test_6378.xls,.xls,2016,C:/Healthcare/LabResults/,2025-08-04T02:05:16,high
invoice_agenda_6379.txt,.txt,71,C:/Healthcare/Meetings/,2025-03-07T04:38:30,medium
public_minutes_6380.txt,.txt,50,C:/Healthcare/Meetings/,2023-07-14T14:21:11,low
claim_6381.docx,.docx,280,C:/Healthcare/Insurance/,2023-08-18T18:12:55,low
schedule_maintenance_6382.txt,.txt,52,C:/Healthcare/Maintenance/,2025-09-03T13:05:45,low
lab_schedule_6383.xlsx,.xlsx,870,C:/Healthcare/StaffSchedules/,2024-12-30T03:30:56,medium
report_protocol_6384.docx,.docx,286,C:/Healthcare/Internal/Protocols/,2023-07-02T01:15:30,low
specimen_6385.xls,.xls,231,C:/Healthcare/LabResults/,2025-06-04T10:22:00,low
appointment_schedule_6386.pdf,.pdf,820,C:/Healthcare/StaffSchedules/,2025-08-01T12:19:37,low
notice_6387.csv,.csv,75,C:/Healthcare/PublicInfo/Notices/,2025-05-22T20:45:32,low
procedure_6388.pdf,.pdf,193,C:/Healthcare/Internal/Protocols/,2024-05-08T16:22:01,high
menu_6389.txt,.txt,129,C:/Healthcare/PublicInfo/Notices/,2023-01-14T00:01:07,low
workorder_6390.txt,.txt,122,C:/Healthcare/Maintenance/,2025-02-07T20:31:35,low
guideline_6391.docx,.docx,462,C:/Healthcare/Internal/Protocols/,2025-09-11T11:10:20,low
lab_menu_6392.pdf,.pdf,248,C:/Healthcare/PublicInfo/Menu/,2024-08-01T21:06:23,low
minutes_6393.txt,.txt,108,C:/Healthcare/Meetings/,2025-06-24T10:01:54,low
schedule_menu_6394.pdf,.pdf,624,C:/Healthcare/PublicInfo/Notices/,2025-08-25T12:48:58,low
schedule_notice_6395.pdf,.pdf,111,C:/Healthcare/PublicInfo/Menu/,2024-06-12T18:25:23,low
announcement_minutes_6396.pdf,.pdf,908,C:/Healthcare/Meetings/,2024-11-22T04:33:14,low
credentials_record_6397.docx,.docx,564,C:/Healthcare/Patients/,2024-03-28T15:27:48,medium
announcement_meeting_6398.docx,.docx,159,C:/Healthcare/Meetings/,2024-06-28T07:06:06,low
notice_6399_final.pdf,.pdf,1209,C:/Healthcare/PublicInfo/Parking/,2025-07-04T10:49:26,medium
parking_6400.pdf,.pdf,1596,C:/Healthcare/PublicInfo/Menu/,2024-07-16T16:37:30,medium
menu_consent_6401_draft.xlsx,.xlsx,420,C:/Healthcare/Patients/,2025-11-20T15:12:46,low
patient_info_6402.csv,.csv,228,C:/Healthcare/PublicInfo/Menu/,2024-11-02T12:09:45,medium
schedule_6403_final.pdf,.pdf,74,C:/Healthcare/StaffSchedules/,2023-12-30T13:27:24,low
announcement_patient_6404.pdf,.pdf,1371,C:/Healthcare/Patients/,2024-04-07T01:30:08,medium
patient_6405.xlsx,.xlsx,1954,C:/Healthcare/Patients/,2025-11-10T02:25:22,medium
shift_6406.xlsx,.xlsx,366,C:/Healthcare/StaffSchedules/,2024-12-31T00:08:04,low
parking_reimbursement_6407.csv,.csv,608,C:/Healthcare/Insurance/,2024-02-04T17:48:43,high
notice_patient_6408.xlsx,.xlsx,963,C:/Healthcare/Patients/,2023-11-19T10:57:21,low
invoice_reimbursement_6409.pdf,.pdf,565,C:/Healthcare/Insurance/,2024-03-13T00:24:15,medium
medical_menu_6410_final.pdf,.pdf,1149,C:/Healthcare/PublicInfo/Menu/,2023-09-13T20:44:45,medium
notice_notice_6411.pdf,.pdf,583,C:/Healthcare/PublicInfo/Menu/,2023-04-26T20:26:26,medium
report_parking_6412.txt,.txt,42,C:/Healthcare/PublicInfo/Notices/,2025-03-27T16:00:31,low
policy_6413.csv,.csv,27,C:/Healthcare/Insurance/,2024-02-13T18:44:20,low
notice_info_6414.pdf,.pdf,1915,C:/Healthcare/PublicInfo/Menu/,2024-12-25T21:32:08,low
test_meeting_6415.pdf,.pdf,3469,C:/Healthcare/Meetings/,2025-07-14T00:30:25,medium
schedule_6416.xlsx,.xlsx,191,C:/Healthcare/StaffSchedules/,2024-11-19T12:32:02,low
parking_6417.pdf,.pdf,1101,C:/Healthcare/PublicInfo/Notices/,2025-07-04T03:34:32,low
protocol_6418.pdf,.pdf,52,C:/Healthcare/Internal/Protocols/,2025-04-19T15:48:16,high
invoice_parking_6419.csv,.csv,107,C:/Healthcare/PublicInfo/Notices/,2024-09-11T00:32:26,high
shift_6420.xlsx,.xlsx,592,C:/Healthcare/StaffSchedules/,2023-01-25T04:20:50,low
meeting_6421.pdf,.pdf,646,C:/Healthcare/Meetings/,2024-12-14T04:52:41,low
info_6422.csv,.csv,11,C:/Healthcare/PublicInfo/Menu/,2025-06-22T06:12:31,low
announcement_procedure_6423.xlsx,.xlsx,250,C:/Healthcare/Internal/Protocols/,2025-02-06T06:17:49,low
guideline_6424.pdf,.pdf,170,C:/Healthcare/Internal/Protocols/,2025-02-15T12:38:35,low
lab_protocol_6425.pdf,.pdf,452,C:/Healthcare/Internal/Protocols/,2023-07-22T10:08:21,high
minutes_6426.pdf,.pdf,114,C:/Healthcare/Meetings/,2024-08-10T23:10:26,low
maintenance_agenda_6427.txt,.txt,48,C:/Healthcare/Meetings/,2023-08-13T13:07:08,low
schedule_workorder_6428.xlsx,.xlsx,330,C:/Healthcare/Maintenance/,2023-01-18T21:10:22,low
summary_maintenance_6429_v2.pdf,.pdf,1151,C:/Healthcare/Maintenance/,2023-12-10T02:58:20,low
summary_menu_6430.csv,.csv,206,C:/Healthcare/PublicInfo/Parking/,2023-07-10T16:21:57,low
menu_schedule_6431.pdf,.pdf,641,C:/Healthcare/StaffSchedules/,2025-06-07T04:48:34,low
schedule_menu_6432.txt,.txt,110,C:/Healthcare/PublicInfo/Menu/,2023-10-01T02:25:37,medium
test_coverage_6433.pdf,.pdf,2603,C:/Healthcare/Insurance/,2023-10-03T10:51:14,low
policy_6434.pdf,.pdf,918,C:/Healthcare/Insurance/,2023-10-24T07:44:36,low
notice_6435.txt,.txt,109,C:/Healthcare/PublicInfo/Parking/,2024-03-07T11:36:04,low
test_coverage_6436.docx,.docx,635,C:/Healthcare/Insurance/,2023-01-12T10:33:00,low
visit_6437.xlsx,.xlsx,325,C:/Healthcare/Patients/,2025-07-09T09:00:11,low
lab_6438_draft.xls,.xls,777,C:/Healthcare/LabResults/,2023-07-08T06:27:51,low
test_guideline_6439.docx,.docx,483,C:/Healthcare/Internal/Protocols/,2023-08-01T00:45:33,low
lab_policy_6440.pdf,.pdf,1693,C:/Healthcare/Insurance/,2023-10-30T10:57:42,high
claim_6441.csv,.csv,39,C:/Healthcare/Insurance/,2025-04-19T05:48:26,low
maintenance_6442.txt,.txt,58,C:/Healthcare/Maintenance/,2023-06-05T03:35:31,medium
minutes_6443.txt,.txt,25,C:/Healthcare/Meetings/,2025-07-20T14:57:00,high
protocol_6444_confidential.docx,.docx,302,C:/Healthcare/Internal/Protocols/,2023-10-06T05:16:21,low
public_menu_6445.pdf,.pdf,187,C:/Healthcare/PublicInfo/Notices/,2023-07-09T18:38:03,low
announcement_procedure_6446.xlsx,.xlsx,136,C:/Healthcare/Internal/Protocols/,2025-10-15T05:33:06,medium
results_lab_6447.xls,.xls,1143,C:/Healthcare/LabResults/,2023-01-02T21:54:16,low
meeting_6448.docx,.docx,27,C:/Healthcare/Meetings/,2024-08-13T23:47:40,low
confidential_reimbursement_6449.docx,.docx,623,C:/Healthcare/Insurance/,2023-08-14T09:14:41,medium
protocol_6450.xlsx,.xlsx,511,C:/Healthcare/Internal/Protocols/,2025-09-17T13:40:21,low
public_workorder_6451.pdf,.pdf,751,C:/Healthcare/Maintenance/,2023-08-10T02:57:50,low
parking_6452.csv,.csv,294,C:/Healthcare/PublicInfo/Parking/,2025-06-14T14:20:37,low
menu_6453.pdf,.pdf,864,C:/Healthcare/PublicInfo/Parking/,2023-03-09T14:07:30,medium
passwords_info_6454.txt,.txt,102,C:/Healthcare/PublicInfo/Parking/,2023-04-05T08:29:43,low
lab_coverage_6455.csv,.csv,12,C:/Healthcare/Insurance/,2024-08-29T02:40:02,high
notice_notice_6456.txt,.txt,32,C:/Healthcare/PublicInfo/Notices/,2024-06-15T23:34:25,low
test_notice_6457.pdf,.pdf,571,C:/Healthcare/PublicInfo/Notices/,2024-11-12T18:22:43,low
notice_6458.pdf,.pdf,312,C:/Healthcare/PublicInfo/Notices/,2025-11-18T00:03:45,low
report_results_6459.pdf,.pdf,879,C:/Healthcare/LabResults/,2024-07-12T05:05:21,medium
menu_roster_6460.xlsx,.xlsx,389,C:/Healthcare/StaffSchedules/,2023-11-22T05:28:40,low
lab_6461.xls,.xls,1253,C:/Healthcare/LabResults/,2024-02-06T23:47:29,low
diagnosis_workorder_6462.pdf,.pdf,503,C:/Healthcare/Maintenance/,2024-07-20T09:12:22,low
parking_results_6463.csv,.csv,312,C:/Healthcare/LabResults/,2025-11-04T10:47:22,low
meeting_6464.txt,.txt,30,C:/Healthcare/Meetings/,2024-07-31T22:17:32,low
appointment_minutes_6465.pdf,.pdf,752,C:/Healthcare/Meetings/,2025-12-18T12:51:24,high
procedure_6466.xlsx,.xlsx,1331,C:/Healthcare/Internal/Protocols/,2024-01-03T12:46:33,medium
reimbursement_6467.docx,.docx,730,C:/Healthcare/Insurance/,2025-07-20T13:01:37,low
medical_parking_6468.csv,.csv,485,C:/Healthcare/PublicInfo/Menu/,2024-11-16T19:15:06,low
parking_notice_6469.txt,.txt,33,C:/Healthcare/PublicInfo/Notices/,2025-02-25T10:03:10,low
test_6470.xls,.xls,797,C:/Healthcare/LabResults/,2023-06-12T15:38:29,low
public_test_6471.pdf,.pdf,3605,C:/Healthcare/LabResults/,2024-08-07T02:24:48,high
workorder_6472.txt,.txt,61,C:/Healthcare/Maintenance/,2024-04-03T21:34:01,low
roster_6473_archived.xlsx,.xlsx,703,C:/Healthcare/StaffSchedules/,2025-09-04T23:50:56,low
log_6474.txt,.txt,24,C:/Healthcare/Maintenance/,2024-02-16T02:22:53,medium
menu_6475.csv,.csv,453,C:/Healthcare/PublicInfo/Menu/,2025-11-21T11:41:07,low
test_guideline_6476.pdf,.pdf,576,C:/Healthcare/Internal/Protocols/,2024-10-19T15:44:08,high
parking_workorder_6477.pdf,.pdf,200,C:/Healthcare/Maintenance/,2024-08-31T23:56:57,medium
invoice_specimen_6478.xlsx,.xlsx,1112,C:/Healthcare/LabResults/,2023-10-13T07:54:46,medium
minutes_6479.txt,.txt,104,C:/Healthcare/Meetings/,2024-05-05T04:52:27,medium
appointment_results_6480.xlsx,.xlsx,383,C:/Healthcare/LabResults/,2025-02-15T07:52:18,low
roster_6481_archived.xlsx,.xlsx,621,C:/Healthcare/StaffSchedules/,2023-03-12T02:12:38,low
workorder_6482_draft.xlsx,.xlsx,839,C:/Healthcare/Maintenance/,2023-06-05T01:30:25,low
parking_6483.txt,.txt,97,C:/Healthcare/PublicInfo/Menu/,2025-09-02T01:43:18,low
announcement_record_6484.xlsx,.xlsx,805,C:/Healthcare/Patients/,2025-11-04T11:20:20,low
workorder_6485.txt,.txt,51,C:/Healthcare/Maintenance/,2023-11-11T21:15:21,low
test_invoice_6486.csv,.csv,119,C:/Healthcare/Insurance/,2023-05-16T10:27:52,high
parking_info_6487.pdf,.pdf,55,C:/Healthcare/PublicInfo/Parking/,2023-03-10T18:51:59,low
schedule_menu_6488.csv,.csv,464,C:/Healthcare/PublicInfo/Parking/,2024-02-07T02:23:05,low
public_info_6489.txt,.txt,37,C:/Healthcare/PublicInfo/Parking/,2023-09-03T03:01:38,medium
menu_6490.pdf,.pdf,1882,C:/Healthcare/PublicInfo/Menu/,2024-06-11T04:00:57,medium
notice_6491.pdf,.pdf,649,C:/Healthcare/PublicInfo/Parking/,2023-05-30T16:44:43,medium
minutes_6492.txt,.txt,83,C:/Healthcare/Meetings/,2023-04-21T07:05:20,low
maintenance_notice_6493.pdf,.pdf,250,C:/Healthcare/PublicInfo/Notices/,2024-10-10T22:04:48,low
results_notice_6494.pdf,.pdf,32,C:/Healthcare/PublicInfo/Parking/,2023-03-31T08:02:21,low
parking_6495.txt,.txt,93,C:/Healthcare/PublicInfo/Menu/,2024-10-09T07:26:55,low
diagnosis_protocol_6496.docx,.docx,535,C:/Healthcare/Internal/Protocols/,2023-11-27T17:51:15,low
parking_6497_draft.txt,.txt,23,C:/Healthcare/PublicInfo/Notices/,2024-09-22T08:06:47,low
diagnosis_test_6498.xls,.xls,512,C:/Healthcare/LabResults/,2023-01-21T00:05:18,medium
meeting_6499.txt,.txt,145,C:/Healthcare/Meetings/,2024-02-12T01:59:22,high
guideline_6500.pdf,.pdf,758,C:/Healthcare/Internal/Protocols/,2023-09-20T22:32:35,low
invoice_minutes_6501.txt,.txt,25,C:/Healthcare/Meetings/,2024-06-09T13:41:40,low
meeting_6502.txt,.txt,123,C:/Healthcare/Meetings/,2025-08-17T10:16:49,low
visit_6503.docx,.docx,1,C:/Healthcare/Patients/,2023-07-25T09:50:19,low
summary_info_6504.pdf,.pdf,647,C:/Healthcare/PublicInfo/Menu/,2023-12-21T16:12:39,medium
menu_notice_6505.pdf,.pdf,837,C:/Healthcare/PublicInfo/Menu/,2024-12-16T14:10:47,low
schedule_6506.xlsx,.xlsx,139,C:/Healthcare/StaffSchedules/,2025-09-12T11:00:14,medium
log_6507.pdf,.pdf,599,C:/Healthcare/Maintenance/,2025-12-31T23:17:58,low
test_shift_6508.xlsx,.xlsx,315,C:/Healthcare/StaffSchedules/,2024-01-06T16:18:24,low
invoice_minutes_6509.txt,.txt,59,C:/Healthcare/Meetings/,2023-04-17T23:19:05,low
schedule_schedule_6510.csv,.csv,289,C:/Healthcare/StaffSchedules/,2024-11-28T13:38:25,low
invoice_record_6511.pdf,.pdf,474,C:/Healthcare/Patients/,2023-03-19T20:10:02,low
notice_6512.txt,.txt,163,C:/Healthcare/PublicInfo/Parking/,2024-08-22T01:27:59,high
record_6513.docx,.docx,150,C:/Healthcare/Patients/,2024-07-19T09:54:34,low
public_notice_6514.csv,.csv,309,C:/Healthcare/PublicInfo/Parking/,2024-08-27T18:52:12,low
patient_6515.docx,.docx,503,C:/Healthcare/Patients/,2023-11-27T23:09:37,low
payroll_analysis_6516.xls,.xls,925,C:/Healthcare/LabResults/,2023-05-15T03:29:49,medium
prescription_notice_6517.txt,.txt,9,C:/Healthcare/PublicInfo/Menu/,2025-08-05T21:31:55,low
workorder_6518.txt,.txt,130,C:/Healthcare/Maintenance/,2024-05-27T18:47:13,low
specimen_6519.csv,.csv,179,C:/Healthcare/LabResults/,2023-04-12T06:38:24,low
agenda_6520.txt,.txt,54,C:/Healthcare/Meetings/,2025-11-24T11:11:55,low
agenda_6521.docx,.docx,707,C:/Healthcare/Meetings/,2023-03-26T14:18:59,low
visit_6522.xlsx,.xlsx,400,C:/Healthcare/Patients/,2024-02-22T11:50:29,low
announcement_schedule_6523.csv,.csv,449,C:/Healthcare/StaffSchedules/,2024-06-07T14:31:27,low
workorder_6524.xlsx,.xlsx,1842,C:/Healthcare/Maintenance/,2023-06-01T10:12:14,low
appointment_patient_6525.xlsx,.xlsx,718,C:/Healthcare/Patients/,2024-02-15T02:15:29,low
info_6526.txt,.txt,131,C:/Healthcare/PublicInfo/Notices/,2024-07-25T01:36:47,high
lab_schedule_6527.pdf,.pdf,590,C:/Healthcare/StaffSchedules/,2024-10-20T03:46:45,low
record_6528.csv,.csv,43,C:/Healthcare/Patients/,2024-09-30T18:30:10,high
log_6529.xlsx,.xlsx,1345,C:/Healthcare/Maintenance/,2025-11-25T06:47:34,low
schedule_6530.pdf,.pdf,802,C:/Healthcare/StaffSchedules/,2025-09-06T10:44:46,low
analysis_6531.pdf,.pdf,1349,C:/Healthcare/LabResults/,2024-11-20T19:41:24,medium
parking_6532.pdf,.pdf,44,C:/Healthcare/PublicInfo/Notices/,2023-10-17T12:55:24,low
notice_meeting_6533.docx,.docx,121,C:/Healthcare/Meetings/,2023-06-01T20:57:13,medium
consent_6534.docx,.docx,176,C:/Healthcare/Patients/,2024-08-13T04:29:07,medium
report_analysis_6535.xlsx,.xlsx,173,C:/Healthcare/LabResults/,2025-11-15T13:25:19,medium
notice_6536_archived.csv,.csv,379,C:/Healthcare/PublicInfo/Parking/,2023-10-04T21:31:18,low
minutes_6537.docx,.docx,666,C:/Healthcare/Meetings/,2025-09-18T06:37:28,low
maintenance_menu_6538.txt,.txt,110,C:/Healthcare/PublicInfo/Parking/,2023-02-13T16:23:31,low
roster_6539.pdf,.pdf,206,C:/Healthcare/StaffSchedules/,2023-05-08T10:35:35,low
announcement_log_6540.txt,.txt,28,C:/Healthcare/Maintenance/,2025-04-26T08:09:35,medium
log_6541.xlsx,.xlsx,488,C:/Healthcare/Maintenance/,2025-04-08T05:55:20,medium
menu_guideline_6542_draft.pdf,.pdf,1333,C:/Healthcare/Internal/Protocols/,2025-08-01T02:26:14,high
menu_menu_6543.pdf,.pdf,675,C:/Healthcare/PublicInfo/Notices/,2025-01-30T07:26:00,medium
log_6544_archived.txt,.txt,131,C:/Healthcare/Maintenance/,2024-11-24T04:33:13,medium
medical_analysis_6545.xlsx,.xlsx,1617,C:/Healthcare/LabResults/,2023-11-05T03:30:31,medium
menu_6546.pdf,.pdf,992,C:/Healthcare/PublicInfo/Notices/,2023-06-22T21:13:12,medium
specimen_6547.xlsx,.xlsx,726,C:/Healthcare/LabResults/,2025-11-28T23:24:29,high
lab_meeting_6548.pdf,.pdf,621,C:/Healthcare/Meetings/,2025-04-22T05:59:31,low
protocol_6549.pdf,.pdf,2338,C:/Healthcare/Internal/Protocols/,2025-03-01T19:34:54,medium
menu_maintenance_6550.txt,.txt,30,C:/Healthcare/Maintenance/,2025-02-21T11:35:04,low
parking_info_6551.txt,.txt,85,C:/Healthcare/PublicInfo/Parking/,2024-06-16T02:06:22,low
schedule_6552.pdf,.pdf,804,C:/Healthcare/StaffSchedules/,2023-11-12T00:20:53,high
info_6553.pdf,.pdf,303,C:/Healthcare/PublicInfo/Parking/,2024-04-09T19:42:33,low
minutes_6554.pdf,.pdf,721,C:/Healthcare/Meetings/,2024-12-27T08:12:39,high
schedule_6555.xlsx,.xlsx,691,C:/Healthcare/StaffSchedules/,2024-10-26T21:04:17,high
minutes_6556.txt,.txt,37,C:/Healthcare/Meetings/,2023-01-20T13:50:03,low
workorder_6557_final.xlsx,.xlsx,1085,C:/Healthcare/Maintenance/,2024-10-24T20:25:05,low
log_6558.xlsx,.xlsx,1397,C:/Healthcare/Maintenance/,2024-01-28T03:05:50,high
menu_meeting_6559.pdf,.pdf,964,C:/Healthcare/Meetings/,2024-02-09T12:15:37,low
log_6560.txt,.txt,40,C:/Healthcare/Maintenance/,2023-03-15T00:17:35,low
test_6561.pdf,.pdf,528,C:/Healthcare/LabResults/,2023-12-29T22:47:38,low
menu_6562.csv,.csv,285,C:/Healthcare/PublicInfo/Notices/,2023-11-16T19:21:39,low
lab_notice_6563.pdf,.pdf,712,C:/Healthcare/PublicInfo/Parking/,2025-09-25T01:34:42,low
info_6564.txt,.txt,133,C:/Healthcare/PublicInfo/Menu/,2025-05-20T07:21:26,low
notice_6565.csv,.csv,527,C:/Healthcare/PublicInfo/Parking/,2024-10-28T22:49:55,low
appointment_coverage_6566_archived.pdf,.pdf,2540,C:/Healthcare/Insurance/,2023-10-02T16:32:49,medium
confidential_test_6567.xls,.xls,114,C:/Healthcare/LabResults/,2024-11-05T12:37:03,high
maintenance_log_6568_final.txt,.txt,2,C:/Healthcare/Maintenance/,2023-04-09T06:13:56,low
report_minutes_6569.docx,.docx,111,C:/Healthcare/Meetings/,2025-02-25T12:06:10,low
roster_6570.csv,.csv,646,C:/Healthcare/StaffSchedules/,2023-01-07T09:53:58,high
test_6571.pdf,.pdf,319,C:/Healthcare/LabResults/,2023-07-20T02:29:49,low
info_6572.txt,.txt,48,C:/Healthcare/PublicInfo/Menu/,2024-03-25T02:35:18,low
appointment_invoice_6573.csv,.csv,586,C:/Healthcare/Insurance/,2025-02-19T05:38:02,low
patient_specimen_6574.xls,.xls,582,C:/Healthcare/LabResults/,2024-06-26T09:10:12,high
parking_6575.pdf,.pdf,261,C:/Healthcare/PublicInfo/Notices/,2024-05-29T14:47:30,low
guideline_6576.xlsx,.xlsx,712,C:/Healthcare/Internal/Protocols/,2025-02-02T15:22:05,low
appointment_policy_6577.pdf,.pdf,536,C:/Healthcare/Insurance/,2024-04-20T15:31:30,medium
analysis_6578_draft.csv,.csv,241,C:/Healthcare/LabResults/,2024-06-05T02:54:59,medium
agenda_6579.docx,.docx,371,C:/Healthcare/Meetings/,2025-01-10T16:50:32,low
record_6580.csv,.csv,647,C:/Healthcare/Patients/,2023-06-02T07:40:17,medium
announcement_info_6581.csv,.csv,275,C:/Healthcare/PublicInfo/Parking/,2024-03-04T16:19:58,medium
schedule_log_6582.txt,.txt,103,C:/Healthcare/Maintenance/,2024-09-07T22:16:12,low
results_guideline_6583.xlsx,.xlsx,1117,C:/Healthcare/Internal/Protocols/,2023-09-05T00:12:59,low
notice_parking_6584.csv,.csv,216,C:/Healthcare/PublicInfo/Menu/,2023-03-14T06:02:50,medium
record_6585.xlsx,.xlsx,295,C:/Healthcare/Patients/,2023-03-21T09:22:37,low
reimbursement_6586.docx,.docx,602,C:/Healthcare/Insurance/,2025-08-04T10:26:55,medium
parking_notice_6587_archived.pdf,.pdf,661,C:/Healthcare/PublicInfo/Parking/,2023-07-22T08:09:56,low
info_6588.csv,.csv,24,C:/Healthcare/PublicInfo/Menu/,2025-06-06T17:52:19,medium
report_guideline_6589.pdf,.pdf,1070,C:/Healthcare/Internal/Protocols/,2025-12-06T13:29:31,low
parking_log_6590_final.txt,.txt,35,C:/Healthcare/Maintenance/,2024-12-17T14:33:36,low
consent_record_6591_confidential.csv,.csv,530,C:/Healthcare/Patients/,2024-07-18T10:01:50,low
roster_6592.csv,.csv,268,C:/Healthcare/StaffSchedules/,2025-05-16T11:21:53,low
parking_6593.pdf,.pdf,686,C:/Healthcare/PublicInfo/Notices/,2024-03-27T04:56:00,high
workorder_6594.txt,.txt,127,C:/Healthcare/Maintenance/,2024-08-22T05:35:31,low
credentials_parking_6595.csv,.csv,366,C:/Healthcare/PublicInfo/Parking/,2025-05-07T19:33:46,low
notice_info_6596.csv,.csv,496,C:/Healthcare/PublicInfo/Parking/,2025-12-13T12:55:27,low
workorder_6597.txt,.txt,84,C:/Healthcare/Maintenance/,2025-05-10T23:23:40,medium
minutes_6598_confidential.pdf,.pdf,912,C:/Healthcare/Meetings/,2024-03-30T01:54:30,medium
info_6599.pdf,.pdf,918,C:/Healthcare/PublicInfo/Menu/,2024-04-19T03:51:22,medium
passwords_results_6600.csv,.csv,190,C:/Healthcare/LabResults/,2024-04-29T16:52:03,low
procedure_6601_final.xlsx,.xlsx,358,C:/Healthcare/Internal/Protocols/,2024-10-31T06:30:59,medium
public_workorder_6602.pdf,.pdf,1147,C:/Healthcare/Maintenance/,2023-11-03T07:56:47,low
notice_menu_6603.pdf,.pdf,1028,C:/Healthcare/PublicInfo/Menu/,2023-03-17T12:54:58,medium
patient_6604.pdf,.pdf,1426,C:/Healthcare/Patients/,2025-03-28T13:16:21,medium
notice_6605.txt,.txt,34,C:/Healthcare/PublicInfo/Notices/,2025-11-25T20:05:07,medium
test_notice_6606_final.pdf,.pdf,1035,C:/Healthcare/PublicInfo/Menu/,2023-03-15T04:07:42,low
audit_maintenance_6607_archived.txt,.txt,136,C:/Healthcare/Maintenance/,2024-07-31T01:41:23,low
test_6608_draft.xls,.xls,1394,C:/Healthcare/LabResults/,2024-06-17T17:29:01,high
results_diagnosis_6609.csv,.csv,455,C:/Healthcare/Patients/,2024-12-27T06:39:08,medium
credentials_visit_6610.pdf,.pdf,384,C:/Healthcare/Patients/,2025-02-04T14:51:02,medium
prescription_lab_6611.csv,.csv,576,C:/Healthcare/LabResults/,2025-02-07T16:08:36,low
audit_workorder_6612.txt,.txt,58,C:/Healthcare/Maintenance/,2023-09-05T07:08:41,medium
invoice_menu_6613.pdf,.pdf,1506,C:/Healthcare/PublicInfo/Parking/,2023-10-12T14:09:05,low
schedule_6614.csv,.csv,247,C:/Healthcare/StaffSchedules/,2025-06-15T14:15:21,low
test_6615.pdf,.pdf,1005,C:/Healthcare/LabResults/,2024-02-24T15:34:21,high
record_6616.csv,.csv,153,C:/Healthcare/Patients/,2024-07-30T11:49:50,medium
report_workorder_6617.pdf,.pdf,758,C:/Healthcare/Maintenance/,2024-12-18T12:21:28,medium
analysis_6618_final.xls,.xls,358,C:/Healthcare/LabResults/,2023-02-02T13:37:10,medium
parking_6619.pdf,.pdf,526,C:/Healthcare/PublicInfo/Parking/,2024-05-15T00:33:41,low
protocol_6620.xlsx,.xlsx,944,C:/Healthcare/Internal/Protocols/,2024-10-28T05:39:00,low
guideline_6621.docx,.docx,102,C:/Healthcare/Internal/Protocols/,2024-11-12T14:47:38,low
summary_agenda_6622.txt,.txt,45,C:/Healthcare/Meetings/,2024-09-13T04:50:13,medium
parking_6623_confidential.pdf,.pdf,1186,C:/Healthcare/PublicInfo/Menu/,2023-12-29T06:55:01,medium
schedule_6624.xlsx,.xlsx,368,C:/Healthcare/StaffSchedules/,2023-10-08T01:23:25,low
protocol_6625.xlsx,.xlsx,445,C:/Healthcare/Internal/Protocols/,2024-07-28T00:20:18,low
info_6626_archived.txt,.txt,24,C:/Healthcare/PublicInfo/Notices/,2025-11-11T18:15:37,high
passwords_info_6627.txt,.txt,121,C:/Healthcare/PublicInfo/Parking/,2025-09-22T20:24:22,low
protocol_6628.docx,.docx,20,C:/Healthcare/Internal/Protocols/,2024-05-11T09:41:03,low
notice_6629.pdf,.pdf,352,C:/Healthcare/PublicInfo/Notices/,2024-05-29T11:08:33,high
consent_6630.xlsx,.xlsx,2016,C:/Healthcare/Patients/,2023-01-03T21:35:24,low
ssn_parking_6631.txt,.txt,115,C:/Healthcare/PublicInfo/Menu/,2023-11-03T23:25:36,low
invoice_notice_6632.txt,.txt,74,C:/Healthcare/PublicInfo/Parking/,2023-07-07T10:27:48,high
notice_6633.csv,.csv,389,C:/Healthcare/PublicInfo/Menu/,2025-09-10T11:55:54,low
confidential_parking_6634.csv,.csv,677,C:/Healthcare/PublicInfo/Parking/,2023-09-06T20:33:32,medium
workorder_6635.xlsx,.xlsx,674,C:/Healthcare/Maintenance/,2024-05-08T05:25:20,high
test_consent_6636.pdf,.pdf,243,C:/Healthcare/Patients/,2023-07-06T19:37:06,low
menu_workorder_6637_final.txt,.txt,134,C:/Healthcare/Maintenance/,2024-11-08T14:21:00,medium
notice_6638.pdf,.pdf,1864,C:/Healthcare/PublicInfo/Notices/,2024-09-20T09:53:03,low
invoice_6639.pdf,.pdf,58,C:/Healthcare/Insurance/,2025-11-21T05:55:11,low
info_6640.pdf,.pdf,165,C:/Healthcare/PublicInfo/Parking/,2023-02-12T03:12:49,low
schedule_parking_6641.csv,.csv,288,C:/Healthcare/PublicInfo/Menu/,2025-07-04T15:55:30,low
claim_6642.csv,.csv,50,C:/Healthcare/Insurance/,2025-09-10T01:09:24,high
menu_notice_6643.pdf,.pdf,792,C:/Healthcare/PublicInfo/Notices/,2025-12-05T20:35:04,low
public_roster_6644.csv,.csv,182,C:/Healthcare/StaffSchedules/,2025-03-03T08:57:47,low
roster_6645.pdf,.pdf,598,C:/Healthcare/StaffSchedules/,2024-07-06T00:53:49,low
workorder_6646.pdf,.pdf,672,C:/Healthcare/Maintenance/,2025-01-13T13:50:42,low
info_6647.pdf,.pdf,256,C:/Healthcare/PublicInfo/Notices/,2025-10-24T12:54:06,low
results_meeting_6648.pdf,.pdf,399,C:/Healthcare/Meetings/,2023-03-29T17:12:31,low
summary_info_6649.txt,.txt,132,C:/Healthcare/PublicInfo/Notices/,2023-01-02T13:15:56,medium
announcement_shift_6650.pdf,.pdf,731,C:/Healthcare/StaffSchedules/,2025-05-09T21:39:40,high
notice_6651_v2.pdf,.pdf,113,C:/Healthcare/PublicInfo/Menu/,2024-12-14T01:44:05,low
invoice_6652.pdf,.pdf,715,C:/Healthcare/Insurance/,2025-04-11T00:25:39,low
notice_6653_final.txt,.txt,160,C:/Healthcare/PublicInfo/Parking/,2024-07-18T19:09:54,high
summary_shift_6654_v2.xlsx,.xlsx,519,C:/Healthcare/StaffSchedules/,2025-12-10T17:41:36,medium
invoice_consent_6655.docx,.docx,683,C:/Healthcare/Patients/,2025-06-18T21:13:19,low
invoice_test_6656.csv,.csv,311,C:/Healthcare/LabResults/,2023-04-25T10:51:15,medium
coverage_6657.csv,.csv,372,C:/Healthcare/Insurance/,2024-04-12T07:37:06,low
maintenance_results_6658.xlsx,.xlsx,1194,C:/Healthcare/LabResults/,2023-05-09T23:07:50,low
menu_schedule_6659.csv,.csv,584,C:/Healthcare/StaffSchedules/,2024-12-01T21:47:53,medium
notice_6660.txt,.txt,15,C:/Healthcare/PublicInfo/Menu/,2023-12-01T13:10:03,low
maintenance_6661.xlsx,.xlsx,633,C:/Healthcare/Maintenance/,2025-08-02T23:51:17,medium
menu_agenda_6662.docx,.docx,498,C:/Healthcare/Meetings/,2024-12-02T10:58:41,high
test_6663.pdf,.pdf,1061,C:/Healthcare/LabResults/,2025-04-18T22:57:39,medium
meeting_6664.docx,.docx,574,C:/Healthcare/Meetings/,2025-04-24T05:28:46,medium
report_analysis_6665.xlsx,.xlsx,506,C:/Healthcare/LabResults/,2025-09-30T19:56:18,low
maintenance_menu_6666.pdf,.pdf,1791,C:/Healthcare/PublicInfo/Notices/,2024-07-31T01:57:40,high
workorder_6667.txt,.txt,25,C:/Healthcare/Maintenance/,2023-12-27T07:48:49,low
confidential_analysis_6668.xlsx,.xlsx,975,C:/Healthcare/LabResults/,2025-09-18T23:14:00,high
parking_menu_6669.txt,.txt,43,C:/Healthcare/PublicInfo/Parking/,2025-06-16T04:01:47,low
test_6670.xlsx,.xlsx,26,C:/Healthcare/LabResults/,2023-07-01T22:24:26,high
guideline_6671.xlsx,.xlsx,1120,C:/Healthcare/Internal/Protocols/,2023-06-29T02:13:23,medium
maintenance_results_6672.pdf,.pdf,1412,C:/Healthcare/LabResults/,2024-10-18T09:15:26,high
guideline_6673.docx,.docx,465,C:/Healthcare/Internal/Protocols/,2025-02-13T00:40:12,high
notice_diagnosis_6674.csv,.csv,551,C:/Healthcare/Patients/,2023-03-13T11:41:53,high
announcement_workorder_6675.xlsx,.xlsx,1281,C:/Healthcare/Maintenance/,2024-04-25T13:44:37,medium
credentials_record_6676.xlsx,.xlsx,228,C:/Healthcare/Patients/,2024-03-24T04:48:43,low
schedule_lab_6677_draft.xls,.xls,307,C:/Healthcare/LabResults/,2023-07-29T23:06:46,low
notice_6678.pdf,.pdf,286,C:/Healthcare/PublicInfo/Notices/,2023-05-05T19:02:25,low
lab_notice_6679_archived.csv,.csv,60,C:/Healthcare/PublicInfo/Notices/,2025-09-05T23:39:59,low
meeting_6680.pdf,.pdf,573,C:/Healthcare/Meetings/,2024-05-11T06:20:05,high
summary_parking_6681.txt,.txt,32,C:/Healthcare/PublicInfo/Menu/,2025-01-13T21:12:38,low
results_policy_6682.docx,.docx,741,C:/Healthcare/Insurance/,2025-12-02T04:19:33,low
invoice_shift_6683.xlsx,.xlsx,1088,C:/Healthcare/StaffSchedules/,2023-11-29T14:45:52,low
minutes_6684.docx,.docx,357,C:/Healthcare/Meetings/,2025-12-16T06:34:37,medium
specimen_6685.csv,.csv,16,C:/Healthcare/LabResults/,2024-03-10T22:02:05,medium
invoice_results_6686.pdf,.pdf,99,C:/Healthcare/LabResults/,2023-12-20T22:56:25,medium
reimbursement_6687.pdf,.pdf,1593,C:/Healthcare/Insurance/,2025-07-30T14:28:28,medium
schedule_reimbursement_6688.docx,.docx,159,C:/Healthcare/Insurance/,2025-07-11T21:03:04,low
minutes_6689.pdf,.pdf,1484,C:/Healthcare/Meetings/,2025-01-30T00:48:31,low
test_policy_6690.docx,.docx,233,C:/Healthcare/Insurance/,2024-07-31T18:00:47,medium
menu_6691.txt,.txt,59,C:/Healthcare/PublicInfo/Parking/,2025-07-12T02:45:32,low
payroll_shift_6692.pdf,.pdf,834,C:/Healthcare/StaffSchedules/,2025-12-15T03:56:37,low
guideline_6693_archived.pdf,.pdf,1210,C:/Healthcare/Internal/Protocols/,2025-08-24T08:46:52,high
results_results_6694.csv,.csv,124,C:/Healthcare/LabResults/,2023-01-27T14:01:41,low
test_6695_final.xls,.xls,675,C:/Healthcare/LabResults/,2023-05-02T05:34:00,low
roster_6696_v2.csv,.csv,895,C:/Healthcare/StaffSchedules/,2023-12-21T23:34:27,medium
info_6697.csv,.csv,429,C:/Healthcare/PublicInfo/Notices/,2025-09-04T20:06:54,high
info_6698.txt,.txt,3,C:/Healthcare/PublicInfo/Notices/,2024-03-16T21:35:19,low
menu_info_6699.csv,.csv,123,C:/Healthcare/PublicInfo/Notices/,2024-05-30T18:44:02,low
report_protocol_6700.xlsx,.xlsx,166,C:/Healthcare/Internal/Protocols/,2024-05-11T20:11:03,low
invoice_record_6701.csv,.csv,759,C:/Healthcare/Patients/,2024-09-07T15:32:47,medium
roster_6702.pdf,.pdf,2111,C:/Healthcare/StaffSchedules/,2023-01-21T07:32:13,high
menu_6703.csv,.csv,943,C:/Healthcare/PublicInfo/Menu/,2025-08-04T05:52:03,low
analysis_6704.pdf,.pdf,172,C:/Healthcare/LabResults/,2024-06-10T13:08:53,low
maintenance_test_6705.pdf,.pdf,1606,C:/Healthcare/LabResults/,2024-08-05T07:53:01,low
appointment_protocol_6706_final.pdf,.pdf,1828,C:/Healthcare/Internal/Protocols/,2023-03-04T05:48:28,medium
diagnosis_6707.csv,.csv,418,C:/Healthcare/Patients/,2024-02-20T09:02:39,medium
test_protocol_6708.pdf,.pdf,434,C:/Healthcare/Internal/Protocols/,2023-06-06T15:40:20,low
insurance_claim_coverage_6709.docx,.docx,20,C:/Healthcare/Insurance/,2024-11-01T02:17:36,low
consent_6710.xlsx,.xlsx,1476,C:/Healthcare/Patients/,2025-04-05T20:55:47,medium
claim_6711_draft.pdf,.pdf,333,C:/Healthcare/Insurance/,2023-03-15T04:20:37,low
announcement_guideline_6712.pdf,.pdf,720,C:/Healthcare/Internal/Protocols/,2024-11-10T18:54:30,low
schedule_menu_6713_final.csv,.csv,292,C:/Healthcare/PublicInfo/Parking/,2025-09-09T02:35:01,low
agenda_6714.pdf,.pdf,966,C:/Healthcare/Meetings/,2025-01-18T03:10:19,low
schedule_invoice_6715.docx,.docx,500,C:/Healthcare/Insurance/,2024-08-01T13:27:18,low
summary_record_6716.xlsx,.xlsx,506,C:/Healthcare/Patients/,2024-03-21T00:52:38,low
invoice_protocol_6717.xlsx,.xlsx,1361,C:/Healthcare/Internal/Protocols/,2024-08-18T16:48:47,high
roster_6718.pdf,.pdf,206,C:/Healthcare/StaffSchedules/,2024-08-01T03:59:10,low
results_notice_6719.pdf,.pdf,254,C:/Healthcare/PublicInfo/Notices/,2025-04-26T23:48:46,low
analysis_6720.xls,.xls,441,C:/Healthcare/LabResults/,2023-12-27T12:16:26,high
summary_maintenance_6721.pdf,.pdf,760,C:/Healthcare/Maintenance/,2024-04-14T07:15:06,medium
summary_results_6722.xls,.xls,239,C:/Healthcare/LabResults/,2024-11-11T08:04:05,medium
info_6723_v2.txt,.txt,29,C:/Healthcare/PublicInfo/Parking/,2025-01-24T22:15:57,low
meeting_6724.pdf,.pdf,297,C:/Healthcare/Meetings/,2023-11-07T13:42:51,high
guideline_6725.docx,.docx,15,C:/Healthcare/Internal/Protocols/,2023-08-22T00:43:50,medium
info_6726.txt,.txt,23,C:/Healthcare/PublicInfo/Menu/,2024-10-20T22:38:26,low
info_6727.pdf,.pdf,400,C:/Healthcare/PublicInfo/Menu/,2024-10-23T09:46:37,low
agenda_6728.txt,.txt,8,C:/Healthcare/Meetings/,2023-10-12T06:03:11,low
parking_6729.csv,.csv,251,C:/Healthcare/PublicInfo/Notices/,2024-03-27T23:25:31,medium
workorder_6730.pdf,.pdf,1908,C:/Healthcare/Maintenance/,2024-08-23T05:07:31,medium
menu_6731.pdf,.pdf,124,C:/Healthcare/PublicInfo/Notices/,2023-07-20T12:17:43,low
agenda_6732.pdf,.pdf,1517,C:/Healthcare/Meetings/,2023-04-14T07:21:58,medium
info_6733.txt,.txt,92,C:/Healthcare/PublicInfo/Parking/,2023-03-09T20:24:05,medium
visit_6734_v2.pdf,.pdf,649,C:/Healthcare/Patients/,2025-05-27T00:04:06,high
visit_6735.xlsx,.xlsx,230,C:/Healthcare/Patients/,2025-02-19T18:57:09,low
parking_6736.pdf,.pdf,489,C:/Healthcare/PublicInfo/Notices/,2025-01-24T05:54:46,high
diagnosis_lab_6737.xlsx,.xlsx,808,C:/Healthcare/LabResults/,2024-11-29T23:45:36,high
menu_6738.pdf,.pdf,539,C:/Healthcare/PublicInfo/Menu/,2024-10-17T07:25:12,low
menu_workorder_6739.xlsx,.xlsx,391,C:/Healthcare/Maintenance/,2024-02-28T10:14:37,low
medical_claim_6740.csv,.csv,65,C:/Healthcare/Insurance/,2025-02-04T12:39:43,medium
passwords_record_6741.xlsx,.xlsx,200,C:/Healthcare/Patients/,2025-08-29T16:08:55,medium
notice_6742.txt,.txt,57,C:/Healthcare/PublicInfo/Parking/,2025-09-29T10:46:48,low
shift_6743_archived.pdf,.pdf,1777,C:/Healthcare/StaffSchedules/,2023-03-29T03:55:37,medium
credentials_claim_6744.docx,.docx,18,C:/Healthcare/Insurance/,2024-01-11T20:02:54,low
analysis_6745.xlsx,.xlsx,195,C:/Healthcare/LabResults/,2024-08-20T06:24:43,medium
announcement_menu_6746.pdf,.pdf,3195,C:/Healthcare/PublicInfo/Menu/,2024-02-21T18:40:49,medium
consent_guideline_6747_confidential.xlsx,.xlsx,406,C:/Healthcare/Internal/Protocols/,2023-08-25T07:50:05,low
summary_parking_6748.txt,.txt,26,C:/Healthcare/PublicInfo/Menu/,2024-06-19T15:07:08,medium
patient_6749.docx,.docx,237,C:/Healthcare/Patients/,2025-06-23T06:10:20,high
notice_analysis_6750.csv,.csv,359,C:/Healthcare/LabResults/,2023-11-08T19:45:00,low
meeting_6751_v2.pdf,.pdf,290,C:/Healthcare/Meetings/,2024-03-06T20:46:14,medium
minutes_6752.txt,.txt,52,C:/Healthcare/Meetings/,2024-10-07T22:32:53,low
specimen_6753.csv,.csv,729,C:/Healthcare/LabResults/,2024-07-15T19:01:55,high
notice_6754.txt,.txt,48,C:/Healthcare/PublicInfo/Menu/,2025-12-14T10:00:10,low
confidential_procedure_6755.xlsx,.xlsx,301,C:/Healthcare/Internal/Protocols/,2023-04-07T10:12:18,low
menu_6756.pdf,.pdf,1295,C:/Healthcare/PublicInfo/Menu/,2024-11-11T05:23:28,medium
payroll_analysis_6757.xlsx,.xlsx,220,C:/Healthcare/LabResults/,2025-11-13T00:39:36,high
consent_6758.pdf,.pdf,410,C:/Healthcare/Patients/,2024-11-22T03:34:37,low
consent_6759.xlsx,.xlsx,1568,C:/Healthcare/Patients/,2024-04-27T04:38:25,high
announcement_parking_6760_draft.txt,.txt,30,C:/Healthcare/PublicInfo/Menu/,2025-02-18T16:14:06,low
record_6761.pdf,.pdf,1658,C:/Healthcare/Patients/,2024-03-30T05:29:09,high
parking_6762.pdf,.pdf,1132,C:/Healthcare/PublicInfo/Parking/,2024-03-01T19:24:30,medium
lab_info_6763.pdf,.pdf,906,C:/Healthcare/PublicInfo/Notices/,2025-09-17T21:52:57,low
maintenance_policy_6764.csv,.csv,403,C:/Healthcare/Insurance/,2023-10-08T11:37:47,medium
procedure_6765.docx,.docx,274,C:/Healthcare/Internal/Protocols/,2023-11-01T10:52:45,low
menu_6766.txt,.txt,49,C:/Healthcare/PublicInfo/Menu/,2025-12-04T14:10:47,low
schedule_meeting_6767_confidential.docx,.docx,550,C:/Healthcare/Meetings/,2025-07-04T19:40:26,medium
menu_roster_6768.csv,.csv,180,C:/Healthcare/StaffSchedules/,2023-12-16T04:19:18,low
test_6769.xls,.xls,938,C:/Healthcare/LabResults/,2023-01-14T06:18:05,low
meeting_6770.txt,.txt,94,C:/Healthcare/Meetings/,2025-10-17T16:57:49,low
roster_6771_final.xlsx,.xlsx,848,C:/Healthcare/StaffSchedules/,2024-04-26T12:04:39,low
appointment_shift_6772.pdf,.pdf,1061,C:/Healthcare/StaffSchedules/,2025-05-25T15:56:36,medium
schedule_6773.csv,.csv,1,C:/Healthcare/StaffSchedules/,2023-05-05T13:03:38,high
schedule_agenda_6774.txt,.txt,141,C:/Healthcare/Meetings/,2023-06-07T11:22:22,low
maintenance_info_6775.txt,.txt,51,C:/Healthcare/PublicInfo/Notices/,2023-08-18T13:19:09,low
report_protocol_6776.docx,.docx,640,C:/Healthcare/Internal/Protocols/,2023-02-23T11:55:31,low
appointment_notice_6777.pdf,.pdf,68,C:/Healthcare/PublicInfo/Parking/,2024-12-07T05:34:38,medium
notice_6778.pdf,.pdf,1376,C:/Healthcare/PublicInfo/Parking/,2024-07-15T19:58:22,low
maintenance_6779_v2.xlsx,.xlsx,786,C:/Healthcare/Maintenance/,2023-04-17T16:17:07,low
parking_menu_6780.pdf,.pdf,701,C:/Healthcare/PublicInfo/Parking/,2023-05-26T09:48:54,low
payroll_notice_6781.pdf,.pdf,438,C:/Healthcare/PublicInfo/Menu/,2024-07-28T22:38:22,low
protocol_6782.docx,.docx,213,C:/Healthcare/Internal/Protocols/,2023-08-13T22:05:25,low
test_reimbursement_6783.csv,.csv,524,C:/Healthcare/Insurance/,2023-06-30T22:57:02,high
confidential_notice_6784.txt,.txt,141,C:/Healthcare/PublicInfo/Notices/,2025-12-20T20:32:13,high
maintenance_info_6785.txt,.txt,82,C:/Healthcare/PublicInfo/Menu/,2025-01-19T14:07:44,low
report_policy_6786.docx,.docx,109,C:/Healthcare/Insurance/,2025-11-19T20:43:47,high
invoice_roster_6787.csv,.csv,150,C:/Healthcare/StaffSchedules/,2025-08-09T09:58:15,low
schedule_6788.xlsx,.xlsx,1551,C:/Healthcare/StaffSchedules/,2025-07-26T19:38:09,low
specimen_6789.xls,.xls,464,C:/Healthcare/LabResults/,2024-11-02T22:03:50,low
results_6790.xls,.xls,572,C:/Healthcare/LabResults/,2023-03-30T00:44:13,medium
consent_guideline_6791.docx,.docx,64,C:/Healthcare/Internal/Protocols/,2025-08-04T13:39:34,low
parking_6792.pdf,.pdf,1154,C:/Healthcare/PublicInfo/Menu/,2023-06-26T07:18:20,low
results_procedure_6793.pdf,.pdf,790,C:/Healthcare/Internal/Protocols/,2025-11-25T11:39:19,low
maintenance_6794.pdf,.pdf,193,C:/Healthcare/Maintenance/,2023-01-20T02:03:10,medium
menu_6795.txt,.txt,37,C:/Healthcare/PublicInfo/Parking/,2024-04-15T11:15:43,low
parking_6796.pdf,.pdf,1052,C:/Healthcare/PublicInfo/Menu/,2023-03-10T05:16:38,low
reimbursement_6797.csv,.csv,248,C:/Healthcare/Insurance/,2024-05-10T16:56:32,medium
appointment_notice_6798.csv,.csv,181,C:/Healthcare/PublicInfo/Parking/,2023-11-11T22:49:06,medium
guideline_6799.xlsx,.xlsx,1297,C:/Healthcare/Internal/Protocols/,2024-06-02T11:21:24,high
info_6800.txt,.txt,105,C:/Healthcare/PublicInfo/Notices/,2023-09-24T18:32:09,low
parking_menu_6801.csv,.csv,316,C:/Healthcare/PublicInfo/Parking/,2023-02-15T08:57:28,low
reimbursement_6802.pdf,.pdf,2028,C:/Healthcare/Insurance/,2025-06-20T19:09:36,low
public_agenda_6803.pdf,.pdf,1258,C:/Healthcare/Meetings/,2024-04-08T16:10:05,medium
lab_specimen_6804_confidential.xlsx,.xlsx,1487,C:/Healthcare/LabResults/,2024-02-09T05:48:37,medium
results_procedure_6805.pdf,.pdf,885,C:/Healthcare/Internal/Protocols/,2024-10-24T21:40:57,medium
parking_6806.pdf,.pdf,886,C:/Healthcare/PublicInfo/Parking/,2023-12-13T19:47:18,high
agenda_6807.txt,.txt,117,C:/Healthcare/Meetings/,2024-11-15T23:38:53,medium
credentials_protocol_6808_archived.docx,.docx,1290,C:/Healthcare/Internal/Protocols/,2023-07-31T18:10:33,high
confidential_info_6809.txt,.txt,73,C:/Healthcare/PublicInfo/Parking/,2024-03-27T09:54:32,low
coverage_6810.docx,.docx,1,C:/Healthcare/Insurance/,2024-07-21T10:38:31,medium
notice_notice_6811_v2.csv,.csv,421,C:/Healthcare/PublicInfo/Notices/,2024-12-30T18:51:46,low
agenda_6812.pdf,.pdf,1569,C:/Healthcare/Meetings/,2023-06-21T13:25:29,medium
payroll_log_6813.txt,.txt,31,C:/Healthcare/Maintenance/,2024-03-29T07:39:18,low
parking_info_6814.pdf,.pdf,572,C:/Healthcare/PublicInfo/Menu/,2025-04-01T04:28:33,low
invoice_diagnosis_6815.xlsx,.xlsx,563,C:/Healthcare/Patients/,2023-02-04T10:26:16,low
parking_6816.csv,.csv,226,C:/Healthcare/PublicInfo/Notices/,2023-04-23T08:44:23,low
log_6817_v2.txt,.txt,53,C:/Healthcare/Maintenance/,2023-10-19T00:37:26,low
consent_6818.docx,.docx,414,C:/Healthcare/Patients/,2023-09-25T00:49:49,low
info_6819.csv,.csv,351,C:/Healthcare/PublicInfo/Notices/,2023-05-08T11:24:13,low
invoice_shift_6820_confidential.xlsx,.xlsx,1252,C:/Healthcare/StaffSchedules/,2024-11-01T10:50:49,low
ssn_guideline_6821.pdf,.pdf,273,C:/Healthcare/Internal/Protocols/,2024-09-24T05:54:05,high
maintenance_6822.pdf,.pdf,1095,C:/Healthcare/Maintenance/,2023-04-24T16:40:44,low
maintenance_reimbursement_6823.pdf,.pdf,65,C:/Healthcare/Insurance/,2023-08-27T18:27:39,low
info_6824.pdf,.pdf,325,C:/Healthcare/PublicInfo/Parking/,2024-02-07T04:54:02,medium
public_claim_6825.docx,.docx,221,C:/Healthcare/Insurance/,2025-10-07T05:46:03,medium
menu_analysis_6826.xls,.xls,1339,C:/Healthcare/LabResults/,2025-08-18T23:24:41,low
lab_parking_6827.txt,.txt,28,C:/Healthcare/PublicInfo/Notices/,2025-02-04T07:14:20,low
menu_6828.csv,.csv,213,C:/Healthcare/PublicInfo/Notices/,2025-05-25T04:19:02,low
public_procedure_6829.docx,.docx,834,C:/Healthcare/Internal/Protocols/,2024-05-06T00:19:49,medium
analysis_6830_final.xls,.xls,245,C:/Healthcare/LabResults/,2023-08-23T09:23:00,low
parking_menu_6831.txt,.txt,109,C:/Healthcare/PublicInfo/Parking/,2024-10-26T15:58:24,low
info_6832.pdf,.pdf,1131,C:/Healthcare/PublicInfo/Parking/,2025-10-22T23:55:36,low
notice_notice_6833.csv,.csv,131,C:/Healthcare/PublicInfo/Menu/,2025-08-10T22:43:23,medium
credentials_minutes_6834.pdf,.pdf,829,C:/Healthcare/Meetings/,2024-11-08T07:03:07,medium
meeting_6835.docx,.docx,140,C:/Healthcare/Meetings/,2023-07-02T20:27:25,low
payroll_shift_6836.xlsx,.xlsx,459,C:/Healthcare/StaffSchedules/,2025-08-13T21:22:38,high
lab_agenda_6837.pdf,.pdf,1257,C:/Healthcare/Meetings/,2025-03-19T07:22:05,low
payroll_record_6838.docx,.docx,636,C:/Healthcare/Patients/,2024-09-12T05:40:13,medium
results_roster_6839.csv,.csv,319,C:/Healthcare/StaffSchedules/,2023-08-28T06:40:13,low
ssn_invoice_6840.csv,.csv,388,C:/Healthcare/Insurance/,2023-03-28T09:27:07,low
parking_6841.csv,.csv,145,C:/Healthcare/PublicInfo/Menu/,2023-03-26T11:56:26,low
consent_claim_6842_draft.pdf,.pdf,2053,C:/Healthcare/Insurance/,2024-04-19T13:41:04,high
announcement_test_6843.xlsx,.xlsx,578,C:/Healthcare/LabResults/,2023-06-04T16:31:01,high
log_6844.txt,.txt,84,C:/Healthcare/Maintenance/,2024-02-06T21:07:02,low
meeting_6845.docx,.docx,1250,C:/Healthcare/Meetings/,2024-04-27T11:11:41,medium
claim_6846.csv,.csv,7,C:/Healthcare/Insurance/,2024-05-17T06:15:38,low
payroll_lab_6847_v2.csv,.csv,460,C:/Healthcare/LabResults/,2024-10-17T12:43:25,high
info_6848.csv,.csv,341,C:/Healthcare/PublicInfo/Parking/,2023-06-01T01:27:03,medium
notice_6849.csv,.csv,101,C:/Healthcare/PublicInfo/Parking/,2025-12-30T22:50:14,low
info_6850_archived.pdf,.pdf,220,C:/Healthcare/PublicInfo/Menu/,2023-06-30T23:11:56,low
lab_analysis_6851.pdf,.pdf,1216,C:/Healthcare/LabResults/,2023-09-27T19:33:01,medium
parking_6852.txt,.txt,116,C:/Healthcare/PublicInfo/Notices/,2024-08-24T06:03:55,medium
audit_protocol_6853.docx,.docx,66,C:/Healthcare/Internal/Protocols/,2025-03-19T19:47:38,medium
schedule_6854.xlsx,.xlsx,347,C:/Healthcare/StaffSchedules/,2023-05-11T06:14:00,medium
lab_protocol_6855.docx,.docx,37,C:/Healthcare/Internal/Protocols/,2023-11-30T02:31:51,low
menu_invoice_6856.csv,.csv,538,C:/Healthcare/Insurance/,2024-05-22T05:31:43,low
notice_6857.txt,.txt,1,C:/Healthcare/PublicInfo/Menu/,2024-05-29T13:03:14,low
meeting_6858_v2.pdf,.pdf,277,C:/Healthcare/Meetings/,2024-08-06T19:56:07,high
maintenance_test_6859.pdf,.pdf,785,C:/Healthcare/LabResults/,2025-09-29T22:20:09,low
prescription_minutes_6860.pdf,.pdf,1409,C:/Healthcare/Meetings/,2025-03-04T15:32:58,medium
patient_6861.csv,.csv,3,C:/Healthcare/Patients/,2024-08-14T08:05:31,medium
diagnosis_6862.docx,.docx,153,C:/Healthcare/Patients/,2023-05-26T17:26:53,low
schedule_6863_v2.csv,.csv,56,C:/Healthcare/StaffSchedules/,2025-04-08T08:18:11,medium
announcement_notice_6864.csv,.csv,340,C:/Healthcare/PublicInfo/Menu/,2025-05-25T13:10:08,high
protocol_6865.pdf,.pdf,394,C:/Healthcare/Internal/Protocols/,2023-03-30T04:33:42,medium
parking_workorder_6866.pdf,.pdf,167,C:/Healthcare/Maintenance/,2025-04-20T17:10:29,low
public_specimen_6867.csv,.csv,448,C:/Healthcare/LabResults/,2025-09-17T06:30:40,low
parking_notice_6868_final.pdf,.pdf,446,C:/Healthcare/PublicInfo/Menu/,2023-08-19T09:50:04,medium
specimen_6869.pdf,.pdf,58,C:/Healthcare/LabResults/,2023-03-18T09:07:59,high
info_6870.txt,.txt,71,C:/Healthcare/PublicInfo/Parking/,2024-08-22T05:13:48,low
lab_coverage_6871.csv,.csv,645,C:/Healthcare/Insurance/,2024-03-14T01:59:00,medium
log_6872.pdf,.pdf,625,C:/Healthcare/Maintenance/,2024-06-06T09:17:09,low
lab_6873.csv,.csv,254,C:/Healthcare/LabResults/,2024-08-07T06:01:10,medium
consent_6874.csv,.csv,247,C:/Healthcare/Patients/,2025-12-14T17:13:40,low
patient_workorder_6875.txt,.txt,9,C:/Healthcare/Maintenance/,2023-09-10T00:11:22,medium
agenda_6876.docx,.docx,301,C:/Healthcare/Meetings/,2024-11-23T11:02:13,low
notice_diagnosis_6877_confidential.docx,.docx,282,C:/Healthcare/Patients/,2025-05-25T01:55:23,high
menu_guideline_6878.xlsx,.xlsx,738,C:/Healthcare/Internal/Protocols/,2023-02-25T18:10:39,medium
schedule_6879_final.xlsx,.xlsx,1628,C:/Healthcare/StaffSchedules/,2024-06-16T10:11:16,low
menu_6880.csv,.csv,335,C:/Healthcare/PublicInfo/Parking/,2024-03-12T07:12:59,low
parking_roster_6881.csv,.csv,479,C:/Healthcare/StaffSchedules/,2025-12-06T01:34:29,low
invoice_6882.docx,.docx,715,C:/Healthcare/Insurance/,2025-11-13T08:32:56,low
results_6883.pdf,.pdf,499,C:/Healthcare/LabResults/,2023-03-18T11:31:36,medium
public_menu_6884.csv,.csv,382,C:/Healthcare/PublicInfo/Menu/,2024-10-23T08:31:21,low
schedule_log_6885.xlsx,.xlsx,117,C:/Healthcare/Maintenance/,2025-08-28T07:36:31,low
schedule_6886.xlsx,.xlsx,428,C:/Healthcare/StaffSchedules/,2023-05-22T21:57:23,low
public_menu_6887.txt,.txt,140,C:/Healthcare/PublicInfo/Parking/,2024-03-28T01:33:35,medium
results_claim_6888.csv,.csv,17,C:/Healthcare/Insurance/,2025-07-23T11:13:04,low
shift_6889_v2.csv,.csv,98,C:/Healthcare/StaffSchedules/,2023-12-28T08:14:53,low
test_specimen_6890.xls,.xls,724,C:/Healthcare/LabResults/,2025-07-13T09:52:52,medium
lab_agenda_6891.pdf,.pdf,447,C:/Healthcare/Meetings/,2025-01-30T08:20:45,medium
results_visit_6892.xlsx,.xlsx,752,C:/Healthcare/Patients/,2023-11-05T02:42:27,low
lab_6893.xls,.xls,1691,C:/Healthcare/LabResults/,2024-04-29T03:23:31,high
ssn_workorder_6894.txt,.txt,67,C:/Healthcare/Maintenance/,2025-06-01T14:06:56,medium
announcement_policy_6895.csv,.csv,534,C:/Healthcare/Insurance/,2025-11-13T03:56:36,medium
info_6896.txt,.txt,34,C:/Healthcare/PublicInfo/Notices/,2025-09-17T10:40:35,medium
announcement_notice_6897.csv,.csv,411,C:/Healthcare/PublicInfo/Notices/,2023-03-30T20:46:34,low
minutes_6898.docx,.docx,668,C:/Healthcare/Meetings/,2025-04-21T23:18:05,low
notice_parking_6899.pdf,.pdf,1121,C:/Healthcare/PublicInfo/Parking/,2024-12-25T02:17:11,medium
agenda_6900.pdf,.pdf,1754,C:/Healthcare/Meetings/,2023-07-17T08:34:46,low
announcement_policy_6901.csv,.csv,182,C:/Healthcare/Insurance/,2025-11-09T03:33:44,medium
maintenance_6902.txt,.txt,55,C:/Healthcare/Maintenance/,2025-08-24T02:35:52,low
protocol_6903.docx,.docx,453,C:/Healthcare/Internal/Protocols/,2024-04-04T18:35:35,medium
schedule_claim_6904.pdf,.pdf,204,C:/Healthcare/Insurance/,2024-03-21T03:34:37,medium
prescription_menu_6905.pdf,.pdf,1314,C:/Healthcare/PublicInfo/Menu/,2025-06-06T20:37:00,medium
procedure_6906.docx,.docx,338,C:/Healthcare/Internal/Protocols/,2025-01-02T19:39:53,low
parking_6907.txt,.txt,28,C:/Healthcare/PublicInfo/Parking/,2023-07-12T02:53:44,medium
passwords_results_6908.xls,.xls,1627,C:/Healthcare/LabResults/,2024-10-24T23:36:24,high
analysis_6909.pdf,.pdf,2299,C:/Healthcare/LabResults/,2024-12-08T17:36:35,medium
report_roster_6910.pdf,.pdf,825,C:/Healthcare/StaffSchedules/,2023-05-27T08:47:12,low
policy_6911.docx,.docx,1322,C:/Healthcare/Insurance/,2024-03-16T07:08:07,high
procedure_6912.pdf,.pdf,115,C:/Healthcare/Internal/Protocols/,2023-02-27T15:15:03,low
meeting_6913.txt,.txt,109,C:/Healthcare/Meetings/,2025-10-15T13:35:10,high
results_analysis_6914.xlsx,.xlsx,1093,C:/Healthcare/LabResults/,2023-11-24T12:17:57,medium
parking_parking_6915.pdf,.pdf,1586,C:/Healthcare/PublicInfo/Menu/,2023-08-11T23:51:19,low
announcement_record_6916_v2.docx,.docx,280,C:/Healthcare/Patients/,2025-09-26T14:19:23,low
guideline_6917.pdf,.pdf,885,C:/Healthcare/Internal/Protocols/,2023-07-20T22:22:57,low
consent_6918.xlsx,.xlsx,1022,C:/Healthcare/Patients/,2023-02-22T01:32:39,low
report_notice_6919.pdf,.pdf,253,C:/Healthcare/PublicInfo/Parking/,2023-09-07T21:20:18,low
summary_reimbursement_6920.pdf,.pdf,244,C:/Healthcare/Insurance/,2025-02-23T14:05:46,low
info_6921.txt,.txt,90,C:/Healthcare/PublicInfo/Parking/,2023-12-28T17:30:39,medium
info_6922.txt,.txt,122,C:/Healthcare/PublicInfo/Notices/,2024-11-18T00:46:23,low
protocol_6923.xlsx,.xlsx,260,C:/Healthcare/Internal/Protocols/,2025-06-12T06:53:12,high
procedure_6924.pdf,.pdf,2186,C:/Healthcare/Internal/Protocols/,2025-01-20T12:25:42,high
lab_parking_6925.pdf,.pdf,3259,C:/Healthcare/PublicInfo/Notices/,2024-04-20T11:25:21,low
announcement_record_6926.docx,.docx,488,C:/Healthcare/Patients/,2025-01-31T05:16:41,medium
announcement_parking_6927.csv,.csv,668,C:/Healthcare/PublicInfo/Parking/,2025-06-20T04:16:20,low
public_notice_6928.csv,.csv,305,C:/Healthcare/PublicInfo/Notices/,2025-03-29T07:46:13,high
maintenance_test_6929.xlsx,.xlsx,282,C:/Healthcare/LabResults/,2025-08-31T02:32:28,low
coverage_6930.csv,.csv,1046,C:/Healthcare/Insurance/,2023-10-26T23:17:10,low
consent_6931.docx,.docx,41,C:/Healthcare/Patients/,2025-10-25T14:29:22,low
notice_policy_6932.docx,.docx,435,C:/Healthcare/Insurance/,2025-02-17T03:10:55,low
results_schedule_6933.csv,.csv,348,C:/Healthcare/StaffSchedules/,2024-12-24T00:20:37,low
minutes_6934.pdf,.pdf,404,C:/Healthcare/Meetings/,2024-09-01T05:16:15,low
claim_6935.csv,.csv,266,C:/Healthcare/Insurance/,2023-03-03T17:33:13,medium
protocol_6936.docx,.docx,378,C:/Healthcare/Internal/Protocols/,2025-11-12T06:36:07,low
maintenance_protocol_6937_final.pdf,.pdf,833,C:/Healthcare/Internal/Protocols/,2023-11-08T09:34:54,medium
maintenance_diagnosis_6938.docx,.docx,193,C:/Healthcare/Patients/,2023-04-29T22:21:02,low
diagnosis_6939.csv,.csv,498,C:/Healthcare/Patients/,2024-02-04T07:18:18,high
maintenance_guideline_6940.docx,.docx,600,C:/Healthcare/Internal/Protocols/,2023-04-12T02:34:47,low
parking_notice_6941.csv,.csv,586,C:/Healthcare/PublicInfo/Menu/,2023-07-18T14:43:51,low
test_schedule_6942.xlsx,.xlsx,61,C:/Healthcare/StaffSchedules/,2023-08-07T07:07:59,medium
meeting_6943.docx,.docx,450,C:/Healthcare/Meetings/,2024-07-09T18:37:15,low
parking_test_6944.xls,.xls,1294,C:/Healthcare/LabResults/,2023-09-20T14:25:40,low
patient_6945.csv,.csv,695,C:/Healthcare/Patients/,2023-08-30T04:19:15,high
menu_6946_confidential.pdf,.pdf,630,C:/Healthcare/PublicInfo/Menu/,2025-09-24T08:33:51,low
appointment_parking_6947.csv,.csv,649,C:/Healthcare/PublicInfo/Menu/,2025-01-28T19:13:07,medium
protocol_6948.xlsx,.xlsx,112,C:/Healthcare/Internal/Protocols/,2025-11-29T17:51:08,medium
notice_6949.csv,.csv,672,C:/Healthcare/PublicInfo/Menu/,2024-07-31T14:38:11,high
notice_6950.pdf,.pdf,2533,C:/Healthcare/PublicInfo/Menu/,2023-11-22T23:41:19,high
record_6951_archived.csv,.csv,412,C:/Healthcare/Patients/,2025-04-27T22:19:06,low
specimen_6952.xls,.xls,1490,C:/Healthcare/LabResults/,2024-02-03T13:47:15,medium
policy_6953.docx,.docx,1318,C:/Healthcare/Insurance/,2023-06-20T13:41:03,high
summary_menu_6954.pdf,.pdf,788,C:/Healthcare/PublicInfo/Menu/,2024-10-20T20:20:32,low
report_invoice_6955.pdf,.pdf,791,C:/Healthcare/Insurance/,2023-02-05T10:50:52,low
summary_notice_6956.txt,.txt,63,C:/Healthcare/PublicInfo/Menu/,2024-05-14T14:36:36,low
report_log_6957.txt,.txt,59,C:/Healthcare/Maintenance/,2023-05-31T09:53:01,low
menu_guideline_6958_v2.docx,.docx,389,C:/Healthcare/Internal/Protocols/,2023-12-31T06:45:22,low
policy_6959.docx,.docx,566,C:/Healthcare/Insurance/,2024-07-29T17:45:57,medium
shift_6960.pdf,.pdf,1149,C:/Healthcare/StaffSchedules/,2024-05-07T03:02:54,high
notice_6961.txt,.txt,30,C:/Healthcare/PublicInfo/Notices/,2024-02-15T06:07:15,low
report_info_6962.txt,.txt,25,C:/Healthcare/PublicInfo/Notices/,2023-02-11T11:51:18,medium
minutes_6963_v2.txt,.txt,12,C:/Healthcare/Meetings/,2025-10-23T04:09:43,low
consent_claim_6964.docx,.docx,661,C:/Healthcare/Insurance/,2024-08-28T15:47:56,low
public_info_6965.pdf,.pdf,852,C:/Healthcare/PublicInfo/Parking/,2023-12-28T17:31:18,medium
guideline_6966.xlsx,.xlsx,288,C:/Healthcare/Internal/Protocols/,2025-04-21T16:44:20,medium
workorder_6967_archived.pdf,.pdf,500,C:/Healthcare/Maintenance/,2025-06-12T14:54:06,high
lab_parking_6968.pdf,.pdf,1305,C:/Healthcare/PublicInfo/Menu/,2023-06-06T09:47:13,medium
workorder_6969_confidential.txt,.txt,39,C:/Healthcare/Maintenance/,2023-03-22T19:38:10,medium
test_guideline_6970.docx,.docx,671,C:/Healthcare/Internal/Protocols/,2024-11-30T19:35:29,high
schedule_6971.csv,.csv,231,C:/Healthcare/StaffSchedules/,2024-03-18T07:07:24,medium
parking_6972.pdf,.pdf,1895,C:/Healthcare/PublicInfo/Parking/,2025-08-01T08:03:01,low
menu_6973.csv,.csv,41,C:/Healthcare/PublicInfo/Menu/,2023-10-01T20:47:30,medium
maintenance_parking_6974.pdf,.pdf,423,C:/Healthcare/PublicInfo/Notices/,2023-12-22T12:48:38,high
specimen_6975.csv,.csv,807,C:/Healthcare/LabResults/,2025-03-12T01:47:37,medium
announcement_info_6976_draft.csv,.csv,562,C:/Healthcare/PublicInfo/Menu/,2023-07-26T22:32:17,low
parking_6977.pdf,.pdf,51,C:/Healthcare/PublicInfo/Parking/,2023-02-24T00:59:06,low
consent_6978.xlsx,.xlsx,404,C:/Healthcare/Patients/,2025-05-10T15:34:39,low
lab_protocol_6979.pdf,.pdf,428,C:/Healthcare/Internal/Protocols/,2025-12-17T06:34:40,high
test_6980.xls,.xls,707,C:/Healthcare/LabResults/,2024-07-29T03:29:59,low
roster_6981.csv,.csv,211,C:/Healthcare/StaffSchedules/,2024-08-22T04:14:32,low
info_6982.pdf,.pdf,1001,C:/Healthcare/PublicInfo/Menu/,2024-03-08T16:26:33,low
info_6983.csv,.csv,303,C:/Healthcare/PublicInfo/Parking/,2023-12-28T18:23:16,low
protocol_6984.docx,.docx,519,C:/Healthcare/Internal/Protocols/,2025-09-09T09:37:59,medium
info_6985.csv,.csv,88,C:/Healthcare/PublicInfo/Parking/,2023-01-13T01:03:24,low
parking_record_6986.csv,.csv,514,C:/Healthcare/Patients/,2024-03-08T02:04:06,low
schedule_6987.csv,.csv,490,C:/Healthcare/StaffSchedules/,2025-10-12T02:22:45,low
summary_log_6988.pdf,.pdf,791,C:/Healthcare/Maintenance/,2023-07-21T04:02:55,low
notice_roster_6989.csv,.csv,141,C:/Healthcare/StaffSchedules/,2025-12-06T20:00:22,low
announcement_results_6990.xlsx,.xlsx,799,C:/Healthcare/LabResults/,2024-02-09T14:43:04,low
maintenance_shift_6991.xlsx,.xlsx,312,C:/Healthcare/StaffSchedules/,2025-02-27T00:02:01,low
meeting_6992.txt,.txt,2,C:/Healthcare/Meetings/,2024-01-26T22:37:00,low
procedure_6993.xlsx,.xlsx,419,C:/Healthcare/Internal/Protocols/,2023-12-29T04:15:13,high
shift_6994_archived.xlsx,.xlsx,850,C:/Healthcare/StaffSchedules/,2024-02-29T15:22:38,low
diagnosis_6995.xlsx,.xlsx,154,C:/Healthcare/Patients/,2025-05-08T23:50:20,high
results_protocol_6996.pdf,.pdf,342,C:/Healthcare/Internal/Protocols/,2025-03-25T13:25:19,medium
visit_6997.docx,.docx,23,C:/Healthcare/Patients/,2025-12-09T01:20:58,low
parking_log_6998.pdf,.pdf,1377,C:/Healthcare/Maintenance/,2025-01-28T07:37:16,low
results_agenda_6999.docx,.docx,381,C:/Healthcare/Meetings/,2025-03-24T22:00:54,medium
notice_7000.pdf,.pdf,1190,C:/Healthcare/PublicInfo/Parking/,2023-06-18T22:41:05,low
public_guideline_7001.docx,.docx,159,C:/Healthcare/Internal/Protocols/,2025-06-08T00:02:54,low
shift_7002.csv,.csv,371,C:/Healthcare/StaffSchedules/,2024-12-05T18:45:45,medium
notice_7003.csv,.csv,22,C:/Healthcare/PublicInfo/Menu/,2023-02-03T03:48:33,medium
log_7004.pdf,.pdf,756,C:/Healthcare/Maintenance/,2025-01-28T01:27:13,high
results_7005.pdf,.pdf,447,C:/Healthcare/LabResults/,2024-03-14T13:11:23,high
ssn_results_7006.pdf,.pdf,125,C:/Healthcare/LabResults/,2025-09-22T06:07:30,low
notice_analysis_7007_draft.xlsx,.xlsx,358,C:/Healthcare/LabResults/,2023-09-05T17:35:37,low
parking_meeting_7008.pdf,.pdf,569,C:/Healthcare/Meetings/,2024-08-28T19:49:00,medium
protocol_7009.xlsx,.xlsx,54,C:/Healthcare/Internal/Protocols/,2024-04-25T05:14:56,low
maintenance_record_7010.docx,.docx,380,C:/Healthcare/Patients/,2025-12-03T12:12:57,low
insurance_claim_menu_7011.pdf,.pdf,1239,C:/Healthcare/PublicInfo/Notices/,2024-12-30T03:30:49,high
coverage_7012.docx,.docx,211,C:/Healthcare/Insurance/,2025-06-10T10:01:17,low
protocol_7013.pdf,.pdf,51,C:/Healthcare/Internal/Protocols/,2024-12-04T01:02:30,low
roster_7014.csv,.csv,435,C:/Healthcare/StaffSchedules/,2025-03-31T05:23:26,low
notice_7015.pdf,.pdf,921,C:/Healthcare/PublicInfo/Menu/,2023-10-22T08:25:46,high
log_7016_draft.pdf,.pdf,292,C:/Healthcare/Maintenance/,2023-10-20T00:42:19,low
maintenance_7017.pdf,.pdf,658,C:/Healthcare/Maintenance/,2023-11-07T20:22:35,medium
maintenance_7018.pdf,.pdf,1611,C:/Healthcare/Maintenance/,2025-06-26T16:23:47,medium
menu_protocol_7019.pdf,.pdf,976,C:/Healthcare/Internal/Protocols/,2023-01-21T04:19:30,low
notice_info_7020.pdf,.pdf,236,C:/Healthcare/PublicInfo/Parking/,2023-02-09T15:02:35,high
parking_menu_7021.txt,.txt,5,C:/Healthcare/PublicInfo/Menu/,2024-03-08T16:10:23,medium
ssn_parking_7022.csv,.csv,163,C:/Healthcare/PublicInfo/Parking/,2024-04-04T08:36:28,low
maintenance_7023.xlsx,.xlsx,1009,C:/Healthcare/Maintenance/,2025-12-06T19:15:33,low
parking_7024.txt,.txt,47,C:/Healthcare/PublicInfo/Notices/,2023-09-06T14:27:25,low
invoice_parking_7025.txt,.txt,33,C:/Healthcare/PublicInfo/Menu/,2025-10-11T06:41:59,low
summary_workorder_7026_archived.txt,.txt,30,C:/Healthcare/Maintenance/,2023-01-20T23:20:58,low
appointment_info_7027.csv,.csv,24,C:/Healthcare/PublicInfo/Notices/,2025-02-03T21:25:48,medium
notice_minutes_7028.pdf,.pdf,215,C:/Healthcare/Meetings/,2024-06-24T06:18:16,low
payroll_diagnosis_7029.pdf,.pdf,752,C:/Healthcare/Patients/,2025-08-04T02:45:27,medium
report_notice_7030.txt,.txt,26,C:/Healthcare/PublicInfo/Menu/,2023-03-31T10:04:09,medium
agenda_7031.docx,.docx,20,C:/Healthcare/Meetings/,2024-06-04T20:21:44,low
notice_diagnosis_7032.pdf,.pdf,449,C:/Healthcare/Patients/,2024-04-08T14:11:42,high
notice_7033.pdf,.pdf,279,C:/Healthcare/PublicInfo/Notices/,2025-05-04T23:54:23,medium
menu_7034.pdf,.pdf,2182,C:/Healthcare/PublicInfo/Parking/,2024-04-05T16:38:50,medium
shift_7035.pdf,.pdf,122,C:/Healthcare/StaffSchedules/,2024-01-14T23:50:44,low
info_7036.pdf,.pdf,484,C:/Healthcare/PublicInfo/Notices/,2025-07-20T03:55:47,medium
workorder_7037.txt,.txt,132,C:/Healthcare/Maintenance/,2023-12-22T22:46:32,low
log_7038.xlsx,.xlsx,1152,C:/Healthcare/Maintenance/,2025-01-02T08:55:55,high
appointment_agenda_7039.txt,.txt,42,C:/Healthcare/Meetings/,2023-08-13T11:16:19,high
public_roster_7040.csv,.csv,201,C:/Healthcare/StaffSchedules/,2025-04-09T02:32:41,low
procedure_7041.xlsx,.xlsx,175,C:/Healthcare/Internal/Protocols/,2024-06-30T23:45:34,low
claim_7042_confidential.pdf,.pdf,1022,C:/Healthcare/Insurance/,2024-08-22T08:56:44,medium
guideline_7043.xlsx,.xlsx,264,C:/Healthcare/Internal/Protocols/,2025-05-03T08:42:18,high
info_7044.pdf,.pdf,1049,C:/Healthcare/PublicInfo/Menu/,2025-04-28T20:06:28,low
log_7045.txt,.txt,118,C:/Healthcare/Maintenance/,2025-10-29T18:09:05,low
lab_visit_7046.csv,.csv,173,C:/Healthcare/Patients/,2023-11-26T06:31:20,low
info_7047.csv,.csv,599,C:/Healthcare/PublicInfo/Notices/,2025-06-09T16:53:59,medium
parking_parking_7048.pdf,.pdf,89,C:/Healthcare/PublicInfo/Notices/,2023-01-16T04:03:52,low
report_visit_7049.pdf,.pdf,1352,C:/Healthcare/Patients/,2023-05-03T07:54:46,medium
analysis_7050.xlsx,.xlsx,1931,C:/Healthcare/LabResults/,2025-11-18T22:58:26,high
analysis_7051.csv,.csv,292,C:/Healthcare/LabResults/,2024-05-23T13:14:59,low
announcement_info_7052.pdf,.pdf,1053,C:/Healthcare/PublicInfo/Parking/,2023-05-10T10:03:28,medium
notice_parking_7053.pdf,.pdf,607,C:/Healthcare/PublicInfo/Notices/,2023-12-09T13:52:01,medium
notice_7054.pdf,.pdf,378,C:/Healthcare/PublicInfo/Notices/,2023-02-04T14:46:24,medium
appointment_parking_7055.txt,.txt,39,C:/Healthcare/PublicInfo/Parking/,2024-11-21T19:35:09,medium
notice_7056.pdf,.pdf,1631,C:/Healthcare/PublicInfo/Menu/,2025-07-26T06:35:05,medium
parking_schedule_7057.xlsx,.xlsx,1171,C:/Healthcare/StaffSchedules/,2023-08-09T15:04:03,low
maintenance_7058.xlsx,.xlsx,1070,C:/Healthcare/Maintenance/,2023-11-13T16:02:59,low
minutes_7059.docx,.docx,671,C:/Healthcare/Meetings/,2023-08-31T19:14:04,high
parking_7060.pdf,.pdf,391,C:/Healthcare/PublicInfo/Menu/,2024-07-29T15:11:00,medium
meeting_7061.pdf,.pdf,3013,C:/Healthcare/Meetings/,2025-01-31T17:05:41,high
coverage_7062.docx,.docx,115,C:/Healthcare/Insurance/,2025-02-02T08:14:48,medium
schedule_7063.xlsx,.xlsx,2351,C:/Healthcare/StaffSchedules/,2025-03-07T15:07:18,low
maintenance_patient_7064.docx,.docx,492,C:/Healthcare/Patients/,2024-10-02T05:18:25,high
agenda_7065.txt,.txt,94,C:/Healthcare/Meetings/,2024-12-08T01:02:28,low
workorder_7066.pdf,.pdf,617,C:/Healthcare/Maintenance/,2024-11-17T08:48:22,medium
lab_info_7067.csv,.csv,355,C:/Healthcare/PublicInfo/Menu/,2023-01-09T02:54:07,low
agenda_7068.txt,.txt,63,C:/Healthcare/Meetings/,2023-02-17T08:32:00,low
menu_7069.csv,.csv,495,C:/Healthcare/PublicInfo/Menu/,2023-07-13T01:49:26,medium
parking_results_7070.xlsx,.xlsx,25,C:/Healthcare/LabResults/,2023-08-12T08:21:26,high
insurance_claim_agenda_7071.docx,.docx,533,C:/Healthcare/Meetings/,2025-06-24T18:55:19,low
workorder_7072.txt,.txt,76,C:/Healthcare/Maintenance/,2023-11-10T09:49:31,low
summary_lab_7073.xls,.xls,1368,C:/Healthcare/LabResults/,2024-04-10T16:12:59,medium
lab_7074_confidential.xls,.xls,255,C:/Healthcare/LabResults/,2024-10-10T23:49:33,high
info_7075.pdf,.pdf,117,C:/Healthcare/PublicInfo/Notices/,2024-10-07T16:35:19,low
public_test_7076.xls,.xls,1342,C:/Healthcare/LabResults/,2023-01-16T02:13:16,low
confidential_record_7077.docx,.docx,220,C:/Healthcare/Patients/,2024-10-02T14:36:31,high
notice_7078.txt,.txt,81,C:/Healthcare/PublicInfo/Parking/,2025-03-13T23:09:21,low
report_shift_7079.csv,.csv,422,C:/Healthcare/StaffSchedules/,2023-03-04T03:17:46,low
summary_menu_7080.txt,.txt,80,C:/Healthcare/PublicInfo/Parking/,2023-05-21T14:03:59,medium
invoice_7081.docx,.docx,161,C:/Healthcare/Insurance/,2023-08-05T23:36:57,low
visit_7082.xlsx,.xlsx,622,C:/Healthcare/Patients/,2025-08-18T06:43:45,low
parking_7083.txt,.txt,111,C:/Healthcare/PublicInfo/Notices/,2024-03-20T14:19:14,low
notice_notice_7084.pdf,.pdf,553,C:/Healthcare/PublicInfo/Parking/,2023-10-25T16:00:27,low
minutes_7085.pdf,.pdf,623,C:/Healthcare/Meetings/,2025-04-03T03:59:41,low
parking_schedule_7086.xlsx,.xlsx,703,C:/Healthcare/StaffSchedules/,2024-05-22T17:08:27,low
menu_7087.csv,.csv,291,C:/Healthcare/PublicInfo/Menu/,2023-08-06T22:17:14,low
appointment_parking_7088.pdf,.pdf,1630,C:/Healthcare/PublicInfo/Notices/,2023-09-16T09:21:30,low
schedule_7089.xlsx,.xlsx,202,C:/Healthcare/StaffSchedules/,2024-06-18T19:05:38,low
summary_shift_7090.csv,.csv,474,C:/Healthcare/StaffSchedules/,2025-05-12T02:12:26,low
announcement_menu_7091.pdf,.pdf,1390,C:/Healthcare/PublicInfo/Menu/,2024-12-29T08:28:23,low
procedure_7092.pdf,.pdf,54,C:/Healthcare/Internal/Protocols/,2024-08-17T23:56:23,low
passwords_parking_7093.txt,.txt,79,C:/Healthcare/PublicInfo/Notices/,2024-06-25T22:56:36,low
menu_coverage_7094.pdf,.pdf,360,C:/Healthcare/Insurance/,2025-03-20T21:19:46,low
notice_patient_7095.pdf,.pdf,850,C:/Healthcare/Patients/,2024-04-17T21:17:38,high
test_lab_7096.csv,.csv,546,C:/Healthcare/LabResults/,2025-05-08T18:57:10,low
parking_menu_7097.pdf,.pdf,937,C:/Healthcare/PublicInfo/Notices/,2025-04-17T03:12:17,low
claim_7098.docx,.docx,509,C:/Healthcare/Insurance/,2023-01-07T22:07:36,low
procedure_7099.docx,.docx,274,C:/Healthcare/Internal/Protocols/,2025-08-18T10:10:55,medium
prescription_info_7100.csv,.csv,7,C:/Healthcare/PublicInfo/Notices/,2024-01-16T17:35:01,low
public_policy_7101.csv,.csv,371,C:/Healthcare/Insurance/,2025-05-24T06:38:28,medium
ssn_notice_7102.pdf,.pdf,1122,C:/Healthcare/PublicInfo/Parking/,2023-04-15T11:03:21,low
notice_7103.pdf,.pdf,1668,C:/Healthcare/PublicInfo/Parking/,2025-10-22T14:42:56,low
notice_7104.pdf,.pdf,182,C:/Healthcare/PublicInfo/Parking/,2024-11-09T03:35:32,medium
guideline_7105.docx,.docx,472,C:/Healthcare/Internal/Protocols/,2025-07-10T04:00:30,low
menu_7106.csv,.csv,150,C:/Healthcare/PublicInfo/Menu/,2024-08-21T09:33:28,low
public_notice_7107.pdf,.pdf,2130,C:/Healthcare/PublicInfo/Menu/,2025-09-25T01:05:09,low
info_7108_v2.pdf,.pdf,2388,C:/Healthcare/PublicInfo/Parking/,2025-12-08T10:39:21,high
appointment_roster_7109.csv,.csv,100,C:/Healthcare/StaffSchedules/,2025-11-03T06:39:17,medium
notice_procedure_7110.xlsx,.xlsx,768,C:/Healthcare/Internal/Protocols/,2025-05-21T05:25:23,medium
maintenance_guideline_7111.pdf,.pdf,1636,C:/Healthcare/Internal/Protocols/,2024-11-30T18:10:50,medium
patient_7112.xlsx,.xlsx,24,C:/Healthcare/Patients/,2025-07-26T16:47:36,low
maintenance_visit_7113.xlsx,.xlsx,1105,C:/Healthcare/Patients/,2025-12-11T06:38:01,low
reimbursement_7114_v2.csv,.csv,174,C:/Healthcare/Insurance/,2025-08-09T12:54:26,high
announcement_roster_7115.csv,.csv,657,C:/Healthcare/StaffSchedules/,2025-06-12T18:04:58,high
protocol_7116.docx,.docx,775,C:/Healthcare/Internal/Protocols/,2023-02-12T18:35:17,low
patient_info_7117.pdf,.pdf,155,C:/Healthcare/PublicInfo/Menu/,2023-03-02T01:04:45,low
info_7118.txt,.txt,84,C:/Healthcare/PublicInfo/Menu/,2025-05-01T09:07:13,low
info_7119.txt,.txt,42,C:/Healthcare/PublicInfo/Menu/,2024-04-10T08:17:37,low
claim_7120.pdf,.pdf,425,C:/Healthcare/Insurance/,2024-09-09T08:24:49,low
protocol_7121.pdf,.pdf,691,C:/Healthcare/Internal/Protocols/,2024-01-15T15:33:21,low
minutes_7122.pdf,.pdf,1805,C:/Healthcare/Meetings/,2024-07-10T19:09:28,medium
schedule_coverage_7123.docx,.docx,293,C:/Healthcare/Insurance/,2023-01-12T15:49:31,low
maintenance_7124.xlsx,.xlsx,845,C:/Healthcare/Maintenance/,2024-02-22T11:29:20,medium
parking_7125_final.csv,.csv,20,C:/Healthcare/PublicInfo/Menu/,2023-01-06T01:54:10,medium
consent_7126.xlsx,.xlsx,64,C:/Healthcare/Patients/,2024-10-10T19:37:38,medium
parking_7127.pdf,.pdf,947,C:/Healthcare/PublicInfo/Parking/,2024-02-13T05:56:06,low
menu_results_7128.xlsx,.xlsx,64,C:/Healthcare/LabResults/,2025-10-06T20:17:49,medium
test_log_7129.pdf,.pdf,613,C:/Healthcare/Maintenance/,2024-05-21T09:50:58,low
test_7130.csv,.csv,62,C:/Healthcare/LabResults/,2023-10-14T23:30:27,high
info_7131.txt,.txt,123,C:/Healthcare/PublicInfo/Notices/,2025-12-10T14:25:16,low
log_7132_confidential.xlsx,.xlsx,1696,C:/Healthcare/Maintenance/,2025-10-25T15:07:16,medium
results_patient_7133_v2.xlsx,.xlsx,1108,C:/Healthcare/Patients/,2023-02-17T02:08:29,medium
public_meeting_7134_archived.pdf,.pdf,181,C:/Healthcare/Meetings/,2025-10-17T10:07:58,low
diagnosis_7135.xlsx,.xlsx,1255,C:/Healthcare/Patients/,2023-04-15T15:49:34,low
report_shift_7136.xlsx,.xlsx,287,C:/Healthcare/StaffSchedules/,2025-08-31T16:57:29,low
invoice_analysis_7137.xlsx,.xlsx,479,C:/Healthcare/LabResults/,2023-12-20T14:35:51,low
parking_7138.csv,.csv,667,C:/Healthcare/PublicInfo/Notices/,2024-05-07T07:49:54,low
public_agenda_7139.docx,.docx,539,C:/Healthcare/Meetings/,2025-08-15T03:22:38,low
public_minutes_7140.docx,.docx,351,C:/Healthcare/Meetings/,2025-12-03T19:58:05,low
test_menu_7141.csv,.csv,627,C:/Healthcare/PublicInfo/Notices/,2023-03-03T17:13:12,low
summary_agenda_7142.txt,.txt,133,C:/Healthcare/Meetings/,2023-07-18T16:55:59,high
parking_7143_draft.pdf,.pdf,853,C:/Healthcare/PublicInfo/Menu/,2024-10-21T22:46:55,low
agenda_7144.pdf,.pdf,1276,C:/Healthcare/Meetings/,2024-04-02T05:41:54,low
log_7145.xlsx,.xlsx,625,C:/Healthcare/Maintenance/,2024-02-11T08:02:51,low
claim_7146_archived.csv,.csv,79,C:/Healthcare/Insurance/,2025-07-16T21:14:19,low
lab_menu_7147.pdf,.pdf,507,C:/Healthcare/PublicInfo/Parking/,2024-07-22T04:59:15,low
protocol_7148.docx,.docx,95,C:/Healthcare/Internal/Protocols/,2023-12-14T08:02:20,low
minutes_7149.pdf,.pdf,118,C:/Healthcare/Meetings/,2024-01-28T16:23:02,high
info_7150.csv,.csv,187,C:/Healthcare/PublicInfo/Menu/,2025-07-27T00:58:08,low
invoice_7151.pdf,.pdf,178,C:/Healthcare/Insurance/,2024-11-18T09:58:27,medium
patient_workorder_7152.txt,.txt,112,C:/Healthcare/Maintenance/,2025-12-01T04:36:20,medium
announcement_parking_7153.csv,.csv,163,C:/Healthcare/PublicInfo/Menu/,2025-02-13T14:52:40,low
schedule_invoice_7154.pdf,.pdf,1040,C:/Healthcare/Insurance/,2025-08-27T21:14:23,low
meeting_7155.docx,.docx,400,C:/Healthcare/Meetings/,2025-08-16T11:32:14,medium
notice_protocol_7156.xlsx,.xlsx,1024,C:/Healthcare/Internal/Protocols/,2025-06-09T22:40:21,medium
parking_7157.txt,.txt,90,C:/Healthcare/PublicInfo/Parking/,2025-12-17T16:41:50,medium
appointment_guideline_7158.pdf,.pdf,483,C:/Healthcare/Internal/Protocols/,2023-08-10T04:56:53,low
diagnosis_parking_7159.pdf,.pdf,1365,C:/Healthcare/PublicInfo/Menu/,2025-06-30T20:41:35,low
parking_7160.pdf,.pdf,72,C:/Healthcare/PublicInfo/Parking/,2025-11-20T10:22:29,medium
maintenance_shift_7161.xlsx,.xlsx,156,C:/Healthcare/StaffSchedules/,2025-08-05T11:05:43,low
invoice_meeting_7162.pdf,.pdf,1351,C:/Healthcare/Meetings/,2024-02-15T03:52:42,low
info_7163.pdf,.pdf,134,C:/Healthcare/PublicInfo/Parking/,2024-01-03T12:13:42,low
consent_7164.xlsx,.xlsx,282,C:/Healthcare/Patients/,2024-01-18T14:11:12,high
roster_7165.pdf,.pdf,1406,C:/Healthcare/StaffSchedules/,2023-09-08T02:17:05,low
menu_7166.pdf,.pdf,359,C:/Healthcare/PublicInfo/Parking/,2025-06-01T19:10:03,low
menu_parking_7167.csv,.csv,250,C:/Healthcare/PublicInfo/Menu/,2025-04-03T05:34:53,low
analysis_7168.pdf,.pdf,1643,C:/Healthcare/LabResults/,2025-03-17T01:18:41,high
menu_lab_7169.xls,.xls,1560,C:/Healthcare/LabResults/,2023-09-19T11:10:37,medium
parking_7170.txt,.txt,110,C:/Healthcare/PublicInfo/Parking/,2024-12-17T11:59:22,medium
report_log_7171.pdf,.pdf,623,C:/Healthcare/Maintenance/,2025-06-07T01:07:47,low
parking_workorder_7172_confidential.xlsx,.xlsx,283,C:/Healthcare/Maintenance/,2024-12-25T05:14:04,medium
log_7173.xlsx,.xlsx,794,C:/Healthcare/Maintenance/,2025-04-23T12:15:32,medium
results_notice_7174.txt,.txt,7,C:/Healthcare/PublicInfo/Notices/,2025-05-02T06:30:35,low
reimbursement_7175_draft.pdf,.pdf,1381,C:/Healthcare/Insurance/,2025-01-15T15:25:55,low
menu_7176.pdf,.pdf,12,C:/Healthcare/PublicInfo/Parking/,2025-05-05T19:55:12,low
meeting_7177.pdf,.pdf,867,C:/Healthcare/Meetings/,2025-02-21T03:13:59,low
claim_7178.csv,.csv,33,C:/Healthcare/Insurance/,2025-02-15T05:35:48,low
public_menu_7179.txt,.txt,84,C:/Healthcare/PublicInfo/Menu/,2023-09-16T10:58:52,low
schedule_info_7180.pdf,.pdf,734,C:/Healthcare/PublicInfo/Notices/,2025-06-18T11:40:05,high
credentials_notice_7181.pdf,.pdf,1149,C:/Healthcare/PublicInfo/Notices/,2024-02-07T17:05:12,low
menu_menu_7182.csv,.csv,46,C:/Healthcare/PublicInfo/Menu/,2023-07-22T22:04:51,low
lab_7183.xls,.xls,10,C:/Healthcare/LabResults/,2024-10-06T06:18:36,low
parking_7184.pdf,.pdf,368,C:/Healthcare/PublicInfo/Parking/,2025-06-10T20:55:49,low
coverage_7185.docx,.docx,204,C:/Healthcare/Insurance/,2025-02-21T19:58:21,high
consent_visit_7186_v2.csv,.csv,687,C:/Healthcare/Patients/,2024-09-30T03:09:33,low
results_7187_final.xls,.xls,526,C:/Healthcare/LabResults/,2023-12-26T11:34:55,low
maintenance_7188_confidential.txt,.txt,81,C:/Healthcare/Maintenance/,2024-05-11T03:08:08,low
notice_7189_draft.pdf,.pdf,1038,C:/Healthcare/PublicInfo/Parking/,2023-10-11T06:03:21,low
notice_meeting_7190.txt,.txt,74,C:/Healthcare/Meetings/,2024-02-10T04:22:05,low
maintenance_record_7191.csv,.csv,262,C:/Healthcare/Patients/,2024-11-09T07:39:17,low
policy_7192.csv,.csv,756,C:/Healthcare/Insurance/,2025-04-17T21:13:34,low
credentials_minutes_7193.pdf,.pdf,214,C:/Healthcare/Meetings/,2025-09-06T01:52:18,high
notice_7194.txt,.txt,138,C:/Healthcare/PublicInfo/Menu/,2024-04-10T21:37:05,medium
info_7195.csv,.csv,308,C:/Healthcare/PublicInfo/Parking/,2024-06-19T00:21:04,low
protocol_7196.pdf,.pdf,122,C:/Healthcare/Internal/Protocols/,2025-01-07T10:32:43,low
report_parking_7197.pdf,.pdf,271,C:/Healthcare/PublicInfo/Menu/,2023-10-19T06:38:46,medium
consent_parking_7198.txt,.txt,84,C:/Healthcare/PublicInfo/Notices/,2025-03-23T13:03:43,high
claim_7199.docx,.docx,113,C:/Healthcare/Insurance/,2025-12-10T14:34:26,high
protocol_7200.pdf,.pdf,971,C:/Healthcare/Internal/Protocols/,2025-02-06T03:07:07,high
notice_7201.csv,.csv,286,C:/Healthcare/PublicInfo/Parking/,2024-09-11T13:10:14,low
shift_7202.csv,.csv,319,C:/Healthcare/StaffSchedules/,2024-10-21T06:56:00,low
announcement_schedule_7203_v2.pdf,.pdf,1980,C:/Healthcare/StaffSchedules/,2024-07-19T04:28:14,low
invoice_notice_7204.pdf,.pdf,69,C:/Healthcare/PublicInfo/Parking/,2024-12-21T17:50:22,high
menu_7205.pdf,.pdf,499,C:/Healthcare/PublicInfo/Menu/,2025-07-12T03:08:33,medium
agenda_7206.docx,.docx,29,C:/Healthcare/Meetings/,2024-03-08T13:36:46,medium
invoice_lab_7207.xlsx,.xlsx,913,C:/Healthcare/LabResults/,2023-12-12T04:14:14,low
menu_7208.csv,.csv,367,C:/Healthcare/PublicInfo/Menu/,2025-07-22T12:26:34,low
notice_7209.pdf,.pdf,265,C:/Healthcare/PublicInfo/Notices/,2025-05-27T08:49:39,medium
lab_info_7210.txt,.txt,96,C:/Healthcare/PublicInfo/Menu/,2023-11-22T22:07:54,low
notice_7211.csv,.csv,214,C:/Healthcare/PublicInfo/Parking/,2024-04-13T16:02:35,low
procedure_7212.xlsx,.xlsx,771,C:/Healthcare/Internal/Protocols/,2023-12-07T23:16:48,low
visit_7213.docx,.docx,387,C:/Healthcare/Patients/,2023-06-09T19:43:06,low
agenda_7214.docx,.docx,878,C:/Healthcare/Meetings/,2025-11-17T03:50:23,medium
menu_7215.txt,.txt,40,C:/Healthcare/PublicInfo/Notices/,2025-02-24T15:00:56,medium
parking_protocol_7216.docx,.docx,132,C:/Healthcare/Internal/Protocols/,2024-01-20T03:27:22,low
patient_procedure_7217.xlsx,.xlsx,1343,C:/Healthcare/Internal/Protocols/,2025-03-20T07:57:32,low
parking_invoice_7218.docx,.docx,111,C:/Healthcare/Insurance/,2025-07-06T22:38:37,low
parking_reimbursement_7219.pdf,.pdf,531,C:/Healthcare/Insurance/,2025-12-06T08:53:11,low
maintenance_analysis_7220_confidential.csv,.csv,644,C:/Healthcare/LabResults/,2023-06-20T14:08:07,high
info_7221.pdf,.pdf,1860,C:/Healthcare/PublicInfo/Parking/,2023-06-09T19:51:25,medium
results_parking_7222.txt,.txt,107,C:/Healthcare/PublicInfo/Menu/,2023-07-27T10:16:19,low
agenda_7223.pdf,.pdf,1030,C:/Healthcare/Meetings/,2025-09-05T16:34:00,low
protocol_7224.pdf,.pdf,1197,C:/Healthcare/Internal/Protocols/,2025-01-20T15:21:42,medium
guideline_7225.xlsx,.xlsx,260,C:/Healthcare/Internal/Protocols/,2024-09-29T14:15:01,low
notice_maintenance_7226.xlsx,.xlsx,361,C:/Healthcare/Maintenance/,2024-06-21T21:42:31,low
announcement_patient_7227.pdf,.pdf,2374,C:/Healthcare/Patients/,2023-03-21T14:38:52,high
payroll_info_7228.txt,.txt,42,C:/Healthcare/PublicInfo/Menu/,2025-04-15T01:38:16,low
meeting_7229_final.txt,.txt,92,C:/Healthcare/Meetings/,2024-01-17T14:30:17,low
appointment_protocol_7230.pdf,.pdf,641,C:/Healthcare/Internal/Protocols/,2025-07-26T04:48:56,medium
announcement_guideline_7231.xlsx,.xlsx,707,C:/Healthcare/Internal/Protocols/,2023-01-11T07:21:51,low
notice_guideline_7232.xlsx,.xlsx,918,C:/Healthcare/Internal/Protocols/,2024-05-28T08:31:13,low
audit_menu_7233.csv,.csv,812,C:/Healthcare/PublicInfo/Parking/,2023-01-16T08:49:55,high
parking_record_7234_final.xlsx,.xlsx,576,C:/Healthcare/Patients/,2023-03-30T11:48:01,medium
workorder_7235.txt,.txt,81,C:/Healthcare/Maintenance/,2023-11-10T18:39:27,medium
test_roster_7236.xlsx,.xlsx,583,C:/Healthcare/StaffSchedules/,2023-01-12T06:51:38,low
policy_7237.pdf,.pdf,297,C:/Healthcare/Insurance/,2023-07-29T20:13:42,high
reimbursement_7238_draft.csv,.csv,284,C:/Healthcare/Insurance/,2025-10-14T11:09:55,low
minutes_7239_confidential.pdf,.pdf,141,C:/Healthcare/Meetings/,2024-11-22T02:37:53,high
info_7240.pdf,.pdf,502,C:/Healthcare/PublicInfo/Notices/,2023-11-04T16:19:28,low
results_agenda_7241.docx,.docx,297,C:/Healthcare/Meetings/,2025-11-20T13:51:28,medium
lab_7242.xlsx,.xlsx,884,C:/Healthcare/LabResults/,2024-08-31T11:28:58,low
roster_7243.csv,.csv,375,C:/Healthcare/StaffSchedules/,2024-08-04T01:01:11,medium
lab_7244.pdf,.pdf,2492,C:/Healthcare/LabResults/,2025-05-14T07:11:36,low
schedule_meeting_7245.txt,.txt,61,C:/Healthcare/Meetings/,2024-01-10T13:57:21,low
visit_7246.pdf,.pdf,1508,C:/Healthcare/Patients/,2024-01-03T01:07:59,low
announcement_reimbursement_7247.csv,.csv,277,C:/Healthcare/Insurance/,2023-10-14T12:14:46,high
audit_procedure_7248.docx,.docx,531,C:/Healthcare/Internal/Protocols/,2024-01-04T06:56:17,low
protocol_7249.pdf,.pdf,1,C:/Healthcare/Internal/Protocols/,2025-05-16T04:48:52,medium
guideline_7250.xlsx,.xlsx,2506,C:/Healthcare/Internal/Protocols/,2025-10-21T05:38:50,medium
menu_lab_7251.csv,.csv,117,C:/Healthcare/LabResults/,2023-09-16T22:14:04,high
menu_results_7252.xls,.xls,637,C:/Healthcare/LabResults/,2023-04-06T05:18:36,low
diagnosis_7253.pdf,.pdf,1460,C:/Healthcare/Patients/,2023-11-05T18:14:00,high
consent_7254.xlsx,.xlsx,1816,C:/Healthcare/Patients/,2023-08-26T23:33:53,high
record_7255.pdf,.pdf,3099,C:/Healthcare/Patients/,2023-01-11T23:04:44,low
lab_notice_7256.csv,.csv,413,C:/Healthcare/PublicInfo/Menu/,2023-01-11T20:46:19,medium
schedule_maintenance_7257.xlsx,.xlsx,486,C:/Healthcare/Maintenance/,2025-01-31T10:11:50,high
menu_7258.csv,.csv,295,C:/Healthcare/PublicInfo/Menu/,2024-08-22T05:38:00,low
appointment_notice_7259.csv,.csv,408,C:/Healthcare/PublicInfo/Parking/,2025-02-14T01:34:05,medium
workorder_7260_draft.txt,.txt,81,C:/Healthcare/Maintenance/,2025-03-31T08:40:48,medium
menu_7261.txt,.txt,44,C:/Healthcare/PublicInfo/Notices/,2024-12-18T14:53:00,low
results_7262.xlsx,.xlsx,900,C:/Healthcare/LabResults/,2025-04-08T01:45:16,medium
notice_7263.pdf,.pdf,551,C:/Healthcare/PublicInfo/Notices/,2023-03-21T08:15:58,low
consent_7264.csv,.csv,337,C:/Healthcare/Patients/,2023-05-25T09:40:05,low
workorder_7265.xlsx,.xlsx,2031,C:/Healthcare/Maintenance/,2023-07-30T09:05:07,low
audit_test_7266.xlsx,.xlsx,1274,C:/Healthcare/LabResults/,2024-03-10T03:05:43,medium
coverage_7267.csv,.csv,328,C:/Healthcare/Insurance/,2025-06-12T14:54:32,high
notice_7268.txt,.txt,39,C:/Healthcare/PublicInfo/Notices/,2023-08-16T07:18:05,low
maintenance_policy_7269.pdf,.pdf,1312,C:/Healthcare/Insurance/,2024-12-01T01:49:25,medium
coverage_7270.csv,.csv,467,C:/Healthcare/Insurance/,2024-03-11T19:43:02,low
menu_7271.pdf,.pdf,567,C:/Healthcare/PublicInfo/Notices/,2024-03-08T04:39:59,low
results_info_7272_confidential.pdf,.pdf,462,C:/Healthcare/PublicInfo/Menu/,2025-12-17T08:47:38,high
notice_7273.pdf,.pdf,673,C:/Healthcare/PublicInfo/Parking/,2025-09-17T15:03:45,low
consent_7274.pdf,.pdf,1867,C:/Healthcare/Patients/,2023-03-24T08:01:14,high
summary_reimbursement_7275.csv,.csv,324,C:/Healthcare/Insurance/,2025-04-22T13:15:21,low
parking_7276.csv,.csv,229,C:/Healthcare/PublicInfo/Notices/,2024-05-26T00:48:48,low
medical_meeting_7277.pdf,.pdf,277,C:/Healthcare/Meetings/,2025-08-21T08:10:25,medium
lab_7278.xls,.xls,527,C:/Healthcare/LabResults/,2023-08-13T02:09:12,high
announcement_results_7279.xlsx,.xlsx,10,C:/Healthcare/LabResults/,2024-12-06T10:51:09,low
info_7280.csv,.csv,300,C:/Healthcare/PublicInfo/Menu/,2024-06-27T02:14:25,low
notice_maintenance_7281.pdf,.pdf,366,C:/Healthcare/Maintenance/,2023-06-26T17:14:28,low
payroll_menu_7282.csv,.csv,496,C:/Healthcare/PublicInfo/Notices/,2024-10-01T15:37:09,low
invoice_notice_7283.csv,.csv,479,C:/Healthcare/PublicInfo/Parking/,2024-04-24T06:50:59,low
notice_visit_7284.docx,.docx,125,C:/Healthcare/Patients/,2025-09-04T08:55:39,low
announcement_guideline_7285.xlsx,.xlsx,221,C:/Healthcare/Internal/Protocols/,2024-03-10T11:57:31,high
log_7286.pdf,.pdf,2323,C:/Healthcare/Maintenance/,2023-05-11T09:53:50,low
meeting_7287.pdf,.pdf,1168,C:/Healthcare/Meetings/,2025-11-30T08:43:18,low
announcement_results_7288.xls,.xls,1541,C:/Healthcare/LabResults/,2025-07-02T11:45:52,low
notice_policy_7289.csv,.csv,491,C:/Healthcare/Insurance/,2025-10-18T09:27:36,medium
parking_reimbursement_7290.csv,.csv,1407,C:/Healthcare/Insurance/,2023-07-30T10:09:12,medium
credentials_notice_7291.pdf,.pdf,658,C:/Healthcare/PublicInfo/Parking/,2025-08-10T13:58:00,medium
lab_7292.xlsx,.xlsx,1095,C:/Healthcare/LabResults/,2024-03-14T23:07:10,low
analysis_7293.pdf,.pdf,1156,C:/Healthcare/LabResults/,2023-05-04T22:11:57,medium
ssn_test_7294.xlsx,.xlsx,761,C:/Healthcare/LabResults/,2025-01-03T01:37:25,high
specimen_7295.xlsx,.xlsx,836,C:/Healthcare/LabResults/,2023-02-23T17:33:04,medium
guideline_7296.docx,.docx,514,C:/Healthcare/Internal/Protocols/,2025-08-18T04:36:50,high
info_7297.pdf,.pdf,755,C:/Healthcare/PublicInfo/Parking/,2023-05-21T13:09:41,medium
announcement_workorder_7298.pdf,.pdf,44,C:/Healthcare/Maintenance/,2024-05-18T07:50:47,low
insurance_claim_info_7299.txt,.txt,100,C:/Healthcare/PublicInfo/Menu/,2025-09-08T08:21:11,medium
notice_7300.csv,.csv,173,C:/Healthcare/PublicInfo/Parking/,2023-04-25T11:26:56,low
parking_shift_7301.pdf,.pdf,1975,C:/Healthcare/StaffSchedules/,2025-12-02T21:34:18,medium
maintenance_parking_7302.csv,.csv,267,C:/Healthcare/PublicInfo/Parking/,2025-06-06T06:46:23,low
appointment_guideline_7303.xlsx,.xlsx,597,C:/Healthcare/Internal/Protocols/,2025-01-07T09:17:36,medium
announcement_guideline_7304.pdf,.pdf,597,C:/Healthcare/Internal/Protocols/,2024-02-04T19:45:25,low
minutes_7305.txt,.txt,100,C:/Healthcare/Meetings/,2023-05-15T19:53:48,medium
public_minutes_7306.txt,.txt,151,C:/Healthcare/Meetings/,2024-10-05T10:08:43,medium
notice_schedule_7307.xlsx,.xlsx,492,C:/Healthcare/StaffSchedules/,2023-04-27T01:24:32,medium
announcement_roster_7308.pdf,.pdf,708,C:/Healthcare/StaffSchedules/,2023-08-13T16:08:38,high
appointment_notice_7309.pdf,.pdf,413,C:/Healthcare/PublicInfo/Menu/,2025-05-25T23:06:16,medium
diagnosis_7310.pdf,.pdf,1218,C:/Healthcare/Patients/,2023-01-05T03:29:02,low
workorder_7311_archived.txt,.txt,1,C:/Healthcare/Maintenance/,2025-02-25T02:47:58,medium
notice_7312.pdf,.pdf,140,C:/Healthcare/PublicInfo/Parking/,2023-08-16T04:06:57,low
report_specimen_7313_draft.xls,.xls,732,C:/Healthcare/LabResults/,2025-05-11T19:26:21,medium
log_7314.txt,.txt,54,C:/Healthcare/Maintenance/,2025-08-11T16:29:02,medium
invoice_parking_7315.csv,.csv,167,C:/Healthcare/PublicInfo/Notices/,2025-08-10T13:47:37,low
menu_7316.pdf,.pdf,432,C:/Healthcare/PublicInfo/Menu/,2025-09-07T02:29:44,medium
schedule_coverage_7317.pdf,.pdf,566,C:/Healthcare/Insurance/,2023-07-25T03:30:21,high
passwords_log_7318.xlsx,.xlsx,154,C:/Healthcare/Maintenance/,2024-11-16T12:23:10,high
info_7319.txt,.txt,119,C:/Healthcare/PublicInfo/Parking/,2025-03-06T23:01:30,low
agenda_7320.txt,.txt,107,C:/Healthcare/Meetings/,2023-11-27T10:55:56,low
announcement_reimbursement_7321.docx,.docx,802,C:/Healthcare/Insurance/,2024-01-12T13:04:06,medium
notice_7322.txt,.txt,128,C:/Healthcare/PublicInfo/Menu/,2023-12-05T03:41:31,medium
parking_7323.pdf,.pdf,794,C:/Healthcare/PublicInfo/Notices/,2023-05-18T04:29:50,medium
confidential_maintenance_7324.txt,.txt,54,C:/Healthcare/Maintenance/,2024-04-14T21:32:55,high
parking_7325.pdf,.pdf,229,C:/Healthcare/PublicInfo/Notices/,2023-04-09T05:34:26,medium
maintenance_info_7326.csv,.csv,384,C:/Healthcare/PublicInfo/Parking/,2024-07-11T14:52:35,low
notice_info_7327.txt,.txt,88,C:/Healthcare/PublicInfo/Parking/,2024-09-24T07:01:36,low
protocol_7328.docx,.docx,609,C:/Healthcare/Internal/Protocols/,2023-02-03T03:05:11,low
meeting_7329_confidential.txt,.txt,155,C:/Healthcare/Meetings/,2024-04-30T20:03:33,low
insurance_claim_parking_7330.txt,.txt,72,C:/Healthcare/PublicInfo/Notices/,2024-04-27T13:41:32,low
appointment_shift_7331.xlsx,.xlsx,196,C:/Healthcare/StaffSchedules/,2023-08-10T04:19:27,low
lab_procedure_7332.xlsx,.xlsx,1415,C:/Healthcare/Internal/Protocols/,2025-04-16T16:05:06,medium
notice_notice_7333_archived.txt,.txt,16,C:/Healthcare/PublicInfo/Menu/,2023-11-11T05:29:07,low
invoice_7334_draft.csv,.csv,508,C:/Healthcare/Insurance/,2025-03-02T21:16:10,medium
claim_7335.pdf,.pdf,333,C:/Healthcare/Insurance/,2024-07-20T03:19:04,medium
test_maintenance_7336.txt,.txt,97,C:/Healthcare/Maintenance/,2023-03-11T00:53:32,low
maintenance_coverage_7337.csv,.csv,359,C:/Healthcare/Insurance/,2024-01-05T02:41:16,high
workorder_7338.xlsx,.xlsx,921,C:/Healthcare/Maintenance/,2024-12-23T05:17:15,low
menu_invoice_7339.csv,.csv,380,C:/Healthcare/Insurance/,2025-01-06T16:10:55,low
roster_7340_v2.csv,.csv,227,C:/Healthcare/StaffSchedules/,2024-03-15T12:37:48,low
appointment_parking_7341.csv,.csv,287,C:/Healthcare/PublicInfo/Notices/,2023-06-06T13:59:45,low
announcement_notice_7342_v2.csv,.csv,230,C:/Healthcare/PublicInfo/Notices/,2024-05-18T08:50:31,low
results_notice_7343.pdf,.pdf,802,C:/Healthcare/PublicInfo/Parking/,2024-01-17T22:18:21,high
workorder_7344.xlsx,.xlsx,1921,C:/Healthcare/Maintenance/,2023-01-01T06:23:25,medium
analysis_7345.xlsx,.xlsx,623,C:/Healthcare/LabResults/,2023-02-18T15:57:58,medium
invoice_protocol_7346.xlsx,.xlsx,983,C:/Healthcare/Internal/Protocols/,2025-12-16T08:55:04,low
parking_test_7347.pdf,.pdf,793,C:/Healthcare/LabResults/,2023-09-17T01:00:08,low
notice_record_7348.xlsx,.xlsx,307,C:/Healthcare/Patients/,2025-01-19T07:20:30,high
procedure_7349.xlsx,.xlsx,410,C:/Healthcare/Internal/Protocols/,2023-02-19T06:29:16,low
record_7350.csv,.csv,700,C:/Healthcare/Patients/,2025-08-07T14:33:40,high
specimen_7351_confidential.xlsx,.xlsx,1042,C:/Healthcare/LabResults/,2024-09-27T00:03:45,high
consent_7352_final.xlsx,.xlsx,138,C:/Healthcare/Patients/,2025-08-16T00:13:56,medium
results_menu_7353.csv,.csv,396,C:/Healthcare/PublicInfo/Menu/,2023-09-04T16:59:42,medium
lab_reimbursement_7354.csv,.csv,29,C:/Healthcare/Insurance/,2025-11-29T07:19:26,high
audit_agenda_7355_archived.pdf,.pdf,477,C:/Healthcare/Meetings/,2025-07-29T20:56:25,high
summary_notice_7356.txt,.txt,83,C:/Healthcare/PublicInfo/Parking/,2025-09-15T04:13:15,low
appointment_meeting_7357.pdf,.pdf,826,C:/Healthcare/Meetings/,2024-05-04T08:36:25,high
schedule_protocol_7358_draft.docx,.docx,71,C:/Healthcare/Internal/Protocols/,2025-09-11T16:40:12,low
menu_7359.pdf,.pdf,700,C:/Healthcare/PublicInfo/Menu/,2023-03-19T23:41:49,low
results_notice_7360.csv,.csv,214,C:/Healthcare/PublicInfo/Menu/,2025-05-13T05:36:28,medium
specimen_7361.xls,.xls,1640,C:/Healthcare/LabResults/,2023-12-14T01:58:41,low
report_policy_7362.docx,.docx,757,C:/Healthcare/Insurance/,2023-03-08T21:10:50,medium
claim_7363.docx,.docx,299,C:/Healthcare/Insurance/,2024-09-01T05:10:17,high
test_invoice_7364.docx,.docx,400,C:/Healthcare/Insurance/,2024-03-29T00:03:04,low
prescription_workorder_7365.pdf,.pdf,1493,C:/Healthcare/Maintenance/,2023-06-10T00:56:45,high
guideline_7366.xlsx,.xlsx,299,C:/Healthcare/Internal/Protocols/,2023-01-24T17:00:13,low
minutes_7367.pdf,.pdf,1408,C:/Healthcare/Meetings/,2023-08-16T13:43:18,high
audit_procedure_7368.docx,.docx,816,C:/Healthcare/Internal/Protocols/,2025-03-31T08:21:08,medium
info_7369.csv,.csv,101,C:/Healthcare/PublicInfo/Parking/,2023-01-21T19:26:06,low
confidential_menu_7370_draft.pdf,.pdf,1019,C:/Healthcare/PublicInfo/Menu/,2023-06-28T22:26:39,low
menu_7371.pdf,.pdf,308,C:/Healthcare/PublicInfo/Menu/,2023-02-14T18:13:04,low
schedule_notice_7372.txt,.txt,103,C:/Healthcare/PublicInfo/Parking/,2024-07-17T05:55:14,low
lab_specimen_7373_draft.pdf,.pdf,316,C:/Healthcare/LabResults/,2024-12-29T14:29:25,high
shift_7374.pdf,.pdf,962,C:/Healthcare/StaffSchedules/,2024-03-23T15:21:32,high
patient_invoice_7375.docx,.docx,846,C:/Healthcare/Insurance/,2025-01-21T00:24:06,high
schedule_lab_7376.csv,.csv,269,C:/Healthcare/LabResults/,2025-10-13T04:58:19,medium
report_roster_7377.xlsx,.xlsx,156,C:/Healthcare/StaffSchedules/,2025-01-05T04:08:01,low
credentials_policy_7378_draft.csv,.csv,116,C:/Healthcare/Insurance/,2024-10-02T20:31:53,low
schedule_coverage_7379.csv,.csv,495,C:/Healthcare/Insurance/,2023-05-01T13:23:13,low
consent_menu_7380.pdf,.pdf,476,C:/Healthcare/PublicInfo/Notices/,2025-11-14T02:48:56,low
maintenance_agenda_7381.pdf,.pdf,1316,C:/Healthcare/Meetings/,2023-12-16T10:36:06,low
claim_7382.pdf,.pdf,256,C:/Healthcare/Insurance/,2025-09-03T01:01:20,low
audit_patient_7383.xlsx,.xlsx,1288,C:/Healthcare/Patients/,2025-01-27T06:31:19,high
info_7384.txt,.txt,99,C:/Healthcare/PublicInfo/Parking/,2024-05-26T21:41:55,low
notice_menu_7385_archived.txt,.txt,67,C:/Healthcare/PublicInfo/Notices/,2023-06-18T08:00:37,low
parking_maintenance_7386.txt,.txt,72,C:/Healthcare/Maintenance/,2025-07-21T01:57:31,low
notice_7387.pdf,.pdf,727,C:/Healthcare/PublicInfo/Notices/,2023-01-22T22:44:01,low
test_7388.pdf,.pdf,703,C:/Healthcare/LabResults/,2023-10-21T22:14:42,medium
test_workorder_7389_draft.xlsx,.xlsx,900,C:/Healthcare/Maintenance/,2024-02-16T04:34:53,low
schedule_parking_7390_draft.csv,.csv,281,C:/Healthcare/PublicInfo/Menu/,2025-09-11T05:56:30,medium
test_policy_7391.docx,.docx,358,C:/Healthcare/Insurance/,2025-06-23T11:49:00,low
claim_7392.docx,.docx,375,C:/Healthcare/Insurance/,2025-11-26T17:09:14,high
protocol_7393.xlsx,.xlsx,1308,C:/Healthcare/Internal/Protocols/,2024-11-03T20:52:45,medium
results_test_7394.xlsx,.xlsx,520,C:/Healthcare/LabResults/,2024-04-04T18:53:21,low
summary_reimbursement_7395.pdf,.pdf,1043,C:/Healthcare/Insurance/,2024-06-28T17:36:23,low
notice_info_7396.pdf,.pdf,2100,C:/Healthcare/PublicInfo/Parking/,2024-07-27T21:56:52,low
public_agenda_7397.pdf,.pdf,471,C:/Healthcare/Meetings/,2023-10-22T10:42:10,low
test_7398.xlsx,.xlsx,374,C:/Healthcare/LabResults/,2025-02-28T19:14:31,medium
meeting_7399.docx,.docx,62,C:/Healthcare/Meetings/,2025-10-30T16:19:36,low
workorder_7400.pdf,.pdf,544,C:/Healthcare/Maintenance/,2025-10-18T10:07:32,medium
protocol_7401.docx,.docx,627,C:/Healthcare/Internal/Protocols/,2023-05-08T10:05:23,high
analysis_7402_final.pdf,.pdf,1588,C:/Healthcare/LabResults/,2025-10-19T06:32:46,medium
notice_parking_7403.pdf,.pdf,916,C:/Healthcare/PublicInfo/Parking/,2024-01-11T21:11:29,low
protocol_7404.xlsx,.xlsx,788,C:/Healthcare/Internal/Protocols/,2023-07-21T11:05:22,medium
protocol_7405.docx,.docx,610,C:/Healthcare/Internal/Protocols/,2025-02-09T03:37:52,low
parking_7406_archived.txt,.txt,10,C:/Healthcare/PublicInfo/Menu/,2025-05-03T12:07:57,low
public_parking_7407.txt,.txt,64,C:/Healthcare/PublicInfo/Notices/,2025-08-15T21:04:35,low
parking_menu_7408.txt,.txt,61,C:/Healthcare/PublicInfo/Notices/,2024-05-27T11:26:59,low
schedule_policy_7409.docx,.docx,692,C:/Healthcare/Insurance/,2024-12-25T04:10:16,high
notice_7410_archived.csv,.csv,200,C:/Healthcare/PublicInfo/Notices/,2025-03-14T18:34:46,low
maintenance_7411.xlsx,.xlsx,304,C:/Healthcare/Maintenance/,2025-12-05T01:19:47,low
guideline_7412.pdf,.pdf,631,C:/Healthcare/Internal/Protocols/,2023-10-13T04:39:13,low
results_parking_7413.csv,.csv,152,C:/Healthcare/PublicInfo/Menu/,2023-01-18T23:26:24,medium
maintenance_visit_7414.docx,.docx,41,C:/Healthcare/Patients/,2024-09-18T00:23:39,low
lab_test_7415_confidential.xlsx,.xlsx,1223,C:/Healthcare/LabResults/,2024-10-03T09:06:55,low
analysis_7416_v2.xlsx,.xlsx,787,C:/Healthcare/LabResults/,2025-01-03T13:04:51,high
lab_maintenance_7417.pdf,.pdf,1571,C:/Healthcare/Maintenance/,2023-12-13T16:01:06,high
info_7418.txt,.txt,2,C:/Healthcare/PublicInfo/Menu/,2023-09-20T04:36:19,low
roster_7419.xlsx,.xlsx,94,C:/Healthcare/StaffSchedules/,2025-07-17T03:31:58,medium
parking_7420.pdf,.pdf,416,C:/Healthcare/PublicInfo/Menu/,2025-08-06T20:41:35,low
parking_info_7421_confidential.csv,.csv,275,C:/Healthcare/PublicInfo/Notices/,2025-09-30T14:43:41,low
lab_maintenance_7422.txt,.txt,142,C:/Healthcare/Maintenance/,2025-07-09T04:11:28,medium
test_guideline_7423.docx,.docx,749,C:/Healthcare/Internal/Protocols/,2025-02-27T19:45:21,medium
minutes_7424.docx,.docx,64,C:/Healthcare/Meetings/,2023-08-18T09:08:37,low
announcement_notice_7425.txt,.txt,14,C:/Healthcare/PublicInfo/Parking/,2024-04-06T08:45:12,low
record_7426.csv,.csv,512,C:/Healthcare/Patients/,2025-04-21T17:34:27,low
report_specimen_7427.pdf,.pdf,424,C:/Healthcare/LabResults/,2024-07-18T16:07:20,medium
claim_7428.csv,.csv,3,C:/Healthcare/Insurance/,2025-12-02T18:05:07,high
procedure_7429.docx,.docx,610,C:/Healthcare/Internal/Protocols/,2023-08-02T01:31:01,high
specimen_7430.pdf,.pdf,755,C:/Healthcare/LabResults/,2023-06-16T15:59:50,low
parking_7431.csv,.csv,552,C:/Healthcare/PublicInfo/Parking/,2023-06-07T07:24:40,low
notice_7432.txt,.txt,55,C:/Healthcare/PublicInfo/Parking/,2025-11-30T19:44:54,low
results_specimen_7433.csv,.csv,115,C:/Healthcare/LabResults/,2023-04-08T13:48:50,low
minutes_7434.docx,.docx,92,C:/Healthcare/Meetings/,2025-06-07T10:57:05,low
visit_7435_final.docx,.docx,153,C:/Healthcare/Patients/,2023-10-18T01:23:28,low
workorder_7436_archived.pdf,.pdf,1849,C:/Healthcare/Maintenance/,2024-01-20T09:32:44,low
parking_consent_7437_archived.docx,.docx,760,C:/Healthcare/Patients/,2025-01-01T23:20:51,low
parking_7438.txt,.txt,35,C:/Healthcare/PublicInfo/Menu/,2024-05-01T08:17:20,low
summary_log_7439.txt,.txt,104,C:/Healthcare/Maintenance/,2023-10-03T03:08:14,medium
parking_consent_7440.xlsx,.xlsx,627,C:/Healthcare/Patients/,2025-08-15T08:31:58,low
lab_log_7441.pdf,.pdf,271,C:/Healthcare/Maintenance/,2023-08-26T10:22:44,medium
menu_info_7442_archived.txt,.txt,105,C:/Healthcare/PublicInfo/Notices/,2025-03-07T09:28:22,low
appointment_maintenance_7443.pdf,.pdf,778,C:/Healthcare/Maintenance/,2025-08-04T14:32:19,medium
schedule_roster_7444.xlsx,.xlsx,569,C:/Healthcare/StaffSchedules/,2024-12-13T07:33:37,medium
report_policy_7445.csv,.csv,415,C:/Healthcare/Insurance/,2023-10-06T23:38:41,low
payroll_minutes_7446.docx,.docx,78,C:/Healthcare/Meetings/,2023-09-25T01:44:09,medium
consent_diagnosis_7447.xlsx,.xlsx,424,C:/Healthcare/Patients/,2025-01-24T07:15:09,medium
menu_7448.txt,.txt,77,C:/Healthcare/PublicInfo/Notices/,2025-03-04T15:13:25,low
notice_policy_7449.pdf,.pdf,1306,C:/Healthcare/Insurance/,2025-05-15T02:54:34,medium
results_results_7450.xls,.xls,1106,C:/Healthcare/LabResults/,2025-08-09T21:56:47,high
notice_maintenance_7451.txt,.txt,2,C:/Healthcare/Maintenance/,2025-08-17T22:14:17,medium
schedule_meeting_7452_draft.pdf,.pdf,499,C:/Healthcare/Meetings/,2023-12-15T06:59:22,low
info_7453.csv,.csv,262,C:/Healthcare/PublicInfo/Menu/,2023-05-04T13:48:31,low
menu_roster_7454.xlsx,.xlsx,138,C:/Healthcare/StaffSchedules/,2023-12-19T06:24:59,low
notice_shift_7455.pdf,.pdf,1855,C:/Healthcare/StaffSchedules/,2025-12-18T14:10:40,low
parking_parking_7456.pdf,.pdf,1945,C:/Healthcare/PublicInfo/Notices/,2023-12-08T02:33:21,medium
log_7457_archived.txt,.txt,60,C:/Healthcare/Maintenance/,2024-04-12T11:53:02,high
announcement_info_7458.pdf,.pdf,1246,C:/Healthcare/PublicInfo/Parking/,2023-04-21T18:25:56,low
summary_schedule_7459.csv,.csv,155,C:/Healthcare/StaffSchedules/,2025-04-22T05:09:26,low
patient_7460.xlsx,.xlsx,169,C:/Healthcare/Patients/,2023-12-14T17:45:56,low
appointment_protocol_7461.xlsx,.xlsx,701,C:/Healthcare/Internal/Protocols/,2025-02-02T21:07:02,low
prescription_policy_7462.pdf,.pdf,385,C:/Healthcare/Insurance/,2024-02-07T21:53:34,low
appointment_menu_7463.txt,.txt,70,C:/Healthcare/PublicInfo/Menu/,2025-06-11T22:34:38,low
public_policy_7464.pdf,.pdf,731,C:/Healthcare/Insurance/,2024-03-09T02:06:16,low
appointment_test_7465.xlsx,.xlsx,896,C:/Healthcare/LabResults/,2023-01-11T12:21:43,low
test_7466_confidential.xlsx,.xlsx,510,C:/Healthcare/LabResults/,2023-07-21T00:11:12,low
lab_7467.xls,.xls,957,C:/Healthcare/LabResults/,2025-07-02T12:24:05,high
results_7468_confidential.xls,.xls,1005,C:/Healthcare/LabResults/,2024-01-30T05:10:53,low
notice_minutes_7469.pdf,.pdf,450,C:/Healthcare/Meetings/,2024-06-12T01:59:22,low
schedule_record_7470.xlsx,.xlsx,918,C:/Healthcare/Patients/,2024-06-09T09:36:32,high
roster_7471.pdf,.pdf,1948,C:/Healthcare/StaffSchedules/,2025-09-30T19:39:40,medium
lab_reimbursement_7472.csv,.csv,295,C:/Healthcare/Insurance/,2024-10-28T17:04:09,low
claim_7473.csv,.csv,278,C:/Healthcare/Insurance/,2024-05-08T18:00:48,low
invoice_7474.docx,.docx,680,C:/Healthcare/Insurance/,2023-07-30T01:16:34,low
summary_meeting_7475.txt,.txt,34,C:/Healthcare/Meetings/,2025-10-24T21:46:15,low
meeting_7476.pdf,.pdf,51,C:/Healthcare/Meetings/,2024-10-18T06:59:35,low
schedule_log_7477.txt,.txt,41,C:/Healthcare/Maintenance/,2025-06-17T01:33:02,low
invoice_test_7478.pdf,.pdf,801,C:/Healthcare/LabResults/,2023-02-18T11:13:49,medium
notice_results_7479.csv,.csv,318,C:/Healthcare/LabResults/,2023-08-03T14:01:42,low
schedule_parking_7480.pdf,.pdf,2085,C:/Healthcare/PublicInfo/Notices/,2025-10-06T18:26:52,low
diagnosis_7481_draft.docx,.docx,318,C:/Healthcare/Patients/,2024-09-23T14:32:01,low
minutes_7482.pdf,.pdf,597,C:/Healthcare/Meetings/,2023-12-27T03:46:57,high
appointment_visit_7483.pdf,.pdf,1482,C:/Healthcare/Patients/,2024-04-05T22:20:55,low
maintenance_7484.xlsx,.xlsx,872,C:/Healthcare/Maintenance/,2025-11-19T11:25:50,low
menu_info_7485.pdf,.pdf,927,C:/Healthcare/PublicInfo/Notices/,2023-01-06T16:53:53,medium
log_7486.pdf,.pdf,2604,C:/Healthcare/Maintenance/,2024-11-02T11:05:42,low
agenda_7487.txt,.txt,35,C:/Healthcare/Meetings/,2024-09-17T17:04:13,low
procedure_7488.pdf,.pdf,310,C:/Healthcare/Internal/Protocols/,2024-12-05T23:31:14,low
guideline_7489.docx,.docx,550,C:/Healthcare/Internal/Protocols/,2025-10-31T11:38:46,medium
maintenance_schedule_7490.pdf,.pdf,862,C:/Healthcare/StaffSchedules/,2024-05-01T05:09:53,low
report_notice_7491_draft.pdf,.pdf,157,C:/Healthcare/PublicInfo/Parking/,2024-07-30T16:14:25,low
parking_7492.pdf,.pdf,1321,C:/Healthcare/PublicInfo/Parking/,2025-11-27T14:02:29,high
shift_7493.xlsx,.xlsx,887,C:/Healthcare/StaffSchedules/,2025-06-16T20:56:51,low
public_menu_7494.csv,.csv,336,C:/Healthcare/PublicInfo/Menu/,2025-12-30T15:28:20,low
test_7495.csv,.csv,425,C:/Healthcare/LabResults/,2025-12-27T13:22:38,high
credentials_coverage_7496.docx,.docx,261,C:/Healthcare/Insurance/,2023-11-17T02:23:44,low
reimbursement_7497.pdf,.pdf,292,C:/Healthcare/Insurance/,2025-05-08T00:34:57,high
roster_7498.csv,.csv,499,C:/Healthcare/StaffSchedules/,2024-09-21T22:30:05,high
schedule_menu_7499_v2.pdf,.pdf,527,C:/Healthcare/PublicInfo/Parking/,2025-12-19T05:12:46,low
menu_menu_7500.pdf,.pdf,1782,C:/Healthcare/PublicInfo/Parking/,2024-11-18T07:54:06,high
consent_7501.pdf,.pdf,1292,C:/Healthcare/Patients/,2024-03-24T23:03:53,low
report_notice_7502.csv,.csv,193,C:/Healthcare/PublicInfo/Parking/,2025-11-15T02:59:26,low
maintenance_7503_archived.txt,.txt,127,C:/Healthcare/Maintenance/,2023-08-04T16:17:09,low
analysis_7504.csv,.csv,646,C:/Healthcare/LabResults/,2023-02-12T02:35:25,medium
menu_7505.pdf,.pdf,1418,C:/Healthcare/PublicInfo/Notices/,2024-05-16T05:19:32,medium
maintenance_7506.pdf,.pdf,858,C:/Healthcare/Maintenance/,2025-12-20T13:18:06,medium
workorder_7507.txt,.txt,1,C:/Healthcare/Maintenance/,2024-07-16T22:45:10,low
test_guideline_7508.pdf,.pdf,253,C:/Healthcare/Internal/Protocols/,2024-08-27T12:41:46,low
patient_7509.csv,.csv,196,C:/Healthcare/Patients/,2023-11-24T22:17:38,low
policy_7510.pdf,.pdf,861,C:/Healthcare/Insurance/,2024-10-29T12:38:54,medium
workorder_7511.pdf,.pdf,401,C:/Healthcare/Maintenance/,2024-09-06T07:21:00,medium
schedule_7512.pdf,.pdf,1316,C:/Healthcare/StaffSchedules/,2025-09-15T10:03:10,high
parking_7513.pdf,.pdf,254,C:/Healthcare/PublicInfo/Parking/,2025-07-16T20:23:19,low
credentials_procedure_7514.pdf,.pdf,750,C:/Healthcare/Internal/Protocols/,2023-02-17T22:07:27,high
notice_7515.pdf,.pdf,408,C:/Healthcare/PublicInfo/Parking/,2024-06-14T08:21:47,low
public_procedure_7516_draft.xlsx,.xlsx,1619,C:/Healthcare/Internal/Protocols/,2025-08-16T13:09:10,medium
policy_7517.docx,.docx,236,C:/Healthcare/Insurance/,2025-12-30T06:13:40,low
specimen_7518.xlsx,.xlsx,172,C:/Healthcare/LabResults/,2025-03-30T00:09:50,high
info_7519.pdf,.pdf,98,C:/Healthcare/PublicInfo/Menu/,2025-11-16T11:52:05,low
invoice_7520.pdf,.pdf,146,C:/Healthcare/Insurance/,2025-07-04T09:45:36,low
public_info_7521.pdf,.pdf,1294,C:/Healthcare/PublicInfo/Menu/,2023-10-27T06:43:31,low
schedule_record_7522.pdf,.pdf,1419,C:/Healthcare/Patients/,2025-05-23T14:50:58,low
appointment_policy_7523.csv,.csv,112,C:/Healthcare/Insurance/,2025-07-11T19:37:45,low
maintenance_analysis_7524.xlsx,.xlsx,1959,C:/Healthcare/LabResults/,2023-02-04T11:50:25,high
ssn_info_7525.txt,.txt,29,C:/Healthcare/PublicInfo/Notices/,2023-10-08T14:38:56,low
public_minutes_7526.txt,.txt,23,C:/Healthcare/Meetings/,2025-10-29T19:01:08,low
invoice_guideline_7527.pdf,.pdf,158,C:/Healthcare/Internal/Protocols/,2023-02-17T14:03:11,low
lab_meeting_7528.txt,.txt,81,C:/Healthcare/Meetings/,2025-02-05T19:22:33,medium
announcement_parking_7529.txt,.txt,41,C:/Healthcare/PublicInfo/Notices/,2023-07-03T02:19:23,medium
maintenance_maintenance_7530.xlsx,.xlsx,1136,C:/Healthcare/Maintenance/,2023-03-04T12:36:45,low
results_protocol_7531.pdf,.pdf,237,C:/Healthcare/Internal/Protocols/,2023-09-27T13:39:43,low
reimbursement_7532.pdf,.pdf,195,C:/Healthcare/Insurance/,2024-04-02T15:07:07,medium
report_guideline_7533.docx,.docx,351,C:/Healthcare/Internal/Protocols/,2025-03-03T01:12:52,low
notice_7534.pdf,.pdf,2192,C:/Healthcare/PublicInfo/Parking/,2025-01-13T09:20:37,medium
menu_7535.csv,.csv,460,C:/Healthcare/PublicInfo/Menu/,2024-05-22T17:45:12,low
menu_parking_7536.csv,.csv,234,C:/Healthcare/PublicInfo/Notices/,2025-12-27T05:12:20,medium
notice_shift_7537.pdf,.pdf,258,C:/Healthcare/StaffSchedules/,2023-02-14T23:04:57,low
summary_minutes_7538.txt,.txt,110,C:/Healthcare/Meetings/,2025-04-13T05:06:12,high
invoice_workorder_7539.txt,.txt,50,C:/Healthcare/Maintenance/,2024-05-04T11:58:25,low
roster_7540.pdf,.pdf,72,C:/Healthcare/StaffSchedules/,2023-11-03T04:54:11,low
maintenance_log_7541.txt,.txt,102,C:/Healthcare/Maintenance/,2025-08-19T20:38:03,medium
consent_7542.pdf,.pdf,2070,C:/Healthcare/Patients/,2023-01-08T10:13:45,low
parking_7543.txt,.txt,110,C:/Healthcare/PublicInfo/Menu/,2024-08-08T09:32:21,low
announcement_parking_7544.txt,.txt,9,C:/Healthcare/PublicInfo/Notices/,2023-05-29T01:29:33,low
analysis_7545.xlsx,.xlsx,1158,C:/Healthcare/LabResults/,2023-01-19T15:29:02,low
public_workorder_7546_draft.xlsx,.xlsx,870,C:/Healthcare/Maintenance/,2025-04-15T21:51:33,low
notice_parking_7547.pdf,.pdf,1178,C:/Healthcare/PublicInfo/Menu/,2025-03-10T13:42:27,medium
consent_lab_7548.xls,.xls,43,C:/Healthcare/LabResults/,2024-04-23T10:14:06,medium
summary_coverage_7549.docx,.docx,447,C:/Healthcare/Insurance/,2025-09-10T04:25:56,high
parking_7550_archived.txt,.txt,93,C:/Healthcare/PublicInfo/Menu/,2024-07-08T22:57:16,low
maintenance_7551.pdf,.pdf,2018,C:/Healthcare/Maintenance/,2024-05-06T07:01:56,low
schedule_menu_7552.csv,.csv,608,C:/Healthcare/PublicInfo/Notices/,2023-08-06T10:15:42,medium
info_7553.txt,.txt,95,C:/Healthcare/PublicInfo/Menu/,2023-07-08T12:21:00,low
test_guideline_7554.docx,.docx,589,C:/Healthcare/Internal/Protocols/,2024-11-18T21:36:52,medium
protocol_7555.xlsx,.xlsx,1270,C:/Healthcare/Internal/Protocols/,2024-11-21T15:25:06,low
summary_results_7556.xls,.xls,910,C:/Healthcare/LabResults/,2024-09-09T22:48:05,low
claim_7557.csv,.csv,406,C:/Healthcare/Insurance/,2025-09-23T12:09:32,low
info_7558.pdf,.pdf,1179,C:/Healthcare/PublicInfo/Parking/,2024-05-23T02:57:41,low
report_info_7559_v2.csv,.csv,294,C:/Healthcare/PublicInfo/Notices/,2025-11-06T05:49:18,low
notice_7560.pdf,.pdf,104,C:/Healthcare/PublicInfo/Notices/,2024-03-01T00:06:08,medium
analysis_7561.xls,.xls,1495,C:/Healthcare/LabResults/,2024-05-18T15:42:43,medium
public_visit_7562.docx,.docx,469,C:/Healthcare/Patients/,2023-01-09T08:54:56,low
credentials_workorder_7563_archived.pdf,.pdf,731,C:/Healthcare/Maintenance/,2025-01-16T07:22:47,medium
menu_7564.csv,.csv,404,C:/Healthcare/PublicInfo/Notices/,2024-01-04T13:05:17,low
log_7565.pdf,.pdf,195,C:/Healthcare/Maintenance/,2025-08-18T16:16:33,high
prescription_guideline_7566.pdf,.pdf,862,C:/Healthcare/Internal/Protocols/,2024-10-18T15:54:19,medium
parking_info_7567_draft.txt,.txt,108,C:/Healthcare/PublicInfo/Notices/,2024-01-31T16:08:04,low
announcement_minutes_7568.txt,.txt,1,C:/Healthcare/Meetings/,2023-03-15T09:13:17,low
maintenance_info_7569.txt,.txt,58,C:/Healthcare/PublicInfo/Menu/,2023-01-31T04:55:50,high
visit_7570.xlsx,.xlsx,54,C:/Healthcare/Patients/,2023-08-27T23:39:46,medium
menu_results_7571.pdf,.pdf,1013,C:/Healthcare/LabResults/,2023-07-06T01:12:21,medium
schedule_parking_7572.csv,.csv,3,C:/Healthcare/PublicInfo/Notices/,2024-10-10T23:03:02,low
invoice_consent_7573.pdf,.pdf,453,C:/Healthcare/Patients/,2025-09-13T20:01:34,medium
ssn_agenda_7574.pdf,.pdf,1473,C:/Healthcare/Meetings/,2023-09-07T20:11:15,high
info_7575.pdf,.pdf,626,C:/Healthcare/PublicInfo/Notices/,2025-04-16T04:38:03,medium
confidential_minutes_7576.txt,.txt,31,C:/Healthcare/Meetings/,2024-08-31T05:09:30,medium
analysis_7577.csv,.csv,767,C:/Healthcare/LabResults/,2024-03-24T13:12:13,high
notice_agenda_7578_final.pdf,.pdf,1092,C:/Healthcare/Meetings/,2023-04-14T17:01:07,low
schedule_agenda_7579.docx,.docx,233,C:/Healthcare/Meetings/,2024-05-16T10:28:46,low
agenda_7580.txt,.txt,134,C:/Healthcare/Meetings/,2024-03-16T19:40:16,low
menu_7581.csv,.csv,43,C:/Healthcare/PublicInfo/Notices/,2025-01-11T16:09:13,low
parking_menu_7582.csv,.csv,593,C:/Healthcare/PublicInfo/Menu/,2025-11-10T08:47:13,low
summary_reimbursement_7583.pdf,.pdf,1157,C:/Healthcare/Insurance/,2025-06-04T19:46:53,high
patient_patient_7584.xlsx,.xlsx,353,C:/Healthcare/Patients/,2023-06-08T16:39:57,low
menu_procedure_7585.pdf,.pdf,521,C:/Healthcare/Internal/Protocols/,2025-07-22T05:58:12,low
consent_consent_7586.docx,.docx,1004,C:/Healthcare/Patients/,2025-07-13T04:08:41,low
report_parking_7587.pdf,.pdf,344,C:/Healthcare/PublicInfo/Parking/,2023-09-24T07:38:44,low
maintenance_meeting_7588.pdf,.pdf,465,C:/Healthcare/Meetings/,2025-01-01T21:04:27,medium
schedule_meeting_7589.pdf,.pdf,724,C:/Healthcare/Meetings/,2024-03-02T08:44:30,high
test_maintenance_7590.xlsx,.xlsx,380,C:/Healthcare/Maintenance/,2023-12-06T06:38:15,low
menu_7591.csv,.csv,365,C:/Healthcare/PublicInfo/Notices/,2023-06-06T00:03:41,low
schedule_lab_7592.csv,.csv,459,C:/Healthcare/LabResults/,2023-08-21T15:35:18,medium
roster_7593.xlsx,.xlsx,167,C:/Healthcare/StaffSchedules/,2025-09-12T04:18:56,low
maintenance_agenda_7594.pdf,.pdf,232,C:/Healthcare/Meetings/,2024-03-18T06:21:54,low
notice_7595_archived.pdf,.pdf,1271,C:/Healthcare/PublicInfo/Parking/,2024-11-02T01:45:01,low
invoice_guideline_7596.pdf,.pdf,1135,C:/Healthcare/Internal/Protocols/,2023-05-10T11:01:44,medium
notice_agenda_7597.txt,.txt,73,C:/Healthcare/Meetings/,2024-04-22T15:32:58,low
roster_7598.xlsx,.xlsx,905,C:/Healthcare/StaffSchedules/,2025-07-07T06:06:49,high
menu_7599.txt,.txt,148,C:/Healthcare/PublicInfo/Parking/,2025-04-21T17:19:02,medium
workorder_7600.txt,.txt,34,C:/Healthcare/Maintenance/,2025-03-09T20:56:42,low
test_guideline_7601.pdf,.pdf,448,C:/Healthcare/Internal/Protocols/,2023-12-20T01:19:01,low
test_info_7602.csv,.csv,221,C:/Healthcare/PublicInfo/Notices/,2025-10-09T14:22:45,low
patient_7603.pdf,.pdf,1372,C:/Healthcare/Patients/,2023-01-21T07:58:06,low
maintenance_notice_7604.txt,.txt,117,C:/Healthcare/PublicInfo/Parking/,2024-04-12T21:46:31,medium
schedule_menu_7605.pdf,.pdf,734,C:/Healthcare/PublicInfo/Parking/,2025-10-26T15:42:31,low
schedule_workorder_7606.xlsx,.xlsx,954,C:/Healthcare/Maintenance/,2025-04-24T00:39:49,low
menu_roster_7607_confidential.pdf,.pdf,1187,C:/Healthcare/StaffSchedules/,2025-06-30T20:44:06,low
notice_invoice_7608_draft.pdf,.pdf,1074,C:/Healthcare/Insurance/,2024-12-09T18:09:10,high
menu_log_7609_final.txt,.txt,103,C:/Healthcare/Maintenance/,2024-08-21T22:41:08,medium
patient_7610.csv,.csv,250,C:/Healthcare/Patients/,2025-03-08T06:55:44,high
maintenance_7611.pdf,.pdf,594,C:/Healthcare/Maintenance/,2023-04-02T15:43:13,low
roster_7612.xlsx,.xlsx,231,C:/Healthcare/StaffSchedules/,2023-07-21T12:39:33,medium
announcement_reimbursement_7613_draft.pdf,.pdf,717,C:/Healthcare/Insurance/,2023-05-20T15:27:32,medium
schedule_7614.csv,.csv,44,C:/Healthcare/StaffSchedules/,2024-11-18T09:49:48,low
schedule_protocol_7615.docx,.docx,346,C:/Healthcare/Internal/Protocols/,2025-09-15T18:13:17,low
report_claim_7616.docx,.docx,187,C:/Healthcare/Insurance/,2023-11-27T15:58:42,low
lab_minutes_7617.docx,.docx,518,C:/Healthcare/Meetings/,2025-03-26T15:25:04,low
invoice_7618_draft.docx,.docx,422,C:/Healthcare/Insurance/,2023-08-27T23:46:38,medium
workorder_7619.pdf,.pdf,363,C:/Healthcare/Maintenance/,2023-10-13T01:18:46,medium
public_claim_7620.pdf,.pdf,1054,C:/Healthcare/Insurance/,2025-12-12T07:42:32,low
protocol_7621.xlsx,.xlsx,1541,C:/Healthcare/Internal/Protocols/,2024-12-17T15:09:41,low
policy_7622.pdf,.pdf,2819,C:/Healthcare/Insurance/,2024-12-21T21:15:38,medium
diagnosis_shift_7623.csv,.csv,323,C:/Healthcare/StaffSchedules/,2024-06-19T17:06:58,medium
audit_agenda_7624.txt,.txt,108,C:/Healthcare/Meetings/,2023-03-01T22:03:18,medium
test_7625_final.xlsx,.xlsx,1815,C:/Healthcare/LabResults/,2024-10-11T14:57:10,high
specimen_7626.xls,.xls,1055,C:/Healthcare/LabResults/,2023-12-21T00:28:43,high
parking_7627.pdf,.pdf,384,C:/Healthcare/PublicInfo/Menu/,2023-07-24T16:46:28,low
shift_7628_confidential.csv,.csv,291,C:/Healthcare/StaffSchedules/,2024-12-16T20:22:54,low
test_maintenance_7629.xlsx,.xlsx,549,C:/Healthcare/Maintenance/,2023-06-13T15:58:10,low
claim_7630.pdf,.pdf,2006,C:/Healthcare/Insurance/,2025-08-12T14:14:50,low
shift_7631.xlsx,.xlsx,625,C:/Healthcare/StaffSchedules/,2023-09-17T03:44:10,low
notice_lab_7632.csv,.csv,281,C:/Healthcare/LabResults/,2023-03-18T14:01:59,high
maintenance_menu_7633.txt,.txt,11,C:/Healthcare/PublicInfo/Menu/,2023-02-07T21:10:28,low
parking_menu_7634.csv,.csv,93,C:/Healthcare/PublicInfo/Notices/,2025-07-09T16:15:24,low
parking_coverage_7635.csv,.csv,18,C:/Healthcare/Insurance/,2023-09-26T17:42:17,low
coverage_7636.pdf,.pdf,1,C:/Healthcare/Insurance/,2023-12-23T00:23:37,low
credentials_guideline_7637.docx,.docx,212,C:/Healthcare/Internal/Protocols/,2023-04-24T08:37:11,medium
maintenance_7638.xlsx,.xlsx,555,C:/Healthcare/Maintenance/,2023-06-21T03:54:45,low
parking_7639.txt,.txt,72,C:/Healthcare/PublicInfo/Menu/,2024-06-19T15:25:27,medium
procedure_7640.pdf,.pdf,1412,C:/Healthcare/Internal/Protocols/,2023-07-31T05:11:25,low
agenda_7641_confidential.txt,.txt,17,C:/Healthcare/Meetings/,2023-06-28T20:31:36,low
appointment_claim_7642.csv,.csv,124,C:/Healthcare/Insurance/,2023-02-08T08:24:00,low
parking_log_7643.pdf,.pdf,3248,C:/Healthcare/Maintenance/,2023-04-10T22:27:48,low
summary_guideline_7644.pdf,.pdf,574,C:/Healthcare/Internal/Protocols/,2025-03-27T22:26:35,high
lab_info_7645.txt,.txt,22,C:/Healthcare/PublicInfo/Parking/,2023-06-30T22:55:10,low
credentials_record_7646_confidential.pdf,.pdf,685,C:/Healthcare/Patients/,2023-01-28T18:49:38,high
visit_7647_final.xlsx,.xlsx,806,C:/Healthcare/Patients/,2025-05-13T17:38:40,low
results_policy_7648_archived.pdf,.pdf,1017,C:/Healthcare/Insurance/,2025-03-23T10:03:03,low
schedule_menu_7649.pdf,.pdf,1071,C:/Healthcare/PublicInfo/Menu/,2024-08-25T18:09:04,medium
protocol_7650.docx,.docx,45,C:/Healthcare/Internal/Protocols/,2025-02-03T14:50:03,medium
announcement_parking_7651.txt,.txt,36,C:/Healthcare/PublicInfo/Parking/,2025-03-25T00:33:38,low
menu_7652.pdf,.pdf,712,C:/Healthcare/PublicInfo/Menu/,2024-06-10T10:40:31,low
lab_info_7653.txt,.txt,88,C:/Healthcare/PublicInfo/Parking/,2025-12-21T03:44:22,low
guideline_7654.pdf,.pdf,3116,C:/Healthcare/Internal/Protocols/,2025-03-05T00:38:53,high
procedure_7655.docx,.docx,699,C:/Healthcare/Internal/Protocols/,2025-07-29T22:31:09,low
summary_workorder_7656_archived.xlsx,.xlsx,989,C:/Healthcare/Maintenance/,2025-04-10T02:12:10,low
maintenance_guideline_7657.docx,.docx,498,C:/Healthcare/Internal/Protocols/,2025-07-01T22:25:45,high
report_parking_7658.pdf,.pdf,1014,C:/Healthcare/PublicInfo/Notices/,2025-10-01T18:06:53,low
log_7659.txt,.txt,76,C:/Healthcare/Maintenance/,2024-02-13T11:58:42,low
appointment_notice_7660.pdf,.pdf,660,C:/Healthcare/PublicInfo/Notices/,2023-05-08T23:47:18,medium
schedule_parking_7661.csv,.csv,146,C:/Healthcare/PublicInfo/Notices/,2024-12-03T06:59:48,low
test_log_7662_archived.txt,.txt,25,C:/Healthcare/Maintenance/,2025-05-25T14:17:11,low
public_schedule_7663.xlsx,.xlsx,641,C:/Healthcare/StaffSchedules/,2023-04-10T14:36:46,low
notice_7664.csv,.csv,342,C:/Healthcare/PublicInfo/Notices/,2025-10-16T05:26:48,low
invoice_protocol_7665.pdf,.pdf,3409,C:/Healthcare/Internal/Protocols/,2025-03-04T09:26:59,high
parking_7666.txt,.txt,50,C:/Healthcare/PublicInfo/Parking/,2025-05-10T16:59:04,low
parking_7667_archived.txt,.txt,149,C:/Healthcare/PublicInfo/Menu/,2025-10-20T01:00:20,high
roster_7668.pdf,.pdf,1083,C:/Healthcare/StaffSchedules/,2023-03-29T17:39:05,high
menu_7669.txt,.txt,113,C:/Healthcare/PublicInfo/Menu/,2025-08-19T19:41:16,medium
lab_info_7670.csv,.csv,89,C:/Healthcare/PublicInfo/Parking/,2023-09-20T07:44:09,medium
diagnosis_7671_final.docx,.docx,788,C:/Healthcare/Patients/,2024-10-11T21:20:23,low
report_patient_7672.xlsx,.xlsx,187,C:/Healthcare/Patients/,2023-01-08T05:49:06,medium
protocol_7673.docx,.docx,427,C:/Healthcare/Internal/Protocols/,2024-03-12T00:37:46,low
public_log_7674.pdf,.pdf,75,C:/Healthcare/Maintenance/,2025-09-27T19:24:39,medium
report_maintenance_7675_v2.txt,.txt,35,C:/Healthcare/Maintenance/,2024-02-11T23:52:53,low
shift_7676.xlsx,.xlsx,838,C:/Healthcare/StaffSchedules/,2024-12-30T17:32:20,medium
maintenance_consent_7677.pdf,.pdf,342,C:/Healthcare/Patients/,2024-03-20T20:07:58,medium
public_log_7678.txt,.txt,56,C:/Healthcare/Maintenance/,2025-01-15T10:02:44,low
specimen_7679.xlsx,.xlsx,521,C:/Healthcare/LabResults/,2024-05-15T03:44:55,medium
test_info_7680.txt,.txt,49,C:/Healthcare/PublicInfo/Menu/,2024-05-25T03:46:02,low
record_7681.csv,.csv,251,C:/Healthcare/Patients/,2023-05-26T20:41:10,high
info_7682.csv,.csv,309,C:/Healthcare/PublicInfo/Parking/,2025-08-30T01:35:54,low
test_menu_7683.txt,.txt,126,C:/Healthcare/PublicInfo/Menu/,2023-02-14T11:31:51,high
specimen_7684.xlsx,.xlsx,770,C:/Healthcare/LabResults/,2023-09-21T03:54:28,low
menu_workorder_7685.pdf,.pdf,2238,C:/Healthcare/Maintenance/,2024-07-09T08:31:00,medium
guideline_7686.xlsx,.xlsx,597,C:/Healthcare/Internal/Protocols/,2023-01-19T16:19:43,medium
protocol_7687.pdf,.pdf,959,C:/Healthcare/Internal/Protocols/,2024-04-21T07:11:05,low
procedure_7688.xlsx,.xlsx,333,C:/Healthcare/Internal/Protocols/,2025-12-15T18:17:30,low
parking_7689_confidential.csv,.csv,26,C:/Healthcare/PublicInfo/Parking/,2024-06-05T05:06:40,medium
roster_7690.xlsx,.xlsx,133,C:/Healthcare/StaffSchedules/,2024-10-10T15:31:08,medium
parking_meeting_7691.docx,.docx,463,C:/Healthcare/Meetings/,2023-10-24T00:47:29,low
results_parking_7692_final.txt,.txt,109,C:/Healthcare/PublicInfo/Notices/,2024-04-19T05:02:03,low
invoice_schedule_7693.pdf,.pdf,3071,C:/Healthcare/StaffSchedules/,2024-08-07T16:14:36,medium
announcement_notice_7694_draft.csv,.csv,263,C:/Healthcare/PublicInfo/Notices/,2023-09-03T08:56:38,medium
lab_procedure_7695.xlsx,.xlsx,1607,C:/Healthcare/Internal/Protocols/,2024-08-20T11:41:22,medium
summary_schedule_7696.csv,.csv,240,C:/Healthcare/StaffSchedules/,2025-09-20T19:47:23,low
announcement_meeting_7697.txt,.txt,116,C:/Healthcare/Meetings/,2025-03-28T00:32:53,medium
record_7698.docx,.docx,684,C:/Healthcare/Patients/,2023-04-26T11:45:40,high
notice_7699.csv,.csv,588,C:/Healthcare/PublicInfo/Notices/,2024-01-17T04:56:11,medium
workorder_7700.pdf,.pdf,76,C:/Healthcare/Maintenance/,2023-12-11T15:35:29,high
maintenance_reimbursement_7701.pdf,.pdf,1225,C:/Healthcare/Insurance/,2023-02-28T01:51:14,low
record_7702.csv,.csv,36,C:/Healthcare/Patients/,2023-10-13T06:32:38,low
notice_7703.pdf,.pdf,1713,C:/Healthcare/PublicInfo/Notices/,2023-02-18T05:53:11,low
specimen_7704.xlsx,.xlsx,155,C:/Healthcare/LabResults/,2024-01-17T02:19:35,high
info_7705.pdf,.pdf,620,C:/Healthcare/PublicInfo/Menu/,2024-01-26T06:20:35,low
menu_notice_7706.txt,.txt,7,C:/Healthcare/PublicInfo/Notices/,2025-05-10T01:19:39,medium
invoice_record_7707.docx,.docx,413,C:/Healthcare/Patients/,2023-07-18T00:18:15,low
parking_7708.csv,.csv,441,C:/Healthcare/PublicInfo/Notices/,2023-03-23T02:49:52,medium
maintenance_log_7709.xlsx,.xlsx,544,C:/Healthcare/Maintenance/,2025-12-23T17:37:24,low
test_agenda_7710.pdf,.pdf,2405,C:/Healthcare/Meetings/,2025-06-01T19:11:57,low
policy_7711.pdf,.pdf,80,C:/Healthcare/Insurance/,2023-05-15T22:32:31,medium
menu_7712.csv,.csv,491,C:/Healthcare/PublicInfo/Notices/,2023-12-05T04:09:02,low
menu_7713.csv,.csv,242,C:/Healthcare/PublicInfo/Menu/,2024-03-11T03:56:03,low
minutes_7714.pdf,.pdf,768,C:/Healthcare/Meetings/,2024-12-01T06:19:42,medium
credentials_info_7715.txt,.txt,1,C:/Healthcare/PublicInfo/Notices/,2024-12-06T01:04:24,high
lab_record_7716.docx,.docx,434,C:/Healthcare/Patients/,2025-04-30T00:12:32,low
notice_procedure_7717.pdf,.pdf,1287,C:/Healthcare/Internal/Protocols/,2023-11-06T22:39:49,low
analysis_7718.pdf,.pdf,1518,C:/Healthcare/LabResults/,2025-07-14T19:48:37,medium
agenda_7719.docx,.docx,789,C:/Healthcare/Meetings/,2025-10-17T09:23:18,medium
results_test_7720.csv,.csv,612,C:/Healthcare/LabResults/,2023-04-08T17:33:27,medium
test_7721.xlsx,.xlsx,221,C:/Healthcare/LabResults/,2023-01-14T02:54:21,low
agenda_7722.docx,.docx,120,C:/Healthcare/Meetings/,2023-08-23T02:05:21,low
menu_7723.txt,.txt,113,C:/Healthcare/PublicInfo/Notices/,2024-03-25T12:55:19,medium
announcement_info_7724.pdf,.pdf,259,C:/Healthcare/PublicInfo/Notices/,2023-11-18T16:49:03,low
appointment_log_7725.xlsx,.xlsx,263,C:/Healthcare/Maintenance/,2024-11-03T11:44:25,high
shift_7726.pdf,.pdf,299,C:/Healthcare/StaffSchedules/,2024-01-14T14:45:28,low
maintenance_7727.txt,.txt,105,C:/Healthcare/Maintenance/,2024-07-04T06:24:02,low
invoice_menu_7728_confidential.txt,.txt,41,C:/Healthcare/PublicInfo/Parking/,2024-06-19T17:12:12,low
test_specimen_7729.csv,.csv,147,C:/Healthcare/LabResults/,2025-04-20T04:39:19,medium
diagnosis_7730_archived.pdf,.pdf,1735,C:/Healthcare/Patients/,2024-03-07T07:20:14,low
notice_7731.pdf,.pdf,1342,C:/Healthcare/PublicInfo/Menu/,2023-04-12T04:14:28,low
record_7732.xlsx,.xlsx,1762,C:/Healthcare/Patients/,2023-10-26T20:23:30,medium
protocol_7733.pdf,.pdf,398,C:/Healthcare/Internal/Protocols/,2023-06-11T14:28:22,low
schedule_agenda_7734.docx,.docx,182,C:/Healthcare/Meetings/,2024-04-10T10:34:31,low
workorder_7735.xlsx,.xlsx,636,C:/Healthcare/Maintenance/,2024-03-01T00:14:05,high
test_roster_7736.csv,.csv,48,C:/Healthcare/StaffSchedules/,2023-04-24T00:53:21,low
patient_7737.xlsx,.xlsx,840,C:/Healthcare/Patients/,2025-08-18T20:56:23,high
guideline_7738.pdf,.pdf,283,C:/Healthcare/Internal/Protocols/,2023-04-02T18:41:09,low
test_7739.pdf,.pdf,2149,C:/Healthcare/LabResults/,2025-08-08T15:19:34,high
notice_7740.pdf,.pdf,1446,C:/Healthcare/PublicInfo/Parking/,2024-05-13T07:58:00,low
protocol_7741.docx,.docx,226,C:/Healthcare/Internal/Protocols/,2025-02-09T19:37:51,low
notice_log_7742_v2.xlsx,.xlsx,298,C:/Healthcare/Maintenance/,2024-09-21T15:30:38,low
notice_log_7743.txt,.txt,134,C:/Healthcare/Maintenance/,2023-09-26T21:13:14,low
shift_7744.csv,.csv,328,C:/Healthcare/StaffSchedules/,2023-03-28T23:43:26,medium
public_lab_7745.xlsx,.xlsx,137,C:/Healthcare/LabResults/,2025-03-21T21:47:55,low
shift_7746.csv,.csv,624,C:/Healthcare/StaffSchedules/,2024-09-12T21:44:59,medium
summary_workorder_7747.pdf,.pdf,658,C:/Healthcare/Maintenance/,2024-02-13T14:11:33,medium
notice_7748.csv,.csv,144,C:/Healthcare/PublicInfo/Notices/,2025-11-22T09:33:48,low
test_log_7749.pdf,.pdf,616,C:/Healthcare/Maintenance/,2023-12-04T01:37:34,low
patient_info_7750.txt,.txt,60,C:/Healthcare/PublicInfo/Parking/,2024-05-12T10:07:51,low
patient_7751_final.pdf,.pdf,1310,C:/Healthcare/Patients/,2025-02-06T22:12:48,medium
menu_7752.csv,.csv,330,C:/Healthcare/PublicInfo/Menu/,2025-06-16T21:02:51,medium
summary_policy_7753.docx,.docx,413,C:/Healthcare/Insurance/,2023-08-09T22:37:20,high
menu_7754.txt,.txt,94,C:/Healthcare/PublicInfo/Menu/,2024-12-03T22:08:32,medium
invoice_parking_7755.pdf,.pdf,47,C:/Healthcare/PublicInfo/Parking/,2025-07-12T13:13:40,low
test_diagnosis_7756.pdf,.pdf,235,C:/Healthcare/Patients/,2025-06-27T16:17:18,low
info_7757.txt,.txt,107,C:/Healthcare/PublicInfo/Notices/,2023-11-19T13:12:40,low
lab_record_7758.pdf,.pdf,1384,C:/Healthcare/Patients/,2025-12-02T13:42:36,medium
public_info_7759.csv,.csv,120,C:/Healthcare/PublicInfo/Parking/,2023-06-01T01:45:08,low
notice_7760.csv,.csv,111,C:/Healthcare/PublicInfo/Notices/,2025-02-03T10:05:03,medium
roster_7761.pdf,.pdf,144,C:/Healthcare/StaffSchedules/,2024-08-09T09:54:50,medium
parking_invoice_7762.pdf,.pdf,1233,C:/Healthcare/Insurance/,2023-07-20T01:21:34,high
notice_consent_7763_v2.csv,.csv,232,C:/Healthcare/Patients/,2024-07-27T15:46:19,low
prescription_info_7764.csv,.csv,154,C:/Healthcare/PublicInfo/Parking/,2025-12-29T16:34:14,medium
consent_7765.pdf,.pdf,269,C:/Healthcare/Patients/,2024-11-19T11:08:11,high
schedule_7766.csv,.csv,552,C:/Healthcare/StaffSchedules/,2023-04-16T21:06:08,low
maintenance_roster_7767.csv,.csv,272,C:/Healthcare/StaffSchedules/,2024-06-19T16:53:58,low
parking_7768_confidential.txt,.txt,2,C:/Healthcare/PublicInfo/Menu/,2024-03-02T02:35:33,medium
menu_7769_confidential.txt,.txt,137,C:/Healthcare/PublicInfo/Parking/,2024-03-10T10:08:28,high
report_menu_7770.csv,.csv,118,C:/Healthcare/PublicInfo/Notices/,2025-11-26T04:58:33,low
lab_7771.pdf,.pdf,1591,C:/Healthcare/LabResults/,2023-08-06T01:12:46,medium
notice_7772.pdf,.pdf,561,C:/Healthcare/PublicInfo/Parking/,2023-02-10T01:00:20,low
analysis_7773.xlsx,.xlsx,659,C:/Healthcare/LabResults/,2024-09-28T11:01:28,low
reimbursement_7774.pdf,.pdf,459,C:/Healthcare/Insurance/,2025-08-31T17:16:25,medium
prescription_menu_7775.txt,.txt,41,C:/Healthcare/PublicInfo/Notices/,2025-09-29T00:27:18,low
diagnosis_7776.csv,.csv,40,C:/Healthcare/Patients/,2024-07-26T05:56:59,high
schedule_analysis_7777.xlsx,.xlsx,490,C:/Healthcare/LabResults/,2025-11-28T19:04:48,high
parking_7778.txt,.txt,1,C:/Healthcare/PublicInfo/Menu/,2024-02-18T15:30:52,low
notice_7779.txt,.txt,111,C:/Healthcare/PublicInfo/Menu/,2024-06-26T15:37:49,medium
menu_patient_7780.xlsx,.xlsx,101,C:/Healthcare/Patients/,2025-10-30T18:08:31,low
schedule_7781.pdf,.pdf,948,C:/Healthcare/StaffSchedules/,2023-09-27T02:31:29,low
summary_procedure_7782.pdf,.pdf,1126,C:/Healthcare/Internal/Protocols/,2023-12-06T12:12:07,low
roster_7783.csv,.csv,479,C:/Healthcare/StaffSchedules/,2025-07-31T21:11:44,low
maintenance_schedule_7784.pdf,.pdf,1882,C:/Healthcare/StaffSchedules/,2025-01-09T17:49:39,high
notice_7785.csv,.csv,719,C:/Healthcare/PublicInfo/Notices/,2025-10-13T21:06:04,low
guideline_7786.xlsx,.xlsx,1267,C:/Healthcare/Internal/Protocols/,2025-01-27T05:03:46,high
coverage_7787.pdf,.pdf,192,C:/Healthcare/Insurance/,2025-03-07T10:28:36,low
maintenance_agenda_7788.pdf,.pdf,1004,C:/Healthcare/Meetings/,2024-04-19T11:09:41,low
notice_7789.csv,.csv,272,C:/Healthcare/PublicInfo/Notices/,2023-12-26T02:13:03,medium
announcement_notice_7790.pdf,.pdf,41,C:/Healthcare/PublicInfo/Menu/,2023-04-03T12:46:05,low
reimbursement_7791.pdf,.pdf,1083,C:/Healthcare/Insurance/,2023-09-17T17:34:51,low
maintenance_7792.txt,.txt,1,C:/Healthcare/Maintenance/,2023-12-14T16:30:22,medium
public_procedure_7793.docx,.docx,514,C:/Healthcare/Internal/Protocols/,2024-12-13T09:35:38,low
diagnosis_7794.xlsx,.xlsx,144,C:/Healthcare/Patients/,2023-08-19T17:04:52,low
procedure_7795.docx,.docx,299,C:/Healthcare/Internal/Protocols/,2023-09-22T10:07:36,low
results_parking_7796_archived.txt,.txt,25,C:/Healthcare/PublicInfo/Notices/,2025-01-20T15:39:34,medium
notice_agenda_7797.txt,.txt,108,C:/Healthcare/Meetings/,2025-12-09T03:01:13,low
menu_7798.txt,.txt,34,C:/Healthcare/PublicInfo/Menu/,2024-12-21T04:22:49,low
notice_7799.txt,.txt,89,C:/Healthcare/PublicInfo/Menu/,2023-10-17T15:24:30,low
consent_7800.csv,.csv,460,C:/Healthcare/Patients/,2025-11-22T19:12:04,low
guideline_7801.pdf,.pdf,1334,C:/Healthcare/Internal/Protocols/,2024-05-06T09:04:16,low
insurance_claim_roster_7802.csv,.csv,25,C:/Healthcare/StaffSchedules/,2025-04-13T03:07:13,low
maintenance_7803.pdf,.pdf,104,C:/Healthcare/Maintenance/,2023-08-15T08:04:26,low
meeting_7804.docx,.docx,335,C:/Healthcare/Meetings/,2025-09-06T07:06:56,medium
workorder_7805.txt,.txt,144,C:/Healthcare/Maintenance/,2024-05-25T20:38:15,medium
minutes_7806.pdf,.pdf,1533,C:/Healthcare/Meetings/,2024-07-25T09:04:24,medium
reimbursement_7807_archived.pdf,.pdf,776,C:/Healthcare/Insurance/,2025-09-15T02:58:37,medium
maintenance_minutes_7808.docx,.docx,323,C:/Healthcare/Meetings/,2023-09-16T10:07:51,medium
lab_notice_7809.txt,.txt,61,C:/Healthcare/PublicInfo/Menu/,2025-01-08T08:42:41,low
parking_7810.pdf,.pdf,2082,C:/Healthcare/PublicInfo/Menu/,2023-08-02T16:31:55,high
consent_7811.xlsx,.xlsx,671,C:/Healthcare/Patients/,2024-07-12T22:17:37,low
lab_7812.xls,.xls,399,C:/Healthcare/LabResults/,2025-09-10T02:26:16,medium
diagnosis_7813.xlsx,.xlsx,165,C:/Healthcare/Patients/,2023-02-28T15:15:29,low
roster_7814_final.csv,.csv,384,C:/Healthcare/StaffSchedules/,2023-09-19T10:19:32,high
results_7815.csv,.csv,149,C:/Healthcare/LabResults/,2023-06-13T05:45:34,low
schedule_log_7816.xlsx,.xlsx,304,C:/Healthcare/Maintenance/,2024-09-03T23:25:58,medium
reimbursement_7817.csv,.csv,163,C:/Healthcare/Insurance/,2025-03-03T11:19:47,low
announcement_notice_7818.pdf,.pdf,2110,C:/Healthcare/PublicInfo/Parking/,2023-03-21T15:30:23,low
results_log_7819.pdf,.pdf,2172,C:/Healthcare/Maintenance/,2024-05-26T15:37:36,low
minutes_7820.pdf,.pdf,8,C:/Healthcare/Meetings/,2024-08-31T17:43:53,low
announcement_parking_7821.pdf,.pdf,662,C:/Healthcare/PublicInfo/Menu/,2023-06-15T11:20:09,low
minutes_7822.pdf,.pdf,602,C:/Healthcare/Meetings/,2023-02-10T04:34:45,low
insurance_claim_menu_7823_draft.txt,.txt,49,C:/Healthcare/PublicInfo/Menu/,2024-06-25T03:45:57,low
record_7824.docx,.docx,548,C:/Healthcare/Patients/,2024-03-16T08:46:18,high
lab_7825.xlsx,.xlsx,636,C:/Healthcare/LabResults/,2025-04-22T06:48:39,low
summary_info_7826.pdf,.pdf,71,C:/Healthcare/PublicInfo/Notices/,2024-12-22T06:46:32,low
procedure_7827.xlsx,.xlsx,237,C:/Healthcare/Internal/Protocols/,2025-02-07T03:37:36,low
announcement_coverage_7828.docx,.docx,90,C:/Healthcare/Insurance/,2023-10-18T18:52:03,low
info_7829.pdf,.pdf,708,C:/Healthcare/PublicInfo/Menu/,2023-05-12T12:02:09,medium
menu_7830.csv,.csv,138,C:/Healthcare/PublicInfo/Parking/,2024-07-13T23:34:13,low
minutes_7831.pdf,.pdf,886,C:/Healthcare/Meetings/,2025-12-01T16:49:58,medium
report_claim_7832.pdf,.pdf,1377,C:/Healthcare/Insurance/,2023-08-04T22:35:58,medium
maintenance_notice_7833.txt,.txt,99,C:/Healthcare/PublicInfo/Menu/,2025-01-28T12:41:16,low
info_7834.txt,.txt,107,C:/Healthcare/PublicInfo/Parking/,2025-02-13T02:47:35,medium
lab_meeting_7835.pdf,.pdf,1924,C:/Healthcare/Meetings/,2023-08-30T07:11:37,high
maintenance_7836.txt,.txt,33,C:/Healthcare/Maintenance/,2024-05-14T20:40:56,low
report_parking_7837.pdf,.pdf,1458,C:/Healthcare/PublicInfo/Notices/,2023-04-25T16:05:06,medium
summary_schedule_7838.xlsx,.xlsx,1114,C:/Healthcare/StaffSchedules/,2023-04-09T19:35:25,low
procedure_7839.xlsx,.xlsx,1091,C:/Healthcare/Internal/Protocols/,2025-12-04T04:39:41,high
menu_shift_7840.xlsx,.xlsx,222,C:/Healthcare/StaffSchedules/,2024-09-02T02:37:01,medium
record_7841.csv,.csv,257,C:/Healthcare/Patients/,2025-04-16T09:04:05,low
public_test_7842.pdf,.pdf,859,C:/Healthcare/LabResults/,2023-07-02T21:29:52,low
maintenance_7843_confidential.xlsx,.xlsx,154,C:/Healthcare/Maintenance/,2023-06-30T03:11:24,low
workorder_7844.xlsx,.xlsx,1656,C:/Healthcare/Maintenance/,2023-06-22T08:19:50,high
results_7845.pdf,.pdf,407,C:/Healthcare/LabResults/,2023-11-04T06:22:05,low
notice_7846.csv,.csv,311,C:/Healthcare/PublicInfo/Menu/,2025-03-24T18:46:28,medium
parking_7847.pdf,.pdf,148,C:/Healthcare/PublicInfo/Notices/,2024-05-18T15:21:00,medium
results_guideline_7848.pdf,.pdf,8,C:/Healthcare/Internal/Protocols/,2025-09-17T23:05:33,low
analysis_7849.xlsx,.xlsx,400,C:/Healthcare/LabResults/,2023-12-10T12:13:39,low
patient_7850_draft.csv,.csv,53,C:/Healthcare/Patients/,2025-03-29T06:23:50,low
invoice_7851.pdf,.pdf,3260,C:/Healthcare/Insurance/,2023-12-24T16:22:16,medium
results_7852.xls,.xls,16,C:/Healthcare/LabResults/,2024-02-17T03:38:29,medium
minutes_7853_confidential.pdf,.pdf,963,C:/Healthcare/Meetings/,2023-08-18T14:26:59,low
announcement_coverage_7854.docx,.docx,352,C:/Healthcare/Insurance/,2023-11-25T19:46:19,low
protocol_7855.docx,.docx,496,C:/Healthcare/Internal/Protocols/,2025-02-26T10:05:09,high
roster_7856_final.pdf,.pdf,85,C:/Healthcare/StaffSchedules/,2023-05-14T04:29:24,high
policy_7857.docx,.docx,18,C:/Healthcare/Insurance/,2024-10-06T22:51:31,high
menu_7858.pdf,.pdf,766,C:/Healthcare/PublicInfo/Parking/,2023-03-23T13:56:23,low
guideline_7859.xlsx,.xlsx,2102,C:/Healthcare/Internal/Protocols/,2024-08-08T11:32:36,high
schedule_notice_7860.txt,.txt,110,C:/Healthcare/PublicInfo/Notices/,2024-08-01T02:43:11,medium
lab_notice_7861.txt,.txt,120,C:/Healthcare/PublicInfo/Menu/,2024-11-28T23:26:14,medium
menu_7862.csv,.csv,414,C:/Healthcare/PublicInfo/Menu/,2025-12-14T17:51:26,low
schedule_minutes_7863.docx,.docx,1230,C:/Healthcare/Meetings/,2024-07-07T21:35:29,high
minutes_7864.txt,.txt,16,C:/Healthcare/Meetings/,2023-05-03T22:08:18,low
invoice_7865.docx,.docx,547,C:/Healthcare/Insurance/,2023-07-29T00:59:33,low
parking_notice_7866.csv,.csv,4,C:/Healthcare/PublicInfo/Menu/,2023-01-07T17:55:43,medium
log_7867.xlsx,.xlsx,1015,C:/Healthcare/Maintenance/,2024-02-18T04:47:16,low
report_agenda_7868.docx,.docx,485,C:/Healthcare/Meetings/,2023-03-15T09:20:24,low
guideline_7869.xlsx,.xlsx,475,C:/Healthcare/Internal/Protocols/,2023-01-01T13:31:54,low
specimen_7870.csv,.csv,340,C:/Healthcare/LabResults/,2025-07-30T22:55:28,low
ssn_minutes_7871.pdf,.pdf,1545,C:/Healthcare/Meetings/,2023-06-08T15:47:30,low
menu_policy_7872.docx,.docx,32,C:/Healthcare/Insurance/,2023-01-30T21:16:36,low
notice_test_7873.xls,.xls,868,C:/Healthcare/LabResults/,2023-07-21T01:50:22,medium
public_specimen_7874.xls,.xls,59,C:/Healthcare/LabResults/,2024-12-12T19:38:56,low
invoice_menu_7875.txt,.txt,134,C:/Healthcare/PublicInfo/Menu/,2025-01-17T08:07:13,low
reimbursement_7876.pdf,.pdf,139,C:/Healthcare/Insurance/,2025-08-27T23:37:01,low
medical_visit_7877.docx,.docx,101,C:/Healthcare/Patients/,2024-09-02T16:40:43,low
schedule_7878.pdf,.pdf,967,C:/Healthcare/StaffSchedules/,2023-03-07T01:57:40,low
protocol_7879.pdf,.pdf,917,C:/Healthcare/Internal/Protocols/,2025-06-19T11:41:33,medium
visit_7880.csv,.csv,230,C:/Healthcare/Patients/,2025-11-03T08:26:33,low
notice_guideline_7881.pdf,.pdf,602,C:/Healthcare/Internal/Protocols/,2024-08-27T10:43:22,low
schedule_7882_confidential.csv,.csv,548,C:/Healthcare/StaffSchedules/,2023-12-30T23:05:49,medium
maintenance_coverage_7883.csv,.csv,219,C:/Healthcare/Insurance/,2025-03-27T11:45:24,high
notice_7884.pdf,.pdf,683,C:/Healthcare/PublicInfo/Menu/,2023-01-29T09:28:28,low
info_7885.txt,.txt,6,C:/Healthcare/PublicInfo/Parking/,2024-04-02T22:24:00,low
notice_7886.txt,.txt,43,C:/Healthcare/PublicInfo/Parking/,2024-07-17T17:19:59,medium
notice_procedure_7887.pdf,.pdf,293,C:/Healthcare/Internal/Protocols/,2025-01-27T19:31:55,medium
record_7888.xlsx,.xlsx,1062,C:/Healthcare/Patients/,2025-11-09T15:01:25,medium
announcement_menu_7889.txt,.txt,66,C:/Healthcare/PublicInfo/Parking/,2025-03-26T02:45:44,low
summary_results_7890.xls,.xls,574,C:/Healthcare/LabResults/,2025-10-24T15:30:46,low
menu_patient_7891.docx,.docx,608,C:/Healthcare/Patients/,2023-05-13T16:55:22,medium
announcement_parking_7892_archived.csv,.csv,237,C:/Healthcare/PublicInfo/Menu/,2025-06-17T18:23:06,low
schedule_menu_7893.csv,.csv,679,C:/Healthcare/PublicInfo/Notices/,2025-04-18T12:46:25,medium
results_log_7894_draft.pdf,.pdf,1484,C:/Healthcare/Maintenance/,2023-10-31T04:12:07,medium
lab_notice_7895.txt,.txt,110,C:/Healthcare/PublicInfo/Menu/,2024-10-30T01:02:07,low
report_test_7896.xls,.xls,868,C:/Healthcare/LabResults/,2023-04-04T00:29:34,low
parking_7897.pdf,.pdf,1780,C:/Healthcare/PublicInfo/Parking/,2023-07-07T00:09:08,low
maintenance_menu_7898.txt,.txt,109,C:/Healthcare/PublicInfo/Notices/,2023-12-21T17:35:22,low
info_7899.txt,.txt,50,C:/Healthcare/PublicInfo/Menu/,2024-06-15T05:29:22,high
menu_parking_7900.pdf,.pdf,355,C:/Healthcare/PublicInfo/Parking/,2025-12-06T22:39:03,medium
announcement_menu_7901.txt,.txt,29,C:/Healthcare/PublicInfo/Notices/,2025-07-20T18:51:14,low
log_7902.xlsx,.xlsx,671,C:/Healthcare/Maintenance/,2024-11-22T00:53:03,low
parking_info_7903.pdf,.pdf,74,C:/Healthcare/PublicInfo/Parking/,2023-07-11T00:47:29,medium
report_protocol_7904.docx,.docx,398,C:/Healthcare/Internal/Protocols/,2023-03-25T22:17:41,low
prescription_parking_7905.pdf,.pdf,608,C:/Healthcare/PublicInfo/Parking/,2023-05-03T04:10:24,medium
protocol_7906.docx,.docx,70,C:/Healthcare/Internal/Protocols/,2023-01-07T14:19:31,low
appointment_notice_7907.pdf,.pdf,698,C:/Healthcare/PublicInfo/Notices/,2023-07-19T19:27:43,low
notice_7908.txt,.txt,36,C:/Healthcare/PublicInfo/Notices/,2024-06-09T06:31:03,low
parking_claim_7909.docx,.docx,1104,C:/Healthcare/Insurance/,2025-12-30T19:28:18,low
test_diagnosis_7910.pdf,.pdf,662,C:/Healthcare/Patients/,2024-03-29T05:56:18,low
maintenance_7911.txt,.txt,115,C:/Healthcare/Maintenance/,2024-01-12T09:04:22,low
invoice_7912.docx,.docx,683,C:/Healthcare/Insurance/,2024-02-17T07:29:53,low
patient_procedure_7913_confidential.pdf,.pdf,743,C:/Healthcare/Internal/Protocols/,2025-04-27T15:02:03,medium
procedure_7914.pdf,.pdf,930,C:/Healthcare/Internal/Protocols/,2025-01-20T22:27:41,low
test_7915.xls,.xls,1627,C:/Healthcare/LabResults/,2025-09-08T07:57:35,high
minutes_7916.pdf,.pdf,2321,C:/Healthcare/Meetings/,2023-03-27T04:00:13,medium
parking_record_7917.csv,.csv,197,C:/Healthcare/Patients/,2023-05-09T13:42:37,low
announcement_menu_7918_archived.txt,.txt,13,C:/Healthcare/PublicInfo/Notices/,2025-08-25T11:48:53,low
coverage_7919.csv,.csv,161,C:/Healthcare/Insurance/,2025-08-18T01:46:47,medium
public_notice_7920.txt,.txt,4,C:/Healthcare/PublicInfo/Menu/,2024-04-21T18:17:43,low
specimen_7921.xlsx,.xlsx,751,C:/Healthcare/LabResults/,2024-06-14T13:07:26,low
invoice_consent_7922_v2.pdf,.pdf,465,C:/Healthcare/Patients/,2024-03-11T05:24:42,low
invoice_info_7923.csv,.csv,120,C:/Healthcare/PublicInfo/Parking/,2023-08-20T12:04:24,high
consent_roster_7924.csv,.csv,344,C:/Healthcare/StaffSchedules/,2024-07-05T10:17:21,low
report_analysis_7925.xls,.xls,1073,C:/Healthcare/LabResults/,2023-06-27T16:25:34,high
analysis_7926.xls,.xls,267,C:/Healthcare/LabResults/,2024-12-10T13:16:41,low
coverage_7927.docx,.docx,448,C:/Healthcare/Insurance/,2025-12-23T22:38:10,medium
summary_reimbursement_7928.csv,.csv,486,C:/Healthcare/Insurance/,2023-08-26T10:15:43,high
reimbursement_7929.docx,.docx,835,C:/Healthcare/Insurance/,2023-11-25T00:50:15,medium
info_7930.pdf,.pdf,1375,C:/Healthcare/PublicInfo/Menu/,2023-01-04T01:34:06,low
coverage_7931.pdf,.pdf,719,C:/Healthcare/Insurance/,2024-08-30T07:28:28,low
notice_7932.csv,.csv,271,C:/Healthcare/PublicInfo/Notices/,2025-01-14T21:53:44,high
public_reimbursement_7933.csv,.csv,559,C:/Healthcare/Insurance/,2023-09-25T05:15:10,medium
invoice_notice_7934.pdf,.pdf,141,C:/Healthcare/PublicInfo/Notices/,2025-09-25T21:15:06,medium
payroll_parking_7935_final.csv,.csv,501,C:/Healthcare/PublicInfo/Notices/,2023-04-08T20:56:19,low
results_coverage_7936.pdf,.pdf,1087,C:/Healthcare/Insurance/,2024-01-03T06:16:58,medium
parking_7937.txt,.txt,77,C:/Healthcare/PublicInfo/Notices/,2025-12-27T18:32:09,high
reimbursement_7938_draft.pdf,.pdf,284,C:/Healthcare/Insurance/,2025-05-22T23:44:07,medium
results_7939.xls,.xls,632,C:/Healthcare/LabResults/,2024-12-31T15:21:11,high
maintenance_patient_7940_draft.xlsx,.xlsx,23,C:/Healthcare/Patients/,2023-09-12T16:55:21,high
medical_parking_7941.pdf,.pdf,24,C:/Healthcare/PublicInfo/Menu/,2023-06-19T11:34:17,low
summary_minutes_7942.docx,.docx,136,C:/Healthcare/Meetings/,2025-02-16T08:23:34,medium
public_test_7943.pdf,.pdf,121,C:/Healthcare/LabResults/,2024-05-05T18:21:16,medium
maintenance_7944.txt,.txt,1,C:/Healthcare/Maintenance/,2024-06-28T10:05:10,medium
notice_maintenance_7945.txt,.txt,90,C:/Healthcare/Maintenance/,2025-05-26T06:26:59,medium
policy_7946.pdf,.pdf,875,C:/Healthcare/Insurance/,2024-04-02T14:40:00,medium
summary_parking_7947.pdf,.pdf,493,C:/Healthcare/PublicInfo/Notices/,2024-06-05T14:22:45,medium
test_patient_7948.pdf,.pdf,649,C:/Healthcare/Patients/,2024-12-10T21:17:17,low
schedule_notice_7949.csv,.csv,128,C:/Healthcare/PublicInfo/Notices/,2024-10-12T17:26:53,low
policy_7950.pdf,.pdf,367,C:/Healthcare/Insurance/,2023-01-27T16:44:30,high
lab_lab_7951.csv,.csv,59,C:/Healthcare/LabResults/,2025-05-07T22:13:16,medium
info_7952.txt,.txt,51,C:/Healthcare/PublicInfo/Menu/,2024-03-04T11:44:42,low
menu_notice_7953.pdf,.pdf,1392,C:/Healthcare/PublicInfo/Notices/,2025-10-18T15:18:04,medium
announcement_notice_7954.pdf,.pdf,268,C:/Healthcare/PublicInfo/Menu/,2024-01-31T09:54:26,low
agenda_7955.txt,.txt,33,C:/Healthcare/Meetings/,2023-01-22T17:15:44,medium
notice_7956.txt,.txt,8,C:/Healthcare/PublicInfo/Menu/,2023-12-23T05:29:53,medium
claim_7957.docx,.docx,879,C:/Healthcare/Insurance/,2023-02-21T07:06:14,high
agenda_7958.pdf,.pdf,749,C:/Healthcare/Meetings/,2024-09-14T11:46:16,medium
roster_7959.csv,.csv,907,C:/Healthcare/StaffSchedules/,2024-02-03T20:06:47,medium
notice_procedure_7960.xlsx,.xlsx,1030,C:/Healthcare/Internal/Protocols/,2025-02-25T18:36:40,low
record_7961_v2.docx,.docx,264,C:/Healthcare/Patients/,2024-11-20T00:05:25,high
log_7962.xlsx,.xlsx,990,C:/Healthcare/Maintenance/,2025-10-13T17:15:23,low
patient_7963.xlsx,.xlsx,493,C:/Healthcare/Patients/,2025-02-21T09:35:23,medium
specimen_7964.csv,.csv,120,C:/Healthcare/LabResults/,2025-09-07T19:21:06,low
schedule_7965.pdf,.pdf,236,C:/Healthcare/StaffSchedules/,2025-03-04T17:21:28,medium
lab_7966.csv,.csv,728,C:/Healthcare/LabResults/,2024-03-17T23:57:40,high
minutes_7967.docx,.docx,587,C:/Healthcare/Meetings/,2025-07-14T17:02:14,medium
diagnosis_7968_confidential.docx,.docx,499,C:/Healthcare/Patients/,2024-10-07T20:53:39,low
schedule_analysis_7969.xls,.xls,1189,C:/Healthcare/LabResults/,2025-08-24T05:32:01,low
analysis_7970.pdf,.pdf,25,C:/Healthcare/LabResults/,2025-09-26T10:19:51,high
notice_7971.txt,.txt,105,C:/Healthcare/PublicInfo/Parking/,2025-10-24T13:05:44,low
notice_7972.csv,.csv,204,C:/Healthcare/PublicInfo/Notices/,2024-05-07T20:37:01,low
info_7973.txt,.txt,73,C:/Healthcare/PublicInfo/Menu/,2024-04-12T05:36:58,low
public_analysis_7974.pdf,.pdf,737,C:/Healthcare/LabResults/,2025-09-18T11:07:40,low
schedule_log_7975.xlsx,.xlsx,685,C:/Healthcare/Maintenance/,2024-11-23T22:06:47,low
notice_7976_archived.txt,.txt,111,C:/Healthcare/PublicInfo/Menu/,2023-01-19T07:53:04,low
appointment_meeting_7977.pdf,.pdf,471,C:/Healthcare/Meetings/,2025-01-17T10:34:13,high
report_patient_7978.pdf,.pdf,438,C:/Healthcare/Patients/,2025-01-17T08:43:19,high
lab_consent_7979.pdf,.pdf,2308,C:/Healthcare/Patients/,2024-06-22T02:25:21,medium
parking_7980.pdf,.pdf,1539,C:/Healthcare/PublicInfo/Menu/,2023-03-10T12:36:27,low
policy_7981.csv,.csv,332,C:/Healthcare/Insurance/,2023-03-21T21:52:03,low
test_roster_7982.csv,.csv,377,C:/Healthcare/StaffSchedules/,2025-05-07T14:05:51,low
invoice_test_7983.xls,.xls,685,C:/Healthcare/LabResults/,2023-05-13T08:45:22,low
announcement_workorder_7984_archived.pdf,.pdf,1580,C:/Healthcare/Maintenance/,2025-01-23T07:05:15,low
lab_analysis_7985.xls,.xls,726,C:/Healthcare/LabResults/,2024-12-08T23:38:50,high
schedule_log_7986.xlsx,.xlsx,560,C:/Healthcare/Maintenance/,2025-09-23T06:00:51,medium
report_guideline_7987.pdf,.pdf,730,C:/Healthcare/Internal/Protocols/,2025-08-01T03:02:46,low
notice_7988.txt,.txt,40,C:/Healthcare/PublicInfo/Notices/,2025-02-14T19:47:56,high
menu_7989.csv,.csv,193,C:/Healthcare/PublicInfo/Notices/,2025-05-21T05:07:56,medium
notice_shift_7990.pdf,.pdf,1305,C:/Healthcare/StaffSchedules/,2024-05-02T04:35:14,high
test_results_7991.xls,.xls,156,C:/Healthcare/LabResults/,2025-05-01T06:45:34,low
schedule_7992.pdf,.pdf,1308,C:/Healthcare/StaffSchedules/,2023-02-21T14:39:07,medium
summary_minutes_7993.docx,.docx,530,C:/Healthcare/Meetings/,2025-02-24T13:06:25,low
schedule_parking_7994.txt,.txt,112,C:/Healthcare/PublicInfo/Notices/,2023-08-02T19:01:43,low
procedure_7995_archived.pdf,.pdf,41,C:/Healthcare/Internal/Protocols/,2024-01-30T20:11:16,low
log_7996.pdf,.pdf,1698,C:/Healthcare/Maintenance/,2023-02-12T07:59:45,low
notice_results_7997.pdf,.pdf,291,C:/Healthcare/LabResults/,2024-01-08T09:28:15,medium
maintenance_parking_7998.pdf,.pdf,1000,C:/Healthcare/PublicInfo/Menu/,2023-09-24T19:16:47,low
reimbursement_7999.docx,.docx,955,C:/Healthcare/Insurance/,2024-02-10T10:56:06,low
schedule_8000.xlsx,.xlsx,732,C:/Healthcare/StaffSchedules/,2024-09-12T14:52:28,medium
maintenance_roster_8001.pdf,.pdf,522,C:/Healthcare/StaffSchedules/,2025-04-22T04:59:20,low
report_patient_8002.pdf,.pdf,1314,C:/Healthcare/Patients/,2025-01-16T13:11:18,medium
menu_parking_8003.txt,.txt,69,C:/Healthcare/PublicInfo/Menu/,2024-10-02T23:08:46,low
announcement_guideline_8004.pdf,.pdf,108,C:/Healthcare/Internal/Protocols/,2025-01-29T20:18:13,low
test_reimbursement_8005.csv,.csv,368,C:/Healthcare/Insurance/,2024-10-19T18:39:43,high
workorder_8006.xlsx,.xlsx,512,C:/Healthcare/Maintenance/,2023-08-04T17:33:17,high
results_consent_8007.xlsx,.xlsx,874,C:/Healthcare/Patients/,2023-05-16T16:59:12,medium
coverage_8008.docx,.docx,223,C:/Healthcare/Insurance/,2025-04-30T09:58:20,medium
lab_protocol_8009_confidential.pdf,.pdf,561,C:/Healthcare/Internal/Protocols/,2023-08-03T20:25:04,low
maintenance_8010.pdf,.pdf,178,C:/Healthcare/Maintenance/,2023-11-20T12:29:36,medium
reimbursement_8011.csv,.csv,509,C:/Healthcare/Insurance/,2023-10-05T09:53:56,low
payroll_menu_8012.csv,.csv,169,C:/Healthcare/PublicInfo/Parking/,2023-09-09T03:02:10,high
invoice_workorder_8013.xlsx,.xlsx,193,C:/Healthcare/Maintenance/,2024-02-17T12:25:44,medium
claim_8014.csv,.csv,678,C:/Healthcare/Insurance/,2023-09-01T02:33:31,medium
record_8015.pdf,.pdf,9,C:/Healthcare/Patients/,2023-10-18T01:49:31,low
results_menu_8016.pdf,.pdf,3374,C:/Healthcare/PublicInfo/Parking/,2025-09-28T02:05:35,low
test_reimbursement_8017_draft.docx,.docx,318,C:/Healthcare/Insurance/,2023-09-25T08:18:57,low
protocol_8018.docx,.docx,1196,C:/Healthcare/Internal/Protocols/,2024-05-08T00:33:21,medium
workorder_8019.pdf,.pdf,608,C:/Healthcare/Maintenance/,2023-08-03T04:20:35,medium
info_8020.txt,.txt,108,C:/Healthcare/PublicInfo/Parking/,2023-02-11T18:23:04,low
maintenance_8021.pdf,.pdf,1286,C:/Healthcare/Maintenance/,2023-08-01T11:14:02,low
log_8022.xlsx,.xlsx,314,C:/Healthcare/Maintenance/,2025-03-21T00:13:51,low
confidential_policy_8023.pdf,.pdf,73,C:/Healthcare/Insurance/,2024-07-29T01:59:50,low
invoice_8024.docx,.docx,834,C:/Healthcare/Insurance/,2023-10-05T03:12:30,medium
invoice_8025.csv,.csv,436,C:/Healthcare/Insurance/,2025-11-10T21:51:06,low
report_parking_8026.pdf,.pdf,708,C:/Healthcare/PublicInfo/Parking/,2024-04-10T23:08:37,low
minutes_8027.pdf,.pdf,709,C:/Healthcare/Meetings/,2023-07-27T02:01:20,low
results_parking_8028.pdf,.pdf,685,C:/Healthcare/PublicInfo/Notices/,2025-04-07T00:10:18,low
agenda_8029.pdf,.pdf,891,C:/Healthcare/Meetings/,2023-08-22T16:31:19,low
workorder_8030.pdf,.pdf,1830,C:/Healthcare/Maintenance/,2025-02-09T19:04:32,medium
announcement_log_8031.pdf,.pdf,1825,C:/Healthcare/Maintenance/,2025-06-16T20:10:11,low
minutes_8032_archived.txt,.txt,116,C:/Healthcare/Meetings/,2023-08-17T01:02:53,high
roster_8033.xlsx,.xlsx,1131,C:/Healthcare/StaffSchedules/,2024-02-14T23:03:22,medium
meeting_8034.txt,.txt,108,C:/Healthcare/Meetings/,2025-10-28T13:25:15,medium
menu_log_8035_archived.pdf,.pdf,202,C:/Healthcare/Maintenance/,2024-01-05T07:25:33,medium
test_visit_8036.xlsx,.xlsx,355,C:/Healthcare/Patients/,2025-07-19T16:23:58,low
maintenance_meeting_8037.txt,.txt,48,C:/Healthcare/Meetings/,2025-06-22T00:20:27,low
workorder_8038.xlsx,.xlsx,567,C:/Healthcare/Maintenance/,2024-05-28T12:15:36,low
report_parking_8039.txt,.txt,92,C:/Healthcare/PublicInfo/Notices/,2024-08-02T06:12:18,medium
notice_8040_draft.txt,.txt,120,C:/Healthcare/PublicInfo/Notices/,2025-08-01T15:31:26,low
passwords_analysis_8041.xlsx,.xlsx,256,C:/Healthcare/LabResults/,2023-02-16T10:10:01,low
schedule_diagnosis_8042_final.docx,.docx,685,C:/Healthcare/Patients/,2023-08-12T19:32:24,high
audit_policy_8043.pdf,.pdf,1527,C:/Healthcare/Insurance/,2025-02-21T22:54:10,medium
appointment_minutes_8044.docx,.docx,517,C:/Healthcare/Meetings/,2025-08-15T05:28:10,medium
appointment_shift_8045.pdf,.pdf,1116,C:/Healthcare/StaffSchedules/,2023-02-23T14:54:26,low
report_agenda_8046.pdf,.pdf,1279,C:/Healthcare/Meetings/,2025-07-20T18:36:10,medium
appointment_parking_8047.txt,.txt,53,C:/Healthcare/PublicInfo/Parking/,2024-07-30T07:36:38,low
record_8048.xlsx,.xlsx,1168,C:/Healthcare/Patients/,2023-11-02T16:58:39,low
procedure_8049.xlsx,.xlsx,146,C:/Healthcare/Internal/Protocols/,2025-10-29T03:22:40,low
medical_specimen_8050.csv,.csv,285,C:/Healthcare/LabResults/,2023-05-06T23:48:44,low
appointment_notice_8051.txt,.txt,93,C:/Healthcare/PublicInfo/Notices/,2025-04-26T05:40:56,medium
prescription_coverage_8052.docx,.docx,431,C:/Healthcare/Insurance/,2023-07-07T09:36:25,high
appointment_test_8053.xlsx,.xlsx,807,C:/Healthcare/LabResults/,2024-09-30T17:09:20,medium
parking_8054_final.csv,.csv,487,C:/Healthcare/PublicInfo/Notices/,2023-09-29T05:44:45,medium
notice_shift_8055.xlsx,.xlsx,639,C:/Healthcare/StaffSchedules/,2023-03-23T14:22:18,high
public_notice_8056.pdf,.pdf,1178,C:/Healthcare/PublicInfo/Menu/,2024-07-15T23:43:47,medium
schedule_notice_8057.csv,.csv,183,C:/Healthcare/PublicInfo/Notices/,2025-08-23T22:13:12,high
patient_reimbursement_8058.csv,.csv,486,C:/Healthcare/Insurance/,2025-12-15T00:34:26,high
invoice_claim_8059.docx,.docx,180,C:/Healthcare/Insurance/,2023-01-08T00:29:39,low
announcement_meeting_8060.pdf,.pdf,1613,C:/Healthcare/Meetings/,2024-02-26T17:57:13,low
summary_protocol_8061.xlsx,.xlsx,286,C:/Healthcare/Internal/Protocols/,2023-06-24T06:05:15,medium
menu_8062.txt,.txt,91,C:/Healthcare/PublicInfo/Notices/,2024-04-09T11:16:04,medium
info_8063.txt,.txt,122,C:/Healthcare/PublicInfo/Parking/,2025-09-09T23:26:22,low
lab_8064.xls,.xls,78,C:/Healthcare/LabResults/,2025-09-01T16:48:36,low
public_schedule_8065.xlsx,.xlsx,1589,C:/Healthcare/StaffSchedules/,2025-09-23T11:21:27,medium
menu_8066.txt,.txt,59,C:/Healthcare/PublicInfo/Parking/,2024-09-03T22:34:47,low
info_8067.csv,.csv,227,C:/Healthcare/PublicInfo/Menu/,2024-03-31T14:40:00,low
prescription_workorder_8068.xlsx,.xlsx,1542,C:/Healthcare/Maintenance/,2024-02-17T01:24:47,low
coverage_8069.pdf,.pdf,299,C:/Healthcare/Insurance/,2023-10-23T12:40:16,low
coverage_8070.docx,.docx,348,C:/Healthcare/Insurance/,2023-05-26T02:35:44,high
report_coverage_8071.pdf,.pdf,1001,C:/Healthcare/Insurance/,2023-01-24T18:45:12,high
maintenance_meeting_8072.docx,.docx,75,C:/Healthcare/Meetings/,2023-10-28T22:34:48,medium
meeting_8073.docx,.docx,85,C:/Healthcare/Meetings/,2023-11-19T12:24:24,low
diagnosis_results_8074.pdf,.pdf,1662,C:/Healthcare/LabResults/,2024-09-20T05:26:02,medium
patient_workorder_8075.pdf,.pdf,1923,C:/Healthcare/Maintenance/,2023-06-24T17:49:23,low
visit_8076.docx,.docx,393,C:/Healthcare/Patients/,2023-07-10T19:51:31,low
menu_8077.txt,.txt,42,C:/Healthcare/PublicInfo/Menu/,2025-08-31T01:39:29,low
menu_guideline_8078_final.docx,.docx,315,C:/Healthcare/Internal/Protocols/,2023-07-09T13:56:03,low
diagnosis_8079.xlsx,.xlsx,62,C:/Healthcare/Patients/,2024-02-28T04:37:49,low
appointment_roster_8080.csv,.csv,260,C:/Healthcare/StaffSchedules/,2023-05-20T22:38:01,low
analysis_8081.xlsx,.xlsx,1784,C:/Healthcare/LabResults/,2023-12-25T01:55:53,medium
notice_results_8082.xlsx,.xlsx,570,C:/Healthcare/LabResults/,2025-10-03T02:09:42,medium
guideline_8083.xlsx,.xlsx,453,C:/Healthcare/Internal/Protocols/,2023-04-04T14:27:47,low
info_8084.txt,.txt,113,C:/Healthcare/PublicInfo/Notices/,2024-10-25T11:57:13,medium
results_agenda_8085.pdf,.pdf,1151,C:/Healthcare/Meetings/,2025-12-12T22:16:13,low
lab_menu_8086.csv,.csv,53,C:/Healthcare/PublicInfo/Parking/,2025-01-07T08:11:34,low
parking_8087.csv,.csv,88,C:/Healthcare/PublicInfo/Parking/,2025-09-15T00:25:31,medium
schedule_visit_8088_archived.csv,.csv,379,C:/Healthcare/Patients/,2023-08-28T11:55:12,low
menu_info_8089.csv,.csv,117,C:/Healthcare/PublicInfo/Notices/,2023-11-21T11:02:38,low
public_maintenance_8090.txt,.txt,99,C:/Healthcare/Maintenance/,2025-01-31T18:31:21,medium
results_results_8091.xlsx,.xlsx,161,C:/Healthcare/LabResults/,2023-10-17T01:00:29,high
reimbursement_8092.pdf,.pdf,1268,C:/Healthcare/Insurance/,2025-10-25T18:06:26,low
notice_specimen_8093.pdf,.pdf,1585,C:/Healthcare/LabResults/,2023-07-14T04:23:04,low
lab_reimbursement_8094.docx,.docx,825,C:/Healthcare/Insurance/,2025-05-17T18:17:40,medium
maintenance_8095.xlsx,.xlsx,341,C:/Healthcare/Maintenance/,2023-12-10T17:53:16,low
report_reimbursement_8096.csv,.csv,63,C:/Healthcare/Insurance/,2023-04-22T04:17:11,medium
invoice_8097.docx,.docx,683,C:/Healthcare/Insurance/,2024-01-23T00:01:10,low
agenda_8098.txt,.txt,133,C:/Healthcare/Meetings/,2023-05-04T04:53:14,low
public_procedure_8099.xlsx,.xlsx,926,C:/Healthcare/Internal/Protocols/,2024-09-18T12:36:33,low
patient_8100.pdf,.pdf,845,C:/Healthcare/Patients/,2025-08-19T21:59:28,low
menu_claim_8101.pdf,.pdf,351,C:/Healthcare/Insurance/,2023-02-22T20:58:53,low
medical_workorder_8102.xlsx,.xlsx,231,C:/Healthcare/Maintenance/,2023-02-13T04:09:19,low
report_maintenance_8103.txt,.txt,85,C:/Healthcare/Maintenance/,2025-11-20T15:26:07,medium
results_agenda_8104.docx,.docx,143,C:/Healthcare/Meetings/,2025-08-01T04:38:24,low
schedule_test_8105.xls,.xls,853,C:/Healthcare/LabResults/,2024-09-11T05:40:22,medium
schedule_test_8106.xlsx,.xlsx,174,C:/Healthcare/LabResults/,2025-08-18T16:31:09,medium
report_notice_8107.csv,.csv,35,C:/Healthcare/PublicInfo/Notices/,2024-04-08T00:55:45,medium
claim_8108_draft.docx,.docx,492,C:/Healthcare/Insurance/,2025-04-05T18:21:17,low
protocol_8109.xlsx,.xlsx,420,C:/Healthcare/Internal/Protocols/,2024-08-11T12:31:34,high
report_notice_8110.csv,.csv,54,C:/Healthcare/PublicInfo/Parking/,2023-06-09T21:37:34,medium
minutes_8111.pdf,.pdf,417,C:/Healthcare/Meetings/,2025-08-21T12:13:20,low
parking_guideline_8112_v2.docx,.docx,466,C:/Healthcare/Internal/Protocols/,2023-03-06T01:24:51,medium
guideline_8113.docx,.docx,191,C:/Healthcare/Internal/Protocols/,2024-04-05T03:10:38,low
policy_8114.docx,.docx,7,C:/Healthcare/Insurance/,2023-05-13T00:39:39,high
lab_coverage_8115_draft.docx,.docx,298,C:/Healthcare/Insurance/,2025-07-28T19:32:35,medium
notice_8116.txt,.txt,70,C:/Healthcare/PublicInfo/Parking/,2024-03-09T06:57:09,low
summary_guideline_8117.xlsx,.xlsx,221,C:/Healthcare/Internal/Protocols/,2025-10-21T08:50:37,low
protocol_8118.xlsx,.xlsx,535,C:/Healthcare/Internal/Protocols/,2025-09-03T20:53:03,low
info_8119_draft.pdf,.pdf,1000,C:/Healthcare/PublicInfo/Menu/,2023-10-23T13:08:48,medium
specimen_8120_archived.xlsx,.xlsx,1064,C:/Healthcare/LabResults/,2023-08-15T11:22:05,medium
results_test_8121.csv,.csv,717,C:/Healthcare/LabResults/,2023-10-24T08:02:26,medium
lab_8122.xlsx,.xlsx,1739,C:/Healthcare/LabResults/,2024-06-09T17:42:36,medium
notice_8123.pdf,.pdf,473,C:/Healthcare/PublicInfo/Menu/,2024-08-03T01:11:10,low
summary_menu_8124.txt,.txt,166,C:/Healthcare/PublicInfo/Parking/,2023-09-20T19:15:20,medium
schedule_visit_8125.xlsx,.xlsx,829,C:/Healthcare/Patients/,2023-10-07T00:45:12,low
policy_8126.pdf,.pdf,535,C:/Healthcare/Insurance/,2025-10-21T17:04:56,medium
announcement_info_8127_confidential.pdf,.pdf,1219,C:/Healthcare/PublicInfo/Parking/,2025-02-06T18:58:59,low
log_8128.pdf,.pdf,1536,C:/Healthcare/Maintenance/,2023-06-04T16:30:09,medium
medical_guideline_8129_archived.docx,.docx,65,C:/Healthcare/Internal/Protocols/,2024-03-15T21:16:56,low
parking_8130_v2.txt,.txt,89,C:/Healthcare/PublicInfo/Notices/,2025-11-07T20:57:15,low
menu_consent_8131.docx,.docx,413,C:/Healthcare/Patients/,2024-05-20T06:02:38,low
maintenance_protocol_8132.pdf,.pdf,1789,C:/Healthcare/Internal/Protocols/,2025-08-08T00:59:05,low
parking_workorder_8133.pdf,.pdf,284,C:/Healthcare/Maintenance/,2025-12-02T05:23:56,low
protocol_8134.docx,.docx,363,C:/Healthcare/Internal/Protocols/,2025-12-13T09:11:58,medium
invoice_log_8135_v2.pdf,.pdf,890,C:/Healthcare/Maintenance/,2024-05-28T05:37:47,low
report_reimbursement_8136.pdf,.pdf,2939,C:/Healthcare/Insurance/,2023-01-22T12:55:57,high
summary_notice_8137.txt,.txt,20,C:/Healthcare/PublicInfo/Menu/,2023-07-10T00:52:31,medium
minutes_8138.txt,.txt,18,C:/Healthcare/Meetings/,2025-03-23T12:45:33,low
shift_8139_draft.xlsx,.xlsx,1299,C:/Healthcare/StaffSchedules/,2024-01-04T11:12:49,low
payroll_claim_8140.docx,.docx,387,C:/Healthcare/Insurance/,2025-02-04T19:13:13,high
schedule_log_8141.txt,.txt,87,C:/Healthcare/Maintenance/,2024-02-18T03:50:32,low
shift_8142.csv,.csv,30,C:/Healthcare/StaffSchedules/,2023-08-02T14:03:40,medium
invoice_maintenance_8143.xlsx,.xlsx,1321,C:/Healthcare/Maintenance/,2025-07-29T07:41:26,low
log_8144.pdf,.pdf,730,C:/Healthcare/Maintenance/,2024-04-01T13:34:57,low
maintenance_8145.txt,.txt,108,C:/Healthcare/Maintenance/,2025-11-12T07:39:22,medium
audit_meeting_8146.docx,.docx,980,C:/Healthcare/Meetings/,2023-05-03T02:56:43,high
consent_8147.docx,.docx,1303,C:/Healthcare/Patients/,2025-08-17T04:37:49,high
results_meeting_8148.docx,.docx,271,C:/Healthcare/Meetings/,2025-12-01T01:05:41,low
protocol_8149.pdf,.pdf,1177,C:/Healthcare/Internal/Protocols/,2023-12-10T15:39:14,low
test_test_8150.csv,.csv,465,C:/Healthcare/LabResults/,2025-05-28T05:59:35,medium
notice_menu_8151.txt,.txt,91,C:/Healthcare/PublicInfo/Parking/,2023-02-16T08:18:38,low
test_parking_8152_draft.pdf,.pdf,644,C:/Healthcare/PublicInfo/Parking/,2024-07-17T03:26:46,low
appointment_menu_8153.txt,.txt,27,C:/Healthcare/PublicInfo/Menu/,2023-07-26T03:13:02,low
notice_info_8154.txt,.txt,129,C:/Healthcare/PublicInfo/Parking/,2024-11-22T23:07:06,medium
notice_consent_8155.pdf,.pdf,1511,C:/Healthcare/Patients/,2025-12-17T15:40:11,high
parking_maintenance_8156.pdf,.pdf,3574,C:/Healthcare/Maintenance/,2025-07-11T23:35:28,high
announcement_agenda_8157.docx,.docx,292,C:/Healthcare/Meetings/,2024-06-19T23:44:50,low
results_minutes_8158.txt,.txt,57,C:/Healthcare/Meetings/,2023-07-27T23:38:02,low
procedure_8159.pdf,.pdf,1333,C:/Healthcare/Internal/Protocols/,2025-12-27T04:43:46,low
protocol_8160.docx,.docx,252,C:/Healthcare/Internal/Protocols/,2024-07-10T18:54:19,low
meeting_8161.docx,.docx,359,C:/Healthcare/Meetings/,2025-09-06T16:42:02,low
patient_8162.csv,.csv,74,C:/Healthcare/Patients/,2024-10-22T15:07:38,medium
shift_8163.xlsx,.xlsx,940,C:/Healthcare/StaffSchedules/,2025-10-18T22:27:48,low
parking_minutes_8164.pdf,.pdf,723,C:/Healthcare/Meetings/,2025-11-10T13:24:33,low
patient_8165.docx,.docx,3,C:/Healthcare/Patients/,2025-12-09T15:53:00,low
public_patient_8166.docx,.docx,496,C:/Healthcare/Patients/,2025-10-13T04:29:16,low
schedule_menu_8167.txt,.txt,107,C:/Healthcare/PublicInfo/Notices/,2025-05-26T03:55:40,medium
public_maintenance_8168.xlsx,.xlsx,253,C:/Healthcare/Maintenance/,2023-05-01T11:29:02,low
results_roster_8169.pdf,.pdf,1639,C:/Healthcare/StaffSchedules/,2025-04-25T18:15:19,high
diagnosis_8170.pdf,.pdf,664,C:/Healthcare/Patients/,2025-09-18T17:15:44,low
menu_menu_8171.pdf,.pdf,1016,C:/Healthcare/PublicInfo/Parking/,2025-11-06T19:49:59,low
menu_minutes_8172.pdf,.pdf,720,C:/Healthcare/Meetings/,2024-02-26T23:48:58,low
info_8173_confidential.csv,.csv,183,C:/Healthcare/PublicInfo/Notices/,2023-12-04T20:21:23,high
protocol_8174.pdf,.pdf,957,C:/Healthcare/Internal/Protocols/,2023-11-14T13:43:02,low
lab_8175.xlsx,.xlsx,995,C:/Healthcare/LabResults/,2025-08-22T23:28:15,medium
notice_8176.pdf,.pdf,594,C:/Healthcare/PublicInfo/Parking/,2025-04-16T12:23:19,low
medical_lab_8177.xlsx,.xlsx,739,C:/Healthcare/LabResults/,2024-10-06T17:46:45,low
protocol_8178_draft.pdf,.pdf,391,C:/Healthcare/Internal/Protocols/,2025-10-23T12:52:43,low
info_8179.csv,.csv,32,C:/Healthcare/PublicInfo/Menu/,2025-01-27T21:41:37,medium
patient_8180.pdf,.pdf,19,C:/Healthcare/Patients/,2024-06-09T05:28:52,medium
report_log_8181_final.xlsx,.xlsx,782,C:/Healthcare/Maintenance/,2025-03-23T04:55:14,low
notice_8182.pdf,.pdf,519,C:/Healthcare/PublicInfo/Notices/,2025-05-22T08:37:23,low
roster_8183.csv,.csv,110,C:/Healthcare/StaffSchedules/,2023-08-03T12:18:31,medium
menu_results_8184.pdf,.pdf,1977,C:/Healthcare/LabResults/,2023-06-19T07:19:05,medium
protocol_8185.docx,.docx,35,C:/Healthcare/Internal/Protocols/,2025-03-10T20:36:01,low
announcement_workorder_8186.xlsx,.xlsx,745,C:/Healthcare/Maintenance/,2023-07-02T00:19:06,high
agenda_8187_v2.docx,.docx,458,C:/Healthcare/Meetings/,2024-02-15T11:24:33,low
agenda_8188.docx,.docx,155,C:/Healthcare/Meetings/,2024-03-14T17:17:22,low
specimen_8189.csv,.csv,267,C:/Healthcare/LabResults/,2023-12-20T09:47:44,low
public_procedure_8190_final.docx,.docx,479,C:/Healthcare/Internal/Protocols/,2024-07-14T15:46:45,high
appointment_parking_8191.txt,.txt,18,C:/Healthcare/PublicInfo/Menu/,2025-07-30T23:39:02,medium
appointment_procedure_8192.pdf,.pdf,1161,C:/Healthcare/Internal/Protocols/,2023-11-24T19:33:01,medium
policy_8193_archived.csv,.csv,349,C:/Healthcare/Insurance/,2023-08-18T15:00:22,high
reimbursement_8194.csv,.csv,533,C:/Healthcare/Insurance/,2024-01-25T15:40:10,medium
maintenance_8195.txt,.txt,1,C:/Healthcare/Maintenance/,2024-03-24T14:18:25,low
protocol_8196.pdf,.pdf,2694,C:/Healthcare/Internal/Protocols/,2024-12-19T05:20:18,medium
reimbursement_8197.csv,.csv,508,C:/Healthcare/Insurance/,2023-12-28T10:00:13,medium
policy_8198.csv,.csv,132,C:/Healthcare/Insurance/,2025-03-06T01:34:29,medium
schedule_diagnosis_8199.pdf,.pdf,1783,C:/Healthcare/Patients/,2023-08-29T12:49:59,high
audit_workorder_8200.xlsx,.xlsx,402,C:/Healthcare/Maintenance/,2025-11-30T06:27:13,high
log_8201.txt,.txt,69,C:/Healthcare/Maintenance/,2023-09-19T08:04:37,medium
parking_roster_8202_archived.pdf,.pdf,1598,C:/Healthcare/StaffSchedules/,2024-07-26T11:48:14,high
announcement_log_8203.pdf,.pdf,421,C:/Healthcare/Maintenance/,2023-06-12T00:30:24,low
lab_roster_8204.xlsx,.xlsx,618,C:/Healthcare/StaffSchedules/,2025-08-13T17:36:51,low
workorder_8205.pdf,.pdf,1679,C:/Healthcare/Maintenance/,2024-08-16T11:19:09,medium
specimen_8206.csv,.csv,380,C:/Healthcare/LabResults/,2025-10-17T12:45:14,high
credentials_log_8207.pdf,.pdf,259,C:/Healthcare/Maintenance/,2025-03-06T17:21:44,high
menu_notice_8208.txt,.txt,7,C:/Healthcare/PublicInfo/Menu/,2025-05-24T11:46:55,low
lab_analysis_8209.pdf,.pdf,284,C:/Healthcare/LabResults/,2023-11-30T21:18:02,low
menu_roster_8210.csv,.csv,58,C:/Healthcare/StaffSchedules/,2023-05-18T03:10:04,low
roster_8211.pdf,.pdf,1295,C:/Healthcare/StaffSchedules/,2023-10-24T00:15:27,high
menu_info_8212.pdf,.pdf,518,C:/Healthcare/PublicInfo/Menu/,2023-06-07T19:20:10,low
summary_protocol_8213.docx,.docx,95,C:/Healthcare/Internal/Protocols/,2024-09-26T12:29:24,medium
appointment_menu_8214.txt,.txt,62,C:/Healthcare/PublicInfo/Notices/,2025-11-26T15:09:19,high
summary_menu_8215.txt,.txt,68,C:/Healthcare/PublicInfo/Notices/,2024-12-22T18:22:19,medium
log_8216.txt,.txt,23,C:/Healthcare/Maintenance/,2024-04-17T19:59:05,low
invoice_info_8217.pdf,.pdf,618,C:/Healthcare/PublicInfo/Parking/,2025-08-14T15:37:20,low
parking_guideline_8218.pdf,.pdf,1267,C:/Healthcare/Internal/Protocols/,2025-11-29T21:21:24,low
prescription_log_8219.xlsx,.xlsx,7,C:/Healthcare/Maintenance/,2023-06-16T22:16:59,medium
menu_8220.csv,.csv,227,C:/Healthcare/PublicInfo/Menu/,2023-12-17T14:23:36,low
specimen_8221.csv,.csv,321,C:/Healthcare/LabResults/,2023-05-14T03:32:24,low
shift_8222.pdf,.pdf,719,C:/Healthcare/StaffSchedules/,2024-05-10T19:06:14,low
reimbursement_8223.csv,.csv,429,C:/Healthcare/Insurance/,2023-03-01T23:49:24,high
diagnosis_8224_v2.docx,.docx,150,C:/Healthcare/Patients/,2023-06-20T10:39:40,low
results_8225.csv,.csv,169,C:/Healthcare/LabResults/,2023-04-06T04:47:45,low
schedule_maintenance_8226.pdf,.pdf,75,C:/Healthcare/Maintenance/,2025-08-23T17:41:28,medium
public_menu_8227.txt,.txt,37,C:/Healthcare/PublicInfo/Notices/,2024-02-21T13:34:48,low
maintenance_8228.txt,.txt,99,C:/Healthcare/Maintenance/,2025-01-21T22:37:08,low
schedule_8229.xlsx,.xlsx,585,C:/Healthcare/StaffSchedules/,2023-07-25T13:14:12,low
menu_invoice_8230.csv,.csv,87,C:/Healthcare/Insurance/,2025-05-04T05:06:42,low
claim_8231.docx,.docx,283,C:/Healthcare/Insurance/,2025-10-01T00:57:07,low
record_8232.pdf,.pdf,1096,C:/Healthcare/Patients/,2025-09-08T02:36:26,high
info_8233.pdf,.pdf,1681,C:/Healthcare/PublicInfo/Parking/,2025-06-14T16:30:22,medium
shift_8234.xlsx,.xlsx,1214,C:/Healthcare/StaffSchedules/,2024-01-15T15:17:51,medium
audit_specimen_8235.csv,.csv,756,C:/Healthcare/LabResults/,2024-12-17T03:34:45,high
invoice_8236.pdf,.pdf,1115,C:/Healthcare/Insurance/,2024-07-31T08:52:36,low
protocol_8237.docx,.docx,171,C:/Healthcare/Internal/Protocols/,2024-08-09T06:00:50,low
announcement_protocol_8238.pdf,.pdf,599,C:/Healthcare/Internal/Protocols/,2023-02-19T14:33:25,low
notice_8239.pdf,.pdf,229,C:/Healthcare/PublicInfo/Notices/,2024-05-31T22:42:26,high
notice_8240_draft.txt,.txt,54,C:/Healthcare/PublicInfo/Notices/,2024-04-09T20:33:28,low
claim_8241.pdf,.pdf,2157,C:/Healthcare/Insurance/,2024-04-24T01:11:25,low
info_8242.txt,.txt,61,C:/Healthcare/PublicInfo/Menu/,2023-07-07T22:42:29,low
results_procedure_8243.docx,.docx,510,C:/Healthcare/Internal/Protocols/,2023-08-12T15:08:54,low
notice_8244.pdf,.pdf,915,C:/Healthcare/PublicInfo/Parking/,2023-02-16T02:38:33,low
invoice_8245.docx,.docx,1,C:/Healthcare/Insurance/,2025-08-15T22:04:02,low
menu_info_8246.csv,.csv,259,C:/Healthcare/PublicInfo/Notices/,2023-11-02T07:45:04,low
reimbursement_8247.pdf,.pdf,1181,C:/Healthcare/Insurance/,2023-08-19T12:20:17,medium
announcement_menu_8248.pdf,.pdf,2026,C:/Healthcare/PublicInfo/Menu/,2024-07-27T10:38:51,medium
workorder_8249_confidential.txt,.txt,38,C:/Healthcare/Maintenance/,2024-11-14T00:43:38,low
shift_8250_final.xlsx,.xlsx,1074,C:/Healthcare/StaffSchedules/,2025-08-15T21:35:38,medium
procedure_8251.pdf,.pdf,275,C:/Healthcare/Internal/Protocols/,2023-07-25T08:51:14,low
parking_8252.pdf,.pdf,21,C:/Healthcare/PublicInfo/Notices/,2023-07-07T12:57:19,medium
policy_8253_draft.csv,.csv,321,C:/Healthcare/Insurance/,2024-12-30T00:30:14,medium
test_reimbursement_8254.pdf,.pdf,482,C:/Healthcare/Insurance/,2023-06-07T17:36:01,low
parking_schedule_8255.csv,.csv,302,C:/Healthcare/StaffSchedules/,2023-01-19T15:33:31,low
record_8256.docx,.docx,190,C:/Healthcare/Patients/,2025-08-14T16:32:01,low
schedule_8257.xlsx,.xlsx,1346,C:/Healthcare/StaffSchedules/,2023-08-07T00:43:49,medium
results_8258.xlsx,.xlsx,615,C:/Healthcare/LabResults/,2023-08-25T05:51:42,low
notice_consent_8259.pdf,.pdf,111,C:/Healthcare/Patients/,2023-03-08T01:23:51,medium
report_notice_8260.txt,.txt,51,C:/Healthcare/PublicInfo/Parking/,2024-04-22T02:16:09,low
consent_8261.pdf,.pdf,989,C:/Healthcare/Patients/,2023-03-24T06:49:30,low
schedule_8262.csv,.csv,296,C:/Healthcare/StaffSchedules/,2025-10-07T21:30:54,high
shift_8263.xlsx,.xlsx,376,C:/Healthcare/StaffSchedules/,2025-05-13T11:33:03,medium
public_info_8264_v2.pdf,.pdf,85,C:/Healthcare/PublicInfo/Notices/,2023-10-29T03:37:56,low
log_8265_archived.pdf,.pdf,563,C:/Healthcare/Maintenance/,2023-06-07T09:32:08,low
passwords_notice_8266_v2.csv,.csv,120,C:/Healthcare/PublicInfo/Parking/,2023-10-03T19:14:03,low
policy_8267_final.csv,.csv,393,C:/Healthcare/Insurance/,2025-01-07T14:41:41,high
report_specimen_8268_confidential.xls,.xls,1021,C:/Healthcare/LabResults/,2024-09-16T01:20:39,low
test_visit_8269.csv,.csv,605,C:/Healthcare/Patients/,2025-03-16T23:56:49,high
maintenance_agenda_8270.docx,.docx,980,C:/Healthcare/Meetings/,2023-03-11T13:20:59,high
lab_protocol_8271_archived.docx,.docx,377,C:/Healthcare/Internal/Protocols/,2023-05-15T06:20:37,medium
menu_parking_8272.txt,.txt,16,C:/Healthcare/PublicInfo/Menu/,2024-07-10T21:18:54,low
notice_8273_final.txt,.txt,95,C:/Healthcare/PublicInfo/Notices/,2025-04-13T09:01:35,medium
invoice_visit_8274.xlsx,.xlsx,1149,C:/Healthcare/Patients/,2025-09-20T16:03:22,low
lab_guideline_8275.xlsx,.xlsx,489,C:/Healthcare/Internal/Protocols/,2025-09-24T05:05:49,low
parking_info_8276.pdf,.pdf,1128,C:/Healthcare/PublicInfo/Notices/,2023-12-12T13:30:33,low
menu_8277.csv,.csv,508,C:/Healthcare/PublicInfo/Notices/,2023-08-17T08:02:17,medium
procedure_8278.docx,.docx,186,C:/Healthcare/Internal/Protocols/,2025-02-18T08:19:33,low
test_menu_8279.pdf,.pdf,1294,C:/Healthcare/PublicInfo/Menu/,2023-02-22T08:32:46,medium
menu_8280.txt,.txt,127,C:/Healthcare/PublicInfo/Menu/,2023-05-07T03:58:10,medium
parking_8281.pdf,.pdf,983,C:/Healthcare/PublicInfo/Notices/,2023-02-14T09:10:27,low
roster_8282.pdf,.pdf,740,C:/Healthcare/StaffSchedules/,2025-09-09T00:08:57,low
report_minutes_8283.docx,.docx,4,C:/Healthcare/Meetings/,2025-09-02T17:16:52,low
claim_8284.csv,.csv,35,C:/Healthcare/Insurance/,2023-12-29T03:36:25,medium
claim_8285.docx,.docx,441,C:/Healthcare/Insurance/,2023-03-03T01:37:06,low
invoice_visit_8286.xlsx,.xlsx,1072,C:/Healthcare/Patients/,2025-07-25T18:57:45,low
report_meeting_8287.txt,.txt,11,C:/Healthcare/Meetings/,2023-08-21T05:47:49,low
claim_8288.docx,.docx,1066,C:/Healthcare/Insurance/,2024-07-28T10:28:58,low
parking_8289.pdf,.pdf,221,C:/Healthcare/PublicInfo/Menu/,2024-07-13T01:19:36,medium
maintenance_8290.pdf,.pdf,89,C:/Healthcare/Maintenance/,2024-01-16T19:15:38,medium
menu_test_8291.csv,.csv,132,C:/Healthcare/LabResults/,2023-11-12T22:52:57,medium
schedule_8292.xlsx,.xlsx,409,C:/Healthcare/StaffSchedules/,2025-10-03T05:08:29,high
report_info_8293.pdf,.pdf,323,C:/Healthcare/PublicInfo/Menu/,2023-02-09T22:40:52,medium
invoice_menu_8294.pdf,.pdf,96,C:/Healthcare/PublicInfo/Notices/,2024-11-16T14:38:31,low
announcement_notice_8295.pdf,.pdf,1009,C:/Healthcare/PublicInfo/Notices/,2025-10-13T23:39:13,medium
invoice_parking_8296.pdf,.pdf,766,C:/Healthcare/PublicInfo/Parking/,2024-04-20T21:24:04,low
passwords_claim_8297.pdf,.pdf,938,C:/Healthcare/Insurance/,2025-06-06T09:26:41,medium
parking_8298.csv,.csv,175,C:/Healthcare/PublicInfo/Menu/,2023-05-03T12:46:50,low
info_8299.pdf,.pdf,1475,C:/Healthcare/PublicInfo/Menu/,2025-08-14T21:08:39,high
parking_guideline_8300_v2.xlsx,.xlsx,822,C:/Healthcare/Internal/Protocols/,2024-05-31T14:34:48,medium
shift_8301.pdf,.pdf,1068,C:/Healthcare/StaffSchedules/,2024-04-21T08:25:15,low
parking_parking_8302.pdf,.pdf,2339,C:/Healthcare/PublicInfo/Menu/,2024-06-17T05:36:45,low
menu_log_8303.txt,.txt,82,C:/Healthcare/Maintenance/,2024-11-14T21:14:16,medium
schedule_record_8304.xlsx,.xlsx,1283,C:/Healthcare/Patients/,2023-11-30T08:41:50,low
public_record_8305.docx,.docx,698,C:/Healthcare/Patients/,2025-01-11T05:25:50,low
agenda_8306.txt,.txt,127,C:/Healthcare/Meetings/,2024-10-29T11:12:21,low
test_parking_8307.txt,.txt,23,C:/Healthcare/PublicInfo/Notices/,2024-07-22T03:38:03,low
menu_8308.txt,.txt,6,C:/Healthcare/PublicInfo/Parking/,2023-12-02T19:08:55,low
maintenance_8309.txt,.txt,96,C:/Healthcare/Maintenance/,2023-08-08T08:28:41,low
schedule_notice_8310.csv,.csv,41,C:/Healthcare/PublicInfo/Menu/,2024-10-11T06:06:55,low
lab_lab_8311.xlsx,.xlsx,78,C:/Healthcare/LabResults/,2023-09-08T03:24:08,low
test_record_8312.pdf,.pdf,2161,C:/Healthcare/Patients/,2024-04-23T22:06:08,low
confidential_visit_8313.csv,.csv,440,C:/Healthcare/Patients/,2024-04-16T10:50:35,high
announcement_shift_8314.xlsx,.xlsx,596,C:/Healthcare/StaffSchedules/,2023-08-10T11:14:44,high
credentials_schedule_8315.pdf,.pdf,1621,C:/Healthcare/StaffSchedules/,2024-06-06T20:16:54,medium
maintenance_8316.pdf,.pdf,469,C:/Healthcare/Maintenance/,2024-11-25T23:40:01,low
notice_maintenance_8317.txt,.txt,1,C:/Healthcare/Maintenance/,2024-03-11T07:02:47,low
notice_8318.txt,.txt,113,C:/Healthcare/PublicInfo/Parking/,2024-03-14T10:56:48,low
parking_notice_8319.csv,.csv,78,C:/Healthcare/PublicInfo/Notices/,2024-12-26T19:47:15,medium
claim_8320.pdf,.pdf,262,C:/Healthcare/Insurance/,2023-02-27T17:11:02,medium
menu_notice_8321.pdf,.pdf,20,C:/Healthcare/PublicInfo/Menu/,2024-02-16T12:28:44,medium
schedule_claim_8322.docx,.docx,1214,C:/Healthcare/Insurance/,2025-12-31T10:21:56,high
info_8323.txt,.txt,113,C:/Healthcare/PublicInfo/Menu/,2025-06-01T11:26:16,low
parking_8324.pdf,.pdf,518,C:/Healthcare/PublicInfo/Parking/,2025-07-11T00:51:37,low
public_lab_8325.csv,.csv,543,C:/Healthcare/LabResults/,2025-07-05T21:01:03,low
notice_8326_draft.pdf,.pdf,599,C:/Healthcare/PublicInfo/Notices/,2025-04-23T06:32:02,low
parking_8327.csv,.csv,33,C:/Healthcare/PublicInfo/Menu/,2023-01-31T05:00:37,low
menu_agenda_8328.pdf,.pdf,414,C:/Healthcare/Meetings/,2024-02-04T00:47:33,high
test_invoice_8329.docx,.docx,182,C:/Healthcare/Insurance/,2025-11-03T08:41:48,low
announcement_info_8330_confidential.csv,.csv,271,C:/Healthcare/PublicInfo/Notices/,2023-05-13T08:30:14,low
public_reimbursement_8331.pdf,.pdf,1515,C:/Healthcare/Insurance/,2024-02-23T03:42:40,low
notice_8332.pdf,.pdf,594,C:/Healthcare/PublicInfo/Notices/,2024-03-20T19:13:46,low
record_8333_draft.csv,.csv,491,C:/Healthcare/Patients/,2024-03-30T10:49:59,medium
parking_menu_8334.csv,.csv,352,C:/Healthcare/PublicInfo/Menu/,2023-01-26T19:30:53,low
parking_8335.pdf,.pdf,1084,C:/Healthcare/PublicInfo/Menu/,2025-12-09T08:50:32,low
workorder_8336.pdf,.pdf,564,C:/Healthcare/Maintenance/,2024-03-20T14:13:48,low
passwords_parking_8337.csv,.csv,440,C:/Healthcare/PublicInfo/Notices/,2025-03-09T15:40:38,low
menu_8338.pdf,.pdf,602,C:/Healthcare/PublicInfo/Parking/,2025-02-26T18:45:52,low
coverage_8339_draft.pdf,.pdf,1732,C:/Healthcare/Insurance/,2024-02-28T16:29:59,low
consent_8340.pdf,.pdf,44,C:/Healthcare/Patients/,2025-06-09T02:18:10,medium
protocol_8341.docx,.docx,199,C:/Healthcare/Internal/Protocols/,2024-11-07T06:59:27,low
lab_claim_8342.csv,.csv,375,C:/Healthcare/Insurance/,2025-06-25T20:54:45,medium
diagnosis_8343.xlsx,.xlsx,1132,C:/Healthcare/Patients/,2025-08-11T23:56:18,low
notice_8344.csv,.csv,45,C:/Healthcare/PublicInfo/Parking/,2024-05-25T13:51:43,low
info_8345.pdf,.pdf,935,C:/Healthcare/PublicInfo/Menu/,2024-11-15T07:11:26,medium
announcement_parking_8346.txt,.txt,33,C:/Healthcare/PublicInfo/Notices/,2025-12-19T22:48:35,low
payroll_test_8347.pdf,.pdf,1053,C:/Healthcare/LabResults/,2025-08-15T17:36:52,medium
announcement_agenda_8348.pdf,.pdf,710,C:/Healthcare/Meetings/,2023-12-24T14:19:25,high
menu_8349.csv,.csv,566,C:/Healthcare/PublicInfo/Menu/,2023-02-10T12:26:06,high
maintenance_specimen_8350.pdf,.pdf,448,C:/Healthcare/LabResults/,2025-11-28T11:21:11,low
minutes_8351.pdf,.pdf,679,C:/Healthcare/Meetings/,2025-04-24T14:44:48,low
parking_8352.txt,.txt,8,C:/Healthcare/PublicInfo/Parking/,2025-07-17T08:03:38,low
analysis_8353.xlsx,.xlsx,880,C:/Healthcare/LabResults/,2024-12-12T01:51:30,low
notice_8354.csv,.csv,451,C:/Healthcare/PublicInfo/Notices/,2023-05-12T22:01:29,low
parking_notice_8355_confidential.pdf,.pdf,1330,C:/Healthcare/PublicInfo/Parking/,2023-05-23T04:21:11,high
coverage_8356.pdf,.pdf,754,C:/Healthcare/Insurance/,2024-11-01T16:56:08,medium
parking_8357.pdf,.pdf,662,C:/Healthcare/PublicInfo/Notices/,2023-10-11T11:41:30,low
log_8358.pdf,.pdf,196,C:/Healthcare/Maintenance/,2023-04-02T19:37:55,low
schedule_workorder_8359.txt,.txt,106,C:/Healthcare/Maintenance/,2024-01-02T20:34:38,low
results_log_8360_confidential.txt,.txt,110,C:/Healthcare/Maintenance/,2025-11-27T13:42:39,low
notice_8361.csv,.csv,851,C:/Healthcare/PublicInfo/Parking/,2025-06-28T07:38:14,low
test_claim_8362.docx,.docx,199,C:/Healthcare/Insurance/,2025-05-31T08:45:17,medium
results_protocol_8363.pdf,.pdf,304,C:/Healthcare/Internal/Protocols/,2024-11-27T19:28:06,medium
agenda_8364.docx,.docx,483,C:/Healthcare/Meetings/,2024-03-18T16:10:11,low
menu_parking_8365_archived.csv,.csv,300,C:/Healthcare/PublicInfo/Parking/,2024-05-05T20:57:31,low
menu_schedule_8366.csv,.csv,666,C:/Healthcare/StaffSchedules/,2023-06-03T13:08:19,medium
parking_agenda_8367.txt,.txt,99,C:/Healthcare/Meetings/,2023-04-29T23:23:19,low
analysis_8368.xlsx,.xlsx,1030,C:/Healthcare/LabResults/,2023-04-11T07:44:37,low
info_8369.pdf,.pdf,482,C:/Healthcare/PublicInfo/Menu/,2023-03-01T03:30:43,high
summary_test_8370.csv,.csv,379,C:/Healthcare/LabResults/,2024-05-31T05:28:25,high
lab_menu_8371.csv,.csv,379,C:/Healthcare/PublicInfo/Parking/,2025-10-17T23:43:41,medium
agenda_8372_confidential.docx,.docx,14,C:/Healthcare/Meetings/,2023-05-04T17:47:36,medium
agenda_8373.docx,.docx,694,C:/Healthcare/Meetings/,2023-06-25T14:11:08,high
minutes_8374_draft.txt,.txt,2,C:/Healthcare/Meetings/,2024-09-25T10:50:53,low
results_notice_8375.txt,.txt,128,C:/Healthcare/PublicInfo/Menu/,2024-12-12T02:58:30,low
announcement_minutes_8376.docx,.docx,318,C:/Healthcare/Meetings/,2024-03-15T07:50:02,high
ssn_info_8377.csv,.csv,276,C:/Healthcare/PublicInfo/Menu/,2025-10-13T01:53:47,medium
maintenance_8378.txt,.txt,2,C:/Healthcare/Maintenance/,2024-08-22T16:43:30,low
announcement_shift_8379.xlsx,.xlsx,552,C:/Healthcare/StaffSchedules/,2023-05-16T13:35:38,low
notice_8380.txt,.txt,7,C:/Healthcare/PublicInfo/Menu/,2025-12-12T18:56:58,low
menu_8381_final.txt,.txt,3,C:/Healthcare/PublicInfo/Notices/,2024-12-14T21:52:46,medium
menu_schedule_8382.pdf,.pdf,462,C:/Healthcare/StaffSchedules/,2024-07-02T06:22:35,low
agenda_8383.pdf,.pdf,1529,C:/Healthcare/Meetings/,2024-05-08T12:57:23,low
schedule_record_8384.csv,.csv,566,C:/Healthcare/Patients/,2023-08-13T05:16:41,low
procedure_8385.xlsx,.xlsx,1117,C:/Healthcare/Internal/Protocols/,2025-04-26T11:14:23,low
agenda_8386.docx,.docx,190,C:/Healthcare/Meetings/,2025-07-07T18:51:40,high
schedule_specimen_8387.pdf,.pdf,886,C:/Healthcare/LabResults/,2025-09-25T19:18:47,medium
agenda_8388_final.docx,.docx,554,C:/Healthcare/Meetings/,2024-02-23T11:27:21,low
protocol_8389_final.xlsx,.xlsx,621,C:/Healthcare/Internal/Protocols/,2023-09-11T10:35:33,low
results_8390.pdf,.pdf,266,C:/Healthcare/LabResults/,2023-01-07T15:34:47,low
info_8391.pdf,.pdf,1554,C:/Healthcare/PublicInfo/Parking/,2025-10-26T21:05:14,low
consent_8392.pdf,.pdf,1203,C:/Healthcare/Patients/,2025-09-26T04:45:41,low
lab_workorder_8393.txt,.txt,12,C:/Healthcare/Maintenance/,2024-04-14T08:53:09,high
maintenance_parking_8394.txt,.txt,77,C:/Healthcare/PublicInfo/Menu/,2025-03-05T04:56:59,low
notice_notice_8395.pdf,.pdf,1773,C:/Healthcare/PublicInfo/Parking/,2025-02-16T02:17:49,low
log_8396_archived.pdf,.pdf,726,C:/Healthcare/Maintenance/,2025-03-13T00:23:58,low
notice_8397.csv,.csv,393,C:/Healthcare/PublicInfo/Notices/,2024-11-29T03:54:52,low
roster_8398.xlsx,.xlsx,539,C:/Healthcare/StaffSchedules/,2024-06-24T14:08:26,high
announcement_menu_8399.txt,.txt,15,C:/Healthcare/PublicInfo/Menu/,2023-08-01T16:33:20,low
parking_notice_8400.csv,.csv,173,C:/Healthcare/PublicInfo/Notices/,2025-05-07T07:28:41,low
info_8401.txt,.txt,93,C:/Healthcare/PublicInfo/Menu/,2024-08-03T06:32:23,low
guideline_8402.xlsx,.xlsx,510,C:/Healthcare/Internal/Protocols/,2024-07-28T23:29:12,medium
maintenance_shift_8403.xlsx,.xlsx,1311,C:/Healthcare/StaffSchedules/,2023-12-18T21:25:43,low
workorder_8404.txt,.txt,115,C:/Healthcare/Maintenance/,2023-03-13T21:01:59,low
consent_8405.csv,.csv,437,C:/Healthcare/Patients/,2024-10-27T19:48:15,low
invoice_menu_8406.csv,.csv,198,C:/Healthcare/PublicInfo/Parking/,2024-06-14T13:57:09,low
public_info_8407.csv,.csv,289,C:/Healthcare/PublicInfo/Parking/,2023-01-30T21:12:17,low
claim_8408.docx,.docx,145,C:/Healthcare/Insurance/,2023-04-20T07:50:26,high
parking_invoice_8409.csv,.csv,452,C:/Healthcare/Insurance/,2025-09-04T08:42:17,medium
patient_8410.pdf,.pdf,1308,C:/Healthcare/Patients/,2024-10-25T13:49:31,low
public_procedure_8411.xlsx,.xlsx,650,C:/Healthcare/Internal/Protocols/,2023-09-10T07:33:30,low
patient_diagnosis_8412.csv,.csv,25,C:/Healthcare/Patients/,2023-09-29T11:28:55,high
analysis_8413.csv,.csv,632,C:/Healthcare/LabResults/,2025-06-13T22:38:58,high
appointment_meeting_8414.docx,.docx,692,C:/Healthcare/Meetings/,2025-04-24T10:04:41,medium
maintenance_test_8415.csv,.csv,434,C:/Healthcare/LabResults/,2025-09-17T23:25:05,low
prescription_roster_8416.xlsx,.xlsx,93,C:/Healthcare/StaffSchedules/,2024-10-05T12:01:12,medium
credentials_notice_8417_final.pdf,.pdf,986,C:/Healthcare/PublicInfo/Parking/,2023-09-21T18:15:23,low
notice_menu_8418.txt,.txt,62,C:/Healthcare/PublicInfo/Parking/,2023-11-13T04:05:20,high
agenda_8419.txt,.txt,49,C:/Healthcare/Meetings/,2023-06-19T18:13:42,low
announcement_workorder_8420.txt,.txt,122,C:/Healthcare/Maintenance/,2023-07-15T01:22:28,high
workorder_8421.pdf,.pdf,423,C:/Healthcare/Maintenance/,2024-08-23T00:49:54,low
notice_analysis_8422.csv,.csv,455,C:/Healthcare/LabResults/,2025-04-10T02:59:08,low
parking_8423.pdf,.pdf,948,C:/Healthcare/PublicInfo/Menu/,2025-03-29T06:44:58,low
invoice_info_8424.txt,.txt,143,C:/Healthcare/PublicInfo/Notices/,2024-11-22T07:32:59,medium
maintenance_test_8425_v2.csv,.csv,177,C:/Healthcare/LabResults/,2024-05-27T14:26:47,low
claim_8426.csv,.csv,246,C:/Healthcare/Insurance/,2024-09-22T21:14:08,low
test_lab_8427.csv,.csv,532,C:/Healthcare/LabResults/,2025-12-26T02:19:27,low
meeting_8428.pdf,.pdf,1179,C:/Healthcare/Meetings/,2023-01-07T20:49:35,low
notice_8429.csv,.csv,286,C:/Healthcare/PublicInfo/Notices/,2023-07-05T05:34:00,low
menu_workorder_8430.pdf,.pdf,1076,C:/Healthcare/Maintenance/,2025-09-03T23:07:07,medium
schedule_info_8431_v2.txt,.txt,26,C:/Healthcare/PublicInfo/Menu/,2025-07-25T22:34:16,low
announcement_guideline_8432.pdf,.pdf,332,C:/Healthcare/Internal/Protocols/,2025-02-03T23:41:12,low
policy_8433.pdf,.pdf,214,C:/Healthcare/Insurance/,2024-07-24T08:58:58,medium
notice_info_8434.pdf,.pdf,1338,C:/Healthcare/PublicInfo/Menu/,2025-09-14T06:47:11,low
invoice_patient_8435.docx,.docx,221,C:/Healthcare/Patients/,2024-12-07T23:56:27,medium
notice_8436.csv,.csv,923,C:/Healthcare/PublicInfo/Parking/,2025-10-01T04:31:13,medium
parking_8437.csv,.csv,110,C:/Healthcare/PublicInfo/Parking/,2024-03-26T12:10:03,low
results_8438.xls,.xls,480,C:/Healthcare/LabResults/,2025-05-26T10:07:02,medium
menu_8439.csv,.csv,33,C:/Healthcare/PublicInfo/Parking/,2025-01-31T07:17:49,high
lab_8440_v2.pdf,.pdf,902,C:/Healthcare/LabResults/,2023-05-10T19:49:32,low
specimen_8441.xls,.xls,253,C:/Healthcare/LabResults/,2025-09-15T08:00:58,medium
schedule_menu_8442.txt,.txt,47,C:/Healthcare/PublicInfo/Menu/,2025-01-28T14:45:30,low
announcement_menu_8443_final.txt,.txt,119,C:/Healthcare/PublicInfo/Menu/,2025-12-12T22:40:23,low
parking_8444.txt,.txt,48,C:/Healthcare/PublicInfo/Parking/,2025-05-22T21:14:44,low
public_shift_8445.pdf,.pdf,1027,C:/Healthcare/StaffSchedules/,2024-01-16T05:52:03,medium
public_procedure_8446_archived.docx,.docx,700,C:/Healthcare/Internal/Protocols/,2023-05-31T06:03:36,low
visit_8447.docx,.docx,574,C:/Healthcare/Patients/,2023-07-17T18:32:42,medium
notice_meeting_8448.docx,.docx,528,C:/Healthcare/Meetings/,2024-08-07T06:42:38,low
schedule_8449.xlsx,.xlsx,507,C:/Healthcare/StaffSchedules/,2025-03-09T12:46:07,medium
notice_maintenance_8450.pdf,.pdf,99,C:/Healthcare/Maintenance/,2025-10-29T10:41:21,low
meeting_8451.docx,.docx,438,C:/Healthcare/Meetings/,2023-08-28T09:51:29,medium
public_log_8452_archived.txt,.txt,99,C:/Healthcare/Maintenance/,2024-06-13T01:00:18,low
public_procedure_8453.xlsx,.xlsx,216,C:/Healthcare/Internal/Protocols/,2023-09-15T21:08:08,high
maintenance_info_8454.txt,.txt,90,C:/Healthcare/PublicInfo/Parking/,2023-11-26T19:14:49,high
results_info_8455.pdf,.pdf,687,C:/Healthcare/PublicInfo/Menu/,2025-10-18T15:41:54,low
policy_8456.docx,.docx,658,C:/Healthcare/Insurance/,2024-10-09T17:45:32,low
notice_roster_8457_final.pdf,.pdf,723,C:/Healthcare/StaffSchedules/,2025-04-01T02:10:19,low
policy_8458.pdf,.pdf,778,C:/Healthcare/Insurance/,2023-07-21T08:14:07,medium
diagnosis_guideline_8459.xlsx,.xlsx,308,C:/Healthcare/Internal/Protocols/,2024-06-07T15:44:38,high
log_8460.pdf,.pdf,268,C:/Healthcare/Maintenance/,2023-11-08T15:15:10,low
record_8461.pdf,.pdf,481,C:/Healthcare/Patients/,2023-01-09T03:28:08,low
announcement_visit_8462.pdf,.pdf,980,C:/Healthcare/Patients/,2023-03-27T03:14:00,medium
lab_menu_8463.txt,.txt,26,C:/Healthcare/PublicInfo/Parking/,2023-03-14T21:37:25,medium
public_protocol_8464.docx,.docx,200,C:/Healthcare/Internal/Protocols/,2023-02-20T04:32:47,low
test_8465_final.csv,.csv,406,C:/Healthcare/LabResults/,2025-09-21T11:21:52,high
menu_parking_8466.csv,.csv,43,C:/Healthcare/PublicInfo/Parking/,2025-06-27T00:32:19,low
invoice_8467.csv,.csv,360,C:/Healthcare/Insurance/,2023-08-05T16:48:23,high
workorder_8468.pdf,.pdf,116,C:/Healthcare/Maintenance/,2025-01-12T08:29:18,low
menu_consent_8469.docx,.docx,304,C:/Healthcare/Patients/,2023-12-02T19:08:51,low
menu_8470.csv,.csv,434,C:/Healthcare/PublicInfo/Parking/,2023-03-15T21:53:50,high
reimbursement_8471.pdf,.pdf,2118,C:/Healthcare/Insurance/,2024-12-07T04:37:24,low
results_agenda_8472_v2.txt,.txt,123,C:/Healthcare/Meetings/,2025-03-11T17:12:54,medium
public_schedule_8473.xlsx,.xlsx,627,C:/Healthcare/StaffSchedules/,2023-01-14T13:38:59,low
coverage_8474.pdf,.pdf,1037,C:/Healthcare/Insurance/,2024-03-15T18:50:10,medium
menu_8475.csv,.csv,151,C:/Healthcare/PublicInfo/Menu/,2023-02-21T07:45:37,medium
ssn_results_8476.pdf,.pdf,1865,C:/Healthcare/LabResults/,2025-07-06T22:55:40,low
patient_8477.csv,.csv,410,C:/Healthcare/Patients/,2024-08-04T01:33:50,medium
results_log_8478.pdf,.pdf,2776,C:/Healthcare/Maintenance/,2023-12-17T03:50:01,medium
results_patient_8479.pdf,.pdf,1198,C:/Healthcare/Patients/,2025-07-01T06:38:42,high
log_8480.txt,.txt,36,C:/Healthcare/Maintenance/,2025-12-08T20:00:59,medium
invoice_menu_8481_confidential.pdf,.pdf,609,C:/Healthcare/PublicInfo/Menu/,2025-03-25T17:32:40,low
credentials_invoice_8482.pdf,.pdf,1068,C:/Healthcare/Insurance/,2024-01-04T17:04:12,high
shift_8483.xlsx,.xlsx,249,C:/Healthcare/StaffSchedules/,2024-06-15T03:31:58,low
schedule_notice_8484.csv,.csv,136,C:/Healthcare/PublicInfo/Parking/,2024-08-28T00:24:11,low
notice_8485.csv,.csv,31,C:/Healthcare/PublicInfo/Notices/,2024-09-01T01:02:42,low
claim_8486.pdf,.pdf,368,C:/Healthcare/Insurance/,2024-06-24T11:30:48,medium
parking_8487.csv,.csv,320,C:/Healthcare/PublicInfo/Notices/,2023-12-05T16:52:45,low
results_log_8488.pdf,.pdf,864,C:/Healthcare/Maintenance/,2023-05-15T06:02:20,low
menu_8489.txt,.txt,30,C:/Healthcare/PublicInfo/Parking/,2024-03-09T17:20:02,low
notice_menu_8490.txt,.txt,104,C:/Healthcare/PublicInfo/Menu/,2025-08-21T04:34:55,low
consent_8491.csv,.csv,99,C:/Healthcare/Patients/,2025-10-07T20:49:10,medium
announcement_parking_8492.pdf,.pdf,93,C:/Healthcare/PublicInfo/Parking/,2025-02-26T11:17:37,low
roster_8493.pdf,.pdf,925,C:/Healthcare/StaffSchedules/,2025-04-28T05:47:37,low
lab_8494.xlsx,.xlsx,739,C:/Healthcare/LabResults/,2024-10-24T00:45:34,high
shift_8495_final.xlsx,.xlsx,273,C:/Healthcare/StaffSchedules/,2023-10-04T18:03:31,low
minutes_8496.docx,.docx,15,C:/Healthcare/Meetings/,2023-11-15T15:47:25,medium
diagnosis_8497.xlsx,.xlsx,63,C:/Healthcare/Patients/,2023-10-09T20:57:05,high
procedure_8498.xlsx,.xlsx,381,C:/Healthcare/Internal/Protocols/,2023-04-07T17:39:01,low
menu_8499.pdf,.pdf,150,C:/Healthcare/PublicInfo/Notices/,2024-08-01T11:00:59,high
consent_8500_confidential.csv,.csv,338,C:/Healthcare/Patients/,2024-08-16T09:31:00,high
invoice_8501.pdf,.pdf,1517,C:/Healthcare/Insurance/,2023-11-08T05:56:48,medium
agenda_8502.txt,.txt,80,C:/Healthcare/Meetings/,2023-04-30T03:56:41,medium
diagnosis_8503.pdf,.pdf,347,C:/Healthcare/Patients/,2024-10-06T08:53:27,medium
invoice_8504.pdf,.pdf,3432,C:/Healthcare/Insurance/,2023-01-21T07:42:00,medium
test_8505.pdf,.pdf,103,C:/Healthcare/LabResults/,2025-02-13T00:23:04,medium
consent_8506.csv,.csv,604,C:/Healthcare/Patients/,2023-07-27T15:57:56,low
procedure_8507.docx,.docx,30,C:/Healthcare/Internal/Protocols/,2024-02-15T14:29:20,low
announcement_coverage_8508_archived.pdf,.pdf,1016,C:/Healthcare/Insurance/,2024-09-03T10:03:12,low
analysis_8509.csv,.csv,526,C:/Healthcare/LabResults/,2024-07-16T10:23:48,medium
results_results_8510.xlsx,.xlsx,1240,C:/Healthcare/LabResults/,2023-08-29T02:24:03,medium
workorder_8511.pdf,.pdf,757,C:/Healthcare/Maintenance/,2024-09-24T10:29:01,low
parking_menu_8512.csv,.csv,500,C:/Healthcare/PublicInfo/Notices/,2024-07-28T15:18:26,low
procedure_8513_confidential.pdf,.pdf,1391,C:/Healthcare/Internal/Protocols/,2025-07-03T22:49:21,low
public_guideline_8514.xlsx,.xlsx,1309,C:/Healthcare/Internal/Protocols/,2024-09-23T09:18:39,low
roster_8515.xlsx,.xlsx,711,C:/Healthcare/StaffSchedules/,2023-12-19T18:00:58,low
schedule_8516.csv,.csv,449,C:/Healthcare/StaffSchedules/,2023-09-24T17:34:52,medium
parking_8517.csv,.csv,171,C:/Healthcare/PublicInfo/Menu/,2025-11-29T22:59:16,low
claim_8518.pdf,.pdf,395,C:/Healthcare/Insurance/,2023-09-21T21:53:50,low
invoice_8519_draft.docx,.docx,734,C:/Healthcare/Insurance/,2023-10-26T11:40:55,low
lab_test_8520.csv,.csv,6,C:/Healthcare/LabResults/,2025-02-22T10:08:08,low
maintenance_coverage_8521.csv,.csv,451,C:/Healthcare/Insurance/,2023-12-02T00:02:14,low
results_protocol_8522.docx,.docx,230,C:/Healthcare/Internal/Protocols/,2023-02-17T20:49:06,low
results_consent_8523_v2.pdf,.pdf,1593,C:/Healthcare/Patients/,2024-04-18T04:54:55,low
agenda_8524.docx,.docx,334,C:/Healthcare/Meetings/,2023-07-28T05:16:00,low
report_claim_8525.pdf,.pdf,103,C:/Healthcare/Insurance/,2024-04-20T21:45:32,low
maintenance_8526.xlsx,.xlsx,861,C:/Healthcare/Maintenance/,2024-12-18T20:04:56,low
menu_8527.csv,.csv,27,C:/Healthcare/PublicInfo/Menu/,2025-12-27T03:34:10,medium
protocol_8528.pdf,.pdf,533,C:/Healthcare/Internal/Protocols/,2025-05-31T10:43:22,low
invoice_workorder_8529.xlsx,.xlsx,594,C:/Healthcare/Maintenance/,2024-02-11T08:46:27,low
test_parking_8530.pdf,.pdf,954,C:/Healthcare/PublicInfo/Parking/,2023-01-22T17:47:50,low
info_8531.pdf,.pdf,489,C:/Healthcare/PublicInfo/Parking/,2023-03-29T15:45:49,low
parking_8532.pdf,.pdf,462,C:/Healthcare/PublicInfo/Menu/,2023-06-24T20:50:49,low
visit_8533.docx,.docx,184,C:/Healthcare/Patients/,2023-07-04T21:23:08,low
parking_record_8534.docx,.docx,158,C:/Healthcare/Patients/,2025-10-23T13:57:37,low
invoice_guideline_8535.docx,.docx,16,C:/Healthcare/Internal/Protocols/,2025-12-04T11:34:34,low
meeting_8536.pdf,.pdf,1269,C:/Healthcare/Meetings/,2024-10-24T09:48:44,low
results_8537.xlsx,.xlsx,157,C:/Healthcare/LabResults/,2025-09-08T03:50:04,low
maintenance_parking_8538.txt,.txt,26,C:/Healthcare/PublicInfo/Parking/,2025-07-01T00:18:04,low
menu_8539.txt,.txt,81,C:/Healthcare/PublicInfo/Menu/,2023-02-08T12:06:10,medium
menu_parking_8540.csv,.csv,564,C:/Healthcare/PublicInfo/Notices/,2025-07-07T13:53:06,low
results_8541.xlsx,.xlsx,446,C:/Healthcare/LabResults/,2024-08-25T10:20:39,high
report_claim_8542_confidential.pdf,.pdf,1132,C:/Healthcare/Insurance/,2024-09-02T17:23:51,low
workorder_8543.xlsx,.xlsx,91,C:/Healthcare/Maintenance/,2024-06-14T16:30:33,low
parking_8544.pdf,.pdf,456,C:/Healthcare/PublicInfo/Parking/,2023-05-13T01:32:38,medium
payroll_agenda_8545.docx,.docx,334,C:/Healthcare/Meetings/,2024-11-08T09:45:30,high
results_visit_8546.xlsx,.xlsx,40,C:/Healthcare/Patients/,2023-04-01T03:31:03,low
log_8547.txt,.txt,28,C:/Healthcare/Maintenance/,2025-06-09T15:05:14,low
schedule_parking_8548.csv,.csv,666,C:/Healthcare/PublicInfo/Notices/,2023-09-19T19:54:49,low
notice_8549.txt,.txt,59,C:/Healthcare/PublicInfo/Parking/,2025-11-14T05:06:23,low
test_info_8550.csv,.csv,192,C:/Healthcare/PublicInfo/Parking/,2023-10-10T16:59:51,low
announcement_claim_8551.docx,.docx,446,C:/Healthcare/Insurance/,2024-05-27T12:22:06,low
consent_8552.csv,.csv,44,C:/Healthcare/Patients/,2024-03-15T22:55:22,medium
notice_visit_8553.csv,.csv,501,C:/Healthcare/Patients/,2023-06-21T04:16:28,low
results_8554.csv,.csv,47,C:/Healthcare/LabResults/,2024-05-09T23:19:18,low
summary_info_8555.csv,.csv,515,C:/Healthcare/PublicInfo/Menu/,2024-03-21T11:40:36,medium
agenda_8556.pdf,.pdf,1507,C:/Healthcare/Meetings/,2023-01-04T04:43:06,high
maintenance_8557.pdf,.pdf,461,C:/Healthcare/Maintenance/,2024-03-10T20:06:02,high
credentials_patient_8558.pdf,.pdf,2032,C:/Healthcare/Patients/,2023-03-31T13:21:12,medium
lab_8559.xlsx,.xlsx,476,C:/Healthcare/LabResults/,2023-06-23T12:31:04,low
invoice_guideline_8560.docx,.docx,412,C:/Healthcare/Internal/Protocols/,2024-01-24T02:07:41,low
menu_claim_8561.docx,.docx,792,C:/Healthcare/Insurance/,2025-04-20T03:00:51,high
maintenance_8562_final.txt,.txt,93,C:/Healthcare/Maintenance/,2023-06-29T10:48:03,low
results_notice_8563.pdf,.pdf,2052,C:/Healthcare/PublicInfo/Menu/,2023-10-19T01:13:46,low
workorder_8564.xlsx,.xlsx,1109,C:/Healthcare/Maintenance/,2023-05-06T22:14:30,low
log_8565.pdf,.pdf,1421,C:/Healthcare/Maintenance/,2023-07-26T21:48:21,low
test_record_8566.pdf,.pdf,202,C:/Healthcare/Patients/,2023-10-20T16:44:04,high
notice_guideline_8567.pdf,.pdf,198,C:/Healthcare/Internal/Protocols/,2023-11-01T03:18:35,medium
announcement_parking_8568_confidential.csv,.csv,558,C:/Healthcare/PublicInfo/Parking/,2023-01-23T09:04:53,low
workorder_8569.pdf,.pdf,329,C:/Healthcare/Maintenance/,2023-10-06T01:10:36,low
menu_menu_8570.txt,.txt,33,C:/Healthcare/PublicInfo/Parking/,2024-04-09T10:22:50,high
confidential_notice_8571.pdf,.pdf,299,C:/Healthcare/PublicInfo/Parking/,2024-05-27T05:07:21,low
menu_8572.txt,.txt,6,C:/Healthcare/PublicInfo/Menu/,2024-07-09T20:39:10,low
insurance_claim_parking_8573.csv,.csv,388,C:/Healthcare/PublicInfo/Menu/,2023-08-05T10:01:27,medium
public_parking_8574.txt,.txt,64,C:/Healthcare/PublicInfo/Menu/,2023-01-11T18:38:52,low
minutes_8575.txt,.txt,153,C:/Healthcare/Meetings/,2023-04-07T19:22:36,high
notice_8576.txt,.txt,121,C:/Healthcare/PublicInfo/Notices/,2024-09-29T03:01:53,medium
summary_workorder_8577.pdf,.pdf,418,C:/Healthcare/Maintenance/,2023-02-07T19:26:38,low
menu_specimen_8578.csv,.csv,424,C:/Healthcare/LabResults/,2023-06-21T00:17:34,low
workorder_8579.txt,.txt,75,C:/Healthcare/Maintenance/,2024-03-19T18:38:24,low
test_workorder_8580.txt,.txt,71,C:/Healthcare/Maintenance/,2024-05-08T23:57:52,medium
report_coverage_8581.docx,.docx,1188,C:/Healthcare/Insurance/,2023-02-20T05:52:09,low
invoice_log_8582.xlsx,.xlsx,550,C:/Healthcare/Maintenance/,2025-11-05T13:11:37,low
parking_parking_8583.pdf,.pdf,1237,C:/Healthcare/PublicInfo/Parking/,2024-05-14T10:07:05,low
record_8584.pdf,.pdf,608,C:/Healthcare/Patients/,2025-02-15T13:45:51,medium
shift_8585.pdf,.pdf,186,C:/Healthcare/StaffSchedules/,2024-04-04T06:39:38,medium
parking_menu_8586.csv,.csv,352,C:/Healthcare/PublicInfo/Parking/,2024-08-11T17:27:07,low
maintenance_claim_8587.pdf,.pdf,811,C:/Healthcare/Insurance/,2025-05-18T09:46:22,low
analysis_8588.xlsx,.xlsx,594,C:/Healthcare/LabResults/,2025-10-15T16:16:35,low
menu_roster_8589.pdf,.pdf,64,C:/Healthcare/StaffSchedules/,2025-09-09T04:35:05,medium
menu_guideline_8590.xlsx,.xlsx,118,C:/Healthcare/Internal/Protocols/,2023-02-26T05:29:51,medium
parking_record_8591.pdf,.pdf,1059,C:/Healthcare/Patients/,2025-01-05T20:57:46,medium
menu_minutes_8592_draft.pdf,.pdf,1857,C:/Healthcare/Meetings/,2023-05-02T02:13:12,medium
confidential_menu_8593.pdf,.pdf,1586,C:/Healthcare/PublicInfo/Notices/,2024-01-21T08:10:01,medium
notice_8594.pdf,.pdf,112,C:/Healthcare/PublicInfo/Notices/,2025-07-24T20:49:52,medium
log_8595.txt,.txt,75,C:/Healthcare/Maintenance/,2024-05-16T11:07:06,low
claim_8596.csv,.csv,685,C:/Healthcare/Insurance/,2024-02-17T06:34:49,low
schedule_notice_8597.txt,.txt,7,C:/Healthcare/PublicInfo/Notices/,2024-09-02T22:43:36,low
patient_8598.csv,.csv,96,C:/Healthcare/Patients/,2024-05-21T08:59:33,low
invoice_8599.csv,.csv,152,C:/Healthcare/Insurance/,2025-04-13T00:13:58,low
visit_8600.pdf,.pdf,650,C:/Healthcare/Patients/,2024-02-17T00:04:45,medium
summary_claim_8601.csv,.csv,260,C:/Healthcare/Insurance/,2024-03-29T02:22:03,low
info_8602.pdf,.pdf,335,C:/Healthcare/PublicInfo/Notices/,2024-03-10T09:47:24,medium
results_guideline_8603.pdf,.pdf,1208,C:/Healthcare/Internal/Protocols/,2025-05-05T19:12:16,medium
maintenance_8604.xlsx,.xlsx,54,C:/Healthcare/Maintenance/,2025-09-08T21:53:17,low
schedule_meeting_8605.pdf,.pdf,134,C:/Healthcare/Meetings/,2023-08-30T05:33:48,medium
reimbursement_8606.docx,.docx,272,C:/Healthcare/Insurance/,2023-08-02T14:46:14,medium
agenda_8607.pdf,.pdf,680,C:/Healthcare/Meetings/,2023-08-28T04:06:56,low
diagnosis_8608.csv,.csv,81,C:/Healthcare/Patients/,2023-08-31T02:48:43,medium
info_8609.pdf,.pdf,1616,C:/Healthcare/PublicInfo/Notices/,2024-06-13T05:57:16,low
menu_8610.pdf,.pdf,404,C:/Healthcare/PublicInfo/Notices/,2023-08-11T08:33:34,low
summary_workorder_8611.xlsx,.xlsx,370,C:/Healthcare/Maintenance/,2025-10-24T16:09:11,low
notice_8612.pdf,.pdf,890,C:/Healthcare/PublicInfo/Parking/,2025-03-05T18:58:37,low
test_lab_8613.xls,.xls,380,C:/Healthcare/LabResults/,2024-07-16T10:05:57,low
invoice_policy_8614.pdf,.pdf,2614,C:/Healthcare/Insurance/,2025-04-14T03:43:32,medium
guideline_8615.docx,.docx,585,C:/Healthcare/Internal/Protocols/,2024-04-10T09:11:25,low
menu_8616.pdf,.pdf,713,C:/Healthcare/PublicInfo/Parking/,2025-01-03T20:15:52,low
lab_invoice_8617.pdf,.pdf,635,C:/Healthcare/Insurance/,2025-09-17T18:00:52,medium
medical_parking_8618.csv,.csv,480,C:/Healthcare/PublicInfo/Notices/,2023-08-23T19:43:50,low
info_8619.pdf,.pdf,633,C:/Healthcare/PublicInfo/Menu/,2024-09-12T11:58:59,low
parking_8620.csv,.csv,339,C:/Healthcare/PublicInfo/Notices/,2025-03-12T04:14:53,low
menu_meeting_8621.txt,.txt,97,C:/Healthcare/Meetings/,2023-07-01T17:56:06,low
notice_8622.csv,.csv,129,C:/Healthcare/PublicInfo/Parking/,2025-09-30T05:38:47,low
confidential_roster_8623.pdf,.pdf,1033,C:/Healthcare/StaffSchedules/,2024-04-03T00:06:54,low
log_8624_draft.xlsx,.xlsx,670,C:/Healthcare/Maintenance/,2025-01-22T07:15:10,low
schedule_agenda_8625.docx,.docx,106,C:/Healthcare/Meetings/,2024-08-09T20:30:38,medium
maintenance_notice_8626.csv,.csv,94,C:/Healthcare/PublicInfo/Menu/,2024-02-21T12:12:49,medium
reimbursement_8627.pdf,.pdf,605,C:/Healthcare/Insurance/,2024-04-20T22:16:37,low
results_shift_8628.csv,.csv,347,C:/Healthcare/StaffSchedules/,2024-06-13T23:57:30,low
menu_8629.csv,.csv,461,C:/Healthcare/PublicInfo/Notices/,2024-06-03T02:35:38,low
results_coverage_8630.csv,.csv,83,C:/Healthcare/Insurance/,2024-11-27T21:19:37,high
visit_8631.pdf,.pdf,590,C:/Healthcare/Patients/,2025-06-21T01:05:53,low
notice_8632.csv,.csv,403,C:/Healthcare/PublicInfo/Parking/,2023-07-25T21:31:35,low
parking_diagnosis_8633.xlsx,.xlsx,1014,C:/Healthcare/Patients/,2025-08-23T14:52:20,low
announcement_results_8634.xls,.xls,1103,C:/Healthcare/LabResults/,2025-10-24T06:42:27,medium
results_8635.xls,.xls,1830,C:/Healthcare/LabResults/,2024-05-06T05:42:44,medium
test_schedule_8636.xlsx,.xlsx,2265,C:/Healthcare/StaffSchedules/,2025-04-09T05:54:00,medium
log_8637.pdf,.pdf,126,C:/Healthcare/Maintenance/,2024-08-03T00:15:03,low
protocol_8638.xlsx,.xlsx,1343,C:/Healthcare/Internal/Protocols/,2025-01-12T17:48:31,high
summary_record_8639_v2.docx,.docx,238,C:/Healthcare/Patients/,2023-05-22T15:36:45,medium
meeting_8640.txt,.txt,96,C:/Healthcare/Meetings/,2024-11-08T06:07:51,low
parking_patient_8641.xlsx,.xlsx,1531,C:/Healthcare/Patients/,2025-01-25T20:27:39,high
notice_8642.txt,.txt,38,C:/Healthcare/PublicInfo/Menu/,2023-07-14T03:18:37,low
public_menu_8643_v2.pdf,.pdf,1386,C:/Healthcare/PublicInfo/Menu/,2024-08-16T22:30:59,low
summary_notice_8644.csv,.csv,45,C:/Healthcare/PublicInfo/Notices/,2024-03-19T20:31:03,medium
credentials_parking_8645.csv,.csv,298,C:/Healthcare/PublicInfo/Menu/,2025-06-03T10:07:43,medium
info_8646.csv,.csv,161,C:/Healthcare/PublicInfo/Notices/,2023-09-16T00:16:36,medium
workorder_8647_final.xlsx,.xlsx,1128,C:/Healthcare/Maintenance/,2024-09-07T01:13:28,high
lab_claim_8648.pdf,.pdf,97,C:/Healthcare/Insurance/,2023-01-27T09:49:31,low
menu_8649.csv,.csv,137,C:/Healthcare/PublicInfo/Parking/,2023-01-08T10:40:19,medium
public_policy_8650.csv,.csv,112,C:/Healthcare/Insurance/,2024-01-31T17:14:22,low
info_8651.txt,.txt,128,C:/Healthcare/PublicInfo/Menu/,2024-01-16T16:15:01,medium
info_8652.txt,.txt,104,C:/Healthcare/PublicInfo/Notices/,2023-11-01T12:13:48,low
summary_info_8653.pdf,.pdf,117,C:/Healthcare/PublicInfo/Notices/,2023-07-30T17:41:08,low
agenda_8654.docx,.docx,330,C:/Healthcare/Meetings/,2024-08-15T09:36:06,low
notice_notice_8655.pdf,.pdf,1808,C:/Healthcare/PublicInfo/Notices/,2023-12-07T01:49:33,medium
consent_8656.xlsx,.xlsx,490,C:/Healthcare/Patients/,2025-09-30T17:53:16,low
consent_8657.csv,.csv,497,C:/Healthcare/Patients/,2025-01-15T11:35:52,high
visit_8658.csv,.csv,438,C:/Healthcare/Patients/,2023-08-09T06:25:39,low
parking_results_8659.xls,.xls,433,C:/Healthcare/LabResults/,2024-10-25T06:36:56,low
roster_8660.pdf,.pdf,179,C:/Healthcare/StaffSchedules/,2023-03-16T21:02:09,low
announcement_notice_8661.csv,.csv,209,C:/Healthcare/PublicInfo/Parking/,2024-08-09T09:57:52,low
agenda_8662.pdf,.pdf,712,C:/Healthcare/Meetings/,2024-10-15T11:31:24,high
notice_8663_confidential.csv,.csv,103,C:/Healthcare/PublicInfo/Notices/,2024-02-20T04:06:07,low
menu_8664.csv,.csv,394,C:/Healthcare/PublicInfo/Parking/,2023-05-03T11:27:19,medium
results_8665.csv,.csv,120,C:/Healthcare/LabResults/,2024-11-14T10:36:29,medium
parking_8666.csv,.csv,351,C:/Healthcare/PublicInfo/Parking/,2024-10-19T10:07:05,medium
parking_8667.txt,.txt,94,C:/Healthcare/PublicInfo/Notices/,2023-07-13T11:56:27,low
notice_8668.csv,.csv,315,C:/Healthcare/PublicInfo/Notices/,2023-04-09T20:14:27,low
parking_8669.pdf,.pdf,902,C:/Healthcare/PublicInfo/Notices/,2024-10-21T05:34:51,low
notice_test_8670.xls,.xls,486,C:/Healthcare/LabResults/,2023-10-21T22:18:02,high
notice_8671.txt,.txt,27,C:/Healthcare/PublicInfo/Notices/,2025-08-21T01:47:23,high
payroll_diagnosis_8672_v2.xlsx,.xlsx,1464,C:/Healthcare/Patients/,2024-12-16T02:02:54,high
results_8673.csv,.csv,533,C:/Healthcare/LabResults/,2023-03-13T06:20:45,low
menu_visit_8674.xlsx,.xlsx,154,C:/Healthcare/Patients/,2023-06-04T09:34:52,high
passwords_roster_8675.pdf,.pdf,397,C:/Healthcare/StaffSchedules/,2025-11-25T04:39:38,low
claim_8676.csv,.csv,127,C:/Healthcare/Insurance/,2024-10-05T04:39:28,medium
notice_maintenance_8677_v2.xlsx,.xlsx,238,C:/Healthcare/Maintenance/,2023-11-12T09:05:52,low
notice_agenda_8678.txt,.txt,91,C:/Healthcare/Meetings/,2024-01-20T08:32:33,low
menu_coverage_8679.csv,.csv,528,C:/Healthcare/Insurance/,2025-08-18T05:34:56,low
public_info_8680.txt,.txt,86,C:/Healthcare/PublicInfo/Parking/,2025-06-06T04:47:46,low
results_menu_8681.txt,.txt,101,C:/Healthcare/PublicInfo/Parking/,2024-06-27T23:07:32,low
schedule_8682.pdf,.pdf,106,C:/Healthcare/StaffSchedules/,2024-07-16T09:24:59,low
roster_8683.csv,.csv,439,C:/Healthcare/StaffSchedules/,2024-06-04T23:22:30,medium
insurance_claim_notice_8684.csv,.csv,183,C:/Healthcare/PublicInfo/Notices/,2023-01-09T13:05:00,medium
notice_8685.csv,.csv,168,C:/Healthcare/PublicInfo/Parking/,2023-02-23T07:03:19,medium
results_8686.csv,.csv,22,C:/Healthcare/LabResults/,2023-12-15T09:43:00,medium
analysis_8687.xlsx,.xlsx,1351,C:/Healthcare/LabResults/,2025-02-08T09:30:29,high
maintenance_info_8688.pdf,.pdf,1369,C:/Healthcare/PublicInfo/Notices/,2024-12-07T23:05:21,low
protocol_8689.pdf,.pdf,489,C:/Healthcare/Internal/Protocols/,2024-05-15T01:10:01,medium
roster_8690_draft.csv,.csv,37,C:/Healthcare/StaffSchedules/,2024-11-22T03:01:37,medium
appointment_visit_8691.pdf,.pdf,2407,C:/Healthcare/Patients/,2024-11-08T03:04:24,high
payroll_parking_8692_archived.csv,.csv,198,C:/Healthcare/PublicInfo/Menu/,2024-10-22T12:30:24,high
diagnosis_menu_8693_archived.pdf,.pdf,169,C:/Healthcare/PublicInfo/Menu/,2024-08-24T16:18:18,low
menu_notice_8694.txt,.txt,101,C:/Healthcare/PublicInfo/Parking/,2023-08-25T15:59:15,medium
lab_procedure_8695.pdf,.pdf,520,C:/Healthcare/Internal/Protocols/,2024-09-25T23:05:31,low
results_specimen_8696.pdf,.pdf,338,C:/Healthcare/LabResults/,2025-11-11T15:30:11,medium
results_8697.xlsx,.xlsx,1673,C:/Healthcare/LabResults/,2025-03-05T22:41:47,low
public_specimen_8698.pdf,.pdf,1554,C:/Healthcare/LabResults/,2024-12-09T16:42:44,low
maintenance_roster_8699_v2.csv,.csv,523,C:/Healthcare/StaffSchedules/,2025-08-11T07:09:50,medium
notice_protocol_8700_confidential.docx,.docx,371,C:/Healthcare/Internal/Protocols/,2025-06-08T18:33:00,high
menu_notice_8701.csv,.csv,264,C:/Healthcare/PublicInfo/Notices/,2023-12-05T20:04:14,low
diagnosis_log_8702_archived.xlsx,.xlsx,546,C:/Healthcare/Maintenance/,2023-11-06T11:44:24,low
record_8703.pdf,.pdf,709,C:/Healthcare/Patients/,2023-09-25T02:59:50,high
notice_coverage_8704.pdf,.pdf,1738,C:/Healthcare/Insurance/,2023-09-04T20:39:28,high
maintenance_parking_8705.csv,.csv,505,C:/Healthcare/PublicInfo/Notices/,2024-09-28T03:44:39,medium
patient_protocol_8706.xlsx,.xlsx,680,C:/Healthcare/Internal/Protocols/,2023-06-10T05:12:38,low
announcement_info_8707.pdf,.pdf,1314,C:/Healthcare/PublicInfo/Notices/,2025-11-14T21:50:53,high
announcement_visit_8708.pdf,.pdf,344,C:/Healthcare/Patients/,2024-04-07T01:18:28,low
notice_schedule_8709_confidential.xlsx,.xlsx,1550,C:/Healthcare/StaffSchedules/,2023-05-10T00:36:36,low
schedule_8710.csv,.csv,50,C:/Healthcare/StaffSchedules/,2024-03-12T02:13:21,low
notice_notice_8711.csv,.csv,288,C:/Healthcare/PublicInfo/Parking/,2023-04-26T23:40:13,low
notice_log_8712.pdf,.pdf,1700,C:/Healthcare/Maintenance/,2025-06-12T17:14:00,low
lab_meeting_8713.pdf,.pdf,1175,C:/Healthcare/Meetings/,2024-09-28T10:19:38,low
test_8714.csv,.csv,214,C:/Healthcare/LabResults/,2024-11-07T11:25:36,medium
shift_8715.xlsx,.xlsx,1509,C:/Healthcare/StaffSchedules/,2023-11-15T08:46:35,low
minutes_8716.pdf,.pdf,521,C:/Healthcare/Meetings/,2025-11-24T01:09:20,low
test_schedule_8717.xlsx,.xlsx,260,C:/Healthcare/StaffSchedules/,2025-01-22T21:47:43,low
notice_8718.txt,.txt,102,C:/Healthcare/PublicInfo/Menu/,2024-09-24T15:05:51,low
public_log_8719.txt,.txt,68,C:/Healthcare/Maintenance/,2023-04-18T16:52:36,low
parking_menu_8720.csv,.csv,674,C:/Healthcare/PublicInfo/Parking/,2025-01-06T20:59:51,medium
parking_8721.pdf,.pdf,94,C:/Healthcare/PublicInfo/Menu/,2025-01-05T17:14:36,low
patient_8722.xlsx,.xlsx,1040,C:/Healthcare/Patients/,2025-08-12T10:50:38,medium
parking_8723.pdf,.pdf,1382,C:/Healthcare/PublicInfo/Parking/,2023-09-04T05:01:48,high
consent_8724.csv,.csv,314,C:/Healthcare/Patients/,2025-03-30T00:43:18,low
appointment_parking_8725.txt,.txt,66,C:/Healthcare/PublicInfo/Notices/,2025-03-23T11:39:26,low
diagnosis_8726.pdf,.pdf,743,C:/Healthcare/Patients/,2025-10-10T15:09:01,low
info_8727.txt,.txt,85,C:/Healthcare/PublicInfo/Notices/,2025-12-04T08:08:46,high
menu_roster_8728.pdf,.pdf,1313,C:/Healthcare/StaffSchedules/,2023-09-02T00:59:19,high
notice_8729.csv,.csv,10,C:/Healthcare/PublicInfo/Parking/,2025-03-05T02:10:36,low
parking_guideline_8730.docx,.docx,1014,C:/Healthcare/Internal/Protocols/,2024-06-11T07:49:20,medium
public_results_8731.xls,.xls,2968,C:/Healthcare/LabResults/,2023-04-05T11:18:57,low
parking_maintenance_8732.txt,.txt,9,C:/Healthcare/Maintenance/,2025-11-26T09:45:13,low
announcement_log_8733.xlsx,.xlsx,220,C:/Healthcare/Maintenance/,2023-02-03T19:53:40,low
procedure_8734_confidential.xlsx,.xlsx,606,C:/Healthcare/Internal/Protocols/,2025-10-20T18:51:35,medium
ssn_shift_8735.xlsx,.xlsx,911,C:/Healthcare/StaffSchedules/,2023-02-24T19:06:52,low
notice_log_8736.txt,.txt,112,C:/Healthcare/Maintenance/,2025-04-06T14:18:50,low
credentials_parking_8737.pdf,.pdf,821,C:/Healthcare/PublicInfo/Notices/,2025-06-27T22:49:20,high
protocol_8738.xlsx,.xlsx,1290,C:/Healthcare/Internal/Protocols/,2025-04-05T14:30:59,low
results_test_8739.xlsx,.xlsx,1157,C:/Healthcare/LabResults/,2023-08-26T06:42:31,low
notice_info_8740.txt,.txt,74,C:/Healthcare/PublicInfo/Notices/,2023-09-09T21:17:18,low
meeting_8741.docx,.docx,649,C:/Healthcare/Meetings/,2024-06-01T23:27:45,low
menu_parking_8742.pdf,.pdf,1019,C:/Healthcare/PublicInfo/Parking/,2025-08-05T21:12:23,medium
lab_workorder_8743.xlsx,.xlsx,120,C:/Healthcare/Maintenance/,2025-10-17T08:03:01,low
parking_guideline_8744.pdf,.pdf,1435,C:/Healthcare/Internal/Protocols/,2024-02-22T00:29:00,high
schedule_8745.xlsx,.xlsx,745,C:/Healthcare/StaffSchedules/,2023-08-26T22:54:28,low
roster_8746.xlsx,.xlsx,187,C:/Healthcare/StaffSchedules/,2024-04-03T12:48:09,medium
report_parking_8747_v2.txt,.txt,64,C:/Healthcare/PublicInfo/Notices/,2023-05-16T02:30:09,low
meeting_8748.pdf,.pdf,911,C:/Healthcare/Meetings/,2024-12-10T22:34:54,medium
schedule_info_8749.txt,.txt,54,C:/Healthcare/PublicInfo/Notices/,2024-04-16T05:15:43,low
agenda_8750.docx,.docx,454,C:/Healthcare/Meetings/,2024-06-20T07:11:17,high
notice_parking_8751.csv,.csv,314,C:/Healthcare/PublicInfo/Parking/,2025-11-08T22:34:43,low
summary_menu_8752.csv,.csv,27,C:/Healthcare/PublicInfo/Parking/,2023-07-18T10:53:34,medium
lab_info_8753.csv,.csv,583,C:/Healthcare/PublicInfo/Notices/,2023-03-12T06:40:49,low
notice_meeting_8754.docx,.docx,877,C:/Healthcare/Meetings/,2025-02-08T05:45:39,low
consent_meeting_8755.txt,.txt,61,C:/Healthcare/Meetings/,2024-01-20T19:29:59,low
maintenance_lab_8756.pdf,.pdf,74,C:/Healthcare/LabResults/,2024-11-25T12:31:57,low
parking_8757.pdf,.pdf,865,C:/Healthcare/PublicInfo/Notices/,2024-08-11T11:37:08,low
claim_8758.csv,.csv,23,C:/Healthcare/Insurance/,2024-02-11T12:30:35,low
public_parking_8759.csv,.csv,89,C:/Healthcare/PublicInfo/Notices/,2025-05-21T00:49:21,low
test_8760_confidential.xls,.xls,674,C:/Healthcare/LabResults/,2024-11-03T02:12:50,high
public_info_8761.pdf,.pdf,717,C:/Healthcare/PublicInfo/Parking/,2024-07-06T08:57:04,low
notice_lab_8762.xls,.xls,970,C:/Healthcare/LabResults/,2024-11-03T19:06:33,low
agenda_8763_confidential.pdf,.pdf,1886,C:/Healthcare/Meetings/,2024-09-11T09:37:21,high
agenda_8764.docx,.docx,21,C:/Healthcare/Meetings/,2024-05-03T06:57:09,low
appointment_test_8765.xlsx,.xlsx,272,C:/Healthcare/LabResults/,2024-03-31T22:11:45,low
info_8766.pdf,.pdf,1549,C:/Healthcare/PublicInfo/Parking/,2025-09-16T19:39:33,medium
notice_8767.csv,.csv,321,C:/Healthcare/PublicInfo/Parking/,2025-06-04T05:31:18,low
passwords_schedule_8768.xlsx,.xlsx,538,C:/Healthcare/StaffSchedules/,2025-02-24T06:44:27,low
summary_coverage_8769.docx,.docx,571,C:/Healthcare/Insurance/,2025-01-22T13:56:05,high
notice_8770.csv,.csv,327,C:/Healthcare/PublicInfo/Notices/,2024-02-16T18:50:51,medium
agenda_8771_archived.txt,.txt,91,C:/Healthcare/Meetings/,2024-08-15T17:50:31,low
appointment_guideline_8772.pdf,.pdf,832,C:/Healthcare/Internal/Protocols/,2025-07-01T09:16:32,high
test_8773.csv,.csv,713,C:/Healthcare/LabResults/,2024-02-17T10:14:53,high
menu_schedule_8774.pdf,.pdf,461,C:/Healthcare/StaffSchedules/,2024-01-04T18:49:28,low
protocol_8775.pdf,.pdf,1487,C:/Healthcare/Internal/Protocols/,2023-08-28T22:19:41,low
coverage_8776_archived.csv,.csv,425,C:/Healthcare/Insurance/,2025-02-27T22:31:43,medium
payroll_notice_8777_archived.txt,.txt,64,C:/Healthcare/PublicInfo/Menu/,2023-08-17T21:51:36,low
schedule_8778.xlsx,.xlsx,1258,C:/Healthcare/StaffSchedules/,2025-01-20T15:13:54,high
menu_8779.csv,.csv,302,C:/Healthcare/PublicInfo/Menu/,2023-01-31T23:19:25,low
public_visit_8780.xlsx,.xlsx,129,C:/Healthcare/Patients/,2025-07-12T04:32:57,medium
results_menu_8781.csv,.csv,449,C:/Healthcare/PublicInfo/Notices/,2023-09-15T10:22:39,low
summary_protocol_8782.pdf,.pdf,2814,C:/Healthcare/Internal/Protocols/,2023-04-21T00:42:12,medium
log_8783.txt,.txt,112,C:/Healthcare/Maintenance/,2023-12-09T10:17:41,low
public_agenda_8784.pdf,.pdf,1288,C:/Healthcare/Meetings/,2024-01-17T23:33:26,medium
menu_menu_8785.pdf,.pdf,257,C:/Healthcare/PublicInfo/Notices/,2024-07-09T04:02:19,low
invoice_invoice_8786.docx,.docx,651,C:/Healthcare/Insurance/,2023-03-01T17:03:36,low
roster_8787.xlsx,.xlsx,10,C:/Healthcare/StaffSchedules/,2025-06-22T17:26:49,medium
medical_workorder_8788.txt,.txt,76,C:/Healthcare/Maintenance/,2025-08-15T10:02:32,medium
menu_8789.txt,.txt,132,C:/Healthcare/PublicInfo/Parking/,2023-04-30T05:44:22,low
report_protocol_8790.xlsx,.xlsx,91,C:/Healthcare/Internal/Protocols/,2023-06-29T15:54:28,low
log_8791.pdf,.pdf,1974,C:/Healthcare/Maintenance/,2023-12-21T14:43:29,low
summary_meeting_8792_final.docx,.docx,790,C:/Healthcare/Meetings/,2024-11-03T00:50:12,medium
notice_reimbursement_8793.csv,.csv,216,C:/Healthcare/Insurance/,2024-12-13T22:25:02,low
notice_patient_8794.xlsx,.xlsx,1383,C:/Healthcare/Patients/,2023-01-09T01:52:23,medium
agenda_8795.docx,.docx,279,C:/Healthcare/Meetings/,2025-12-16T05:17:45,low
parking_8796.txt,.txt,12,C:/Healthcare/PublicInfo/Menu/,2024-12-13T04:10:35,low
protocol_8797.pdf,.pdf,334,C:/Healthcare/Internal/Protocols/,2023-04-29T07:31:20,low
report_notice_8798.txt,.txt,138,C:/Healthcare/PublicInfo/Notices/,2024-04-07T13:14:19,medium
minutes_8799.txt,.txt,113,C:/Healthcare/Meetings/,2023-05-14T18:53:41,low
info_8800.txt,.txt,99,C:/Healthcare/PublicInfo/Menu/,2023-10-19T23:22:12,low
parking_results_8801.csv,.csv,359,C:/Healthcare/LabResults/,2025-07-30T18:03:09,medium
audit_menu_8802.txt,.txt,83,C:/Healthcare/PublicInfo/Parking/,2023-08-16T18:33:30,low
schedule_specimen_8803_confidential.pdf,.pdf,78,C:/Healthcare/LabResults/,2025-04-14T20:34:35,medium
schedule_parking_8804.pdf,.pdf,1366,C:/Healthcare/PublicInfo/Menu/,2025-04-25T05:27:17,high
info_8805.csv,.csv,147,C:/Healthcare/PublicInfo/Notices/,2023-09-10T05:41:09,low
lab_8806.xlsx,.xlsx,719,C:/Healthcare/LabResults/,2023-02-28T04:16:32,low
policy_8807.pdf,.pdf,1553,C:/Healthcare/Insurance/,2024-02-03T09:44:23,medium
meeting_8808.pdf,.pdf,34,C:/Healthcare/Meetings/,2024-06-27T13:53:43,low
patient_parking_8809_confidential.csv,.csv,156,C:/Healthcare/PublicInfo/Parking/,2025-09-19T05:29:45,low
parking_8810.txt,.txt,5,C:/Healthcare/PublicInfo/Parking/,2025-04-17T02:58:19,medium
parking_menu_8811.pdf,.pdf,1261,C:/Healthcare/PublicInfo/Notices/,2023-02-25T14:23:35,low
appointment_parking_8812.txt,.txt,9,C:/Healthcare/PublicInfo/Parking/,2025-04-04T08:11:53,low
credentials_notice_8813.pdf,.pdf,186,C:/Healthcare/PublicInfo/Parking/,2025-07-04T08:26:20,low
notice_agenda_8814.docx,.docx,399,C:/Healthcare/Meetings/,2023-03-19T09:19:22,low
policy_8815.csv,.csv,712,C:/Healthcare/Insurance/,2023-09-18T15:43:17,low
public_menu_8816.pdf,.pdf,197,C:/Healthcare/PublicInfo/Notices/,2024-03-03T18:07:07,low
lab_8817_confidential.pdf,.pdf,821,C:/Healthcare/LabResults/,2023-09-14T19:14:57,high
patient_8818.xlsx,.xlsx,1998,C:/Healthcare/Patients/,2025-04-08T03:48:51,low
guideline_8819.xlsx,.xlsx,647,C:/Healthcare/Internal/Protocols/,2024-09-05T18:58:00,low
parking_workorder_8820.xlsx,.xlsx,885,C:/Healthcare/Maintenance/,2024-12-28T11:42:44,low
announcement_notice_8821.txt,.txt,102,C:/Healthcare/PublicInfo/Menu/,2024-04-09T01:20:38,low
notice_notice_8822_draft.pdf,.pdf,277,C:/Healthcare/PublicInfo/Notices/,2023-11-18T18:56:47,low
log_8823.xlsx,.xlsx,1131,C:/Healthcare/Maintenance/,2025-06-15T19:02:23,low
procedure_8824.docx,.docx,255,C:/Healthcare/Internal/Protocols/,2024-02-07T23:24:34,high
roster_8825.csv,.csv,92,C:/Healthcare/StaffSchedules/,2025-07-03T12:40:06,low
protocol_8826.docx,.docx,427,C:/Healthcare/Internal/Protocols/,2023-07-12T08:50:48,low
menu_8827.txt,.txt,52,C:/Healthcare/PublicInfo/Parking/,2025-12-15T17:44:18,low
procedure_8828.docx,.docx,1241,C:/Healthcare/Internal/Protocols/,2023-10-11T02:38:24,medium
notice_8829.pdf,.pdf,1814,C:/Healthcare/PublicInfo/Menu/,2025-03-31T02:43:57,low
patient_8830.pdf,.pdf,1681,C:/Healthcare/Patients/,2025-09-29T16:01:28,low
summary_schedule_8831.pdf,.pdf,692,C:/Healthcare/StaffSchedules/,2025-06-21T16:28:09,low
maintenance_menu_8832.txt,.txt,84,C:/Healthcare/PublicInfo/Parking/,2023-01-23T05:11:30,low
menu_maintenance_8833.pdf,.pdf,525,C:/Healthcare/Maintenance/,2024-02-17T00:12:49,low
workorder_8834.xlsx,.xlsx,717,C:/Healthcare/Maintenance/,2023-06-09T03:52:44,low
info_8835.txt,.txt,104,C:/Healthcare/PublicInfo/Notices/,2025-10-05T10:32:26,medium
maintenance_procedure_8836.docx,.docx,169,C:/Healthcare/Internal/Protocols/,2023-05-18T22:19:22,low
public_meeting_8837.docx,.docx,138,C:/Healthcare/Meetings/,2024-03-16T03:44:36,low
minutes_8838.pdf,.pdf,893,C:/Healthcare/Meetings/,2024-02-26T04:23:55,medium
info_8839.txt,.txt,110,C:/Healthcare/PublicInfo/Notices/,2025-05-11T17:30:21,low
parking_8840_draft.csv,.csv,476,C:/Healthcare/PublicInfo/Notices/,2023-08-03T15:39:38,low
public_notice_8841.csv,.csv,301,C:/Healthcare/PublicInfo/Notices/,2024-08-06T12:14:59,high
menu_menu_8842.csv,.csv,148,C:/Healthcare/PublicInfo/Parking/,2025-09-17T18:19:01,low
results_consent_8843.xlsx,.xlsx,25,C:/Healthcare/Patients/,2025-07-07T00:08:57,low
minutes_8844.pdf,.pdf,300,C:/Healthcare/Meetings/,2023-05-12T16:54:39,low
report_results_8845.pdf,.pdf,362,C:/Healthcare/LabResults/,2024-02-11T05:12:51,high
protocol_8846.pdf,.pdf,1022,C:/Healthcare/Internal/Protocols/,2024-02-22T12:06:39,low
announcement_minutes_8847.pdf,.pdf,411,C:/Healthcare/Meetings/,2023-11-16T23:58:55,low
invoice_notice_8848.pdf,.pdf,326,C:/Healthcare/PublicInfo/Parking/,2024-11-15T11:12:38,low
workorder_8849.xlsx,.xlsx,307,C:/Healthcare/Maintenance/,2023-12-06T09:51:51,low
patient_8850.pdf,.pdf,3,C:/Healthcare/Patients/,2025-01-15T01:52:16,high
specimen_8851.xls,.xls,1182,C:/Healthcare/LabResults/,2024-07-21T05:56:18,low
maintenance_notice_8852.csv,.csv,372,C:/Healthcare/PublicInfo/Menu/,2024-11-29T15:13:36,medium
parking_minutes_8853.txt,.txt,35,C:/Healthcare/Meetings/,2024-10-19T15:30:46,medium
announcement_notice_8854.pdf,.pdf,1078,C:/Healthcare/PublicInfo/Menu/,2025-04-04T10:09:18,low
patient_8855.pdf,.pdf,636,C:/Healthcare/Patients/,2025-06-07T21:43:20,medium
appointment_consent_8856.pdf,.pdf,495,C:/Healthcare/Patients/,2023-02-21T16:52:37,low
notice_8857.csv,.csv,418,C:/Healthcare/PublicInfo/Menu/,2025-12-23T02:13:51,medium
parking_8858.txt,.txt,17,C:/Healthcare/PublicInfo/Parking/,2023-02-07T16:54:49,low
appointment_notice_8859.pdf,.pdf,12,C:/Healthcare/PublicInfo/Menu/,2024-10-04T10:44:35,high
insurance_claim_log_8860.txt,.txt,34,C:/Healthcare/Maintenance/,2025-07-26T23:11:48,low
invoice_consent_8861.xlsx,.xlsx,600,C:/Healthcare/Patients/,2023-08-10T04:53:08,low
meeting_8862.pdf,.pdf,63,C:/Healthcare/Meetings/,2025-06-02T03:27:23,low
parking_notice_8863.pdf,.pdf,302,C:/Healthcare/PublicInfo/Notices/,2023-09-07T13:37:48,low
summary_notice_8864.pdf,.pdf,10,C:/Healthcare/PublicInfo/Parking/,2024-03-21T10:33:26,low
maintenance_8865.pdf,.pdf,2251,C:/Healthcare/Maintenance/,2024-10-18T12:16:51,low
invoice_8866.docx,.docx,735,C:/Healthcare/Insurance/,2024-05-27T15:38:08,medium
notice_8867.txt,.txt,3,C:/Healthcare/PublicInfo/Notices/,2023-08-26T09:09:41,medium
protocol_8868_draft.pdf,.pdf,1039,C:/Healthcare/Internal/Protocols/,2025-10-15T05:41:51,medium
record_8869.docx,.docx,442,C:/Healthcare/Patients/,2023-05-25T07:52:01,low
notice_info_8870.csv,.csv,160,C:/Healthcare/PublicInfo/Notices/,2024-06-24T00:43:36,low
lab_8871.csv,.csv,236,C:/Healthcare/LabResults/,2025-11-13T18:44:24,medium
notice_record_8872.docx,.docx,546,C:/Healthcare/Patients/,2024-06-03T17:07:58,low
announcement_notice_8873.pdf,.pdf,672,C:/Healthcare/PublicInfo/Parking/,2023-07-25T16:05:21,low
parking_8874_final.txt,.txt,85,C:/Healthcare/PublicInfo/Notices/,2023-09-22T16:12:27,low
menu_guideline_8875.docx,.docx,5,C:/Healthcare/Internal/Protocols/,2025-06-20T07:58:29,low
roster_8876.pdf,.pdf,478,C:/Healthcare/StaffSchedules/,2023-01-17T00:29:32,low
menu_menu_8877.pdf,.pdf,1280,C:/Healthcare/PublicInfo/Notices/,2024-10-13T14:24:57,low
public_maintenance_8878_archived.xlsx,.xlsx,26,C:/Healthcare/Maintenance/,2025-03-16T10:45:11,low
record_8879.pdf,.pdf,1570,C:/Healthcare/Patients/,2024-07-07T05:46:22,low
schedule_parking_8880.txt,.txt,117,C:/Healthcare/PublicInfo/Notices/,2025-10-25T08:50:31,medium
roster_8881.csv,.csv,289,C:/Healthcare/StaffSchedules/,2025-10-19T22:39:12,medium
info_8882.txt,.txt,68,C:/Healthcare/PublicInfo/Notices/,2025-10-12T18:09:45,low
announcement_lab_8883.csv,.csv,67,C:/Healthcare/LabResults/,2025-12-19T22:24:24,low
maintenance_8884.pdf,.pdf,1502,C:/Healthcare/Maintenance/,2024-08-03T03:09:27,high
menu_parking_8885.pdf,.pdf,1625,C:/Healthcare/PublicInfo/Notices/,2024-03-31T04:20:06,medium
invoice_menu_8886.pdf,.pdf,420,C:/Healthcare/PublicInfo/Notices/,2024-12-26T22:42:07,medium
shift_8887.xlsx,.xlsx,918,C:/Healthcare/StaffSchedules/,2024-12-17T12:50:57,low
maintenance_parking_8888.pdf,.pdf,672,C:/Healthcare/PublicInfo/Notices/,2024-02-26T04:52:27,low
shift_8889.xlsx,.xlsx,316,C:/Healthcare/StaffSchedules/,2024-06-03T10:02:54,medium
schedule_8890.pdf,.pdf,959,C:/Healthcare/StaffSchedules/,2025-06-26T09:35:06,low
procedure_8891_draft.xlsx,.xlsx,160,C:/Healthcare/Internal/Protocols/,2023-05-31T10:35:11,high
log_8892.txt,.txt,89,C:/Healthcare/Maintenance/,2025-01-08T04:47:39,low
appointment_patient_8893.pdf,.pdf,1685,C:/Healthcare/Patients/,2025-12-21T03:26:13,high
roster_8894.xlsx,.xlsx,527,C:/Healthcare/StaffSchedules/,2024-10-03T17:29:27,low
meeting_8895.pdf,.pdf,843,C:/Healthcare/Meetings/,2025-01-29T02:12:43,low
notice_8896.csv,.csv,28,C:/Healthcare/PublicInfo/Menu/,2023-07-06T02:17:08,high
info_8897_confidential.pdf,.pdf,340,C:/Healthcare/PublicInfo/Notices/,2023-05-10T04:49:33,low
menu_8898.csv,.csv,68,C:/Healthcare/PublicInfo/Notices/,2025-11-20T19:13:00,low
notice_menu_8899.txt,.txt,8,C:/Healthcare/PublicInfo/Menu/,2023-09-10T08:32:09,low
schedule_log_8900.xlsx,.xlsx,174,C:/Healthcare/Maintenance/,2025-07-22T11:10:26,low
menu_notice_8901.csv,.csv,141,C:/Healthcare/PublicInfo/Parking/,2023-12-09T17:14:32,low
menu_8902.csv,.csv,298,C:/Healthcare/PublicInfo/Parking/,2025-10-03T15:18:56,medium
announcement_analysis_8903.pdf,.pdf,1283,C:/Healthcare/LabResults/,2025-12-21T06:39:37,low
maintenance_notice_8904.txt,.txt,117,C:/Healthcare/PublicInfo/Menu/,2024-09-04T21:03:32,low
notice_8905.csv,.csv,74,C:/Healthcare/PublicInfo/Notices/,2023-01-05T19:31:09,low
maintenance_test_8906.csv,.csv,219,C:/Healthcare/LabResults/,2023-04-24T07:29:40,low
menu_notice_8907.txt,.txt,80,C:/Healthcare/PublicInfo/Parking/,2024-08-31T11:23:31,low
coverage_8908.csv,.csv,391,C:/Healthcare/Insurance/,2024-11-21T07:58:39,low
parking_8909.txt,.txt,123,C:/Healthcare/PublicInfo/Parking/,2023-07-22T03:44:44,medium
test_visit_8910.pdf,.pdf,270,C:/Healthcare/Patients/,2024-11-24T10:22:37,low
summary_reimbursement_8911.csv,.csv,62,C:/Healthcare/Insurance/,2025-09-18T12:00:35,medium
parking_meeting_8912.docx,.docx,886,C:/Healthcare/Meetings/,2023-07-24T02:57:17,low
results_8913_archived.xlsx,.xlsx,300,C:/Healthcare/LabResults/,2025-02-01T05:44:06,low
maintenance_results_8914_final.pdf,.pdf,423,C:/Healthcare/LabResults/,2024-03-12T07:10:40,low
minutes_8915.pdf,.pdf,1176,C:/Healthcare/Meetings/,2023-12-08T03:09:14,low
diagnosis_8916.pdf,.pdf,826,C:/Healthcare/Patients/,2023-06-15T22:48:09,low
log_8917_v2.pdf,.pdf,1806,C:/Healthcare/Maintenance/,2024-03-19T06:53:00,medium
coverage_8918.csv,.csv,308,C:/Healthcare/Insurance/,2024-04-12T07:26:32,low
test_8919_final.xls,.xls,238,C:/Healthcare/LabResults/,2024-12-03T09:29:19,medium
notice_meeting_8920.pdf,.pdf,2004,C:/Healthcare/Meetings/,2024-08-29T22:44:17,medium
policy_8921.csv,.csv,38,C:/Healthcare/Insurance/,2024-04-08T05:20:18,high
claim_8922.pdf,.pdf,1482,C:/Healthcare/Insurance/,2025-06-04T06:40:54,high
procedure_8923_v2.pdf,.pdf,951,C:/Healthcare/Internal/Protocols/,2025-10-13T03:28:53,medium
diagnosis_8924.docx,.docx,51,C:/Healthcare/Patients/,2025-02-24T04:35:23,low
minutes_8925.docx,.docx,546,C:/Healthcare/Meetings/,2023-02-03T15:07:07,medium
roster_8926.pdf,.pdf,3181,C:/Healthcare/StaffSchedules/,2023-10-13T08:17:01,low
log_8927.pdf,.pdf,462,C:/Healthcare/Maintenance/,2024-09-12T22:18:55,low
report_guideline_8928.pdf,.pdf,120,C:/Healthcare/Internal/Protocols/,2025-07-02T10:34:48,low
menu_8929.csv,.csv,429,C:/Healthcare/PublicInfo/Parking/,2025-03-19T02:34:13,medium
menu_roster_8930.xlsx,.xlsx,115,C:/Healthcare/StaffSchedules/,2023-08-14T04:06:19,low
procedure_8931.pdf,.pdf,946,C:/Healthcare/Internal/Protocols/,2024-11-28T14:57:41,low
coverage_8932_archived.csv,.csv,61,C:/Healthcare/Insurance/,2024-08-10T23:16:22,medium
report_policy_8933.csv,.csv,246,C:/Healthcare/Insurance/,2024-01-16T23:54:43,medium
info_8934.pdf,.pdf,2872,C:/Healthcare/PublicInfo/Parking/,2023-10-08T13:14:20,high
maintenance_schedule_8935.xlsx,.xlsx,187,C:/Healthcare/StaffSchedules/,2024-05-24T04:22:34,medium
lab_record_8936.pdf,.pdf,389,C:/Healthcare/Patients/,2024-05-20T03:37:59,medium
maintenance_roster_8937.xlsx,.xlsx,449,C:/Healthcare/StaffSchedules/,2025-10-07T17:08:58,low
notice_coverage_8938.csv,.csv,750,C:/Healthcare/Insurance/,2023-12-11T09:31:38,high
info_8939.csv,.csv,454,C:/Healthcare/PublicInfo/Notices/,2025-03-02T03:14:49,low
schedule_parking_8940_v2.txt,.txt,68,C:/Healthcare/PublicInfo/Notices/,2025-08-25T22:35:10,low
notice_8941_final.csv,.csv,63,C:/Healthcare/PublicInfo/Notices/,2024-07-16T08:27:00,low
reimbursement_8942.docx,.docx,85,C:/Healthcare/Insurance/,2024-11-10T22:48:35,low
credentials_guideline_8943.docx,.docx,433,C:/Healthcare/Internal/Protocols/,2024-09-24T20:51:54,high
roster_8944.xlsx,.xlsx,556,C:/Healthcare/StaffSchedules/,2025-06-09T09:07:19,low
menu_schedule_8945.pdf,.pdf,616,C:/Healthcare/StaffSchedules/,2024-02-27T17:28:46,low
appointment_policy_8946.docx,.docx,670,C:/Healthcare/Insurance/,2023-02-10T11:47:40,high
results_8947.csv,.csv,337,C:/Healthcare/LabResults/,2025-11-20T01:47:58,low
diagnosis_menu_8948.pdf,.pdf,793,C:/Healthcare/PublicInfo/Notices/,2024-01-26T10:27:55,low
claim_8949.pdf,.pdf,1084,C:/Healthcare/Insurance/,2024-03-13T08:59:39,medium
results_minutes_8950.txt,.txt,10,C:/Healthcare/Meetings/,2024-11-23T09:54:29,low
notice_8951.pdf,.pdf,141,C:/Healthcare/PublicInfo/Menu/,2024-09-25T07:55:46,low
record_8952.docx,.docx,124,C:/Healthcare/Patients/,2024-11-19T16:00:55,medium
summary_analysis_8953.xls,.xls,448,C:/Healthcare/LabResults/,2025-04-26T20:02:10,medium
summary_specimen_8954_draft.pdf,.pdf,440,C:/Healthcare/LabResults/,2024-11-08T06:04:06,low
info_8955.pdf,.pdf,492,C:/Healthcare/PublicInfo/Menu/,2023-09-13T07:55:24,low
maintenance_parking_8956.txt,.txt,154,C:/Healthcare/PublicInfo/Notices/,2025-08-18T12:51:04,medium
test_results_8957.pdf,.pdf,221,C:/Healthcare/LabResults/,2025-01-27T23:49:33,high
minutes_8958.txt,.txt,27,C:/Healthcare/Meetings/,2024-05-23T10:44:05,medium
meeting_8959.pdf,.pdf,972,C:/Healthcare/Meetings/,2025-11-08T04:07:25,low
announcement_protocol_8960.pdf,.pdf,906,C:/Healthcare/Internal/Protocols/,2023-10-10T16:41:45,low
public_meeting_8961.txt,.txt,96,C:/Healthcare/Meetings/,2025-10-24T09:51:54,low
agenda_8962.docx,.docx,114,C:/Healthcare/Meetings/,2025-03-03T19:04:45,low
announcement_maintenance_8963.pdf,.pdf,339,C:/Healthcare/Maintenance/,2023-03-26T03:58:07,low
public_info_8964.pdf,.pdf,686,C:/Healthcare/PublicInfo/Notices/,2025-10-07T12:31:47,medium
maintenance_parking_8965.txt,.txt,100,C:/Healthcare/PublicInfo/Menu/,2024-06-12T02:24:19,low
log_8966.xlsx,.xlsx,383,C:/Healthcare/Maintenance/,2023-06-05T17:00:28,medium
parking_8967.csv,.csv,177,C:/Healthcare/PublicInfo/Menu/,2023-05-04T14:01:22,high
public_notice_8968.txt,.txt,53,C:/Healthcare/PublicInfo/Menu/,2023-08-31T04:43:07,low
meeting_8969.txt,.txt,10,C:/Healthcare/Meetings/,2024-05-18T18:59:06,low
consent_8970.xlsx,.xlsx,324,C:/Healthcare/Patients/,2023-02-09T00:09:50,high
reimbursement_8971.pdf,.pdf,117,C:/Healthcare/Insurance/,2025-07-09T22:26:07,medium
schedule_notice_8972.pdf,.pdf,26,C:/Healthcare/PublicInfo/Menu/,2024-03-13T05:18:35,medium
notice_8973_final.csv,.csv,268,C:/Healthcare/PublicInfo/Notices/,2023-07-14T23:09:01,low
analysis_8974.pdf,.pdf,1000,C:/Healthcare/LabResults/,2024-11-04T22:34:48,low
parking_consent_8975.docx,.docx,218,C:/Healthcare/Patients/,2024-11-23T17:52:59,low
invoice_8976_v2.pdf,.pdf,1538,C:/Healthcare/Insurance/,2025-01-06T03:52:00,low
appointment_log_8977_draft.xlsx,.xlsx,1543,C:/Healthcare/Maintenance/,2025-10-02T05:33:46,medium
summary_protocol_8978.docx,.docx,151,C:/Healthcare/Internal/Protocols/,2023-03-11T06:49:37,low
consent_8979.xlsx,.xlsx,642,C:/Healthcare/Patients/,2024-05-05T20:08:13,low
appointment_parking_8980.pdf,.pdf,481,C:/Healthcare/PublicInfo/Parking/,2024-10-13T03:05:05,medium
invoice_menu_8981_archived.pdf,.pdf,1152,C:/Healthcare/PublicInfo/Notices/,2023-02-19T00:21:45,medium
info_8982.pdf,.pdf,1751,C:/Healthcare/PublicInfo/Parking/,2025-07-12T02:47:33,low
diagnosis_8983.xlsx,.xlsx,789,C:/Healthcare/Patients/,2025-05-27T20:12:04,low
passwords_coverage_8984.docx,.docx,450,C:/Healthcare/Insurance/,2024-03-28T02:55:23,medium
schedule_8985.pdf,.pdf,1566,C:/Healthcare/StaffSchedules/,2025-09-10T13:38:16,low
lab_8986.pdf,.pdf,1301,C:/Healthcare/LabResults/,2023-08-30T00:53:21,high
protocol_8987.xlsx,.xlsx,1716,C:/Healthcare/Internal/Protocols/,2023-08-17T04:29:43,low
invoice_maintenance_8988.pdf,.pdf,179,C:/Healthcare/Maintenance/,2023-09-27T00:20:06,high
patient_claim_8989.docx,.docx,576,C:/Healthcare/Insurance/,2023-04-04T10:06:33,low
notice_8990.pdf,.pdf,559,C:/Healthcare/PublicInfo/Notices/,2025-05-20T09:59:02,low
invoice_visit_8991_v2.xlsx,.xlsx,1340,C:/Healthcare/Patients/,2025-07-09T18:27:36,high
coverage_8992.csv,.csv,252,C:/Healthcare/Insurance/,2023-05-20T10:27:17,medium
diagnosis_8993.pdf,.pdf,1569,C:/Healthcare/Patients/,2024-06-29T13:54:14,medium
menu_8994.txt,.txt,44,C:/Healthcare/PublicInfo/Parking/,2024-05-29T14:36:22,low
results_parking_8995.pdf,.pdf,2744,C:/Healthcare/PublicInfo/Menu/,2025-04-11T07:10:50,medium
meeting_8996.pdf,.pdf,672,C:/Healthcare/Meetings/,2025-02-16T12:47:41,medium
guideline_8997.docx,.docx,388,C:/Healthcare/Internal/Protocols/,2023-10-10T05:50:00,low
menu_menu_8998.txt,.txt,20,C:/Healthcare/PublicInfo/Parking/,2024-08-07T02:58:59,low
schedule_procedure_8999.pdf,.pdf,398,C:/Healthcare/Internal/Protocols/,2025-05-20T01:35:21,low
results_guideline_9000.pdf,.pdf,1001,C:/Healthcare/Internal/Protocols/,2025-05-31T14:28:58,low
menu_9001.csv,.csv,34,C:/Healthcare/PublicInfo/Parking/,2023-04-06T17:49:26,low
summary_analysis_9002.xls,.xls,227,C:/Healthcare/LabResults/,2025-12-10T03:14:36,medium
info_9003.csv,.csv,23,C:/Healthcare/PublicInfo/Menu/,2025-08-05T19:17:44,medium
menu_9004.csv,.csv,293,C:/Healthcare/PublicInfo/Menu/,2023-01-26T06:39:31,low
log_9005.xlsx,.xlsx,1036,C:/Healthcare/Maintenance/,2023-11-19T22:38:48,low
parking_9006.csv,.csv,307,C:/Healthcare/PublicInfo/Menu/,2023-07-14T14:23:01,medium
announcement_menu_9007.csv,.csv,625,C:/Healthcare/PublicInfo/Notices/,2023-08-11T04:41:50,low
announcement_specimen_9008.xls,.xls,1688,C:/Healthcare/LabResults/,2023-09-11T11:59:19,low
procedure_9009.docx,.docx,480,C:/Healthcare/Internal/Protocols/,2025-07-21T15:52:26,low
invoice_maintenance_9010_confidential.pdf,.pdf,1894,C:/Healthcare/Maintenance/,2023-06-20T11:47:50,low
notice_visit_9011.xlsx,.xlsx,575,C:/Healthcare/Patients/,2023-04-25T11:32:57,high
public_policy_9012.docx,.docx,228,C:/Healthcare/Insurance/,2024-03-12T23:58:36,low
menu_9013.pdf,.pdf,741,C:/Healthcare/PublicInfo/Parking/,2023-02-24T16:44:23,low
info_9014.txt,.txt,107,C:/Healthcare/PublicInfo/Parking/,2024-07-19T17:57:03,medium
maintenance_9015.txt,.txt,142,C:/Healthcare/Maintenance/,2025-02-16T01:08:24,high
patient_visit_9016.docx,.docx,772,C:/Healthcare/Patients/,2023-06-19T20:20:05,medium
notice_test_9017.xlsx,.xlsx,563,C:/Healthcare/LabResults/,2025-10-21T23:33:42,medium
results_roster_9018.pdf,.pdf,897,C:/Healthcare/StaffSchedules/,2023-02-23T14:55:38,low
lab_info_9019.txt,.txt,54,C:/Healthcare/PublicInfo/Notices/,2023-03-22T23:35:01,medium
patient_9020.xlsx,.xlsx,106,C:/Healthcare/Patients/,2023-06-02T20:42:56,high
lab_parking_9021.pdf,.pdf,873,C:/Healthcare/PublicInfo/Parking/,2025-10-04T23:29:09,low
log_9022.xlsx,.xlsx,619,C:/Healthcare/Maintenance/,2024-09-18T20:28:46,low
parking_9023.pdf,.pdf,1200,C:/Healthcare/PublicInfo/Notices/,2025-08-03T11:36:41,low
notice_9024.txt,.txt,14,C:/Healthcare/PublicInfo/Notices/,2025-01-21T10:53:06,low
summary_diagnosis_9025_confidential.xlsx,.xlsx,769,C:/Healthcare/Patients/,2024-02-26T03:15:27,medium
shift_9026.pdf,.pdf,822,C:/Healthcare/StaffSchedules/,2023-05-15T07:57:38,low
test_notice_9027.txt,.txt,60,C:/Healthcare/PublicInfo/Parking/,2025-08-29T06:29:48,low
invoice_coverage_9028.pdf,.pdf,194,C:/Healthcare/Insurance/,2023-08-13T01:05:10,low
log_9029.xlsx,.xlsx,1951,C:/Healthcare/Maintenance/,2025-09-21T03:12:34,medium
lab_guideline_9030.docx,.docx,330,C:/Healthcare/Internal/Protocols/,2023-05-20T21:41:18,medium
schedule_9031_archived.pdf,.pdf,2165,C:/Healthcare/StaffSchedules/,2024-03-10T08:29:53,high
invoice_parking_9032.csv,.csv,509,C:/Healthcare/PublicInfo/Menu/,2025-07-02T19:30:55,high
parking_menu_9033.txt,.txt,40,C:/Healthcare/PublicInfo/Notices/,2024-07-31T09:38:19,medium
parking_protocol_9034.xlsx,.xlsx,120,C:/Healthcare/Internal/Protocols/,2025-08-11T13:41:10,low
record_9035.pdf,.pdf,1153,C:/Healthcare/Patients/,2023-01-16T00:30:22,high
lab_9036.csv,.csv,317,C:/Healthcare/LabResults/,2024-06-24T09:00:40,low
parking_analysis_9037.pdf,.pdf,386,C:/Healthcare/LabResults/,2024-08-01T15:53:03,medium
schedule_menu_9038.csv,.csv,548,C:/Healthcare/PublicInfo/Notices/,2024-10-31T23:43:15,low
test_roster_9039.pdf,.pdf,1796,C:/Healthcare/StaffSchedules/,2023-07-06T09:23:50,medium
roster_9040.pdf,.pdf,87,C:/Healthcare/StaffSchedules/,2025-07-31T18:41:48,low
menu_9041.txt,.txt,55,C:/Healthcare/PublicInfo/Parking/,2024-06-06T11:40:41,low
notice_9042.txt,.txt,8,C:/Healthcare/PublicInfo/Notices/,2024-05-15T00:25:45,low
report_info_9043.csv,.csv,168,C:/Healthcare/PublicInfo/Notices/,2025-08-20T06:09:27,low
parking_guideline_9044_final.docx,.docx,632,C:/Healthcare/Internal/Protocols/,2023-12-27T23:03:27,low
visit_9045.csv,.csv,892,C:/Healthcare/Patients/,2025-06-14T20:49:17,high
info_9046.csv,.csv,742,C:/Healthcare/PublicInfo/Menu/,2024-08-18T05:57:18,low
meeting_9047.pdf,.pdf,1116,C:/Healthcare/Meetings/,2023-12-08T12:37:24,low
lab_parking_9048.pdf,.pdf,1631,C:/Healthcare/PublicInfo/Notices/,2025-04-28T17:59:57,medium
minutes_9049.pdf,.pdf,327,C:/Healthcare/Meetings/,2024-09-05T14:37:55,low
parking_record_9050.xlsx,.xlsx,914,C:/Healthcare/Patients/,2023-01-04T03:30:22,low
invoice_guideline_9051_final.pdf,.pdf,1769,C:/Healthcare/Internal/Protocols/,2023-07-23T01:52:08,medium
policy_9052.pdf,.pdf,334,C:/Healthcare/Insurance/,2023-04-03T19:59:15,low
invoice_log_9053.xlsx,.xlsx,592,C:/Healthcare/Maintenance/,2023-11-08T20:18:14,medium
public_agenda_9054.docx,.docx,52,C:/Healthcare/Meetings/,2024-06-09T14:25:56,medium
invoice_results_9055.csv,.csv,567,C:/Healthcare/LabResults/,2024-12-13T04:16:47,high
maintenance_parking_9056.pdf,.pdf,959,C:/Healthcare/PublicInfo/Parking/,2024-09-07T05:57:44,low
maintenance_record_9057.docx,.docx,815,C:/Healthcare/Patients/,2024-04-01T11:03:57,high
guideline_9058.pdf,.pdf,514,C:/Healthcare/Internal/Protocols/,2025-03-13T00:30:25,low
procedure_9059.pdf,.pdf,532,C:/Healthcare/Internal/Protocols/,2024-08-16T17:46:03,medium
menu_9060.pdf,.pdf,705,C:/Healthcare/PublicInfo/Parking/,2023-11-06T21:08:18,low
announcement_parking_9061.csv,.csv,362,C:/Healthcare/PublicInfo/Notices/,2025-01-23T18:46:55,low
announcement_notice_9062.txt,.txt,36,C:/Healthcare/PublicInfo/Notices/,2023-07-21T14:42:47,low
results_9063.xls,.xls,1013,C:/Healthcare/LabResults/,2024-02-10T11:52:28,medium
credentials_minutes_9064.docx,.docx,371,C:/Healthcare/Meetings/,2024-05-11T03:04:13,low
guideline_9065.pdf,.pdf,1212,C:/Healthcare/Internal/Protocols/,2023-11-25T17:13:37,low
notice_protocol_9066.docx,.docx,461,C:/Healthcare/Internal/Protocols/,2025-07-07T15:52:04,low
schedule_info_9067.csv,.csv,581,C:/Healthcare/PublicInfo/Parking/,2024-10-13T07:55:51,low
log_9068.xlsx,.xlsx,1296,C:/Healthcare/Maintenance/,2023-01-12T08:57:03,medium
notice_patient_9069.csv,.csv,197,C:/Healthcare/Patients/,2024-09-24T03:06:44,high
schedule_claim_9070_v2.pdf,.pdf,184,C:/Healthcare/Insurance/,2023-06-26T01:40:39,high
menu_9071.txt,.txt,14,C:/Healthcare/PublicInfo/Notices/,2023-03-31T13:29:51,medium
confidential_lab_9072.xls,.xls,202,C:/Healthcare/LabResults/,2023-03-10T03:06:16,medium
parking_9073.pdf,.pdf,592,C:/Healthcare/PublicInfo/Menu/,2023-07-17T22:12:32,medium
maintenance_coverage_9074_confidential.docx,.docx,478,C:/Healthcare/Insurance/,2025-08-30T16:44:56,low
workorder_9075.pdf,.pdf,584,C:/Healthcare/Maintenance/,2025-04-29T11:36:17,low
lab_menu_9076.pdf,.pdf,1476,C:/Healthcare/PublicInfo/Notices/,2023-07-12T11:10:19,high
workorder_9077.pdf,.pdf,185,C:/Healthcare/Maintenance/,2024-07-28T16:39:08,medium
schedule_parking_9078.csv,.csv,304,C:/Healthcare/PublicInfo/Notices/,2023-05-02T08:12:01,medium
maintenance_info_9079_confidential.csv,.csv,254,C:/Healthcare/PublicInfo/Parking/,2025-02-28T03:48:13,medium
shift_9080.pdf,.pdf,1130,C:/Healthcare/StaffSchedules/,2023-04-15T16:39:19,low
schedule_9081.pdf,.pdf,796,C:/Healthcare/StaffSchedules/,2025-01-11T21:17:32,high
parking_9082.txt,.txt,45,C:/Healthcare/PublicInfo/Parking/,2025-10-02T11:52:57,low
parking_9083.csv,.csv,130,C:/Healthcare/PublicInfo/Parking/,2024-08-06T17:31:09,low
summary_menu_9084_confidential.pdf,.pdf,749,C:/Healthcare/PublicInfo/Parking/,2025-11-26T07:03:12,low
parking_9085.csv,.csv,353,C:/Healthcare/PublicInfo/Parking/,2025-10-25T10:45:17,low
agenda_9086.pdf,.pdf,484,C:/Healthcare/Meetings/,2025-10-10T15:50:46,high
shift_9087_confidential.xlsx,.xlsx,1230,C:/Healthcare/StaffSchedules/,2023-03-25T08:39:17,high
policy_9088.docx,.docx,831,C:/Healthcare/Insurance/,2025-01-21T03:50:39,low
maintenance_9089.pdf,.pdf,363,C:/Healthcare/Maintenance/,2023-08-14T04:51:03,low
menu_9090.txt,.txt,38,C:/Healthcare/PublicInfo/Menu/,2024-10-19T02:57:10,medium
diagnosis_9091.docx,.docx,311,C:/Healthcare/Patients/,2023-06-03T02:51:48,medium
ssn_parking_9092.pdf,.pdf,233,C:/Healthcare/PublicInfo/Menu/,2023-01-13T09:30:12,low
parking_info_9093.pdf,.pdf,15,C:/Healthcare/PublicInfo/Notices/,2024-07-05T06:06:18,medium
confidential_reimbursement_9094.docx,.docx,38,C:/Healthcare/Insurance/,2024-07-18T16:37:56,low
results_workorder_9095.xlsx,.xlsx,758,C:/Healthcare/Maintenance/,2025-04-15T18:19:32,medium
medical_workorder_9096.pdf,.pdf,1076,C:/Healthcare/Maintenance/,2024-09-22T09:31:05,medium
confidential_shift_9097.xlsx,.xlsx,47,C:/Healthcare/StaffSchedules/,2025-06-03T00:54:36,low
public_roster_9098.pdf,.pdf,513,C:/Healthcare/StaffSchedules/,2023-04-22T18:18:21,medium
ssn_minutes_9099.txt,.txt,138,C:/Healthcare/Meetings/,2025-10-09T06:04:37,medium
invoice_minutes_9100.docx,.docx,9,C:/Healthcare/Meetings/,2024-03-31T21:11:25,high
results_9101.pdf,.pdf,1479,C:/Healthcare/LabResults/,2023-10-09T18:35:28,medium
summary_maintenance_9102.xlsx,.xlsx,441,C:/Healthcare/Maintenance/,2025-01-03T02:17:13,low
menu_9103.pdf,.pdf,894,C:/Healthcare/PublicInfo/Menu/,2025-03-21T03:43:55,low
public_menu_9104.pdf,.pdf,114,C:/Healthcare/PublicInfo/Parking/,2025-04-23T14:37:29,medium
log_9105.xlsx,.xlsx,802,C:/Healthcare/Maintenance/,2023-12-24T00:51:01,low
public_info_9106_final.txt,.txt,47,C:/Healthcare/PublicInfo/Notices/,2024-09-23T16:30:14,medium
maintenance_9107.pdf,.pdf,721,C:/Healthcare/Maintenance/,2023-07-30T21:07:01,low
workorder_9108.txt,.txt,123,C:/Healthcare/Maintenance/,2023-12-21T19:04:29,medium
shift_9109.csv,.csv,206,C:/Healthcare/StaffSchedules/,2025-08-30T22:57:11,low
results_9110.xlsx,.xlsx,522,C:/Healthcare/LabResults/,2024-12-02T05:28:42,low
summary_workorder_9111.txt,.txt,39,C:/Healthcare/Maintenance/,2025-02-06T04:53:57,medium
insurance_claim_menu_9112_archived.txt,.txt,71,C:/Healthcare/PublicInfo/Menu/,2025-02-17T08:41:21,low
parking_9113.pdf,.pdf,292,C:/Healthcare/PublicInfo/Menu/,2025-05-14T09:06:55,low
parking_9114_final.csv,.csv,433,C:/Healthcare/PublicInfo/Parking/,2024-08-31T22:45:14,high
meeting_9115.txt,.txt,12,C:/Healthcare/Meetings/,2023-09-13T05:59:20,medium
patient_9116.csv,.csv,723,C:/Healthcare/Patients/,2024-09-09T16:46:25,high
log_9117.txt,.txt,11,C:/Healthcare/Maintenance/,2024-01-03T17:48:27,low
parking_9118.pdf,.pdf,2469,C:/Healthcare/PublicInfo/Notices/,2024-03-30T15:54:55,high
patient_9119.csv,.csv,154,C:/Healthcare/Patients/,2025-11-29T08:50:23,high
maintenance_9120.pdf,.pdf,1425,C:/Healthcare/Maintenance/,2025-07-20T12:00:46,low
public_info_9121.pdf,.pdf,286,C:/Healthcare/PublicInfo/Notices/,2025-08-08T04:12:32,low
info_9122.txt,.txt,87,C:/Healthcare/PublicInfo/Parking/,2023-04-03T09:10:52,low
specimen_9123.csv,.csv,742,C:/Healthcare/LabResults/,2023-03-25T00:11:16,high
results_9124.xlsx,.xlsx,1400,C:/Healthcare/LabResults/,2023-03-26T19:08:10,medium
audit_coverage_9125.pdf,.pdf,1822,C:/Healthcare/Insurance/,2024-02-19T22:52:38,low
minutes_9126.txt,.txt,77,C:/Healthcare/Meetings/,2024-12-17T01:22:18,medium
menu_agenda_9127.txt,.txt,69,C:/Healthcare/Meetings/,2023-12-14T05:48:33,low
maintenance_patient_9128.docx,.docx,502,C:/Healthcare/Patients/,2025-10-25T21:02:31,low
meeting_9129.pdf,.pdf,45,C:/Healthcare/Meetings/,2025-04-30T11:11:20,low
info_9130.csv,.csv,253,C:/Healthcare/PublicInfo/Menu/,2024-11-29T11:59:14,low
menu_shift_9131.csv,.csv,364,C:/Healthcare/StaffSchedules/,2023-05-28T17:45:51,low
credentials_parking_9132.pdf,.pdf,856,C:/Healthcare/PublicInfo/Notices/,2025-07-02T16:29:19,medium
schedule_results_9133.xls,.xls,1348,C:/Healthcare/LabResults/,2025-06-20T01:11:47,low
summary_protocol_9134.docx,.docx,81,C:/Healthcare/Internal/Protocols/,2023-03-11T14:59:59,low
policy_9135.docx,.docx,1514,C:/Healthcare/Insurance/,2024-09-17T14:01:59,high
results_9136.xlsx,.xlsx,397,C:/Healthcare/LabResults/,2025-05-21T22:42:20,high
protocol_9137.xlsx,.xlsx,1120,C:/Healthcare/Internal/Protocols/,2024-12-20T07:15:52,low
public_menu_9138.csv,.csv,388,C:/Healthcare/PublicInfo/Notices/,2023-06-12T12:02:08,medium
confidential_procedure_9139.xlsx,.xlsx,370,C:/Healthcare/Internal/Protocols/,2023-11-25T03:30:14,medium
agenda_9140.pdf,.pdf,11,C:/Healthcare/Meetings/,2025-07-21T22:25:34,high
notice_lab_9141.xls,.xls,637,C:/Healthcare/LabResults/,2024-12-03T19:06:23,medium
report_diagnosis_9142.pdf,.pdf,559,C:/Healthcare/Patients/,2023-01-12T08:15:59,high
parking_9143.csv,.csv,258,C:/Healthcare/PublicInfo/Parking/,2025-09-05T15:46:39,low
schedule_workorder_9144.pdf,.pdf,131,C:/Healthcare/Maintenance/,2023-11-18T07:47:16,medium
summary_lab_9145.pdf,.pdf,113,C:/Healthcare/LabResults/,2025-04-15T19:39:47,high
shift_9146.csv,.csv,208,C:/Healthcare/StaffSchedules/,2023-01-07T23:10:39,high
info_9147.pdf,.pdf,779,C:/Healthcare/PublicInfo/Notices/,2024-09-26T07:32:07,medium
report_lab_9148.csv,.csv,504,C:/Healthcare/LabResults/,2025-07-27T12:49:16,high
insurance_claim_log_9149.txt,.txt,103,C:/Healthcare/Maintenance/,2023-05-21T16:03:08,low
menu_9150.pdf,.pdf,596,C:/Healthcare/PublicInfo/Parking/,2024-04-03T06:52:34,low
appointment_notice_9151.txt,.txt,37,C:/Healthcare/PublicInfo/Menu/,2024-06-21T06:51:08,low
summary_notice_9152.txt,.txt,50,C:/Healthcare/PublicInfo/Notices/,2023-05-05T15:25:29,low
notice_protocol_9153.docx,.docx,600,C:/Healthcare/Internal/Protocols/,2025-03-11T05:46:55,high
agenda_9154.txt,.txt,128,C:/Healthcare/Meetings/,2025-05-19T06:30:03,medium
summary_policy_9155_final.docx,.docx,117,C:/Healthcare/Insurance/,2025-05-25T18:22:21,high
maintenance_9156.pdf,.pdf,504,C:/Healthcare/Maintenance/,2023-06-09T09:08:59,medium
public_log_9157.xlsx,.xlsx,1699,C:/Healthcare/Maintenance/,2023-01-10T13:41:50,high
diagnosis_specimen_9158.xls,.xls,224,C:/Healthcare/LabResults/,2025-02-07T10:55:24,low
record_9159.csv,.csv,88,C:/Healthcare/Patients/,2024-02-28T07:20:52,low
invoice_9160.docx,.docx,39,C:/Healthcare/Insurance/,2023-05-17T16:10:01,low
procedure_9161_final.pdf,.pdf,1711,C:/Healthcare/Internal/Protocols/,2025-07-12T21:12:09,low
info_9162.txt,.txt,64,C:/Healthcare/PublicInfo/Notices/,2025-12-02T13:46:42,low
protocol_9163.docx,.docx,355,C:/Healthcare/Internal/Protocols/,2023-06-04T02:37:40,low
summary_lab_9164.xlsx,.xlsx,1042,C:/Healthcare/LabResults/,2023-12-09T04:16:15,high
audit_parking_9165.pdf,.pdf,1166,C:/Healthcare/PublicInfo/Parking/,2025-04-22T11:54:25,low
summary_menu_9166.pdf,.pdf,542,C:/Healthcare/PublicInfo/Parking/,2025-08-21T02:41:20,low
test_9167.pdf,.pdf,535,C:/Healthcare/LabResults/,2025-11-21T17:47:50,low
procedure_9168_archived.xlsx,.xlsx,48,C:/Healthcare/Internal/Protocols/,2023-03-25T15:14:58,low
appointment_lab_9169.csv,.csv,284,C:/Healthcare/LabResults/,2023-09-15T14:30:07,low
menu_9170_archived.pdf,.pdf,2179,C:/Healthcare/PublicInfo/Menu/,2024-03-23T18:07:06,low
roster_9171.xlsx,.xlsx,897,C:/Healthcare/StaffSchedules/,2023-06-07T03:17:54,low
parking_9172.csv,.csv,315,C:/Healthcare/PublicInfo/Menu/,2025-10-03T02:04:16,low
lab_invoice_9173.pdf,.pdf,43,C:/Healthcare/Insurance/,2023-03-20T03:30:11,medium
invoice_9174.csv,.csv,539,C:/Healthcare/Insurance/,2023-02-05T18:13:09,low
parking_9175.txt,.txt,84,C:/Healthcare/PublicInfo/Menu/,2024-03-16T22:50:36,low
appointment_shift_9176.xlsx,.xlsx,422,C:/Healthcare/StaffSchedules/,2024-12-10T12:08:03,low
schedule_lab_9177.pdf,.pdf,861,C:/Healthcare/LabResults/,2023-09-28T12:04:17,high
results_notice_9178.pdf,.pdf,2057,C:/Healthcare/PublicInfo/Notices/,2023-09-08T03:34:06,medium
maintenance_9179.pdf,.pdf,2159,C:/Healthcare/Maintenance/,2024-03-20T18:55:54,medium
info_9180.pdf,.pdf,247,C:/Healthcare/PublicInfo/Parking/,2024-06-02T08:14:05,medium
info_9181_archived.txt,.txt,65,C:/Healthcare/PublicInfo/Menu/,2024-04-12T04:38:21,low
maintenance_log_9182.xlsx,.xlsx,1199,C:/Healthcare/Maintenance/,2023-12-09T23:29:08,high
shift_9183.pdf,.pdf,293,C:/Healthcare/StaffSchedules/,2024-12-24T05:15:20,high
shift_9184.xlsx,.xlsx,391,C:/Healthcare/StaffSchedules/,2024-06-10T02:24:42,low
menu_9185.txt,.txt,60,C:/Healthcare/PublicInfo/Menu/,2024-10-04T14:45:13,low
test_parking_9186.txt,.txt,42,C:/Healthcare/PublicInfo/Notices/,2025-06-01T18:43:28,medium
shift_9187.csv,.csv,315,C:/Healthcare/StaffSchedules/,2025-01-05T20:28:03,medium
parking_roster_9188.csv,.csv,240,C:/Healthcare/StaffSchedules/,2024-02-24T13:21:57,low
protocol_9189.docx,.docx,347,C:/Healthcare/Internal/Protocols/,2025-04-20T15:03:59,low
roster_9190.pdf,.pdf,720,C:/Healthcare/StaffSchedules/,2023-05-18T04:36:38,medium
invoice_parking_9191.csv,.csv,40,C:/Healthcare/PublicInfo/Menu/,2025-11-03T08:16:39,low
workorder_9192.pdf,.pdf,2275,C:/Healthcare/Maintenance/,2025-09-30T00:37:30,low
invoice_info_9193.csv,.csv,252,C:/Healthcare/PublicInfo/Parking/,2023-11-21T03:56:54,medium
patient_9194.pdf,.pdf,2851,C:/Healthcare/Patients/,2024-12-20T07:48:48,medium
lab_9195.pdf,.pdf,411,C:/Healthcare/LabResults/,2023-11-25T17:45:38,low
maintenance_schedule_9196.csv,.csv,228,C:/Healthcare/StaffSchedules/,2023-01-02T19:37:08,low
public_protocol_9197.pdf,.pdf,2074,C:/Healthcare/Internal/Protocols/,2024-06-12T14:10:24,high
summary_info_9198.txt,.txt,11,C:/Healthcare/PublicInfo/Parking/,2025-03-01T09:24:45,low
schedule_menu_9199.pdf,.pdf,1296,C:/Healthcare/PublicInfo/Menu/,2025-11-25T02:22:33,low
audit_agenda_9200.docx,.docx,625,C:/Healthcare/Meetings/,2024-10-28T03:46:11,high
log_9201.pdf,.pdf,1104,C:/Healthcare/Maintenance/,2025-09-11T12:25:17,low
public_reimbursement_9202.pdf,.pdf,906,C:/Healthcare/Insurance/,2023-11-23T14:11:48,low
specimen_9203.pdf,.pdf,1097,C:/Healthcare/LabResults/,2024-01-16T02:22:55,high
notice_consent_9204.xlsx,.xlsx,1038,C:/Healthcare/Patients/,2023-12-29T00:22:33,low
public_analysis_9205.csv,.csv,33,C:/Healthcare/LabResults/,2024-03-28T07:19:23,low
info_9206.pdf,.pdf,1710,C:/Healthcare/PublicInfo/Notices/,2023-07-04T07:34:08,medium
notice_minutes_9207.txt,.txt,42,C:/Healthcare/Meetings/,2024-05-31T09:12:02,medium
minutes_9208.pdf,.pdf,1995,C:/Healthcare/Meetings/,2024-06-11T21:29:37,low
log_9209_draft.xlsx,.xlsx,191,C:/Healthcare/Maintenance/,2024-03-02T14:40:49,medium
parking_results_9210.xls,.xls,943,C:/Healthcare/LabResults/,2024-10-26T13:37:20,high
diagnosis_9211_confidential.docx,.docx,216,C:/Healthcare/Patients/,2025-10-14T01:41:52,high
insurance_claim_maintenance_9212.xlsx,.xlsx,1358,C:/Healthcare/Maintenance/,2023-08-16T01:07:06,low
results_9213_confidential.xlsx,.xlsx,205,C:/Healthcare/LabResults/,2024-07-21T03:20:08,low
notice_maintenance_9214.pdf,.pdf,397,C:/Healthcare/Maintenance/,2024-06-05T08:00:33,high
notice_9215.csv,.csv,246,C:/Healthcare/PublicInfo/Menu/,2024-09-01T13:01:12,low
protocol_9216.xlsx,.xlsx,13,C:/Healthcare/Internal/Protocols/,2023-07-27T12:58:29,low
info_9217.txt,.txt,88,C:/Healthcare/PublicInfo/Notices/,2025-01-03T07:00:21,low
maintenance_schedule_9218.csv,.csv,279,C:/Healthcare/StaffSchedules/,2024-08-15T04:19:10,low
notice_9219.pdf,.pdf,2396,C:/Healthcare/PublicInfo/Notices/,2023-08-09T08:37:13,low
report_diagnosis_9220.csv,.csv,263,C:/Healthcare/Patients/,2025-03-30T01:45:24,medium
agenda_9221_v2.pdf,.pdf,1480,C:/Healthcare/Meetings/,2025-09-13T11:10:39,medium
guideline_9222.docx,.docx,87,C:/Healthcare/Internal/Protocols/,2023-08-22T10:45:07,high
results_9223.csv,.csv,548,C:/Healthcare/LabResults/,2024-03-29T02:57:52,medium
test_notice_9224.txt,.txt,20,C:/Healthcare/PublicInfo/Notices/,2024-02-23T19:13:06,medium
appointment_shift_9225.xlsx,.xlsx,36,C:/Healthcare/StaffSchedules/,2025-03-14T04:24:13,high
shift_9226.xlsx,.xlsx,142,C:/Healthcare/StaffSchedules/,2023-11-22T19:13:05,medium
parking_notice_9227.csv,.csv,202,C:/Healthcare/PublicInfo/Notices/,2023-01-13T04:49:42,medium
parking_9228.pdf,.pdf,541,C:/Healthcare/PublicInfo/Parking/,2023-05-18T18:07:47,low
summary_parking_9229.csv,.csv,397,C:/Healthcare/PublicInfo/Menu/,2023-12-05T01:15:29,low
shift_9230.csv,.csv,132,C:/Healthcare/StaffSchedules/,2025-12-19T06:43:04,low
protocol_9231.xlsx,.xlsx,1411,C:/Healthcare/Internal/Protocols/,2025-08-28T21:42:28,high
info_9232.txt,.txt,147,C:/Healthcare/PublicInfo/Menu/,2024-10-11T06:49:54,high
parking_diagnosis_9233.xlsx,.xlsx,524,C:/Healthcare/Patients/,2024-08-15T11:24:03,medium
schedule_9234.xlsx,.xlsx,1775,C:/Healthcare/StaffSchedules/,2024-12-28T09:33:47,low
public_info_9235.txt,.txt,41,C:/Healthcare/PublicInfo/Parking/,2025-05-13T01:46:41,low
prescription_workorder_9236.txt,.txt,97,C:/Healthcare/Maintenance/,2023-09-26T07:47:40,low
menu_notice_9237.pdf,.pdf,1365,C:/Healthcare/PublicInfo/Parking/,2024-12-20T01:41:59,low
record_9238.pdf,.pdf,1986,C:/Healthcare/Patients/,2023-07-12T12:54:58,medium
agenda_9239.docx,.docx,420,C:/Healthcare/Meetings/,2025-08-18T16:18:33,high
parking_9240_v2.pdf,.pdf,58,C:/Healthcare/PublicInfo/Notices/,2024-02-01T08:20:21,low
results_9241.xls,.xls,273,C:/Healthcare/LabResults/,2023-10-10T10:19:19,high
parking_log_9242.pdf,.pdf,790,C:/Healthcare/Maintenance/,2024-02-13T19:58:25,low
menu_minutes_9243.txt,.txt,134,C:/Healthcare/Meetings/,2025-10-16T23:08:53,medium
announcement_notice_9244.pdf,.pdf,247,C:/Healthcare/PublicInfo/Menu/,2025-07-26T02:18:47,low
menu_9245.pdf,.pdf,1648,C:/Healthcare/PublicInfo/Parking/,2024-03-30T21:13:45,low
test_meeting_9246.pdf,.pdf,103,C:/Healthcare/Meetings/,2025-10-12T11:37:58,medium
notice_9247.txt,.txt,101,C:/Healthcare/PublicInfo/Notices/,2024-08-12T22:49:51,low
maintenance_9248.xlsx,.xlsx,682,C:/Healthcare/Maintenance/,2024-01-12T07:16:44,medium
lab_maintenance_9249.xlsx,.xlsx,153,C:/Healthcare/Maintenance/,2023-04-13T07:55:17,low
menu_meeting_9250_final.docx,.docx,195,C:/Healthcare/Meetings/,2023-02-08T19:07:14,low
maintenance_claim_9251.csv,.csv,44,C:/Healthcare/Insurance/,2023-05-16T12:27:18,high
procedure_9252.xlsx,.xlsx,770,C:/Healthcare/Internal/Protocols/,2024-06-25T20:38:33,low
info_9253_draft.csv,.csv,28,C:/Healthcare/PublicInfo/Menu/,2024-09-24T05:35:02,low
notice_9254.pdf,.pdf,1133,C:/Healthcare/PublicInfo/Notices/,2023-02-10T14:42:49,high
roster_9255.csv,.csv,174,C:/Healthcare/StaffSchedules/,2025-11-21T00:58:37,low
maintenance_log_9256.txt,.txt,90,C:/Healthcare/Maintenance/,2025-05-31T06:19:31,low
workorder_9257.pdf,.pdf,811,C:/Healthcare/Maintenance/,2023-08-18T02:41:20,medium
menu_notice_9258_draft.txt,.txt,19,C:/Healthcare/PublicInfo/Notices/,2023-08-16T10:16:41,medium
claim_9259.csv,.csv,498,C:/Healthcare/Insurance/,2024-07-12T10:29:41,low
analysis_9260.xls,.xls,313,C:/Healthcare/LabResults/,2024-02-06T15:22:40,low
test_9261.csv,.csv,246,C:/Healthcare/LabResults/,2023-12-01T05:45:53,low
menu_reimbursement_9262.csv,.csv,256,C:/Healthcare/Insurance/,2024-01-28T05:32:05,low
report_agenda_9263.pdf,.pdf,617,C:/Healthcare/Meetings/,2023-03-11T15:21:47,medium
meeting_9264.docx,.docx,623,C:/Healthcare/Meetings/,2024-09-27T09:00:32,low
test_minutes_9265.pdf,.pdf,1425,C:/Healthcare/Meetings/,2023-11-01T11:31:53,low
policy_9266.docx,.docx,728,C:/Healthcare/Insurance/,2023-05-25T02:42:26,high
parking_menu_9267.txt,.txt,173,C:/Healthcare/PublicInfo/Menu/,2024-05-29T19:12:48,low
notice_menu_9268.txt,.txt,47,C:/Healthcare/PublicInfo/Parking/,2023-01-09T08:59:37,medium
reimbursement_9269_final.docx,.docx,430,C:/Healthcare/Insurance/,2025-01-11T08:21:43,high
invoice_9270.pdf,.pdf,1645,C:/Healthcare/Insurance/,2024-07-22T12:43:02,medium
coverage_9271.pdf,.pdf,1486,C:/Healthcare/Insurance/,2024-10-23T14:35:55,low
schedule_agenda_9272_archived.docx,.docx,37,C:/Healthcare/Meetings/,2023-07-27T14:03:50,low
test_visit_9273.xlsx,.xlsx,372,C:/Healthcare/Patients/,2023-12-25T20:52:06,low
parking_info_9274.pdf,.pdf,702,C:/Healthcare/PublicInfo/Notices/,2023-04-05T20:17:11,low
menu_9275_final.txt,.txt,1,C:/Healthcare/PublicInfo/Parking/,2023-05-13T03:51:12,low
meeting_9276.docx,.docx,612,C:/Healthcare/Meetings/,2023-09-17T14:42:26,medium
test_schedule_9277.pdf,.pdf,1119,C:/Healthcare/StaffSchedules/,2023-04-20T07:51:43,medium
report_roster_9278.csv,.csv,150,C:/Healthcare/StaffSchedules/,2024-01-23T22:29:36,medium
maintenance_9279.txt,.txt,89,C:/Healthcare/Maintenance/,2025-05-02T19:34:13,low
parking_9280.pdf,.pdf,1719,C:/Healthcare/PublicInfo/Parking/,2025-07-20T23:24:03,medium
payroll_procedure_9281_draft.docx,.docx,167,C:/Healthcare/Internal/Protocols/,2025-03-27T00:34:59,low
shift_9282.csv,.csv,357,C:/Healthcare/StaffSchedules/,2024-06-24T20:12:10,low
parking_9283_draft.pdf,.pdf,1027,C:/Healthcare/PublicInfo/Menu/,2025-09-26T12:50:12,low
maintenance_maintenance_9284.txt,.txt,116,C:/Healthcare/Maintenance/,2023-08-19T13:48:52,low
patient_log_9285.pdf,.pdf,86,C:/Healthcare/Maintenance/,2023-01-03T01:04:38,high
summary_reimbursement_9286.csv,.csv,686,C:/Healthcare/Insurance/,2023-07-28T22:47:48,high
credentials_notice_9287.txt,.txt,114,C:/Healthcare/PublicInfo/Menu/,2023-02-20T22:32:11,low
parking_9288.pdf,.pdf,918,C:/Healthcare/PublicInfo/Notices/,2024-01-03T04:26:48,low
notice_record_9289.docx,.docx,469,C:/Healthcare/Patients/,2025-06-12T17:52:13,low
maintenance_policy_9290_draft.pdf,.pdf,860,C:/Healthcare/Insurance/,2025-05-17T03:01:31,medium
procedure_9291.docx,.docx,370,C:/Healthcare/Internal/Protocols/,2025-01-07T18:56:36,high
info_9292.txt,.txt,145,C:/Healthcare/PublicInfo/Notices/,2025-03-22T15:26:05,medium
info_9293.csv,.csv,178,C:/Healthcare/PublicInfo/Menu/,2025-03-22T13:32:56,low
maintenance_9294.pdf,.pdf,2097,C:/Healthcare/Maintenance/,2023-06-05T16:32:20,low
guideline_9295.docx,.docx,227,C:/Healthcare/Internal/Protocols/,2025-07-16T07:17:42,low
public_roster_9296_confidential.pdf,.pdf,834,C:/Healthcare/StaffSchedules/,2024-10-28T05:51:55,low
notice_9297.csv,.csv,143,C:/Healthcare/PublicInfo/Parking/,2023-07-03T00:53:10,medium
menu_9298_draft.pdf,.pdf,596,C:/Healthcare/PublicInfo/Notices/,2024-12-11T09:30:16,medium
passwords_parking_9299.pdf,.pdf,690,C:/Healthcare/PublicInfo/Parking/,2025-08-29T02:46:25,medium
public_coverage_9300.pdf,.pdf,1237,C:/Healthcare/Insurance/,2023-10-18T07:04:12,low
results_9301_draft.xlsx,.xlsx,219,C:/Healthcare/LabResults/,2025-11-28T16:45:33,medium
menu_9302.pdf,.pdf,147,C:/Healthcare/PublicInfo/Notices/,2025-05-16T15:02:34,low
menu_lab_9303_archived.xls,.xls,1088,C:/Healthcare/LabResults/,2023-09-23T00:17:37,low
test_parking_9304.txt,.txt,144,C:/Healthcare/PublicInfo/Menu/,2023-06-17T22:48:47,medium
consent_9305.docx,.docx,1002,C:/Healthcare/Patients/,2025-10-31T22:49:04,medium
shift_9306.xlsx,.xlsx,569,C:/Healthcare/StaffSchedules/,2024-04-20T13:21:25,medium
parking_specimen_9307.xls,.xls,24,C:/Healthcare/LabResults/,2025-12-08T15:50:54,low
schedule_info_9308.txt,.txt,39,C:/Healthcare/PublicInfo/Menu/,2024-12-03T22:05:12,low
notice_9309.csv,.csv,432,C:/Healthcare/PublicInfo/Menu/,2023-07-22T00:12:50,low
schedule_9310.csv,.csv,275,C:/Healthcare/StaffSchedules/,2024-10-22T12:27:01,low
test_reimbursement_9311.pdf,.pdf,1245,C:/Healthcare/Insurance/,2023-02-17T20:58:50,high
report_workorder_9312_final.pdf,.pdf,2468,C:/Healthcare/Maintenance/,2025-03-03T23:31:42,high
notice_9313_final.pdf,.pdf,495,C:/Healthcare/PublicInfo/Menu/,2023-08-09T17:26:20,low
appointment_notice_9314_draft.csv,.csv,242,C:/Healthcare/PublicInfo/Notices/,2025-04-02T18:04:29,medium
results_specimen_9315.csv,.csv,707,C:/Healthcare/LabResults/,2023-09-29T18:59:46,medium
menu_info_9316.pdf,.pdf,399,C:/Healthcare/PublicInfo/Menu/,2024-01-31T09:32:27,medium
log_9317.xlsx,.xlsx,337,C:/Healthcare/Maintenance/,2023-04-15T22:11:45,low
parking_roster_9318.xlsx,.xlsx,241,C:/Healthcare/StaffSchedules/,2024-06-07T14:39:36,low
lab_maintenance_9319.pdf,.pdf,1997,C:/Healthcare/Maintenance/,2024-04-27T23:53:56,low
summary_menu_9320_v2.csv,.csv,86,C:/Healthcare/PublicInfo/Parking/,2024-05-10T05:22:43,low
report_agenda_9321.docx,.docx,414,C:/Healthcare/Meetings/,2023-07-29T04:48:07,low
maintenance_claim_9322.pdf,.pdf,2030,C:/Healthcare/Insurance/,2025-05-17T00:21:38,high
results_shift_9323.csv,.csv,101,C:/Healthcare/StaffSchedules/,2023-08-16T02:31:37,medium
public_protocol_9324.pdf,.pdf,739,C:/Healthcare/Internal/Protocols/,2024-09-04T06:22:15,low
roster_9325.xlsx,.xlsx,746,C:/Healthcare/StaffSchedules/,2023-06-01T07:31:55,medium
policy_9326.pdf,.pdf,829,C:/Healthcare/Insurance/,2024-03-14T07:53:47,medium
summary_protocol_9327.xlsx,.xlsx,320,C:/Healthcare/Internal/Protocols/,2024-05-10T01:01:40,low
agenda_9328.pdf,.pdf,118,C:/Healthcare/Meetings/,2024-04-27T07:59:33,low
menu_menu_9329_final.txt,.txt,49,C:/Healthcare/PublicInfo/Notices/,2025-06-29T22:46:17,high
diagnosis_parking_9330.csv,.csv,772,C:/Healthcare/PublicInfo/Parking/,2024-10-21T17:10:23,low
test_test_9331.pdf,.pdf,1,C:/Healthcare/LabResults/,2024-07-05T10:06:49,low
menu_info_9332_final.csv,.csv,241,C:/Healthcare/PublicInfo/Menu/,2024-02-13T10:37:47,low
diagnosis_info_9333_confidential.pdf,.pdf,619,C:/Healthcare/PublicInfo/Parking/,2025-12-17T17:35:19,medium
parking_info_9334.txt,.txt,30,C:/Healthcare/PublicInfo/Notices/,2025-02-23T09:04:16,medium
menu_minutes_9335.docx,.docx,239,C:/Healthcare/Meetings/,2023-10-06T11:22:31,low
invoice_parking_9336.csv,.csv,141,C:/Healthcare/PublicInfo/Menu/,2025-03-25T06:14:15,medium
test_meeting_9337.txt,.txt,103,C:/Healthcare/Meetings/,2025-10-15T10:16:39,low
passwords_shift_9338.csv,.csv,247,C:/Healthcare/StaffSchedules/,2023-09-08T08:03:39,low
maintenance_9339_confidential.txt,.txt,58,C:/Healthcare/Maintenance/,2023-03-01T01:49:15,low
shift_9340.csv,.csv,527,C:/Healthcare/StaffSchedules/,2024-08-05T20:12:19,low
menu_9341.pdf,.pdf,930,C:/Healthcare/PublicInfo/Parking/,2024-02-03T23:54:28,medium
lab_claim_9342.csv,.csv,716,C:/Healthcare/Insurance/,2023-07-07T10:38:26,medium
info_9343.txt,.txt,12,C:/Healthcare/PublicInfo/Parking/,2025-07-25T13:29:51,low
guideline_9344.pdf,.pdf,1707,C:/Healthcare/Internal/Protocols/,2025-01-16T05:48:04,low
guideline_9345.pdf,.pdf,537,C:/Healthcare/Internal/Protocols/,2025-01-09T11:17:15,low
schedule_roster_9346.xlsx,.xlsx,2016,C:/Healthcare/StaffSchedules/,2023-12-21T21:46:56,high
appointment_coverage_9347.csv,.csv,26,C:/Healthcare/Insurance/,2025-01-15T18:23:08,low
notice_guideline_9348.pdf,.pdf,129,C:/Healthcare/Internal/Protocols/,2023-08-02T22:42:05,low
test_info_9349.txt,.txt,48,C:/Healthcare/PublicInfo/Notices/,2025-05-14T06:31:31,low
maintenance_workorder_9350.txt,.txt,31,C:/Healthcare/Maintenance/,2025-07-17T20:57:46,low
reimbursement_9351.docx,.docx,163,C:/Healthcare/Insurance/,2025-09-07T23:08:47,medium
schedule_specimen_9352_confidential.csv,.csv,540,C:/Healthcare/LabResults/,2023-06-30T08:40:37,low
summary_minutes_9353.docx,.docx,210,C:/Healthcare/Meetings/,2025-03-09T14:35:17,high
test_protocol_9354.xlsx,.xlsx,466,C:/Healthcare/Internal/Protocols/,2024-11-30T22:21:17,medium
notice_meeting_9355_archived.txt,.txt,73,C:/Healthcare/Meetings/,2025-01-09T12:55:10,low
prescription_specimen_9356_draft.csv,.csv,250,C:/Healthcare/LabResults/,2023-08-19T08:03:06,medium
menu_parking_9357.csv,.csv,373,C:/Healthcare/PublicInfo/Notices/,2024-08-05T08:24:09,low
audit_info_9358_archived.pdf,.pdf,425,C:/Healthcare/PublicInfo/Menu/,2023-12-19T04:12:15,low
test_9359.csv,.csv,896,C:/Healthcare/LabResults/,2024-07-16T12:04:53,low
notice_record_9360.docx,.docx,221,C:/Healthcare/Patients/,2025-05-20T19:46:36,medium
coverage_9361.csv,.csv,339,C:/Healthcare/Insurance/,2024-05-22T10:16:20,low
guideline_9362.pdf,.pdf,2100,C:/Healthcare/Internal/Protocols/,2024-05-30T08:20:57,medium
ssn_claim_9363.docx,.docx,388,C:/Healthcare/Insurance/,2023-02-13T19:14:00,high
roster_9364.xlsx,.xlsx,1188,C:/Healthcare/StaffSchedules/,2023-02-22T01:21:49,medium
invoice_info_9365.pdf,.pdf,755,C:/Healthcare/PublicInfo/Notices/,2024-04-20T03:16:57,low
results_maintenance_9366.xlsx,.xlsx,746,C:/Healthcare/Maintenance/,2025-05-07T03:22:17,low
schedule_9367.xlsx,.xlsx,567,C:/Healthcare/StaffSchedules/,2024-10-30T08:12:28,high
schedule_parking_9368_v2.csv,.csv,206,C:/Healthcare/PublicInfo/Parking/,2024-04-24T04:31:49,medium
meeting_9369.docx,.docx,290,C:/Healthcare/Meetings/,2025-04-27T11:24:37,low
diagnosis_9370.xlsx,.xlsx,816,C:/Healthcare/Patients/,2025-08-20T12:59:47,low
invoice_log_9371.xlsx,.xlsx,716,C:/Healthcare/Maintenance/,2025-08-04T12:41:29,medium
results_menu_9372_archived.pdf,.pdf,2038,C:/Healthcare/PublicInfo/Menu/,2024-12-17T00:01:12,low
policy_9373.csv,.csv,357,C:/Healthcare/Insurance/,2023-12-22T21:40:55,low
notice_procedure_9374.xlsx,.xlsx,1841,C:/Healthcare/Internal/Protocols/,2023-08-15T03:34:10,low
notice_9375_archived.csv,.csv,82,C:/Healthcare/PublicInfo/Notices/,2024-06-29T19:33:43,low
schedule_9376.csv,.csv,312,C:/Healthcare/StaffSchedules/,2025-07-22T21:52:11,low
menu_9377.pdf,.pdf,1235,C:/Healthcare/PublicInfo/Menu/,2025-06-06T09:02:19,low
insurance_claim_results_9378.pdf,.pdf,1117,C:/Healthcare/LabResults/,2024-10-07T21:29:59,medium
info_9379.csv,.csv,579,C:/Healthcare/PublicInfo/Parking/,2024-05-12T04:06:48,low
guideline_9380.xlsx,.xlsx,495,C:/Healthcare/Internal/Protocols/,2025-09-29T11:13:29,low
appointment_workorder_9381.xlsx,.xlsx,15,C:/Healthcare/Maintenance/,2024-12-27T05:28:27,low
lab_9382.csv,.csv,141,C:/Healthcare/LabResults/,2023-08-30T07:07:26,medium
agenda_9383.docx,.docx,212,C:/Healthcare/Meetings/,2024-07-13T00:06:04,low
specimen_9384.xls,.xls,2039,C:/Healthcare/LabResults/,2024-03-25T01:33:59,high
schedule_notice_9385.txt,.txt,64,C:/Healthcare/PublicInfo/Notices/,2023-12-15T21:47:57,low
lab_9386.xls,.xls,1097,C:/Healthcare/LabResults/,2025-01-03T03:00:49,low
parking_notice_9387.txt,.txt,50,C:/Healthcare/PublicInfo/Menu/,2023-10-04T08:01:57,low
schedule_9388.csv,.csv,724,C:/Healthcare/StaffSchedules/,2024-09-17T13:05:54,low
summary_test_9389.csv,.csv,367,C:/Healthcare/LabResults/,2023-04-15T18:29:38,low
parking_9390.csv,.csv,569,C:/Healthcare/PublicInfo/Notices/,2023-05-31T21:23:27,low
menu_9391.pdf,.pdf,1329,C:/Healthcare/PublicInfo/Notices/,2025-11-11T02:35:45,medium
notice_9392.txt,.txt,58,C:/Healthcare/PublicInfo/Notices/,2025-03-24T18:38:01,low
maintenance_9393.xlsx,.xlsx,2304,C:/Healthcare/Maintenance/,2023-04-02T14:36:14,high
parking_9394_confidential.csv,.csv,120,C:/Healthcare/PublicInfo/Notices/,2024-04-19T09:36:33,low
ssn_guideline_9395.docx,.docx,881,C:/Healthcare/Internal/Protocols/,2023-06-22T14:30:04,low
schedule_meeting_9396_draft.docx,.docx,337,C:/Healthcare/Meetings/,2024-09-12T11:12:44,low
agenda_9397.docx,.docx,838,C:/Healthcare/Meetings/,2024-02-26T17:43:21,high
invoice_parking_9398.pdf,.pdf,2124,C:/Healthcare/PublicInfo/Parking/,2024-08-25T21:48:16,low
parking_analysis_9399.xls,.xls,785,C:/Healthcare/LabResults/,2023-07-08T06:39:54,low
public_agenda_9400.docx,.docx,182,C:/Healthcare/Meetings/,2023-02-23T17:59:57,low
results_diagnosis_9401.pdf,.pdf,444,C:/Healthcare/Patients/,2023-07-08T19:58:44,medium
public_menu_9402_v2.pdf,.pdf,1796,C:/Healthcare/PublicInfo/Parking/,2023-05-25T18:08:18,medium
public_analysis_9403.xlsx,.xlsx,409,C:/Healthcare/LabResults/,2023-02-24T10:48:53,medium
info_9404.pdf,.pdf,1557,C:/Healthcare/PublicInfo/Menu/,2025-05-11T12:28:59,high
info_9405_draft.pdf,.pdf,648,C:/Healthcare/PublicInfo/Menu/,2025-09-04T18:41:31,medium
audit_diagnosis_9406.xlsx,.xlsx,849,C:/Healthcare/Patients/,2024-01-12T19:20:09,low
announcement_roster_9407.xlsx,.xlsx,1482,C:/Healthcare/StaffSchedules/,2023-05-05T10:31:52,low
appointment_protocol_9408.xlsx,.xlsx,2675,C:/Healthcare/Internal/Protocols/,2024-09-10T15:41:07,medium
reimbursement_9409.docx,.docx,170,C:/Healthcare/Insurance/,2025-04-21T02:57:29,low
guideline_9410.docx,.docx,690,C:/Healthcare/Internal/Protocols/,2023-12-13T21:18:21,low
lab_9411.csv,.csv,218,C:/Healthcare/LabResults/,2023-10-08T10:23:03,low
policy_9412.pdf,.pdf,247,C:/Healthcare/Insurance/,2025-11-02T12:21:36,low
meeting_9413.txt,.txt,122,C:/Healthcare/Meetings/,2025-12-19T10:38:10,medium
confidential_lab_9414.csv,.csv,299,C:/Healthcare/LabResults/,2025-11-04T14:37:12,low
schedule_workorder_9415.xlsx,.xlsx,799,C:/Healthcare/Maintenance/,2023-02-14T07:43:12,low
minutes_9416_archived.docx,.docx,646,C:/Healthcare/Meetings/,2025-07-27T18:01:21,low
public_invoice_9417_final.pdf,.pdf,153,C:/Healthcare/Insurance/,2024-04-18T23:52:01,low
agenda_9418.docx,.docx,90,C:/Healthcare/Meetings/,2024-10-24T17:16:43,medium
notice_guideline_9419_final.docx,.docx,3,C:/Healthcare/Internal/Protocols/,2025-08-21T06:42:57,medium
parking_9420.txt,.txt,87,C:/Healthcare/PublicInfo/Parking/,2023-10-07T09:13:47,medium
roster_9421.pdf,.pdf,1495,C:/Healthcare/StaffSchedules/,2023-06-26T05:29:00,high
menu_9422.csv,.csv,176,C:/Healthcare/PublicInfo/Notices/,2024-10-01T08:26:19,low
medical_parking_9423_draft.pdf,.pdf,26,C:/Healthcare/PublicInfo/Notices/,2024-10-29T00:47:27,medium
invoice_guideline_9424.docx,.docx,297,C:/Healthcare/Internal/Protocols/,2025-05-24T16:52:01,medium
menu_menu_9425.pdf,.pdf,689,C:/Healthcare/PublicInfo/Parking/,2024-05-31T11:45:05,low
appointment_claim_9426.csv,.csv,304,C:/Healthcare/Insurance/,2024-04-16T21:05:24,low
notice_invoice_9427.docx,.docx,399,C:/Healthcare/Insurance/,2023-12-22T04:25:50,low
parking_procedure_9428.docx,.docx,808,C:/Healthcare/Internal/Protocols/,2025-09-22T13:08:20,medium
shift_9429.csv,.csv,472,C:/Healthcare/StaffSchedules/,2024-09-01T14:58:31,low
menu_info_9430.txt,.txt,23,C:/Healthcare/PublicInfo/Notices/,2023-02-02T13:03:24,medium
protocol_9431.xlsx,.xlsx,535,C:/Healthcare/Internal/Protocols/,2023-07-20T01:50:55,low
procedure_9432.docx,.docx,543,C:/Healthcare/Internal/Protocols/,2023-11-26T01:16:35,low
parking_9433.txt,.txt,74,C:/Healthcare/PublicInfo/Notices/,2024-01-07T15:58:28,medium
log_9434.txt,.txt,100,C:/Healthcare/Maintenance/,2024-04-30T08:36:07,low
log_9435.txt,.txt,87,C:/Healthcare/Maintenance/,2025-01-12T10:14:00,low
maintenance_info_9436.pdf,.pdf,1531,C:/Healthcare/PublicInfo/Menu/,2024-11-17T03:05:39,low
info_9437.txt,.txt,8,C:/Healthcare/PublicInfo/Menu/,2025-12-06T05:47:26,medium
guideline_9438_draft.xlsx,.xlsx,1292,C:/Healthcare/Internal/Protocols/,2023-08-25T03:45:43,low
parking_9439.pdf,.pdf,199,C:/Healthcare/PublicInfo/Parking/,2024-01-07T17:36:54,medium
appointment_meeting_9440.docx,.docx,622,C:/Healthcare/Meetings/,2024-11-20T05:27:38,medium
protocol_9441.pdf,.pdf,1104,C:/Healthcare/Internal/Protocols/,2024-11-20T00:36:42,low
invoice_agenda_9442.txt,.txt,125,C:/Healthcare/Meetings/,2025-03-05T22:58:43,low
record_9443.csv,.csv,210,C:/Healthcare/Patients/,2025-11-25T19:20:22,low
notice_info_9444.csv,.csv,23,C:/Healthcare/PublicInfo/Menu/,2025-08-20T11:01:14,medium
menu_analysis_9445_draft.csv,.csv,42,C:/Healthcare/LabResults/,2025-04-29T04:09:33,medium
test_reimbursement_9446.pdf,.pdf,1305,C:/Healthcare/Insurance/,2023-07-29T18:59:04,medium
notice_9447.txt,.txt,117,C:/Healthcare/PublicInfo/Parking/,2023-02-16T09:17:33,low
invoice_notice_9448.csv,.csv,343,C:/Healthcare/PublicInfo/Parking/,2023-03-13T08:11:58,medium
maintenance_shift_9449.csv,.csv,343,C:/Healthcare/StaffSchedules/,2025-03-21T17:14:16,low
test_log_9450.xlsx,.xlsx,478,C:/Healthcare/Maintenance/,2024-11-26T21:52:39,low
invoice_roster_9451.xlsx,.xlsx,908,C:/Healthcare/StaffSchedules/,2024-06-20T05:48:05,high
specimen_9452.xlsx,.xlsx,778,C:/Healthcare/LabResults/,2023-04-22T09:37:48,low
announcement_info_9453.csv,.csv,72,C:/Healthcare/PublicInfo/Parking/,2025-03-12T13:01:10,low
consent_analysis_9454.xls,.xls,857,C:/Healthcare/LabResults/,2024-11-17T17:21:01,low
log_9455.txt,.txt,108,C:/Healthcare/Maintenance/,2023-01-26T08:14:02,medium
agenda_9456.txt,.txt,103,C:/Healthcare/Meetings/,2024-04-04T07:36:41,low
parking_info_9457.csv,.csv,173,C:/Healthcare/PublicInfo/Notices/,2023-10-26T18:01:19,low
visit_9458.xlsx,.xlsx,1536,C:/Healthcare/Patients/,2024-10-31T03:47:03,low
menu_9459.pdf,.pdf,1395,C:/Healthcare/PublicInfo/Notices/,2024-01-14T06:49:20,low
appointment_roster_9460.xlsx,.xlsx,399,C:/Healthcare/StaffSchedules/,2023-04-06T05:29:20,low
public_roster_9461.xlsx,.xlsx,566,C:/Healthcare/StaffSchedules/,2023-12-18T11:01:33,low
menu_agenda_9462.pdf,.pdf,1256,C:/Healthcare/Meetings/,2023-10-27T14:33:22,medium
confidential_parking_9463.csv,.csv,358,C:/Healthcare/PublicInfo/Notices/,2024-07-24T21:32:33,low
notice_menu_9464_archived.pdf,.pdf,1491,C:/Healthcare/PublicInfo/Menu/,2025-09-06T06:44:28,low
results_parking_9465.txt,.txt,63,C:/Healthcare/PublicInfo/Menu/,2023-03-27T23:12:22,low
results_schedule_9466.pdf,.pdf,630,C:/Healthcare/StaffSchedules/,2024-02-20T20:40:40,low
claim_9467.csv,.csv,141,C:/Healthcare/Insurance/,2024-05-29T22:43:49,low
appointment_notice_9468.txt,.txt,96,C:/Healthcare/PublicInfo/Notices/,2023-04-04T18:05:50,low
maintenance_log_9469.xlsx,.xlsx,1835,C:/Healthcare/Maintenance/,2023-08-23T12:50:27,high
menu_9470.txt,.txt,95,C:/Healthcare/PublicInfo/Parking/,2024-11-09T06:44:33,medium
agenda_9471_confidential.pdf,.pdf,272,C:/Healthcare/Meetings/,2023-07-22T14:55:27,low
summary_notice_9472.txt,.txt,68,C:/Healthcare/PublicInfo/Menu/,2025-01-08T09:54:39,low
public_menu_9473.txt,.txt,35,C:/Healthcare/PublicInfo/Notices/,2023-11-19T18:38:37,medium
schedule_menu_9474.pdf,.pdf,280,C:/Healthcare/PublicInfo/Notices/,2023-01-08T23:43:45,medium
maintenance_notice_9475.pdf,.pdf,976,C:/Healthcare/PublicInfo/Menu/,2023-04-06T20:47:29,low
appointment_results_9476.csv,.csv,282,C:/Healthcare/LabResults/,2024-11-15T05:34:16,high
notice_9477.csv,.csv,148,C:/Healthcare/PublicInfo/Notices/,2023-12-30T19:24:11,low
protocol_9478.pdf,.pdf,40,C:/Healthcare/Internal/Protocols/,2023-09-17T11:31:20,low
payroll_guideline_9479_archived.pdf,.pdf,1266,C:/Healthcare/Internal/Protocols/,2023-09-21T02:28:29,medium
procedure_9480.xlsx,.xlsx,1060,C:/Healthcare/Internal/Protocols/,2025-03-25T13:30:19,low
public_parking_9481.pdf,.pdf,119,C:/Healthcare/PublicInfo/Notices/,2023-05-02T17:07:44,low
menu_info_9482.csv,.csv,342,C:/Healthcare/PublicInfo/Menu/,2024-01-06T17:53:41,medium
appointment_info_9483_archived.pdf,.pdf,633,C:/Healthcare/PublicInfo/Parking/,2024-11-26T21:40:01,medium
prescription_log_9484.xlsx,.xlsx,573,C:/Healthcare/Maintenance/,2024-09-27T17:24:25,medium
summary_parking_9485.txt,.txt,64,C:/Healthcare/PublicInfo/Menu/,2025-05-28T03:28:19,low
notice_info_9486.txt,.txt,131,C:/Healthcare/PublicInfo/Notices/,2025-05-26T19:25:37,low
roster_9487.csv,.csv,341,C:/Healthcare/StaffSchedules/,2025-10-13T18:50:34,low
lab_roster_9488.csv,.csv,31,C:/Healthcare/StaffSchedules/,2025-04-19T06:19:31,medium
parking_9489.pdf,.pdf,1465,C:/Healthcare/PublicInfo/Parking/,2024-01-14T21:59:17,medium
protocol_9490.pdf,.pdf,2193,C:/Healthcare/Internal/Protocols/,2024-11-16T15:05:46,low
menu_9491_draft.csv,.csv,159,C:/Healthcare/PublicInfo/Notices/,2025-02-21T02:16:24,low
info_9492.txt,.txt,139,C:/Healthcare/PublicInfo/Notices/,2024-09-29T03:45:08,medium
roster_9493.xlsx,.xlsx,1312,C:/Healthcare/StaffSchedules/,2023-03-06T04:40:08,low
invoice_9494.csv,.csv,655,C:/Healthcare/Insurance/,2025-05-18T19:35:20,high
test_visit_9495.pdf,.pdf,931,C:/Healthcare/Patients/,2024-05-06T23:31:31,low
workorder_9496.pdf,.pdf,212,C:/Healthcare/Maintenance/,2023-07-05T01:13:56,low
appointment_reimbursement_9497_v2.pdf,.pdf,166,C:/Healthcare/Insurance/,2024-01-23T00:33:41,high
info_9498.txt,.txt,92,C:/Healthcare/PublicInfo/Notices/,2025-09-14T00:49:13,low
report_notice_9499.pdf,.pdf,276,C:/Healthcare/PublicInfo/Menu/,2025-04-20T21:43:49,medium
summary_shift_9500.csv,.csv,179,C:/Healthcare/StaffSchedules/,2024-01-03T23:05:44,low
public_meeting_9501.txt,.txt,17,C:/Healthcare/Meetings/,2023-08-03T03:23:05,low
test_9502.pdf,.pdf,190,C:/Healthcare/LabResults/,2025-04-29T21:32:21,low
notice_9503.txt,.txt,138,C:/Healthcare/PublicInfo/Menu/,2024-07-27T02:52:48,low
agenda_9504.docx,.docx,843,C:/Healthcare/Meetings/,2024-06-17T20:34:27,low
invoice_notice_9505.pdf,.pdf,1445,C:/Healthcare/PublicInfo/Notices/,2025-02-19T14:49:09,low
protocol_9506.pdf,.pdf,1148,C:/Healthcare/Internal/Protocols/,2025-04-07T23:26:17,high
lab_9507.pdf,.pdf,1151,C:/Healthcare/LabResults/,2025-04-09T12:39:13,low
confidential_shift_9508.xlsx,.xlsx,188,C:/Healthcare/StaffSchedules/,2025-01-30T03:20:55,low
schedule_9509.csv,.csv,682,C:/Healthcare/StaffSchedules/,2025-07-10T10:05:05,low
menu_menu_9510.pdf,.pdf,316,C:/Healthcare/PublicInfo/Menu/,2023-03-01T13:02:44,medium
test_menu_9511.csv,.csv,322,C:/Healthcare/PublicInfo/Notices/,2025-11-27T13:10:20,medium
maintenance_9512.xlsx,.xlsx,1796,C:/Healthcare/Maintenance/,2024-01-03T07:39:38,medium
patient_9513.docx,.docx,460,C:/Healthcare/Patients/,2024-03-17T00:53:19,high
insurance_claim_parking_9514.pdf,.pdf,2489,C:/Healthcare/PublicInfo/Menu/,2023-08-16T23:24:39,high
announcement_guideline_9515.pdf,.pdf,873,C:/Healthcare/Internal/Protocols/,2025-01-17T14:40:52,low
test_protocol_9516.docx,.docx,741,C:/Healthcare/Internal/Protocols/,2025-06-07T01:05:05,low
meeting_9517.txt,.txt,33,C:/Healthcare/Meetings/,2025-10-13T00:01:14,medium
menu_9518.txt,.txt,151,C:/Healthcare/PublicInfo/Notices/,2023-04-15T10:21:47,medium
lab_9519.xlsx,.xlsx,538,C:/Healthcare/LabResults/,2023-10-11T12:51:51,low
notice_9520.csv,.csv,270,C:/Healthcare/PublicInfo/Parking/,2025-09-15T20:37:31,medium
invoice_guideline_9521.docx,.docx,384,C:/Healthcare/Internal/Protocols/,2025-03-28T04:59:32,low
maintenance_9522_draft.xlsx,.xlsx,15,C:/Healthcare/Maintenance/,2025-09-02T00:46:14,high
analysis_9523.xls,.xls,43,C:/Healthcare/LabResults/,2025-11-08T15:34:13,high
payroll_test_9524.pdf,.pdf,2896,C:/Healthcare/LabResults/,2025-07-31T00:31:42,medium
schedule_menu_9525.csv,.csv,457,C:/Healthcare/PublicInfo/Parking/,2024-12-18T08:20:40,low
workorder_9526.xlsx,.xlsx,528,C:/Healthcare/Maintenance/,2024-02-29T16:56:13,medium
roster_9527.xlsx,.xlsx,964,C:/Healthcare/StaffSchedules/,2024-08-17T03:49:31,high
medical_claim_9528.docx,.docx,339,C:/Healthcare/Insurance/,2024-11-30T00:45:58,high
policy_9529.pdf,.pdf,1853,C:/Healthcare/Insurance/,2024-08-10T02:48:10,high
minutes_9530.pdf,.pdf,854,C:/Healthcare/Meetings/,2024-10-15T08:22:40,medium
agenda_9531.docx,.docx,334,C:/Healthcare/Meetings/,2024-11-10T06:37:51,medium
guideline_9532.xlsx,.xlsx,1085,C:/Healthcare/Internal/Protocols/,2025-03-10T04:41:21,high
notice_analysis_9533.pdf,.pdf,1210,C:/Healthcare/LabResults/,2023-08-20T02:59:12,low
results_shift_9534_draft.csv,.csv,201,C:/Healthcare/StaffSchedules/,2024-04-09T20:47:39,low
report_meeting_9535.docx,.docx,699,C:/Healthcare/Meetings/,2023-08-30T20:38:05,low
menu_9536.txt,.txt,143,C:/Healthcare/PublicInfo/Menu/,2025-10-05T15:13:25,high
maintenance_9537.txt,.txt,13,C:/Healthcare/Maintenance/,2025-02-18T07:57:30,medium
diagnosis_patient_9538.csv,.csv,456,C:/Healthcare/Patients/,2024-03-18T17:19:42,low
notice_9539.csv,.csv,182,C:/Healthcare/PublicInfo/Notices/,2024-04-19T00:43:02,low
schedule_menu_9540.csv,.csv,797,C:/Healthcare/PublicInfo/Notices/,2024-07-17T00:30:01,low
notice_menu_9541.pdf,.pdf,297,C:/Healthcare/PublicInfo/Menu/,2024-08-07T19:22:47,medium
lab_guideline_9542.docx,.docx,966,C:/Healthcare/Internal/Protocols/,2024-10-15T20:08:03,medium
menu_analysis_9543.xlsx,.xlsx,33,C:/Healthcare/LabResults/,2024-10-23T22:50:29,high
announcement_claim_9544.pdf,.pdf,476,C:/Healthcare/Insurance/,2024-08-16T17:07:03,high
results_schedule_9545.xlsx,.xlsx,812,C:/Healthcare/StaffSchedules/,2023-01-28T19:27:18,medium
invoice_consent_9546.csv,.csv,149,C:/Healthcare/Patients/,2024-11-03T22:17:45,low
info_9547.pdf,.pdf,1948,C:/Healthcare/PublicInfo/Notices/,2023-03-14T18:52:37,low
test_protocol_9548.pdf,.pdf,735,C:/Healthcare/Internal/Protocols/,2023-05-13T16:36:54,medium
workorder_9549.xlsx,.xlsx,4,C:/Healthcare/Maintenance/,2024-05-03T13:26:15,high
summary_notice_9550.txt,.txt,25,C:/Healthcare/PublicInfo/Parking/,2023-01-14T08:44:46,low
appointment_menu_9551.csv,.csv,181,C:/Healthcare/PublicInfo/Menu/,2025-04-26T05:28:33,low
lab_parking_9552.txt,.txt,74,C:/Healthcare/PublicInfo/Parking/,2024-03-09T20:55:06,low
guideline_9553.xlsx,.xlsx,599,C:/Healthcare/Internal/Protocols/,2025-10-24T12:22:58,medium
reimbursement_9554_draft.csv,.csv,223,C:/Healthcare/Insurance/,2023-03-09T18:41:30,low
results_maintenance_9555.xlsx,.xlsx,59,C:/Healthcare/Maintenance/,2025-12-25T11:16:19,low
schedule_9556.xlsx,.xlsx,1006,C:/Healthcare/StaffSchedules/,2023-11-27T22:53:31,high
menu_info_9557.pdf,.pdf,1232,C:/Healthcare/PublicInfo/Menu/,2024-08-17T06:28:48,medium
parking_9558.txt,.txt,89,C:/Healthcare/PublicInfo/Menu/,2025-10-18T14:59:49,low
analysis_9559.pdf,.pdf,45,C:/Healthcare/LabResults/,2024-12-01T21:49:33,low
menu_info_9560_draft.csv,.csv,605,C:/Healthcare/PublicInfo/Parking/,2025-10-09T10:02:48,low
maintenance_consent_9561.csv,.csv,951,C:/Healthcare/Patients/,2024-05-20T14:15:37,low
invoice_notice_9562.txt,.txt,13,C:/Healthcare/PublicInfo/Menu/,2024-12-31T14:17:06,low
summary_roster_9563.pdf,.pdf,1494,C:/Healthcare/StaffSchedules/,2024-01-23T19:12:00,low
ssn_claim_9564.docx,.docx,956,C:/Healthcare/Insurance/,2023-06-21T22:07:25,high
announcement_policy_9565_draft.pdf,.pdf,1059,C:/Healthcare/Insurance/,2023-11-09T03:53:11,low
menu_notice_9566.txt,.txt,106,C:/Healthcare/PublicInfo/Menu/,2023-08-04T15:18:19,low
roster_9567_archived.csv,.csv,391,C:/Healthcare/StaffSchedules/,2025-07-19T13:56:10,low
analysis_9568.pdf,.pdf,1098,C:/Healthcare/LabResults/,2025-11-03T10:45:23,low
credentials_guideline_9569.xlsx,.xlsx,1330,C:/Healthcare/Internal/Protocols/,2024-06-26T12:58:32,low
policy_9570.docx,.docx,405,C:/Healthcare/Insurance/,2024-03-01T10:13:49,medium
schedule_invoice_9571.csv,.csv,361,C:/Healthcare/Insurance/,2025-10-09T06:00:29,medium
schedule_consent_9572.pdf,.pdf,2256,C:/Healthcare/Patients/,2025-02-05T23:36:45,medium
audit_menu_9573.txt,.txt,85,C:/Healthcare/PublicInfo/Notices/,2024-04-01T10:07:38,low
lab_shift_9574.csv,.csv,338,C:/Healthcare/StaffSchedules/,2023-01-22T08:12:14,medium
results_invoice_9575.csv,.csv,449,C:/Healthcare/Insurance/,2024-05-15T08:17:26,medium
parking_9576.pdf,.pdf,779,C:/Healthcare/PublicInfo/Notices/,2023-07-15T04:50:29,low
maintenance_parking_9577.pdf,.pdf,470,C:/Healthcare/PublicInfo/Menu/,2024-09-30T01:34:43,low
maintenance_9578.xlsx,.xlsx,508,C:/Healthcare/Maintenance/,2024-11-29T05:13:02,low
protocol_9579.xlsx,.xlsx,362,C:/Healthcare/Internal/Protocols/,2025-09-29T15:25:06,medium
visit_9580.pdf,.pdf,68,C:/Healthcare/Patients/,2025-02-20T00:54:32,low
appointment_info_9581.pdf,.pdf,273,C:/Healthcare/PublicInfo/Parking/,2023-01-29T08:51:54,low
schedule_parking_9582.txt,.txt,136,C:/Healthcare/PublicInfo/Parking/,2024-01-07T03:18:38,medium
log_9583.txt,.txt,49,C:/Healthcare/Maintenance/,2024-06-21T11:14:41,medium
results_9584.xls,.xls,376,C:/Healthcare/LabResults/,2025-09-19T07:05:37,medium
maintenance_9585.pdf,.pdf,1122,C:/Healthcare/Maintenance/,2023-08-09T19:52:57,high
coverage_9586.docx,.docx,281,C:/Healthcare/Insurance/,2024-01-02T08:34:56,low
parking_9587.pdf,.pdf,1176,C:/Healthcare/PublicInfo/Notices/,2024-06-22T18:52:13,low
lab_maintenance_9588.pdf,.pdf,824,C:/Healthcare/Maintenance/,2024-05-03T20:30:49,low
results_9589.pdf,.pdf,306,C:/Healthcare/LabResults/,2024-06-04T06:40:46,low
info_9590.pdf,.pdf,2881,C:/Healthcare/PublicInfo/Menu/,2023-03-14T14:45:04,high
agenda_9591.txt,.txt,104,C:/Healthcare/Meetings/,2025-02-21T06:37:11,low
announcement_meeting_9592.txt,.txt,21,C:/Healthcare/Meetings/,2025-07-04T02:27:08,medium
info_9593.txt,.txt,88,C:/Healthcare/PublicInfo/Menu/,2024-11-12T07:42:32,low
consent_claim_9594.docx,.docx,1222,C:/Healthcare/Insurance/,2023-05-09T12:13:46,medium
notice_9595.txt,.txt,33,C:/Healthcare/PublicInfo/Parking/,2025-01-22T14:51:34,medium
parking_9596.txt,.txt,100,C:/Healthcare/PublicInfo/Parking/,2025-03-09T13:06:12,low
public_results_9597.csv,.csv,278,C:/Healthcare/LabResults/,2023-08-04T23:44:41,low
diagnosis_9598.csv,.csv,395,C:/Healthcare/Patients/,2023-06-12T18:58:41,medium
meeting_9599.pdf,.pdf,388,C:/Healthcare/Meetings/,2025-08-24T05:12:46,medium
patient_9600.pdf,.pdf,237,C:/Healthcare/Patients/,2023-10-16T23:18:06,low
roster_9601.xlsx,.xlsx,107,C:/Healthcare/StaffSchedules/,2024-12-09T20:37:52,medium
reimbursement_9602.csv,.csv,352,C:/Healthcare/Insurance/,2025-07-24T14:30:16,high
announcement_parking_9603.txt,.txt,29,C:/Healthcare/PublicInfo/Notices/,2024-10-25T02:19:26,low
results_record_9604.pdf,.pdf,929,C:/Healthcare/Patients/,2024-11-03T21:42:36,high
menu_specimen_9605_v2.pdf,.pdf,183,C:/Healthcare/LabResults/,2023-05-08T23:21:08,medium
appointment_schedule_9606.pdf,.pdf,8,C:/Healthcare/StaffSchedules/,2025-06-09T17:15:46,medium
schedule_minutes_9607.docx,.docx,318,C:/Healthcare/Meetings/,2024-11-19T08:24:18,high
shift_9608.pdf,.pdf,208,C:/Healthcare/StaffSchedules/,2024-02-06T14:13:28,high
diagnosis_9609.xlsx,.xlsx,1749,C:/Healthcare/Patients/,2024-07-11T12:04:59,high
shift_9610.csv,.csv,57,C:/Healthcare/StaffSchedules/,2024-03-27T07:40:45,low
roster_9611.pdf,.pdf,2463,C:/Healthcare/StaffSchedules/,2023-09-03T11:00:17,high
protocol_9612.pdf,.pdf,862,C:/Healthcare/Internal/Protocols/,2025-08-02T04:21:17,medium
notice_test_9613.csv,.csv,151,C:/Healthcare/LabResults/,2024-06-23T14:34:39,medium
notice_diagnosis_9614.docx,.docx,491,C:/Healthcare/Patients/,2023-08-15T13:29:09,high
menu_9615.csv,.csv,221,C:/Healthcare/PublicInfo/Menu/,2024-01-25T18:25:02,low
parking_policy_9616.pdf,.pdf,567,C:/Healthcare/Insurance/,2024-01-14T16:54:43,medium
invoice_9617.csv,.csv,616,C:/Healthcare/Insurance/,2023-08-12T02:14:32,high
credentials_menu_9618.pdf,.pdf,510,C:/Healthcare/PublicInfo/Notices/,2025-04-30T18:53:10,medium
patient_9619.csv,.csv,33,C:/Healthcare/Patients/,2023-05-05T03:30:55,low
protocol_9620.xlsx,.xlsx,1092,C:/Healthcare/Internal/Protocols/,2025-09-04T12:54:37,medium
appointment_maintenance_9621.pdf,.pdf,881,C:/Healthcare/Maintenance/,2025-05-15T09:42:07,low
patient_9622.csv,.csv,87,C:/Healthcare/Patients/,2023-07-25T09:08:25,low
info_9623.csv,.csv,69,C:/Healthcare/PublicInfo/Notices/,2024-01-12T10:31:43,low
notice_notice_9624_archived.csv,.csv,416,C:/Healthcare/PublicInfo/Menu/,2024-08-01T17:47:06,low
maintenance_9625_draft.xlsx,.xlsx,523,C:/Healthcare/Maintenance/,2024-03-06T23:36:11,low
lab_agenda_9626.docx,.docx,289,C:/Healthcare/Meetings/,2024-05-20T06:13:15,low
parking_9627.pdf,.pdf,1295,C:/Healthcare/PublicInfo/Menu/,2023-06-14T19:20:51,medium
consent_9628.docx,.docx,337,C:/Healthcare/Patients/,2025-03-16T03:17:55,medium
passwords_roster_9629.pdf,.pdf,738,C:/Healthcare/StaffSchedules/,2024-08-28T10:43:31,low
report_meeting_9630.docx,.docx,834,C:/Healthcare/Meetings/,2024-10-31T12:22:11,low
consent_9631.docx,.docx,491,C:/Healthcare/Patients/,2023-06-20T05:06:14,low
shift_9632.xlsx,.xlsx,1155,C:/Healthcare/StaffSchedules/,2024-09-12T21:34:27,high
report_meeting_9633.docx,.docx,30,C:/Healthcare/Meetings/,2025-12-21T20:09:24,low
policy_9634.csv,.csv,126,C:/Healthcare/Insurance/,2024-07-13T13:22:48,high
menu_results_9635.csv,.csv,502,C:/Healthcare/LabResults/,2023-11-29T12:58:55,high
schedule_procedure_9636.pdf,.pdf,989,C:/Healthcare/Internal/Protocols/,2024-11-26T04:58:18,medium
test_shift_9637.xlsx,.xlsx,104,C:/Healthcare/StaffSchedules/,2023-09-23T11:02:01,low
parking_9638_confidential.pdf,.pdf,1326,C:/Healthcare/PublicInfo/Menu/,2023-03-29T23:01:15,low
lab_9639.xlsx,.xlsx,957,C:/Healthcare/LabResults/,2023-05-16T17:49:18,high
visit_9640.xlsx,.xlsx,1108,C:/Healthcare/Patients/,2023-04-14T00:58:45,high
consent_9641.csv,.csv,496,C:/Healthcare/Patients/,2025-07-17T17:59:46,high
workorder_9642.pdf,.pdf,398,C:/Healthcare/Maintenance/,2023-04-25T01:54:31,low
roster_9643.csv,.csv,509,C:/Healthcare/StaffSchedules/,2024-01-11T07:37:25,low
agenda_9644.docx,.docx,165,C:/Healthcare/Meetings/,2025-12-22T06:53:26,low
report_info_9645.pdf,.pdf,218,C:/Healthcare/PublicInfo/Notices/,2023-06-25T06:43:27,medium
test_9646.csv,.csv,257,C:/Healthcare/LabResults/,2023-06-03T02:01:14,high
invoice_9647.pdf,.pdf,1232,C:/Healthcare/Insurance/,2024-11-03T19:28:18,medium
maintenance_meeting_9648.pdf,.pdf,48,C:/Healthcare/Meetings/,2025-05-20T01:07:33,low
notice_9649.csv,.csv,139,C:/Healthcare/PublicInfo/Parking/,2024-02-26T15:04:47,low
notice_menu_9650.pdf,.pdf,301,C:/Healthcare/PublicInfo/Parking/,2023-05-06T18:47:43,low
menu_reimbursement_9651.pdf,.pdf,136,C:/Healthcare/Insurance/,2023-04-15T13:18:30,low
consent_patient_9652.xlsx,.xlsx,427,C:/Healthcare/Patients/,2023-06-23T19:49:20,medium
invoice_9653.pdf,.pdf,1177,C:/Healthcare/Insurance/,2023-06-01T07:04:59,low
parking_9654.csv,.csv,83,C:/Healthcare/PublicInfo/Menu/,2023-02-22T12:40:13,low
audit_info_9655.csv,.csv,207,C:/Healthcare/PublicInfo/Parking/,2023-04-08T09:01:03,medium
parking_9656.csv,.csv,179,C:/Healthcare/PublicInfo/Menu/,2025-02-05T10:25:02,low
parking_9657.pdf,.pdf,196,C:/Healthcare/PublicInfo/Parking/,2023-03-07T09:53:03,medium
public_notice_9658.pdf,.pdf,82,C:/Healthcare/PublicInfo/Parking/,2024-07-14T13:14:32,low
minutes_9659.docx,.docx,293,C:/Healthcare/Meetings/,2024-11-25T22:27:47,low
notice_test_9660.xls,.xls,905,C:/Healthcare/LabResults/,2024-02-28T22:03:16,low
parking_test_9661.xls,.xls,91,C:/Healthcare/LabResults/,2023-03-05T12:07:29,low
notice_9662.pdf,.pdf,2492,C:/Healthcare/PublicInfo/Parking/,2023-04-13T01:13:42,high
reimbursement_9663.csv,.csv,591,C:/Healthcare/Insurance/,2023-09-29T20:48:17,medium
visit_9664.pdf,.pdf,1089,C:/Healthcare/Patients/,2023-12-06T22:55:23,medium
notice_parking_9665.txt,.txt,71,C:/Healthcare/PublicInfo/Notices/,2023-07-04T10:37:36,medium
ssn_policy_9666.pdf,.pdf,561,C:/Healthcare/Insurance/,2025-07-19T22:56:25,medium
schedule_consent_9667.xlsx,.xlsx,274,C:/Healthcare/Patients/,2023-04-22T04:54:19,high
maintenance_9668.pdf,.pdf,910,C:/Healthcare/Maintenance/,2023-07-21T15:05:43,low
notice_9669.txt,.txt,72,C:/Healthcare/PublicInfo/Menu/,2024-03-12T22:53:55,low
payroll_notice_9670.csv,.csv,67,C:/Healthcare/PublicInfo/Parking/,2024-01-06T08:42:30,medium
payroll_meeting_9671_v2.txt,.txt,131,C:/Healthcare/Meetings/,2024-10-05T08:34:55,low
parking_9672.csv,.csv,63,C:/Healthcare/PublicInfo/Parking/,2023-09-18T22:44:12,low
notice_9673.pdf,.pdf,984,C:/Healthcare/PublicInfo/Menu/,2025-01-25T01:51:55,low
procedure_9674.docx,.docx,443,C:/Healthcare/Internal/Protocols/,2025-10-22T05:47:47,low
results_log_9675_archived.pdf,.pdf,1888,C:/Healthcare/Maintenance/,2025-11-18T02:24:16,low
maintenance_parking_9676.txt,.txt,51,C:/Healthcare/PublicInfo/Notices/,2024-05-09T22:24:20,low
schedule_parking_9677_v2.csv,.csv,398,C:/Healthcare/PublicInfo/Menu/,2024-08-28T15:33:18,medium
minutes_9678.pdf,.pdf,1094,C:/Healthcare/Meetings/,2024-09-16T17:50:16,low
maintenance_minutes_9679.pdf,.pdf,817,C:/Healthcare/Meetings/,2023-01-13T01:28:30,low
consent_agenda_9680.txt,.txt,99,C:/Healthcare/Meetings/,2024-05-26T07:08:45,low
schedule_record_9681_draft.docx,.docx,731,C:/Healthcare/Patients/,2023-11-07T10:31:10,high
notice_9682.csv,.csv,122,C:/Healthcare/PublicInfo/Menu/,2024-01-01T04:05:24,low
menu_9683.pdf,.pdf,1807,C:/Healthcare/PublicInfo/Notices/,2024-06-28T06:39:23,high
test_minutes_9684.txt,.txt,117,C:/Healthcare/Meetings/,2023-05-24T09:44:18,low
patient_9685.docx,.docx,234,C:/Healthcare/Patients/,2024-08-30T07:39:40,medium
notice_workorder_9686_final.pdf,.pdf,687,C:/Healthcare/Maintenance/,2024-12-09T18:21:51,low
announcement_visit_9687.docx,.docx,231,C:/Healthcare/Patients/,2024-09-30T20:42:55,medium
info_9688.pdf,.pdf,84,C:/Healthcare/PublicInfo/Notices/,2023-11-05T14:07:37,low
medical_agenda_9689.pdf,.pdf,225,C:/Healthcare/Meetings/,2024-03-22T19:52:12,medium
announcement_results_9690_confidential.xls,.xls,492,C:/Healthcare/LabResults/,2023-08-09T06:08:51,medium
reimbursement_9691.pdf,.pdf,444,C:/Healthcare/Insurance/,2024-04-14T21:27:48,low
medical_invoice_9692.docx,.docx,856,C:/Healthcare/Insurance/,2024-04-09T20:25:42,medium
log_9693.pdf,.pdf,439,C:/Healthcare/Maintenance/,2024-07-26T09:46:29,low
test_roster_9694.xlsx,.xlsx,827,C:/Healthcare/StaffSchedules/,2025-04-07T10:12:23,low
test_workorder_9695.xlsx,.xlsx,373,C:/Healthcare/Maintenance/,2023-12-15T09:12:28,low
report_protocol_9696.pdf,.pdf,997,C:/Healthcare/Internal/Protocols/,2025-03-05T14:29:17,low
minutes_9697.pdf,.pdf,1748,C:/Healthcare/Meetings/,2025-10-25T23:56:46,low
lab_minutes_9698.docx,.docx,150,C:/Healthcare/Meetings/,2023-04-26T22:29:14,medium
record_9699.xlsx,.xlsx,1226,C:/Healthcare/Patients/,2025-03-30T16:17:34,medium
maintenance_9700.xlsx,.xlsx,43,C:/Healthcare/Maintenance/,2024-02-25T15:58:49,medium
maintenance_9701.xlsx,.xlsx,75,C:/Healthcare/Maintenance/,2023-12-23T23:03:13,low
summary_roster_9702.xlsx,.xlsx,364,C:/Healthcare/StaffSchedules/,2025-09-27T12:30:24,medium
specimen_9703.pdf,.pdf,1109,C:/Healthcare/LabResults/,2025-06-29T09:03:20,low
lab_minutes_9704.docx,.docx,157,C:/Healthcare/Meetings/,2024-11-26T17:51:33,low
agenda_9705.docx,.docx,1023,C:/Healthcare/Meetings/,2023-07-29T13:39:19,medium
appointment_test_9706_confidential.xls,.xls,1239,C:/Healthcare/LabResults/,2025-05-22T19:30:01,low
maintenance_record_9707.xlsx,.xlsx,2032,C:/Healthcare/Patients/,2023-10-04T03:34:14,medium
roster_9708.xlsx,.xlsx,481,C:/Healthcare/StaffSchedules/,2024-05-22T10:07:37,high
specimen_9709.xlsx,.xlsx,344,C:/Healthcare/LabResults/,2025-09-28T18:16:43,low
test_parking_9710.csv,.csv,223,C:/Healthcare/PublicInfo/Menu/,2024-07-08T01:35:10,low
public_notice_9711.csv,.csv,198,C:/Healthcare/PublicInfo/Notices/,2024-02-28T10:26:03,low
menu_9712_draft.txt,.txt,96,C:/Healthcare/PublicInfo/Parking/,2023-10-26T11:18:08,low
summary_log_9713.xlsx,.xlsx,217,C:/Healthcare/Maintenance/,2025-07-11T11:08:21,low
notice_9714.txt,.txt,1,C:/Healthcare/PublicInfo/Parking/,2023-03-28T07:09:20,low
schedule_9715.xlsx,.xlsx,1277,C:/Healthcare/StaffSchedules/,2024-09-16T13:34:21,medium
payroll_info_9716.txt,.txt,45,C:/Healthcare/PublicInfo/Parking/,2023-09-12T10:55:09,high
agenda_9717.txt,.txt,129,C:/Healthcare/Meetings/,2024-08-17T12:50:54,low
notice_lab_9718.csv,.csv,156,C:/Healthcare/LabResults/,2023-10-19T15:20:42,medium
procedure_9719.docx,.docx,1007,C:/Healthcare/Internal/Protocols/,2025-02-27T13:26:46,medium
procedure_9720.xlsx,.xlsx,1580,C:/Healthcare/Internal/Protocols/,2023-07-04T03:56:21,low
diagnosis_9721.pdf,.pdf,538,C:/Healthcare/Patients/,2025-01-15T23:33:31,high
shift_9722.xlsx,.xlsx,844,C:/Healthcare/StaffSchedules/,2025-12-16T08:36:12,low
test_9723.xls,.xls,2773,C:/Healthcare/LabResults/,2023-02-12T13:09:50,medium
minutes_9724.pdf,.pdf,794,C:/Healthcare/Meetings/,2024-10-15T15:14:58,high
notice_9725_confidential.csv,.csv,6,C:/Healthcare/PublicInfo/Notices/,2025-09-02T00:51:19,low
maintenance_menu_9726.pdf,.pdf,63,C:/Healthcare/PublicInfo/Menu/,2024-01-25T20:01:55,low
maintenance_consent_9727.xlsx,.xlsx,1340,C:/Healthcare/Patients/,2025-05-07T07:28:37,medium
report_guideline_9728.docx,.docx,322,C:/Healthcare/Internal/Protocols/,2023-09-06T23:24:55,low
schedule_minutes_9729.txt,.txt,80,C:/Healthcare/Meetings/,2023-10-18T18:05:30,medium
medical_menu_9730.csv,.csv,338,C:/Healthcare/PublicInfo/Notices/,2025-03-16T12:54:47,high
visit_9731.docx,.docx,1037,C:/Healthcare/Patients/,2024-05-05T11:13:03,high
report_minutes_9732.docx,.docx,199,C:/Healthcare/Meetings/,2023-12-08T04:56:38,low
credentials_schedule_9733.csv,.csv,494,C:/Healthcare/StaffSchedules/,2024-12-18T15:49:35,high
invoice_protocol_9734.xlsx,.xlsx,1636,C:/Healthcare/Internal/Protocols/,2025-03-09T13:16:17,low
analysis_9735.pdf,.pdf,915,C:/Healthcare/LabResults/,2024-04-25T18:56:59,low
summary_specimen_9736.pdf,.pdf,222,C:/Healthcare/LabResults/,2023-11-04T11:55:02,high
results_specimen_9737.xls,.xls,723,C:/Healthcare/LabResults/,2023-02-18T12:55:56,medium
test_claim_9738.docx,.docx,351,C:/Healthcare/Insurance/,2024-11-24T13:50:10,high
agenda_9739.pdf,.pdf,1721,C:/Healthcare/Meetings/,2025-07-07T16:57:20,low
agenda_9740.pdf,.pdf,20,C:/Healthcare/Meetings/,2023-05-19T13:59:54,low
patient_test_9741.xls,.xls,620,C:/Healthcare/LabResults/,2024-12-23T04:10:51,low
notice_notice_9742_archived.txt,.txt,111,C:/Healthcare/PublicInfo/Parking/,2024-10-01T23:45:29,low
invoice_meeting_9743.pdf,.pdf,262,C:/Healthcare/Meetings/,2025-08-10T20:54:21,medium
report_parking_9744.pdf,.pdf,706,C:/Healthcare/PublicInfo/Parking/,2023-02-23T21:24:34,low
menu_9745.pdf,.pdf,1552,C:/Healthcare/PublicInfo/Menu/,2025-12-17T04:42:42,medium
parking_9746.pdf,.pdf,702,C:/Healthcare/PublicInfo/Notices/,2025-09-15T11:50:46,medium
patient_menu_9747.csv,.csv,507,C:/Healthcare/PublicInfo/Parking/,2023-07-19T01:40:57,high
roster_9748.csv,.csv,337,C:/Healthcare/StaffSchedules/,2023-07-31T02:03:00,low
menu_shift_9749_archived.pdf,.pdf,1208,C:/Healthcare/StaffSchedules/,2025-09-10T21:02:38,low
invoice_reimbursement_9750.csv,.csv,256,C:/Healthcare/Insurance/,2024-06-17T20:32:47,medium
announcement_reimbursement_9751.pdf,.pdf,456,C:/Healthcare/Insurance/,2025-11-13T23:33:19,medium
schedule_protocol_9752.docx,.docx,1005,C:/Healthcare/Internal/Protocols/,2024-10-29T12:21:35,medium
workorder_9753.pdf,.pdf,1656,C:/Healthcare/Maintenance/,2025-01-13T11:35:11,medium
procedure_9754.docx,.docx,302,C:/Healthcare/Internal/Protocols/,2023-08-25T05:41:12,medium
parking_analysis_9755.pdf,.pdf,1249,C:/Healthcare/LabResults/,2023-07-07T07:25:05,high
info_9756.pdf,.pdf,2624,C:/Healthcare/PublicInfo/Parking/,2025-09-25T17:00:46,low
test_info_9757.pdf,.pdf,437,C:/Healthcare/PublicInfo/Menu/,2025-11-05T16:43:31,low
invoice_protocol_9758.docx,.docx,189,C:/Healthcare/Internal/Protocols/,2023-12-24T21:12:34,low
invoice_shift_9759.csv,.csv,104,C:/Healthcare/StaffSchedules/,2023-10-28T13:12:45,medium
minutes_9760.docx,.docx,109,C:/Healthcare/Meetings/,2025-12-06T18:50:20,high
summary_shift_9761.xlsx,.xlsx,289,C:/Healthcare/StaffSchedules/,2024-03-09T02:35:27,low
appointment_workorder_9762.xlsx,.xlsx,810,C:/Healthcare/Maintenance/,2023-04-07T06:48:30,high
summary_log_9763.pdf,.pdf,1595,C:/Healthcare/Maintenance/,2023-08-02T17:26:38,low
parking_workorder_9764.pdf,.pdf,208,C:/Healthcare/Maintenance/,2023-06-19T10:12:38,high
announcement_maintenance_9765.pdf,.pdf,407,C:/Healthcare/Maintenance/,2024-12-28T06:55:30,low
procedure_9766.xlsx,.xlsx,285,C:/Healthcare/Internal/Protocols/,2025-05-12T06:35:31,medium
reimbursement_9767_archived.pdf,.pdf,418,C:/Healthcare/Insurance/,2025-02-25T03:54:42,low
medical_protocol_9768.docx,.docx,717,C:/Healthcare/Internal/Protocols/,2025-01-28T22:41:55,low
schedule_procedure_9769.xlsx,.xlsx,202,C:/Healthcare/Internal/Protocols/,2025-03-17T07:02:16,low
announcement_roster_9770.xlsx,.xlsx,811,C:/Healthcare/StaffSchedules/,2024-01-02T14:08:52,medium
public_procedure_9771.docx,.docx,545,C:/Healthcare/Internal/Protocols/,2023-08-20T09:59:31,medium
notice_guideline_9772.pdf,.pdf,447,C:/Healthcare/Internal/Protocols/,2023-09-28T03:38:13,low
maintenance_9773.xlsx,.xlsx,1111,C:/Healthcare/Maintenance/,2024-07-13T05:01:11,high
menu_9774.csv,.csv,81,C:/Healthcare/PublicInfo/Notices/,2024-04-22T06:32:13,medium
roster_9775.xlsx,.xlsx,78,C:/Healthcare/StaffSchedules/,2025-02-12T08:58:37,low
parking_visit_9776.pdf,.pdf,2328,C:/Healthcare/Patients/,2025-07-26T21:14:08,medium
lab_visit_9777.pdf,.pdf,505,C:/Healthcare/Patients/,2024-02-04T12:31:45,medium
notice_workorder_9778.xlsx,.xlsx,41,C:/Healthcare/Maintenance/,2023-02-19T22:10:21,low
record_9779.pdf,.pdf,715,C:/Healthcare/Patients/,2025-08-02T02:15:39,low
notice_procedure_9780.docx,.docx,181,C:/Healthcare/Internal/Protocols/,2023-08-28T23:47:49,low
summary_meeting_9781.pdf,.pdf,199,C:/Healthcare/Meetings/,2025-03-27T13:25:40,medium
info_9782.csv,.csv,472,C:/Healthcare/PublicInfo/Parking/,2023-08-17T16:48:34,medium
protocol_9783.pdf,.pdf,1207,C:/Healthcare/Internal/Protocols/,2023-09-01T12:26:45,medium
procedure_9784.pdf,.pdf,667,C:/Healthcare/Internal/Protocols/,2024-09-23T22:13:13,low
schedule_procedure_9785.pdf,.pdf,1147,C:/Healthcare/Internal/Protocols/,2025-02-10T02:07:10,low
maintenance_9786.pdf,.pdf,586,C:/Healthcare/Maintenance/,2025-02-12T20:27:10,low
lab_9787.pdf,.pdf,1778,C:/Healthcare/LabResults/,2025-05-01T02:09:52,low
schedule_shift_9788.xlsx,.xlsx,219,C:/Healthcare/StaffSchedules/,2025-05-11T13:42:09,low
shift_9789.csv,.csv,445,C:/Healthcare/StaffSchedules/,2025-09-16T20:03:02,low
patient_9790.xlsx,.xlsx,676,C:/Healthcare/Patients/,2024-12-01T08:12:03,low
lab_results_9791.csv,.csv,193,C:/Healthcare/LabResults/,2025-11-11T03:06:26,high
coverage_9792.pdf,.pdf,1927,C:/Healthcare/Insurance/,2023-05-01T12:40:38,high
lab_workorder_9793.txt,.txt,152,C:/Healthcare/Maintenance/,2023-10-07T04:52:46,medium
patient_9794.docx,.docx,769,C:/Healthcare/Patients/,2024-03-12T01:52:28,high
appointment_consent_9795.pdf,.pdf,304,C:/Healthcare/Patients/,2023-02-18T02:42:10,medium
maintenance_record_9796.docx,.docx,497,C:/Healthcare/Patients/,2025-07-27T16:18:32,medium
menu_policy_9797.docx,.docx,181,C:/Healthcare/Insurance/,2024-09-30T03:06:15,low
schedule_shift_9798.xlsx,.xlsx,155,C:/Healthcare/StaffSchedules/,2025-10-21T19:26:43,medium
announcement_minutes_9799.txt,.txt,139,C:/Healthcare/Meetings/,2024-04-11T15:51:21,high
announcement_notice_9800.pdf,.pdf,294,C:/Healthcare/PublicInfo/Menu/,2025-04-13T09:37:09,low
schedule_shift_9801.pdf,.pdf,430,C:/Healthcare/StaffSchedules/,2025-05-07T07:11:36,medium
parking_9802.csv,.csv,346,C:/Healthcare/PublicInfo/Menu/,2025-12-11T05:17:21,low
invoice_minutes_9803.pdf,.pdf,483,C:/Healthcare/Meetings/,2023-04-07T02:55:53,low
announcement_menu_9804.csv,.csv,322,C:/Healthcare/PublicInfo/Menu/,2024-03-31T09:01:50,low
notice_parking_9805.csv,.csv,232,C:/Healthcare/PublicInfo/Notices/,2024-10-15T09:51:28,low
patient_9806.docx,.docx,784,C:/Healthcare/Patients/,2024-05-09T13:56:12,low
results_9807.xls,.xls,1597,C:/Healthcare/LabResults/,2025-11-25T15:20:23,medium
analysis_9808.xlsx,.xlsx,1910,C:/Healthcare/LabResults/,2025-12-04T19:19:59,high
notice_policy_9809_v2.csv,.csv,1020,C:/Healthcare/Insurance/,2025-02-17T18:28:22,high
shift_9810.pdf,.pdf,1342,C:/Healthcare/StaffSchedules/,2024-11-17T01:13:25,low
lab_info_9811.csv,.csv,197,C:/Healthcare/PublicInfo/Parking/,2025-10-23T08:59:57,low
policy_9812_final.csv,.csv,577,C:/Healthcare/Insurance/,2025-12-15T20:21:07,low
menu_info_9813.txt,.txt,151,C:/Healthcare/PublicInfo/Menu/,2024-03-08T13:32:13,low
roster_9814.csv,.csv,439,C:/Healthcare/StaffSchedules/,2024-10-29T13:25:23,high
patient_9815.docx,.docx,678,C:/Healthcare/Patients/,2024-03-06T00:03:43,low
lab_parking_9816.csv,.csv,251,C:/Healthcare/PublicInfo/Notices/,2024-01-07T19:50:21,low
roster_9817.xlsx,.xlsx,517,C:/Healthcare/StaffSchedules/,2024-08-30T23:41:23,medium
parking_notice_9818.txt,.txt,93,C:/Healthcare/PublicInfo/Parking/,2024-02-12T14:54:53,low
menu_9819.pdf,.pdf,869,C:/Healthcare/PublicInfo/Menu/,2025-04-29T07:58:28,low
consent_invoice_9820.csv,.csv,177,C:/Healthcare/Insurance/,2024-03-31T21:35:18,medium
menu_9821.txt,.txt,55,C:/Healthcare/PublicInfo/Notices/,2025-08-16T04:44:30,high
guideline_9822.docx,.docx,360,C:/Healthcare/Internal/Protocols/,2023-11-17T03:16:50,low
announcement_info_9823.csv,.csv,21,C:/Healthcare/PublicInfo/Menu/,2025-02-22T06:34:23,low
passwords_notice_9824.txt,.txt,31,C:/Healthcare/PublicInfo/Notices/,2025-09-21T21:24:15,medium
appointment_specimen_9825.pdf,.pdf,3409,C:/Healthcare/LabResults/,2024-02-17T07:40:21,medium
specimen_9826.xlsx,.xlsx,2,C:/Healthcare/LabResults/,2025-01-20T17:16:43,low
invoice_roster_9827.pdf,.pdf,1426,C:/Healthcare/StaffSchedules/,2025-04-19T23:10:27,low
payroll_shift_9828_archived.pdf,.pdf,820,C:/Healthcare/StaffSchedules/,2023-05-18T04:54:01,high
maintenance_schedule_9829.csv,.csv,201,C:/Healthcare/StaffSchedules/,2023-04-04T08:12:52,low
minutes_9830.pdf,.pdf,323,C:/Healthcare/Meetings/,2024-01-18T13:20:28,low
consent_analysis_9831.xlsx,.xlsx,1346,C:/Healthcare/LabResults/,2023-09-29T10:47:36,low
test_specimen_9832.xls,.xls,1038,C:/Healthcare/LabResults/,2025-03-22T07:33:44,high
roster_9833.csv,.csv,487,C:/Healthcare/StaffSchedules/,2024-04-12T11:14:13,medium
menu_parking_9834.csv,.csv,253,C:/Healthcare/PublicInfo/Notices/,2024-07-05T19:53:34,low
summary_parking_9835.txt,.txt,84,C:/Healthcare/PublicInfo/Parking/,2025-12-22T04:25:29,low
log_9836.xlsx,.xlsx,115,C:/Healthcare/Maintenance/,2023-10-16T05:03:47,medium
notice_schedule_9837.csv,.csv,391,C:/Healthcare/StaffSchedules/,2024-11-23T14:03:23,medium
protocol_9838.xlsx,.xlsx,327,C:/Healthcare/Internal/Protocols/,2025-01-12T22:21:07,medium
schedule_minutes_9839.txt,.txt,105,C:/Healthcare/Meetings/,2023-08-14T06:16:51,high
notice_9840.txt,.txt,21,C:/Healthcare/PublicInfo/Menu/,2025-07-02T04:48:42,low
parking_maintenance_9841.txt,.txt,39,C:/Healthcare/Maintenance/,2025-11-23T18:58:51,low
info_9842.csv,.csv,150,C:/Healthcare/PublicInfo/Menu/,2023-05-15T12:31:56,low
menu_roster_9843.xlsx,.xlsx,1331,C:/Healthcare/StaffSchedules/,2023-06-20T23:21:30,low
public_protocol_9844_confidential.xlsx,.xlsx,1482,C:/Healthcare/Internal/Protocols/,2025-07-25T14:12:54,low
minutes_9845_v2.txt,.txt,142,C:/Healthcare/Meetings/,2025-02-19T10:36:45,low
agenda_9846.pdf,.pdf,649,C:/Healthcare/Meetings/,2025-03-03T23:50:36,low
menu_9847.csv,.csv,19,C:/Healthcare/PublicInfo/Parking/,2023-04-17T20:00:34,low
test_analysis_9848.xls,.xls,275,C:/Healthcare/LabResults/,2023-04-26T20:21:46,low
report_visit_9849.csv,.csv,28,C:/Healthcare/Patients/,2024-08-12T06:36:49,medium
consent_9850.pdf,.pdf,511,C:/Healthcare/Patients/,2025-09-26T10:53:30,high
info_9851.csv,.csv,89,C:/Healthcare/PublicInfo/Notices/,2023-03-28T06:32:25,medium
notice_menu_9852_v2.txt,.txt,58,C:/Healthcare/PublicInfo/Menu/,2023-07-02T23:05:40,low
summary_roster_9853.csv,.csv,444,C:/Healthcare/StaffSchedules/,2025-06-27T02:06:09,low
analysis_9854.csv,.csv,241,C:/Healthcare/LabResults/,2024-02-29T13:26:10,low
menu_agenda_9855.pdf,.pdf,1473,C:/Healthcare/Meetings/,2024-12-11T13:42:10,low
parking_shift_9856.xlsx,.xlsx,377,C:/Healthcare/StaffSchedules/,2023-05-10T19:05:05,high
test_parking_9857.pdf,.pdf,592,C:/Healthcare/PublicInfo/Menu/,2023-02-26T21:24:56,low
info_9858.pdf,.pdf,1047,C:/Healthcare/PublicInfo/Parking/,2023-06-05T11:41:29,medium
maintenance_notice_9859.txt,.txt,95,C:/Healthcare/PublicInfo/Notices/,2025-10-19T16:20:41,low
summary_info_9860.csv,.csv,195,C:/Healthcare/PublicInfo/Menu/,2023-01-17T19:08:52,medium
notice_lab_9861_draft.pdf,.pdf,401,C:/Healthcare/LabResults/,2024-12-12T00:46:22,medium
reimbursement_9862.docx,.docx,87,C:/Healthcare/Insurance/,2024-05-30T13:27:43,low
results_9863.csv,.csv,288,C:/Healthcare/LabResults/,2025-02-24T18:24:54,medium
menu_9864.pdf,.pdf,1511,C:/Healthcare/PublicInfo/Parking/,2025-02-26T11:34:16,low
notice_meeting_9865.docx,.docx,731,C:/Healthcare/Meetings/,2023-04-07T08:28:02,low
workorder_9866.pdf,.pdf,1375,C:/Healthcare/Maintenance/,2023-04-10T13:10:04,low
claim_9867.csv,.csv,55,C:/Healthcare/Insurance/,2025-09-21T19:43:16,high
notice_9868.pdf,.pdf,1095,C:/Healthcare/PublicInfo/Notices/,2024-08-18T19:02:17,low
credentials_log_9869_v2.pdf,.pdf,782,C:/Healthcare/Maintenance/,2023-09-28T23:34:52,medium
meeting_9870.pdf,.pdf,930,C:/Healthcare/Meetings/,2024-07-22T09:55:14,low
test_roster_9871.csv,.csv,398,C:/Healthcare/StaffSchedules/,2024-10-03T14:54:23,high
parking_9872.pdf,.pdf,1051,C:/Healthcare/PublicInfo/Parking/,2023-03-06T19:10:24,low
maintenance_protocol_9873.docx,.docx,451,C:/Healthcare/Internal/Protocols/,2025-01-09T06:41:57,low
menu_parking_9874.csv,.csv,613,C:/Healthcare/PublicInfo/Parking/,2025-02-20T07:30:34,low
schedule_shift_9875.csv,.csv,391,C:/Healthcare/StaffSchedules/,2024-01-31T00:27:59,medium
appointment_diagnosis_9876.docx,.docx,65,C:/Healthcare/Patients/,2023-08-27T08:27:10,low
menu_protocol_9877.xlsx,.xlsx,875,C:/Healthcare/Internal/Protocols/,2023-01-07T09:28:28,low
notice_agenda_9878.docx,.docx,1032,C:/Healthcare/Meetings/,2024-10-28T20:51:35,medium
public_parking_9879.pdf,.pdf,835,C:/Healthcare/PublicInfo/Parking/,2024-07-20T08:09:20,low
maintenance_9880.xlsx,.xlsx,592,C:/Healthcare/Maintenance/,2025-01-12T18:49:36,low
ssn_meeting_9881_archived.docx,.docx,709,C:/Healthcare/Meetings/,2023-09-03T15:37:31,low
test_schedule_9882.xlsx,.xlsx,465,C:/Healthcare/StaffSchedules/,2025-05-05T13:56:24,low
announcement_agenda_9883.txt,.txt,121,C:/Healthcare/Meetings/,2023-06-24T09:09:04,medium
patient_analysis_9884.pdf,.pdf,927,C:/Healthcare/LabResults/,2023-05-01T14:36:58,medium
summary_schedule_9885.xlsx,.xlsx,415,C:/Healthcare/StaffSchedules/,2025-02-21T16:37:51,low
consent_9886.xlsx,.xlsx,20,C:/Healthcare/Patients/,2025-10-19T02:17:15,low
appointment_meeting_9887.docx,.docx,378,C:/Healthcare/Meetings/,2024-12-19T05:51:09,low
visit_9888.xlsx,.xlsx,627,C:/Healthcare/Patients/,2024-05-13T16:03:37,low
menu_protocol_9889.docx,.docx,1084,C:/Healthcare/Internal/Protocols/,2024-12-20T15:04:39,low
reimbursement_9890_v2.pdf,.pdf,550,C:/Healthcare/Insurance/,2025-02-18T11:24:02,low
results_9891.csv,.csv,252,C:/Healthcare/LabResults/,2025-07-21T07:16:08,medium
announcement_test_9892.xlsx,.xlsx,920,C:/Healthcare/LabResults/,2023-03-28T23:47:05,low
menu_9893.csv,.csv,405,C:/Healthcare/PublicInfo/Menu/,2025-01-06T10:09:03,high
maintenance_log_9894.pdf,.pdf,63,C:/Healthcare/Maintenance/,2025-09-20T07:17:46,low
parking_9895.txt,.txt,131,C:/Healthcare/PublicInfo/Parking/,2024-11-07T05:36:23,medium
procedure_9896.docx,.docx,42,C:/Healthcare/Internal/Protocols/,2024-04-28T12:25:01,medium
maintenance_9897_draft.pdf,.pdf,1274,C:/Healthcare/Maintenance/,2023-02-14T20:42:39,high
notice_info_9898.pdf,.pdf,606,C:/Healthcare/PublicInfo/Menu/,2024-08-07T21:03:18,low
schedule_guideline_9899.xlsx,.xlsx,1420,C:/Healthcare/Internal/Protocols/,2024-03-12T22:58:01,low
parking_9900_draft.csv,.csv,33,C:/Healthcare/PublicInfo/Menu/,2023-01-21T06:38:31,low
parking_9901.txt,.txt,99,C:/Healthcare/PublicInfo/Notices/,2025-08-06T21:20:23,low
maintenance_roster_9902.xlsx,.xlsx,1074,C:/Healthcare/StaffSchedules/,2024-06-23T11:24:12,low
ssn_notice_9903_draft.txt,.txt,123,C:/Healthcare/PublicInfo/Menu/,2024-12-26T23:46:27,high
announcement_procedure_9904_confidential.xlsx,.xlsx,1519,C:/Healthcare/Internal/Protocols/,2023-06-05T04:01:21,low
menu_9905.pdf,.pdf,245,C:/Healthcare/PublicInfo/Parking/,2025-01-05T02:56:38,medium
schedule_patient_9906.csv,.csv,131,C:/Healthcare/Patients/,2023-08-14T03:42:37,low
schedule_log_9907.pdf,.pdf,549,C:/Healthcare/Maintenance/,2025-10-11T02:07:53,low
test_9908.xls,.xls,2204,C:/Healthcare/LabResults/,2025-05-05T16:58:06,medium
specimen_9909.csv,.csv,507,C:/Healthcare/LabResults/,2023-11-06T15:29:14,medium
parking_maintenance_9910.pdf,.pdf,313,C:/Healthcare/Maintenance/,2023-09-06T13:14:56,low
agenda_9911.txt,.txt,58,C:/Healthcare/Meetings/,2025-03-15T17:14:20,low
menu_parking_9912.pdf,.pdf,661,C:/Healthcare/PublicInfo/Parking/,2025-10-26T04:19:45,high
appointment_meeting_9913.pdf,.pdf,2033,C:/Healthcare/Meetings/,2023-09-08T18:06:46,low
parking_guideline_9914.docx,.docx,610,C:/Healthcare/Internal/Protocols/,2025-12-06T21:49:34,low
maintenance_9915_final.txt,.txt,66,C:/Healthcare/Maintenance/,2025-12-20T11:21:37,low
report_results_9916.xlsx,.xlsx,341,C:/Healthcare/LabResults/,2024-06-17T19:41:31,low
lab_info_9917.txt,.txt,7,C:/Healthcare/PublicInfo/Menu/,2024-03-25T17:37:38,medium
analysis_9918.xls,.xls,458,C:/Healthcare/LabResults/,2024-11-06T08:05:18,low
schedule_9919_draft.xlsx,.xlsx,1528,C:/Healthcare/StaffSchedules/,2025-03-18T22:21:42,low
minutes_9920.txt,.txt,52,C:/Healthcare/Meetings/,2024-08-02T10:00:46,medium
announcement_parking_9921.pdf,.pdf,137,C:/Healthcare/PublicInfo/Parking/,2023-12-22T17:29:34,medium
report_roster_9922.csv,.csv,467,C:/Healthcare/StaffSchedules/,2024-10-26T16:25:07,low
maintenance_menu_9923.pdf,.pdf,1260,C:/Healthcare/PublicInfo/Menu/,2023-08-18T14:06:25,low
meeting_9924.pdf,.pdf,983,C:/Healthcare/Meetings/,2025-11-17T23:00:01,low
minutes_9925.docx,.docx,730,C:/Healthcare/Meetings/,2025-01-19T18:33:52,high
results_9926.xls,.xls,2419,C:/Healthcare/LabResults/,2025-04-24T10:39:22,medium
meeting_9927_draft.txt,.txt,91,C:/Healthcare/Meetings/,2023-04-08T17:06:32,low
protocol_9928_draft.docx,.docx,319,C:/Healthcare/Internal/Protocols/,2024-12-17T13:30:49,medium
menu_notice_9929.pdf,.pdf,713,C:/Healthcare/PublicInfo/Menu/,2025-01-23T04:47:38,medium
notice_parking_9930.pdf,.pdf,75,C:/Healthcare/PublicInfo/Notices/,2024-04-06T21:39:31,medium
roster_9931.pdf,.pdf,810,C:/Healthcare/StaffSchedules/,2025-06-19T05:09:11,high
medical_notice_9932.csv,.csv,314,C:/Healthcare/PublicInfo/Parking/,2024-07-09T10:02:26,high
analysis_9933.xls,.xls,1520,C:/Healthcare/LabResults/,2025-04-06T19:08:13,medium
coverage_9934.pdf,.pdf,1152,C:/Healthcare/Insurance/,2023-08-24T09:22:26,medium
schedule_coverage_9935.pdf,.pdf,2450,C:/Healthcare/Insurance/,2024-10-22T19:43:02,high
consent_procedure_9936.pdf,.pdf,42,C:/Healthcare/Internal/Protocols/,2024-09-22T07:07:38,high
notice_meeting_9937.txt,.txt,23,C:/Healthcare/Meetings/,2024-04-01T16:40:51,low
parking_roster_9938_v2.pdf,.pdf,1025,C:/Healthcare/StaffSchedules/,2025-03-30T22:48:55,low
notice_parking_9939.pdf,.pdf,776,C:/Healthcare/PublicInfo/Parking/,2025-04-20T19:47:42,low
schedule_specimen_9940.xlsx,.xlsx,2120,C:/Healthcare/LabResults/,2023-09-21T17:53:20,medium
results_menu_9941_confidential.pdf,.pdf,1606,C:/Healthcare/PublicInfo/Menu/,2023-02-21T13:54:17,medium
report_info_9942_v2.csv,.csv,114,C:/Healthcare/PublicInfo/Parking/,2024-10-27T23:47:57,medium
shift_9943.xlsx,.xlsx,224,C:/Healthcare/StaffSchedules/,2025-10-01T06:35:46,low
log_9944_final.xlsx,.xlsx,127,C:/Healthcare/Maintenance/,2023-12-16T00:53:54,low
results_lab_9945.xlsx,.xlsx,1126,C:/Healthcare/LabResults/,2023-11-10T20:08:03,low
visit_9946.csv,.csv,202,C:/Healthcare/Patients/,2024-02-18T08:02:38,low
roster_9947.csv,.csv,266,C:/Healthcare/StaffSchedules/,2023-07-16T10:14:01,low
roster_9948.csv,.csv,388,C:/Healthcare/StaffSchedules/,2025-01-19T14:29:43,low
results_9949.pdf,.pdf,1607,C:/Healthcare/LabResults/,2023-02-14T23:31:32,medium
medical_results_9950.xlsx,.xlsx,1525,C:/Healthcare/LabResults/,2023-11-20T07:09:54,medium
claim_9951.docx,.docx,196,C:/Healthcare/Insurance/,2025-05-10T15:07:58,low
results_roster_9952.xlsx,.xlsx,145,C:/Healthcare/StaffSchedules/,2023-05-19T14:52:52,low
invoice_9953.csv,.csv,317,C:/Healthcare/Insurance/,2023-08-24T20:16:40,low
ssn_procedure_9954.docx,.docx,900,C:/Healthcare/Internal/Protocols/,2025-10-05T18:37:48,medium
log_9955.txt,.txt,17,C:/Healthcare/Maintenance/,2025-09-15T18:02:40,medium
invoice_agenda_9956.docx,.docx,799,C:/Healthcare/Meetings/,2024-09-09T00:51:59,low
record_9957.pdf,.pdf,822,C:/Healthcare/Patients/,2025-04-14T12:44:13,medium
consent_9958.pdf,.pdf,1029,C:/Healthcare/Patients/,2023-06-17T09:20:04,high
schedule_reimbursement_9959.csv,.csv,565,C:/Healthcare/Insurance/,2025-11-19T10:44:17,high
summary_policy_9960.pdf,.pdf,409,C:/Healthcare/Insurance/,2023-02-10T23:41:33,low
procedure_9961.docx,.docx,325,C:/Healthcare/Internal/Protocols/,2025-10-03T20:29:49,medium
diagnosis_9962.csv,.csv,288,C:/Healthcare/Patients/,2025-12-13T23:15:22,high
announcement_info_9963.txt,.txt,101,C:/Healthcare/PublicInfo/Parking/,2024-03-16T13:52:07,low
reimbursement_9964.pdf,.pdf,31,C:/Healthcare/Insurance/,2025-11-20T03:36:50,medium
results_menu_9965.pdf,.pdf,177,C:/Healthcare/PublicInfo/Notices/,2023-09-29T06:48:32,low
meeting_9966.docx,.docx,972,C:/Healthcare/Meetings/,2023-09-11T02:01:48,low
record_9967.xlsx,.xlsx,1422,C:/Healthcare/Patients/,2023-09-17T13:31:41,low
diagnosis_9968.csv,.csv,406,C:/Healthcare/Patients/,2024-09-15T13:19:35,medium
log_9969.xlsx,.xlsx,1331,C:/Healthcare/Maintenance/,2023-09-15T21:37:30,medium
diagnosis_reimbursement_9970.docx,.docx,553,C:/Healthcare/Insurance/,2024-07-19T02:06:19,high
maintenance_log_9971.pdf,.pdf,1734,C:/Healthcare/Maintenance/,2024-08-03T07:44:00,medium
parking_record_9972.csv,.csv,358,C:/Healthcare/Patients/,2024-05-20T09:57:37,high
public_menu_9973.txt,.txt,102,C:/Healthcare/PublicInfo/Notices/,2023-11-23T17:41:55,low
schedule_notice_9974_final.txt,.txt,87,C:/Healthcare/PublicInfo/Notices/,2025-04-26T16:06:52,low
maintenance_9975.xlsx,.xlsx,343,C:/Healthcare/Maintenance/,2023-04-10T13:24:45,low
schedule_protocol_9976_archived.xlsx,.xlsx,70,C:/Healthcare/Internal/Protocols/,2023-01-09T07:09:42,low
invoice_9977.csv,.csv,111,C:/Healthcare/Insurance/,2023-10-22T18:57:51,medium
results_parking_9978.pdf,.pdf,1458,C:/Healthcare/PublicInfo/Notices/,2024-09-26T09:27:39,low
parking_9979_confidential.txt,.txt,77,C:/Healthcare/PublicInfo/Notices/,2023-03-20T03:04:12,low
diagnosis_9980_archived.pdf,.pdf,126,C:/Healthcare/Patients/,2025-04-09T00:16:45,medium
consent_9981.xlsx,.xlsx,249,C:/Healthcare/Patients/,2023-02-24T19:00:34,low
announcement_maintenance_9982.txt,.txt,149,C:/Healthcare/Maintenance/,2024-12-30T19:30:32,medium
results_analysis_9983.csv,.csv,52,C:/Healthcare/LabResults/,2024-10-28T02:27:53,high
roster_9984.pdf,.pdf,496,C:/Healthcare/StaffSchedules/,2024-01-24T14:28:38,low
parking_specimen_9985.xls,.xls,647,C:/Healthcare/LabResults/,2023-07-28T06:50:15,low
parking_9986.txt,.txt,53,C:/Healthcare/PublicInfo/Notices/,2025-01-15T16:58:37,high
agenda_9987_final.txt,.txt,115,C:/Healthcare/Meetings/,2023-03-10T12:39:54,low
shift_9988.csv,.csv,504,C:/Healthcare/StaffSchedules/,2024-12-12T19:00:59,low
results_specimen_9989.xls,.xls,1963,C:/Healthcare/LabResults/,2024-08-02T09:15:11,high
public_consent_9990_archived.xlsx,.xlsx,1573,C:/Healthcare/Patients/,2023-09-25T10:28:57,high
notice_protocol_9991.pdf,.pdf,36,C:/Healthcare/Internal/Protocols/,2025-06-25T08:41:47,high
diagnosis_9992.pdf,.pdf,832,C:/Healthcare/Patients/,2023-02-26T06:42:14,low
roster_9993.pdf,.pdf,1052,C:/Healthcare/StaffSchedules/,2024-03-09T03:27:55,low
menu_9994.pdf,.pdf,1325,C:/Healthcare/PublicInfo/Parking/,2025-07-31T18:04:09,medium
coverage_9995.csv,.csv,36,C:/Healthcare/Insurance/,2025-03-17T01:00:57,high
menu_9996.csv,.csv,403,C:/Healthcare/PublicInfo/Notices/,2024-02-21T05:55:32,medium
test_record_9997.docx,.docx,467,C:/Healthcare/Patients/,2024-06-10T00:17:46,high
guideline_9998.docx,.docx,598,C:/Healthcare/Internal/Protocols/,2023-10-27T02:59:01,low
notice_9999.txt,.txt,153,C:/Healthcare/PublicInfo/Parking/,2024-07-28T03:04:37,medium
