This is pdfTeX, Version 3.141592653-2.6-1.40.22 (TeX Live 2022/dev/Debian) (preloaded format=pdflatex 2024.8.3)  14 OCT 2025 14:50
entering extended mode
 restricted \write18 enabled.
 file:line:error style messages enabled.
 %&-line parsing enabled.
**/home/prasdud/playground/raptor/src/c2/jinja_templates/report_template.tex
(/home/prasdud/playground/raptor/src/c2/jinja_templates/report_template.tex
LaTeX2e <2021-11-15> patch level 1
L3 programming layer <2022-01-21> (/usr/share/texlive/texmf-dist/tex/latex/base/article.cls
Document Class: article 2021/10/04 v1.4n Standard LaTeX document class
(/usr/share/texlive/texmf-dist/tex/latex/base/size12.clo
File: size12.clo 2021/10/04 v1.4n Standard LaTeX file (size option)
)
\c@part=\count185
\c@section=\count186
\c@subsection=\count187
\c@subsubsection=\count188
\c@paragraph=\count189
\c@subparagraph=\count190
\c@figure=\count191
\c@table=\count192
\abovecaptionskip=\skip47
\belowcaptionskip=\skip48
\bibindent=\dimen138
) (/usr/share/texlive/texmf-dist/tex/latex/geometry/geometry.sty
Package: geometry 2020/01/02 v5.9 Page Geometry
 (/usr/share/texlive/texmf-dist/tex/latex/graphics/keyval.sty
Package: keyval 2014/10/28 v1.15 key=value parser (DPC)
\KV@toks@=\toks16
) (/usr/share/texlive/texmf-dist/tex/generic/iftex/ifvtex.sty
Package: ifvtex 2019/10/25 v1.7 ifvtex legacy package. Use iftex instead.
 (/usr/share/texlive/texmf-dist/tex/generic/iftex/iftex.sty
Package: iftex 2020/03/06 v1.0d TeX engine tests
))
\Gm@cnth=\count193
\Gm@cntv=\count194
\c@Gm@tempcnt=\count195
\Gm@bindingoffset=\dimen139
\Gm@wd@mp=\dimen140
\Gm@odd@mp=\dimen141
\Gm@even@mp=\dimen142
\Gm@layoutwidth=\dimen143
\Gm@layoutheight=\dimen144
\Gm@layouthoffset=\dimen145
\Gm@layoutvoffset=\dimen146
\Gm@dimlist=\toks17
) (/usr/share/texlive/texmf-dist/tex/latex/graphics/graphicx.sty
Package: graphicx 2021/09/16 v1.2d Enhanced LaTeX Graphics (DPC,SPQR)
 (/usr/share/texlive/texmf-dist/tex/latex/graphics/graphics.sty
Package: graphics 2021/03/04 v1.4d Standard LaTeX Graphics (DPC,SPQR)
 (/usr/share/texlive/texmf-dist/tex/latex/graphics/trig.sty
Package: trig 2021/08/11 v1.11 sin cos tan (DPC)
) (/usr/share/texlive/texmf-dist/tex/latex/graphics-cfg/graphics.cfg
File: graphics.cfg 2016/06/04 v1.11 sample graphics configuration
)
Package graphics Info: Driver file: pdftex.def on input line 107.
 (/usr/share/texlive/texmf-dist/tex/latex/graphics-def/pdftex.def
File: pdftex.def 2020/10/05 v1.2a Graphics/color driver for pdftex
))
\Gin@req@height=\dimen147
\Gin@req@width=\dimen148
) (/usr/share/texlive/texmf-dist/tex/latex/tools/longtable.sty
Package: longtable 2021-09-01 v4.17 Multi-page Table package (DPC)
\LTleft=\skip49
\LTright=\skip50
\LTpre=\skip51
\LTpost=\skip52
\LTchunksize=\count196
\LTcapwidth=\dimen149
\LT@head=\box50
\LT@firsthead=\box51
\LT@foot=\box52
\LT@lastfoot=\box53
\LT@gbox=\box54
\LT@cols=\count197
\LT@rows=\count198
\c@LT@tables=\count199
\c@LT@chunks=\count266
\LT@p@ftn=\toks18
) (/usr/share/texlive/texmf-dist/tex/latex/fancyhdr/fancyhdr.sty
Package: fancyhdr 2021/01/28 v4.0.1 Extensive control of page headers and footers
\f@nch@headwidth=\skip53
\f@nch@O@elh=\skip54
\f@nch@O@erh=\skip55
\f@nch@O@olh=\skip56
\f@nch@O@orh=\skip57
\f@nch@O@elf=\skip58
\f@nch@O@erf=\skip59
\f@nch@O@olf=\skip60
\f@nch@O@orf=\skip61
) (/usr/share/texlive/texmf-dist/tex/latex/tools/array.sty
Package: array 2021/10/04 v2.5f Tabular extension package (FMi)
\col@sep=\dimen150
\ar@mcellbox=\box55
\extrarowheight=\dimen151
\NC@list=\toks19
\extratabsurround=\skip62
\backup@length=\skip63
\ar@cellbox=\box56
) (/usr/share/texlive/texmf-dist/tex/latex/xcolor/xcolor.sty
Package: xcolor 2021/10/31 v2.13 LaTeX color extensions (UK)
 (/usr/share/texlive/texmf-dist/tex/latex/graphics-cfg/color.cfg
File: color.cfg 2016/01/02 v1.6 sample color configuration
)
Package xcolor Info: Driver file: pdftex.def on input line 227.
Package xcolor Info: Model `cmy' substituted by `cmy0' on input line 1352.
Package xcolor Info: Model `hsb' substituted by `rgb' on input line 1356.
Package xcolor Info: Model `RGB' extended on input line 1368.
Package xcolor Info: Model `HTML' substituted by `rgb' on input line 1370.
Package xcolor Info: Model `Hsb' substituted by `hsb' on input line 1371.
Package xcolor Info: Model `tHsb' substituted by `hsb' on input line 1372.
Package xcolor Info: Model `HSB' substituted by `hsb' on input line 1373.
Package xcolor Info: Model `Gray' substituted by `gray' on input line 1374.
Package xcolor Info: Model `wave' substituted by `hsb' on input line 1375.
) (/usr/share/texlive/texmf-dist/tex/latex/titlesec/titlesec.sty
Package: titlesec 2021/07/05 v2.14 Sectioning titles
\ttl@box=\box57
\beforetitleunit=\skip64
\aftertitleunit=\skip65
\ttl@plus=\dimen152
\ttl@minus=\dimen153
\ttl@toksa=\toks20
\titlewidth=\dimen154
\titlewidthlast=\dimen155
\titlewidthfirst=\dimen156
) (/usr/share/texlive/texmf-dist/tex/latex/hyperref/hyperref.sty
Package: hyperref 2021-06-07 v7.00m Hypertext links for LaTeX
 (/usr/share/texlive/texmf-dist/tex/generic/ltxcmds/ltxcmds.sty
Package: ltxcmds 2020-05-10 v1.25 LaTeX kernel commands for general use (HO)
) (/usr/share/texlive/texmf-dist/tex/generic/pdftexcmds/pdftexcmds.sty
Package: pdftexcmds 2020-06-27 v0.33 Utility functions of pdfTeX for LuaTeX (HO)
 (/usr/share/texlive/texmf-dist/tex/generic/infwarerr/infwarerr.sty
Package: infwarerr 2019/12/03 v1.5 Providing info/warning/error messages (HO)
)
Package pdftexcmds Info: \pdf@primitive is available.
Package pdftexcmds Info: \pdf@ifprimitive is available.
Package pdftexcmds Info: \pdfdraftmode found.
) (/usr/share/texlive/texmf-dist/tex/generic/kvsetkeys/kvsetkeys.sty
Package: kvsetkeys 2019/12/15 v1.18 Key value parser (HO)
) (/usr/share/texlive/texmf-dist/tex/generic/kvdefinekeys/kvdefinekeys.sty
Package: kvdefinekeys 2019-12-19 v1.6 Define keys (HO)
) (/usr/share/texlive/texmf-dist/tex/generic/pdfescape/pdfescape.sty
Package: pdfescape 2019/12/09 v1.15 Implements pdfTeX's escape features (HO)
) (/usr/share/texlive/texmf-dist/tex/latex/hycolor/hycolor.sty
Package: hycolor 2020-01-27 v1.10 Color options for hyperref/bookmark (HO)
) (/usr/share/texlive/texmf-dist/tex/latex/letltxmacro/letltxmacro.sty
Package: letltxmacro 2019/12/03 v1.6 Let assignment for LaTeX macros (HO)
) (/usr/share/texlive/texmf-dist/tex/latex/auxhook/auxhook.sty
Package: auxhook 2019-12-17 v1.6 Hooks for auxiliary files (HO)
) (/usr/share/texlive/texmf-dist/tex/latex/kvoptions/kvoptions.sty
Package: kvoptions 2020-10-07 v3.14 Key value format for package options (HO)
)
\@linkdim=\dimen157
\Hy@linkcounter=\count267
\Hy@pagecounter=\count268
 (/usr/share/texlive/texmf-dist/tex/latex/hyperref/pd1enc.def
File: pd1enc.def 2021-06-07 v7.00m Hyperref: PDFDocEncoding definition (HO)
Now handling font encoding PD1 ...
... no UTF-8 mapping file for font encoding PD1
) (/usr/share/texlive/texmf-dist/tex/latex/hyperref/hyperref-langpatches.def
File: hyperref-langpatches.def 2021-06-07 v7.00m Hyperref: patches for babel languages
) (/usr/share/texlive/texmf-dist/tex/generic/intcalc/intcalc.sty
Package: intcalc 2019/12/15 v1.3 Expandable calculations with integers (HO)
) (/usr/share/texlive/texmf-dist/tex/generic/etexcmds/etexcmds.sty
Package: etexcmds 2019/12/15 v1.7 Avoid name clashes with e-TeX commands (HO)
)
\Hy@SavedSpaceFactor=\count269
 (/usr/share/texlive/texmf-dist/tex/latex/hyperref/puenc.def
File: puenc.def 2021-06-07 v7.00m Hyperref: PDF Unicode definition (HO)
Now handling font encoding PU ...
... no UTF-8 mapping file for font encoding PU
)
Package hyperref Info: Hyper figures OFF on input line 4192.
Package hyperref Info: Link nesting OFF on input line 4197.
Package hyperref Info: Hyper index ON on input line 4200.
Package hyperref Info: Plain pages OFF on input line 4207.
Package hyperref Info: Backreferencing OFF on input line 4212.
Package hyperref Info: Implicit mode ON; LaTeX internals redefined.
Package hyperref Info: Bookmarks ON on input line 4445.
\c@Hy@tempcnt=\count270
 (/usr/share/texlive/texmf-dist/tex/latex/url/url.sty
\Urlmuskip=\muskip16
Package: url 2013/09/16  ver 3.4  Verb mode for urls, etc.
)
LaTeX Info: Redefining \url on input line 4804.
\XeTeXLinkMargin=\dimen158
 (/usr/share/texlive/texmf-dist/tex/generic/bitset/bitset.sty
Package: bitset 2019/12/09 v1.3 Handle bit-vector datatype (HO)
 (/usr/share/texlive/texmf-dist/tex/generic/bigintcalc/bigintcalc.sty
Package: bigintcalc 2019/12/15 v1.5 Expandable calculations on big integers (HO)
))
\Fld@menulength=\count271
\Field@Width=\dimen159
\Fld@charsize=\dimen160
Package hyperref Info: Hyper figures OFF on input line 6076.
Package hyperref Info: Link nesting OFF on input line 6081.
Package hyperref Info: Hyper index ON on input line 6084.
Package hyperref Info: backreferencing OFF on input line 6091.
Package hyperref Info: Link coloring OFF on input line 6096.
Package hyperref Info: Link coloring with OCG OFF on input line 6101.
Package hyperref Info: PDF/A mode OFF on input line 6106.
LaTeX Info: Redefining \ref on input line 6146.
LaTeX Info: Redefining \pageref on input line 6150.
 (/usr/share/texlive/texmf-dist/tex/latex/base/atbegshi-ltx.sty
Package: atbegshi-ltx 2021/01/10 v1.0c Emulation of the original atbegshi
package with kernel methods
)
\Hy@abspage=\count272
\c@Item=\count273
\c@Hfootnote=\count274
)
Package hyperref Info: Driver (autodetected): hpdftex.
 (/usr/share/texlive/texmf-dist/tex/latex/hyperref/hpdftex.def
File: hpdftex.def 2021-06-07 v7.00m Hyperref driver for pdfTeX
 (/usr/share/texlive/texmf-dist/tex/latex/base/atveryend-ltx.sty
Package: atveryend-ltx 2020/08/19 v1.0a Emulation of the original atveryend package
with kernel methods
)
\Fld@listcount=\count275
\c@bookmark@seq@number=\count276
 (/usr/share/texlive/texmf-dist/tex/latex/rerunfilecheck/rerunfilecheck.sty
Package: rerunfilecheck 2019/12/05 v1.9 Rerun checks for auxiliary files (HO)
 (/usr/share/texlive/texmf-dist/tex/generic/uniquecounter/uniquecounter.sty
Package: uniquecounter 2019/12/15 v1.4 Provide unlimited unique counter (HO)
)
Package uniquecounter Info: New unique counter `rerunfilecheck' on input line 286.
)
\Hy@SectionHShift=\skip66
) (/usr/share/texlive/texmf-dist/tex/latex/float/float.sty
Package: float 2001/11/08 v1.3d Float enhancements (AL)
\c@float@type=\count277
\float@exts=\toks21
\float@box=\box58
\@float@everytoks=\toks22
\@floatcapt=\box59
) (/usr/share/texlive/texmf-dist/tex/latex/setspace/setspace.sty
Package: setspace 2011/12/19 v6.7a set line spacing
) (/usr/share/texlive/texmf-dist/tex/latex/titling/titling.sty
Package: titling 2009/09/04 v2.1d maketitle typesetting
\thanksmarkwidth=\skip67
\thanksmargin=\skip68
\droptitle=\skip69
) (/usr/share/texlive/texmf-dist/tex/latex/l3backend/l3backend-pdftex.def
File: l3backend-pdftex.def 2022-01-12 L3 backend support: PDF output (pdfTeX)
\l__color_backend_stack_int=\count278
\l__pdf_internal_box=\box60
) (./report_template.aux)
\openout1 = `report_template.aux'.

LaTeX Font Info:    Checking defaults for OML/cmm/m/it on input line 102.
LaTeX Font Info:    ... okay on input line 102.
LaTeX Font Info:    Checking defaults for OMS/cmsy/m/n on input line 102.
LaTeX Font Info:    ... okay on input line 102.
LaTeX Font Info:    Checking defaults for OT1/cmr/m/n on input line 102.
LaTeX Font Info:    ... okay on input line 102.
LaTeX Font Info:    Checking defaults for T1/cmr/m/n on input line 102.
LaTeX Font Info:    ... okay on input line 102.
LaTeX Font Info:    Checking defaults for TS1/cmr/m/n on input line 102.
LaTeX Font Info:    ... okay on input line 102.
LaTeX Font Info:    Checking defaults for OMX/cmex/m/n on input line 102.
LaTeX Font Info:    ... okay on input line 102.
LaTeX Font Info:    Checking defaults for U/cmr/m/n on input line 102.
LaTeX Font Info:    ... okay on input line 102.
LaTeX Font Info:    Checking defaults for PD1/pdf/m/n on input line 102.
LaTeX Font Info:    ... okay on input line 102.
LaTeX Font Info:    Checking defaults for PU/pdf/m/n on input line 102.
LaTeX Font Info:    ... okay on input line 102.

*geometry* driver: auto-detecting
*geometry* detected driver: pdftex
*geometry* verbose mode - [ preamble ] result:
* driver: pdftex
* paper: a4paper
* layout: <same size as paper>
* layoutoffset:(h,v)=(0.0pt,0.0pt)
* modes: 
* h-part:(L,W,R)=(72.26999pt, 452.9679pt, 72.26999pt)
* v-part:(T,H,B)=(72.26999pt, 700.50687pt, 72.26999pt)
* \paperwidth=597.50787pt
* \paperheight=845.04684pt
* \textwidth=452.9679pt
* \textheight=700.50687pt
* \oddsidemargin=0.0pt
* \evensidemargin=0.0pt
* \topmargin=-37.0pt
* \headheight=12.0pt
* \headsep=25.0pt
* \topskip=12.0pt
* \footskip=30.0pt
* \marginparwidth=35.0pt
* \marginparsep=10.0pt
* \columnsep=10.0pt
* \skip\footins=10.8pt plus 4.0pt minus 2.0pt
* \hoffset=0.0pt
* \voffset=0.0pt
* \mag=1000
* \@twocolumnfalse
* \@twosidefalse
* \@mparswitchfalse
* \@reversemarginfalse
* (1in=72.27pt=25.4mm, 1cm=28.453pt)

(/usr/share/texlive/texmf-dist/tex/context/base/mkii/supp-pdf.mkii
[Loading MPS to PDF converter (version 2006.09.02).]
\scratchcounter=\count279
\scratchdimen=\dimen161
\scratchbox=\box61
\nofMPsegments=\count280
\nofMParguments=\count281
\everyMPshowfont=\toks23
\MPscratchCnt=\count282
\MPscratchDim=\dimen162
\MPnumerator=\count283
\makeMPintoPDFobject=\count284
\everyMPtoPDFconversion=\toks24
) (/usr/share/texlive/texmf-dist/tex/latex/epstopdf-pkg/epstopdf-base.sty
Package: epstopdf-base 2020-01-24 v2.11 Base part for package epstopdf
Package epstopdf-base Info: Redefining graphics rule for `.eps' on input line 485.
 (/usr/share/texlive/texmf-dist/tex/latex/latexconfig/epstopdf-sys.cfg
File: epstopdf-sys.cfg 2010/07/13 v1.3 Configuration of (r)epstopdf for TeX Live
))
Package hyperref Info: Link coloring OFF on input line 102.
 (/usr/share/texlive/texmf-dist/tex/latex/hyperref/nameref.sty
Package: nameref 2021-04-02 v2.47 Cross-referencing by name of section
 (/usr/share/texlive/texmf-dist/tex/latex/refcount/refcount.sty
Package: refcount 2019/12/15 v3.6 Data extraction from label references (HO)
) (/usr/share/texlive/texmf-dist/tex/generic/gettitlestring/gettitlestring.sty
Package: gettitlestring 2019/12/15 v1.6 Cleanup title references (HO)
)
\c@section@level=\count285
)
LaTeX Info: Redefining \ref on input line 102.
LaTeX Info: Redefining \pageref on input line 102.
LaTeX Info: Redefining \nameref on input line 102.
\@outlinefile=\write3
\openout3 = `report_template.out'.


/home/prasdud/playground/raptor/src/c2/jinja_templates/report_template.tex:105: Missing $ inserted.
<inserted text> 
                $
l.105 \coverpage
                
I've inserted a begin-math/end-math symbol since I think
you left one out. Proceed, with fingers crossed.

LaTeX Font Info:    External font `cmex10' loaded for size
(Font)              <17.28> on input line 105.
LaTeX Font Info:    External font `cmex10' loaded for size
(Font)              <12> on input line 105.
/home/prasdud/playground/raptor/src/c2/jinja_templates/report_template.tex:105: Extra }, or forgotten $.
\coverpage ...cm} {\Large Target: {{ target_name }
                                                  } \par } \vspace {0.5cm} {...
l.105 \coverpage
                
I've deleted a group-closing symbol because it seems to be
spurious, as in `$x}$'. But perhaps the } is legitimate and
you forgot something else, as in `\hbox{$x}'. In such cases
the way to recover is to insert both the forgotten and the
deleted material, e.g., by typing `I$}'.

/home/prasdud/playground/raptor/src/c2/jinja_templates/report_template.tex:105: Extra }, or forgotten $.
\coverpage ...m} {\Large Target: {{ target_name }}
                                                   \par } \vspace {0.5cm} {\...
l.105 \coverpage
                
I've deleted a group-closing symbol because it seems to be
spurious, as in `$x}$'. But perhaps the } is legitimate and
you forgot something else, as in `\hbox{$x}'. In such cases
the way to recover is to insert both the forgotten and the
deleted material, e.g., by typing `I$}'.

/home/prasdud/playground/raptor/src/c2/jinja_templates/report_template.tex:105: Missing $ inserted.
<inserted text> 
                $
l.105 \coverpage
                
I've inserted a begin-math/end-math symbol since I think
you left one out. Proceed, with fingers crossed.

/home/prasdud/playground/raptor/src/c2/jinja_templates/report_template.tex:105: Missing $ inserted.
<inserted text> 
                $
l.105 \coverpage
                
I've inserted a begin-math/end-math symbol since I think
you left one out. Proceed, with fingers crossed.

LaTeX Font Info:    External font `cmex10' loaded for size
(Font)              <14.4> on input line 105.
LaTeX Font Info:    External font `cmex10' loaded for size
(Font)              <7> on input line 105.
/home/prasdud/playground/raptor/src/c2/jinja_templates/report_template.tex:105: Extra }, or forgotten $.
\coverpage ...{\large Generated: {{ generated_at }
                                                  } \par } Simulation: {{ si...
l.105 \coverpage
                
I've deleted a group-closing symbol because it seems to be
spurious, as in `$x}$'. But perhaps the } is legitimate and
you forgot something else, as in `\hbox{$x}'. In such cases
the way to recover is to insert both the forgotten and the
deleted material, e.g., by typing `I$}'.

/home/prasdud/playground/raptor/src/c2/jinja_templates/report_template.tex:105: Extra }, or forgotten $.
\coverpage ...\large Generated: {{ generated_at }}
                                                   \par } Simulation: {{ sim...
l.105 \coverpage
                
I've deleted a group-closing symbol because it seems to be
spurious, as in `$x}$'. But perhaps the } is legitimate and
you forgot something else, as in `\hbox{$x}'. In such cases
the way to recover is to insert both the forgotten and the
deleted material, e.g., by typing `I$}'.

/home/prasdud/playground/raptor/src/c2/jinja_templates/report_template.tex:105: Missing $ inserted.
<inserted text> 
                $
l.105 \coverpage
                
I've inserted a begin-math/end-math symbol since I think
you left one out. Proceed, with fingers crossed.

/home/prasdud/playground/raptor/src/c2/jinja_templates/report_template.tex:105: Missing $ inserted.
<inserted text> 
                $
l.105 \coverpage
                
I've inserted a begin-math/end-math symbol since I think
you left one out. Proceed, with fingers crossed.

/home/prasdud/playground/raptor/src/c2/jinja_templates/report_template.tex:105: Extra }, or forgotten $.
\coverpage ...}} \par } Simulation: {{ sim_start }
                                                  } $\rightarrow $ {{ sim_en...
l.105 \coverpage
                
I've deleted a group-closing symbol because it seems to be
spurious, as in `$x}$'. But perhaps the } is legitimate and
you forgot something else, as in `\hbox{$x}'. In such cases
the way to recover is to insert both the forgotten and the
deleted material, e.g., by typing `I$}'.

/home/prasdud/playground/raptor/src/c2/jinja_templates/report_template.tex:105: Extra }, or forgotten $.
\coverpage ...} \par } Simulation: {{ sim_start }}
                                                   $\rightarrow $ {{ sim_end...
l.105 \coverpage
                
I've deleted a group-closing symbol because it seems to be
spurious, as in `$x}$'. But perhaps the } is legitimate and
you forgot something else, as in `\hbox{$x}'. In such cases
the way to recover is to insert both the forgotten and the
deleted material, e.g., by typing `I$}'.

/home/prasdud/playground/raptor/src/c2/jinja_templates/report_template.tex:105: Missing $ inserted.
<inserted text> 
                $
l.105 \coverpage
                
I've inserted a begin-math/end-math symbol since I think
you left one out. Proceed, with fingers crossed.

/home/prasdud/playground/raptor/src/c2/jinja_templates/report_template.tex:105: Missing $ inserted.
<inserted text> 
                $
l.105 \coverpage
                
I've inserted a begin-math/end-math symbol since I think
you left one out. Proceed, with fingers crossed.

/home/prasdud/playground/raptor/src/c2/jinja_templates/report_template.tex:105: Extra }, or forgotten $.
\coverpage ...start }} $\rightarrow $ {{ sim_end }
                                                  } \par Version: Red Team A...
l.105 \coverpage
                
I've deleted a group-closing symbol because it seems to be
spurious, as in `$x}$'. But perhaps the } is legitimate and
you forgot something else, as in `\hbox{$x}'. In such cases
the way to recover is to insert both the forgotten and the
deleted material, e.g., by typing `I$}'.

/home/prasdud/playground/raptor/src/c2/jinja_templates/report_template.tex:105: Extra }, or forgotten $.
\coverpage ...tart }} $\rightarrow $ {{ sim_end }}
                                                   \par Version: Red Team AI...
l.105 \coverpage
                
I've deleted a group-closing symbol because it seems to be
spurious, as in `$x}$'. But perhaps the } is legitimate and
you forgot something else, as in `\hbox{$x}'. In such cases
the way to recover is to insert both the forgotten and the
deleted material, e.g., by typing `I$}'.

/home/prasdud/playground/raptor/src/c2/jinja_templates/report_template.tex:105: Missing $ inserted.
<inserted text> 
                $
l.105 \coverpage
                
I've inserted a begin-math/end-math symbol since I think
you left one out. Proceed, with fingers crossed.

[1

{/var/lib/texmf/fonts/map/pdftex/updmap/pdftex.map}]
/home/prasdud/playground/raptor/src/c2/jinja_templates/report_template.tex:105: Missing } inserted.
<inserted text> 
                }
l.105 \coverpage
                
I've inserted something that you may have forgotten.
(See the <inserted text> above.)
With luck, this will get me unwedged. But if you
really didn't forget anything, try typing `2' now; then
my insertion and my current dilemma will both disappear.

/home/prasdud/playground/raptor/src/c2/jinja_templates/report_template.tex:105: Missing } inserted.
<inserted text> 
                }
l.105 \coverpage
                
I've inserted something that you may have forgotten.
(See the <inserted text> above.)
With luck, this will get me unwedged. But if you
really didn't forget anything, try typing `2' now; then
my insertion and my current dilemma will both disappear.

/home/prasdud/playground/raptor/src/c2/jinja_templates/report_template.tex:105: Missing } inserted.
<inserted text> 
                }
l.105 \coverpage
                
I've inserted something that you may have forgotten.
(See the <inserted text> above.)
With luck, this will get me unwedged. But if you
really didn't forget anything, try typing `2' now; then
my insertion and my current dilemma will both disappear.

/home/prasdud/playground/raptor/src/c2/jinja_templates/report_template.tex:105: Missing } inserted.
<inserted text> 
                }
l.105 \coverpage
                
I've inserted something that you may have forgotten.
(See the <inserted text> above.)
With luck, this will get me unwedged. But if you
really didn't forget anything, try typing `2' now; then
my insertion and my current dilemma will both disappear.

/home/prasdud/playground/raptor/src/c2/jinja_templates/report_template.tex:105: Missing } inserted.
<inserted text> 
                }
l.105 \coverpage
                
I've inserted something that you may have forgotten.
(See the <inserted text> above.)
With luck, this will get me unwedged. But if you
really didn't forget anything, try typing `2' now; then
my insertion and my current dilemma will both disappear.

/home/prasdud/playground/raptor/src/c2/jinja_templates/report_template.tex:105: Missing } inserted.
<inserted text> 
                }
l.105 \coverpage
                
I've inserted something that you may have forgotten.
(See the <inserted text> above.)
With luck, this will get me unwedged. But if you
really didn't forget anything, try typing `2' now; then
my insertion and my current dilemma will both disappear.

/home/prasdud/playground/raptor/src/c2/jinja_templates/report_template.tex:105: Missing } inserted.
<inserted text> 
                }
l.105 \coverpage
                
I've inserted something that you may have forgotten.
(See the <inserted text> above.)
With luck, this will get me unwedged. But if you
really didn't forget anything, try typing `2' now; then
my insertion and my current dilemma will both disappear.

/home/prasdud/playground/raptor/src/c2/jinja_templates/report_template.tex:105: Missing } inserted.
<inserted text> 
                }
l.105 \coverpage
                
I've inserted something that you may have forgotten.
(See the <inserted text> above.)
With luck, this will get me unwedged. But if you
really didn't forget anything, try typing `2' now; then
my insertion and my current dilemma will both disappear.


Underfull \hbox (badness 10000) in paragraph at lines 108--108

 []

pdfTeX warning (ext4): destination with the same identifier (name{page.1}) has been already used, duplicate ignored
<to be read again> 
                   \relax 
l.108 \licensepage
                   [1]
Underfull \hbox (badness 10000) in paragraph at lines 118--119

 []

/home/prasdud/playground/raptor/src/c2/jinja_templates/report_template.tex:127: Missing } inserted.
<inserted text> 
                }
l.127     \end{itemize}
                       
I've inserted something that you may have forgotten.
(See the <inserted text> above.)
With luck, this will get me unwedged. But if you
really didn't forget anything, try typing `2' now; then
my insertion and my current dilemma will both disappear.

/home/prasdud/playground/raptor/src/c2/jinja_templates/report_template.tex:127: Missing } inserted.
<inserted text> 
                }
l.127     \end{itemize}
                       
I've inserted something that you may have forgotten.
(See the <inserted text> above.)
With luck, this will get me unwedged. But if you
really didn't forget anything, try typing `2' now; then
my insertion and my current dilemma will both disappear.

/home/prasdud/playground/raptor/src/c2/jinja_templates/report_template.tex:127: Missing } inserted.
<inserted text> 
                }
l.127     \end{itemize}
                       
I've inserted something that you may have forgotten.
(See the <inserted text> above.)
With luck, this will get me unwedged. But if you
really didn't forget anything, try typing `2' now; then
my insertion and my current dilemma will both disappear.

/home/prasdud/playground/raptor/src/c2/jinja_templates/report_template.tex:136: Missing } inserted.
<inserted text> 
                }
l.136     \end{itemize}
                       
I've inserted something that you may have forgotten.
(See the <inserted text> above.)
With luck, this will get me unwedged. But if you
really didn't forget anything, try typing `2' now; then
my insertion and my current dilemma will both disappear.

/home/prasdud/playground/raptor/src/c2/jinja_templates/report_template.tex:136: Missing } inserted.
<inserted text> 
                }
l.136     \end{itemize}
                       
I've inserted something that you may have forgotten.
(See the <inserted text> above.)
With luck, this will get me unwedged. But if you
really didn't forget anything, try typing `2' now; then
my insertion and my current dilemma will both disappear.

/home/prasdud/playground/raptor/src/c2/jinja_templates/report_template.tex:136: Missing } inserted.
<inserted text> 
                }
l.136     \end{itemize}
                       
I've inserted something that you may have forgotten.
(See the <inserted text> above.)
With luck, this will get me unwedged. But if you
really didn't forget anything, try typing `2' now; then
my insertion and my current dilemma will both disappear.

/home/prasdud/playground/raptor/src/c2/jinja_templates/report_template.tex:138: Missing $ inserted.
<inserted text> 
                $
l.138 ...m \textbf{Evasion Success Rate:} {{ exec_
                                                  summary.evasion_success | ...
I've inserted a begin-math/end-math symbol since I think
you left one out. Proceed, with fingers crossed.

LaTeX Font Info:    External font `cmex10' loaded for size
(Font)              <8> on input line 138.
LaTeX Font Info:    External font `cmex10' loaded for size
(Font)              <6> on input line 138.
/home/prasdud/playground/raptor/src/c2/jinja_templates/report_template.tex:138: Extra }, or forgotten $.
l.138 ...ec_summary.evasion_success | default(0) }
                                                  }\%
I've deleted a group-closing symbol because it seems to be
spurious, as in `$x}$'. But perhaps the } is legitimate and
you forgot something else, as in `\hbox{$x}'. In such cases
the way to recover is to insert both the forgotten and the
deleted material, e.g., by typing `I$}'.

/home/prasdud/playground/raptor/src/c2/jinja_templates/report_template.tex:138: Extra }, or forgotten $.
l.138 ...c_summary.evasion_success | default(0) }}
                                                  \%
I've deleted a group-closing symbol because it seems to be
spurious, as in `$x}$'. But perhaps the } is legitimate and
you forgot something else, as in `\hbox{$x}'. In such cases
the way to recover is to insert both the forgotten and the
deleted material, e.g., by typing `I$}'.

/home/prasdud/playground/raptor/src/c2/jinja_templates/report_template.tex:139: Missing $ inserted.
<inserted text> 
                $
l.139 
      
I've inserted a begin-math/end-math symbol since I think
you left one out. Proceed, with fingers crossed.

/home/prasdud/playground/raptor/src/c2/jinja_templates/report_template.tex:139: Missing } inserted.
<inserted text> 
                }
l.139 
      
I've inserted something that you may have forgotten.
(See the <inserted text> above.)
With luck, this will get me unwedged. But if you
really didn't forget anything, try typing `2' now; then
my insertion and my current dilemma will both disappear.

/home/prasdud/playground/raptor/src/c2/jinja_templates/report_template.tex:147: Missing } inserted.
<inserted text> 
                }
l.147     \end{itemize}
                       
I've inserted something that you may have forgotten.
(See the <inserted text> above.)
With luck, this will get me unwedged. But if you
really didn't forget anything, try typing `2' now; then
my insertion and my current dilemma will both disappear.

/home/prasdud/playground/raptor/src/c2/jinja_templates/report_template.tex:147: Missing } inserted.
<inserted text> 
                }
l.147     \end{itemize}
                       
I've inserted something that you may have forgotten.
(See the <inserted text> above.)
With luck, this will get me unwedged. But if you
really didn't forget anything, try typing `2' now; then
my insertion and my current dilemma will both disappear.

/home/prasdud/playground/raptor/src/c2/jinja_templates/report_template.tex:147: Missing } inserted.
<inserted text> 
                }
l.147     \end{itemize}
                       
I've inserted something that you may have forgotten.
(See the <inserted text> above.)
With luck, this will get me unwedged. But if you
really didn't forget anything, try typing `2' now; then
my insertion and my current dilemma will both disappear.

/home/prasdud/playground/raptor/src/c2/jinja_templates/report_template.tex:149: Missing $ inserted.
<inserted text> 
                $
l.149 ...textbf{Overall Risk Assessment:} {{ exec_
                                                  summary.overall_risk | def...
I've inserted a begin-math/end-math symbol since I think
you left one out. Proceed, with fingers crossed.

/home/prasdud/playground/raptor/src/c2/jinja_templates/report_template.tex:149: Extra }, or forgotten $.
l.149 ...c_summary.overall_risk | default("Low") }
                                                  }
I've deleted a group-closing symbol because it seems to be
spurious, as in `$x}$'. But perhaps the } is legitimate and
you forgot something else, as in `\hbox{$x}'. In such cases
the way to recover is to insert both the forgotten and the
deleted material, e.g., by typing `I$}'.

/home/prasdud/playground/raptor/src/c2/jinja_templates/report_template.tex:149: Extra }, or forgotten $.
l.149 ..._summary.overall_risk | default("Low") }}
                                                  
I've deleted a group-closing symbol because it seems to be
spurious, as in `$x}$'. But perhaps the } is legitimate and
you forgot something else, as in `\hbox{$x}'. In such cases
the way to recover is to insert both the forgotten and the
deleted material, e.g., by typing `I$}'.


/home/prasdud/playground/raptor/src/c2/jinja_templates/report_template.tex:150: LaTeX Error: Command \end{itemize} invalid in math mode.

See the LaTeX manual or LaTeX Companion for explanation.
Type  H <return>  for immediate help.
 ...                                              
                                                  
l.150 \end{itemize}
                   
Try typing  <return>  to proceed.
If that doesn't work, type  X <return>  to quit.


/home/prasdud/playground/raptor/src/c2/jinja_templates/report_template.tex:150: LaTeX Error: Something's wrong--perhaps a missing \item.

See the LaTeX manual or LaTeX Companion for explanation.
Type  H <return>  for immediate help.
 ...                                              
                                                  
l.150 \end{itemize}
                   
Try typing  <return>  to proceed.
If that doesn't work, type  X <return>  to quit.


/home/prasdud/playground/raptor/src/c2/jinja_templates/report_template.tex:150: LaTeX Error: Something's wrong--perhaps a missing \item.

See the LaTeX manual or LaTeX Companion for explanation.
Type  H <return>  for immediate help.
 ...                                              
                                                  
l.150 \end{itemize}
                   
Try typing  <return>  to proceed.
If that doesn't work, type  X <return>  to quit.

/home/prasdud/playground/raptor/src/c2/jinja_templates/report_template.tex:150: Missing $ inserted.
<inserted text> 
                $
l.150 \end{itemize}
                   
I've inserted something that you may have forgotten.
(See the <inserted text> above.)
With luck, this will get me unwedged. But if you
really didn't forget anything, try typing `2' now; then
my insertion and my current dilemma will both disappear.

/home/prasdud/playground/raptor/src/c2/jinja_templates/report_template.tex:150: Missing } inserted.
<inserted text> 
                }
l.150 \end{itemize}
                   
I've inserted something that you may have forgotten.
(See the <inserted text> above.)
With luck, this will get me unwedged. But if you
really didn't forget anything, try typing `2' now; then
my insertion and my current dilemma will both disappear.

/home/prasdud/playground/raptor/src/c2/jinja_templates/report_template.tex:150: Missing } inserted.
<inserted text> 
                }
l.150 \end{itemize}
                   
I've inserted something that you may have forgotten.
(See the <inserted text> above.)
With luck, this will get me unwedged. But if you
really didn't forget anything, try typing `2' now; then
my insertion and my current dilemma will both disappear.

/home/prasdud/playground/raptor/src/c2/jinja_templates/report_template.tex:150: Missing } inserted.
<inserted text> 
                }
l.150 \end{itemize}
                   
I've inserted something that you may have forgotten.
(See the <inserted text> above.)
With luck, this will get me unwedged. But if you
really didn't forget anything, try typing `2' now; then
my insertion and my current dilemma will both disappear.


Underfull \hbox (badness 10000) in paragraph at lines 153--154

 []

/home/prasdud/playground/raptor/src/c2/jinja_templates/report_template.tex:155: Missing $ inserted.
<inserted text> 
                $
l.155     \item \textbf{Evasion AI:} {{ exec_
                                             summary.evasion_ai | default(0)...
I've inserted a begin-math/end-math symbol since I think
you left one out. Proceed, with fingers crossed.

/home/prasdud/playground/raptor/src/c2/jinja_templates/report_template.tex:155: Extra }, or forgotten $.
l.155 ...{{ exec_summary.evasion_ai | default(0) }
                                                  }\% — Successfully evade...
I've deleted a group-closing symbol because it seems to be
spurious, as in `$x}$'. But perhaps the } is legitimate and
you forgot something else, as in `\hbox{$x}'. In such cases
the way to recover is to insert both the forgotten and the
deleted material, e.g., by typing `I$}'.

/home/prasdud/playground/raptor/src/c2/jinja_templates/report_template.tex:155: Extra }, or forgotten $.
l.155 ...{ exec_summary.evasion_ai | default(0) }}
                                                  \% — Successfully evaded...
I've deleted a group-closing symbol because it seems to be
spurious, as in `$x}$'. But perhaps the } is legitimate and
you forgot something else, as in `\hbox{$x}'. In such cases
the way to recover is to insert both the forgotten and the
deleted material, e.g., by typing `I$}'.


LaTeX Warning: Command \textemdash invalid in math mode on input line 155.


/home/prasdud/playground/raptor/src/c2/jinja_templates/report_template.tex:156: LaTeX Error: Command \item invalid in math mode.

See the LaTeX manual or LaTeX Companion for explanation.
Type  H <return>  for immediate help.
 ...                                              
                                                  
l.156     \item
                \textbf{Recon Prioritisation AI:} {{ exec_summary.recon_ai |...
Try typing  <return>  to proceed.
If that doesn't work, type  X <return>  to quit.


/home/prasdud/playground/raptor/src/c2/jinja_templates/report_template.tex:156: LaTeX Error: Something's wrong--perhaps a missing \item.

See the LaTeX manual or LaTeX Companion for explanation.
Type  H <return>  for immediate help.
 ...                                              
                                                  
l.156     \item \textbf
                       {Recon Prioritisation AI:} {{ exec_summary.recon_ai |...
Try typing  <return>  to proceed.
If that doesn't work, type  X <return>  to quit.


/home/prasdud/playground/raptor/src/c2/jinja_templates/report_template.tex:156: LaTeX Error: Something's wrong--perhaps a missing \item.

See the LaTeX manual or LaTeX Companion for explanation.
Type  H <return>  for immediate help.
 ...                                              
                                                  
l.156     \item \textbf
                       {Recon Prioritisation AI:} {{ exec_summary.recon_ai |...
Try typing  <return>  to proceed.
If that doesn't work, type  X <return>  to quit.


LaTeX Warning: Command \textemdash invalid in math mode on input line 156.


/home/prasdud/playground/raptor/src/c2/jinja_templates/report_template.tex:157: LaTeX Error: Command \item invalid in math mode.

See the LaTeX manual or LaTeX Companion for explanation.
Type  H <return>  for immediate help.
 ...                                              
                                                  
l.157     \item
                \textbf{Attack Decision AI:} {{ exec_summary.attack_ai | def...
Try typing  <return>  to proceed.
If that doesn't work, type  X <return>  to quit.

/home/prasdud/playground/raptor/src/c2/jinja_templates/report_template.tex:157: Missing $ inserted.
<inserted text> 
                $
l.157     \item \textbf
                       {Attack Decision AI:} {{ exec_summary.attack_ai | def...
I've inserted a begin-math/end-math symbol since I think
you left one out. Proceed, with fingers crossed.

/home/prasdud/playground/raptor/src/c2/jinja_templates/report_template.tex:157: Missing } inserted.
<inserted text> 
                }
l.157     \item \textbf
                       {Attack Decision AI:} {{ exec_summary.attack_ai | def...
I've inserted something that you may have forgotten.
(See the <inserted text> above.)
With luck, this will get me unwedged. But if you
really didn't forget anything, try typing `2' now; then
my insertion and my current dilemma will both disappear.


Overfull \hbox (1018.03963pt too wide) in paragraph at lines 155--157
[]\OT1/cmr/bx/n/12 Evasion AI:  \OT1/cmr/m/n/12 exec$[]\OML/cmm/m/it/12 ummary:evasion[]i\OMS/cmsy/m/n/12 j\OML/cmm/m/it/12 default\OT1/cmr/m/n/12 (0)%\OMS/cmsy/m/n/12 j\OML/cmm/m/it/12 Successfullyevadeddetectionfor[]\OT1/cmr/m/n/12 %\OML/cmm/m/it/12 ofactions:[][]\OT1/cmr/m/n/12 %\OMS/cmsy/m/n/12 j\OML/cmm/m/it/12 Correctlyprioritized[]\OT1/cmr/m/n/12 %\OML/cmm/m/it/12 ofreconnaissancefindings:[][]$ 
 []

/home/prasdud/playground/raptor/src/c2/jinja_templates/report_template.tex:157: Missing $ inserted.
<inserted text> 
                $
l.157 ...tem \textbf{Attack Decision AI:} {{ exec_
                                                  summary.attack_ai | defaul...
I've inserted a begin-math/end-math symbol since I think
you left one out. Proceed, with fingers crossed.

/home/prasdud/playground/raptor/src/c2/jinja_templates/report_template.tex:157: Extra }, or forgotten $.
l.157 ... {{ exec_summary.attack_ai | default(0) }
                                                  }\% — Selected optimal a...
I've deleted a group-closing symbol because it seems to be
spurious, as in `$x}$'. But perhaps the } is legitimate and
you forgot something else, as in `\hbox{$x}'. In such cases
the way to recover is to insert both the forgotten and the
deleted material, e.g., by typing `I$}'.

/home/prasdud/playground/raptor/src/c2/jinja_templates/report_template.tex:157: Extra }, or forgotten $.
l.157 ...{{ exec_summary.attack_ai | default(0) }}
                                                  \% — Selected optimal at...
I've deleted a group-closing symbol because it seems to be
spurious, as in `$x}$'. But perhaps the } is legitimate and
you forgot something else, as in `\hbox{$x}'. In such cases
the way to recover is to insert both the forgotten and the
deleted material, e.g., by typing `I$}'.


LaTeX Warning: Command \textemdash invalid in math mode on input line 157.


/home/prasdud/playground/raptor/src/c2/jinja_templates/report_template.tex:158: LaTeX Error: Command \end{itemize} invalid in math mode.

See the LaTeX manual or LaTeX Companion for explanation.
Type  H <return>  for immediate help.
 ...                                              
                                                  
l.158 \end{itemize}
                   
Try typing  <return>  to proceed.
If that doesn't work, type  X <return>  to quit.


/home/prasdud/playground/raptor/src/c2/jinja_templates/report_template.tex:158: LaTeX Error: Something's wrong--perhaps a missing \item.

See the LaTeX manual or LaTeX Companion for explanation.
Type  H <return>  for immediate help.
 ...                                              
                                                  
l.158 \end{itemize}
                   
Try typing  <return>  to proceed.
If that doesn't work, type  X <return>  to quit.


/home/prasdud/playground/raptor/src/c2/jinja_templates/report_template.tex:158: LaTeX Error: Something's wrong--perhaps a missing \item.

See the LaTeX manual or LaTeX Companion for explanation.
Type  H <return>  for immediate help.
 ...                                              
                                                  
l.158 \end{itemize}
                   
Try typing  <return>  to proceed.
If that doesn't work, type  X <return>  to quit.

/home/prasdud/playground/raptor/src/c2/jinja_templates/report_template.tex:158: Missing $ inserted.
<inserted text> 
                $
l.158 \end{itemize}
                   
I've inserted something that you may have forgotten.
(See the <inserted text> above.)
With luck, this will get me unwedged. But if you
really didn't forget anything, try typing `2' now; then
my insertion and my current dilemma will both disappear.

/home/prasdud/playground/raptor/src/c2/jinja_templates/report_template.tex:158: Missing } inserted.
<inserted text> 
                }
l.158 \end{itemize}
                   
I've inserted something that you may have forgotten.
(See the <inserted text> above.)
With luck, this will get me unwedged. But if you
really didn't forget anything, try typing `2' now; then
my insertion and my current dilemma will both disappear.

/home/prasdud/playground/raptor/src/c2/jinja_templates/report_template.tex:158: Missing } inserted.
<inserted text> 
                }
l.158 \end{itemize}
                   
I've inserted something that you may have forgotten.
(See the <inserted text> above.)
With luck, this will get me unwedged. But if you
really didn't forget anything, try typing `2' now; then
my insertion and my current dilemma will both disappear.

/home/prasdud/playground/raptor/src/c2/jinja_templates/report_template.tex:158: Missing } inserted.
<inserted text> 
                }
l.158 \end{itemize}
                   
I've inserted something that you may have forgotten.
(See the <inserted text> above.)
With luck, this will get me unwedged. But if you
really didn't forget anything, try typing `2' now; then
my insertion and my current dilemma will both disappear.


Overfull \hbox (247.23314pt too wide) in paragraph at lines 157--159
[]\OT1/cmr/bx/n/12 Attack De-ci-sion AI:  \OT1/cmr/m/n/12 exec$[]\OML/cmm/m/it/12 ummary:attack[]i\OMS/cmsy/m/n/12 j\OML/cmm/m/it/12 default\OT1/cmr/m/n/12 (0)%\OMS/cmsy/m/n/12 j\OML/cmm/m/it/12 Selectedoptimalattackactions[]\OT1/cmr/m/n/12 %\OML/cmm/m/it/12 ofthetime:$ 
 []

[2]
Underfull \hbox (badness 10000) in paragraph at lines 167--170

 []


Underfull \hbox (badness 10000) in paragraph at lines 172--176

 []

/home/prasdud/playground/raptor/src/c2/jinja_templates/report_template.tex:177: Misplaced alignment tab character &.
<argument> Phase 2 — C2 Simulation &
                                       Dummy Actions (Controlled Emulation)
l.177 ...n & Dummy Actions (Controlled Emulation)}
                                                   \\
I can't figure out why you would want to use a tab mark
here. If you just want an ampersand, the remedy is
simple: Just type `I\&' now. But if some right brace
up above has ended a previous alignment prematurely,
you're probably due for more error messages, and you
might try typing `S' now just to see what is salvageable.


Underfull \hbox (badness 10000) in paragraph at lines 177--180

 []

[3] [4] [5]
/home/prasdud/playground/raptor/src/c2/jinja_templates/report_template.tex:232: Missing $ inserted.
<inserted text> 
                $
l.232     \item Operating System: {{ recon_
                                           data.os_name }} {{ recon_data.os_...
I've inserted a begin-math/end-math symbol since I think
you left one out. Proceed, with fingers crossed.

/home/prasdud/playground/raptor/src/c2/jinja_templates/report_template.tex:232: Extra }, or forgotten $.
l.232 ...Operating System: {{ recon_data.os_name }
                                                  } {{ recon_data.os_version }}
I've deleted a group-closing symbol because it seems to be
spurious, as in `$x}$'. But perhaps the } is legitimate and
you forgot something else, as in `\hbox{$x}'. In such cases
the way to recover is to insert both the forgotten and the
deleted material, e.g., by typing `I$}'.

/home/prasdud/playground/raptor/src/c2/jinja_templates/report_template.tex:232: Extra }, or forgotten $.
l.232 ...perating System: {{ recon_data.os_name }}
                                                   {{ recon_data.os_version }}
I've deleted a group-closing symbol because it seems to be
spurious, as in `$x}$'. But perhaps the } is legitimate and
you forgot something else, as in `\hbox{$x}'. In such cases
the way to recover is to insert both the forgotten and the
deleted material, e.g., by typing `I$}'.


/home/prasdud/playground/raptor/src/c2/jinja_templates/report_template.tex:233: LaTeX Error: Command \item invalid in math mode.

See the LaTeX manual or LaTeX Companion for explanation.
Type  H <return>  for immediate help.
 ...                                              
                                                  
l.233     \item
                Architecture: {{ recon_data.architecture }}
Try typing  <return>  to proceed.
If that doesn't work, type  X <return>  to quit.


/home/prasdud/playground/raptor/src/c2/jinja_templates/report_template.tex:233: LaTeX Error: Something's wrong--perhaps a missing \item.

See the LaTeX manual or LaTeX Companion for explanation.
Type  H <return>  for immediate help.
 ...                                              
                                                  
l.233     \item A
                 rchitecture: {{ recon_data.architecture }}
Try typing  <return>  to proceed.
If that doesn't work, type  X <return>  to quit.


/home/prasdud/playground/raptor/src/c2/jinja_templates/report_template.tex:233: LaTeX Error: Something's wrong--perhaps a missing \item.

See the LaTeX manual or LaTeX Companion for explanation.
Type  H <return>  for immediate help.
 ...                                              
                                                  
l.233     \item A
                 rchitecture: {{ recon_data.architecture }}
Try typing  <return>  to proceed.
If that doesn't work, type  X <return>  to quit.


/home/prasdud/playground/raptor/src/c2/jinja_templates/report_template.tex:234: LaTeX Error: Command \item invalid in math mode.

See the LaTeX manual or LaTeX Companion for explanation.
Type  H <return>  for immediate help.
 ...                                              
                                                  
l.234     \item
                Patch Level / Updates: {% for patch in recon_data.patches %}...
Try typing  <return>  to proceed.
If that doesn't work, type  X <return>  to quit.

/home/prasdud/playground/raptor/src/c2/jinja_templates/report_template.tex:234: Missing $ inserted.
<inserted text> 
                $
l.234     \item P
                 atch Level / Updates: {% for patch in recon_data.patches %}...
I've inserted a begin-math/end-math symbol since I think
you left one out. Proceed, with fingers crossed.

/home/prasdud/playground/raptor/src/c2/jinja_templates/report_template.tex:234: Missing } inserted.
<inserted text> 
                }
l.234     \item P
                 atch Level / Updates: {% for patch in recon_data.patches %}...
I've inserted something that you may have forgotten.
(See the <inserted text> above.)
With luck, this will get me unwedged. But if you
really didn't forget anything, try typing `2' now; then
my insertion and my current dilemma will both disappear.


Overfull \hbox (68.80998pt too wide) in paragraph at lines 232--234
[]\OT1/cmr/m/n/12 Operating Sys-tem:  recon$[]\OML/cmm/m/it/12 ata:os[]ame[]Architecture \OT1/cmr/m/n/12 : [][][]$ 
 []

/home/prasdud/playground/raptor/src/c2/jinja_templates/report_template.tex:242: Missing } inserted.
<inserted text> 
                }
l.242     \end{itemize}
                       
I've inserted something that you may have forgotten.
(See the <inserted text> above.)
With luck, this will get me unwedged. But if you
really didn't forget anything, try typing `2' now; then
my insertion and my current dilemma will both disappear.

/home/prasdud/playground/raptor/src/c2/jinja_templates/report_template.tex:242: Missing } inserted.
<inserted text> 
                }
l.242     \end{itemize}
                       
I've inserted something that you may have forgotten.
(See the <inserted text> above.)
With luck, this will get me unwedged. But if you
really didn't forget anything, try typing `2' now; then
my insertion and my current dilemma will both disappear.

/home/prasdud/playground/raptor/src/c2/jinja_templates/report_template.tex:242: Missing } inserted.
<inserted text> 
                }
l.242     \end{itemize}
                       
I've inserted something that you may have forgotten.
(See the <inserted text> above.)
With luck, this will get me unwedged. But if you
really didn't forget anything, try typing `2' now; then
my insertion and my current dilemma will both disappear.

/home/prasdud/playground/raptor/src/c2/jinja_templates/report_template.tex:243: Missing } inserted.
<inserted text> 
                }
l.243 \end{itemize}
                   
I've inserted something that you may have forgotten.
(See the <inserted text> above.)
With luck, this will get me unwedged. But if you
really didn't forget anything, try typing `2' now; then
my insertion and my current dilemma will both disappear.

/home/prasdud/playground/raptor/src/c2/jinja_templates/report_template.tex:243: Missing } inserted.
<inserted text> 
                }
l.243 \end{itemize}
                   
I've inserted something that you may have forgotten.
(See the <inserted text> above.)
With luck, this will get me unwedged. But if you
really didn't forget anything, try typing `2' now; then
my insertion and my current dilemma will both disappear.

/home/prasdud/playground/raptor/src/c2/jinja_templates/report_template.tex:254: Missing } inserted.
<inserted text> 
                }
l.254     \end{itemize}
                       
I've inserted something that you may have forgotten.
(See the <inserted text> above.)
With luck, this will get me unwedged. But if you
really didn't forget anything, try typing `2' now; then
my insertion and my current dilemma will both disappear.

/home/prasdud/playground/raptor/src/c2/jinja_templates/report_template.tex:254: Missing } inserted.
<inserted text> 
                }
l.254     \end{itemize}
                       
I've inserted something that you may have forgotten.
(See the <inserted text> above.)
With luck, this will get me unwedged. But if you
really didn't forget anything, try typing `2' now; then
my insertion and my current dilemma will both disappear.

/home/prasdud/playground/raptor/src/c2/jinja_templates/report_template.tex:254: Missing } inserted.
<inserted text> 
                }
l.254     \end{itemize}
                       
I've inserted something that you may have forgotten.
(See the <inserted text> above.)
With luck, this will get me unwedged. But if you
really didn't forget anything, try typing `2' now; then
my insertion and my current dilemma will both disappear.

/home/prasdud/playground/raptor/src/c2/jinja_templates/report_template.tex:262: Missing } inserted.
<inserted text> 
                }
l.262     \end{itemize}
                       
I've inserted something that you may have forgotten.
(See the <inserted text> above.)
With luck, this will get me unwedged. But if you
really didn't forget anything, try typing `2' now; then
my insertion and my current dilemma will both disappear.

/home/prasdud/playground/raptor/src/c2/jinja_templates/report_template.tex:262: Missing } inserted.
<inserted text> 
                }
l.262     \end{itemize}
                       
I've inserted something that you may have forgotten.
(See the <inserted text> above.)
With luck, this will get me unwedged. But if you
really didn't forget anything, try typing `2' now; then
my insertion and my current dilemma will both disappear.

/home/prasdud/playground/raptor/src/c2/jinja_templates/report_template.tex:262: Missing } inserted.
<inserted text> 
                }
l.262     \end{itemize}
                       
I've inserted something that you may have forgotten.
(See the <inserted text> above.)
With luck, this will get me unwedged. But if you
really didn't forget anything, try typing `2' now; then
my insertion and my current dilemma will both disappear.

/home/prasdud/playground/raptor/src/c2/jinja_templates/report_template.tex:263: Missing $ inserted.
<inserted text> 
                $
l.263 ...m Default Credentials Detected: {{ recon_
                                                  data.default_creds | defau...
I've inserted a begin-math/end-math symbol since I think
you left one out. Proceed, with fingers crossed.

/home/prasdud/playground/raptor/src/c2/jinja_templates/report_template.tex:263: Extra }, or forgotten $.
l.263 ...on_data.default_creds | default("None") }
                                                  }
I've deleted a group-closing symbol because it seems to be
spurious, as in `$x}$'. But perhaps the } is legitimate and
you forgot something else, as in `\hbox{$x}'. In such cases
the way to recover is to insert both the forgotten and the
deleted material, e.g., by typing `I$}'.

/home/prasdud/playground/raptor/src/c2/jinja_templates/report_template.tex:263: Extra }, or forgotten $.
l.263 ...n_data.default_creds | default("None") }}
                                                  
I've deleted a group-closing symbol because it seems to be
spurious, as in `$x}$'. But perhaps the } is legitimate and
you forgot something else, as in `\hbox{$x}'. In such cases
the way to recover is to insert both the forgotten and the
deleted material, e.g., by typing `I$}'.


/home/prasdud/playground/raptor/src/c2/jinja_templates/report_template.tex:264: LaTeX Error: Command \end{itemize} invalid in math mode.

See the LaTeX manual or LaTeX Companion for explanation.
Type  H <return>  for immediate help.
 ...                                              
                                                  
l.264 \end{itemize}
                   
Try typing  <return>  to proceed.
If that doesn't work, type  X <return>  to quit.


/home/prasdud/playground/raptor/src/c2/jinja_templates/report_template.tex:264: LaTeX Error: Something's wrong--perhaps a missing \item.

See the LaTeX manual or LaTeX Companion for explanation.
Type  H <return>  for immediate help.
 ...                                              
                                                  
l.264 \end{itemize}
                   
Try typing  <return>  to proceed.
If that doesn't work, type  X <return>  to quit.


/home/prasdud/playground/raptor/src/c2/jinja_templates/report_template.tex:264: LaTeX Error: Something's wrong--perhaps a missing \item.

See the LaTeX manual or LaTeX Companion for explanation.
Type  H <return>  for immediate help.
 ...                                              
                                                  
l.264 \end{itemize}
                   
Try typing  <return>  to proceed.
If that doesn't work, type  X <return>  to quit.

/home/prasdud/playground/raptor/src/c2/jinja_templates/report_template.tex:264: Missing $ inserted.
<inserted text> 
                $
l.264 \end{itemize}
                   
I've inserted something that you may have forgotten.
(See the <inserted text> above.)
With luck, this will get me unwedged. But if you
really didn't forget anything, try typing `2' now; then
my insertion and my current dilemma will both disappear.

/home/prasdud/playground/raptor/src/c2/jinja_templates/report_template.tex:264: Missing } inserted.
<inserted text> 
                }
l.264 \end{itemize}
                   
I've inserted something that you may have forgotten.
(See the <inserted text> above.)
With luck, this will get me unwedged. But if you
really didn't forget anything, try typing `2' now; then
my insertion and my current dilemma will both disappear.

/home/prasdud/playground/raptor/src/c2/jinja_templates/report_template.tex:264: Missing } inserted.
<inserted text> 
                }
l.264 \end{itemize}
                   
I've inserted something that you may have forgotten.
(See the <inserted text> above.)
With luck, this will get me unwedged. But if you
really didn't forget anything, try typing `2' now; then
my insertion and my current dilemma will both disappear.

/home/prasdud/playground/raptor/src/c2/jinja_templates/report_template.tex:271: Missing $ inserted.
<inserted text> 
                $
l.271 ... VPN / DMZ / Segmentation Info: {{ recon_
                                                  data.vpn_dmz | default("N/...
I've inserted a begin-math/end-math symbol since I think
you left one out. Proceed, with fingers crossed.

/home/prasdud/playground/raptor/src/c2/jinja_templates/report_template.tex:271: Extra }, or forgotten $.
l.271 ... {{ recon_data.vpn_dmz | default("N/A") }
                                                  }
I've deleted a group-closing symbol because it seems to be
spurious, as in `$x}$'. But perhaps the } is legitimate and
you forgot something else, as in `\hbox{$x}'. In such cases
the way to recover is to insert both the forgotten and the
deleted material, e.g., by typing `I$}'.

/home/prasdud/playground/raptor/src/c2/jinja_templates/report_template.tex:271: Extra }, or forgotten $.
l.271 ...{{ recon_data.vpn_dmz | default("N/A") }}
                                                  
I've deleted a group-closing symbol because it seems to be
spurious, as in `$x}$'. But perhaps the } is legitimate and
you forgot something else, as in `\hbox{$x}'. In such cases
the way to recover is to insert both the forgotten and the
deleted material, e.g., by typing `I$}'.


/home/prasdud/playground/raptor/src/c2/jinja_templates/report_template.tex:272: LaTeX Error: Command \end{itemize} invalid in math mode.

See the LaTeX manual or LaTeX Companion for explanation.
Type  H <return>  for immediate help.
 ...                                              
                                                  
l.272 \end{itemize}
                   
Try typing  <return>  to proceed.
If that doesn't work, type  X <return>  to quit.


/home/prasdud/playground/raptor/src/c2/jinja_templates/report_template.tex:272: LaTeX Error: Something's wrong--perhaps a missing \item.

See the LaTeX manual or LaTeX Companion for explanation.
Type  H <return>  for immediate help.
 ...                                              
                                                  
l.272 \end{itemize}
                   
Try typing  <return>  to proceed.
If that doesn't work, type  X <return>  to quit.


/home/prasdud/playground/raptor/src/c2/jinja_templates/report_template.tex:272: LaTeX Error: Something's wrong--perhaps a missing \item.

See the LaTeX manual or LaTeX Companion for explanation.
Type  H <return>  for immediate help.
 ...                                              
                                                  
l.272 \end{itemize}
                   
Try typing  <return>  to proceed.
If that doesn't work, type  X <return>  to quit.

/home/prasdud/playground/raptor/src/c2/jinja_templates/report_template.tex:272: Missing $ inserted.
<inserted text> 
                $
l.272 \end{itemize}
                   
I've inserted something that you may have forgotten.
(See the <inserted text> above.)
With luck, this will get me unwedged. But if you
really didn't forget anything, try typing `2' now; then
my insertion and my current dilemma will both disappear.

/home/prasdud/playground/raptor/src/c2/jinja_templates/report_template.tex:272: Missing } inserted.
<inserted text> 
                }
l.272 \end{itemize}
                   
I've inserted something that you may have forgotten.
(See the <inserted text> above.)
With luck, this will get me unwedged. But if you
really didn't forget anything, try typing `2' now; then
my insertion and my current dilemma will both disappear.

/home/prasdud/playground/raptor/src/c2/jinja_templates/report_template.tex:272: Missing } inserted.
<inserted text> 
                }
l.272 \end{itemize}
                   
I've inserted something that you may have forgotten.
(See the <inserted text> above.)
With luck, this will get me unwedged. But if you
really didn't forget anything, try typing `2' now; then
my insertion and my current dilemma will both disappear.

/home/prasdud/playground/raptor/src/c2/jinja_templates/report_template.tex:272: Missing } inserted.
<inserted text> 
                }
l.272 \end{itemize}
                   
I've inserted something that you may have forgotten.
(See the <inserted text> above.)
With luck, this will get me unwedged. But if you
really didn't forget anything, try typing `2' now; then
my insertion and my current dilemma will both disappear.

/home/prasdud/playground/raptor/src/c2/jinja_templates/report_template.tex:272: Missing } inserted.
<inserted text> 
                }
l.272 \end{itemize}
                   
I've inserted something that you may have forgotten.
(See the <inserted text> above.)
With luck, this will get me unwedged. But if you
really didn't forget anything, try typing `2' now; then
my insertion and my current dilemma will both disappear.

/home/prasdud/playground/raptor/src/c2/jinja_templates/report_template.tex:272: Missing } inserted.
<inserted text> 
                }
l.272 \end{itemize}
                   
I've inserted something that you may have forgotten.
(See the <inserted text> above.)
With luck, this will get me unwedged. But if you
really didn't forget anything, try typing `2' now; then
my insertion and my current dilemma will both disappear.

/home/prasdud/playground/raptor/src/c2/jinja_templates/report_template.tex:277: Missing $ inserted.
<inserted text> 
                $
l.277 ...protocol }} — Service: {{ port.service_
                                                  name }}{% if port.version ...
I've inserted a begin-math/end-math symbol since I think
you left one out. Proceed, with fingers crossed.

/home/prasdud/playground/raptor/src/c2/jinja_templates/report_template.tex:277: Extra }, or forgotten $.
l.277 ...ol }} — Service: {{ port.service_name }
                                                  }{% if port.version %} v{{...
I've deleted a group-closing symbol because it seems to be
spurious, as in `$x}$'. But perhaps the } is legitimate and
you forgot something else, as in `\hbox{$x}'. In such cases
the way to recover is to insert both the forgotten and the
deleted material, e.g., by typing `I$}'.

/home/prasdud/playground/raptor/src/c2/jinja_templates/report_template.tex:277: Extra }, or forgotten $.
l.277 ...l }} — Service: {{ port.service_name }}
                                                  {% if port.version %} v{{ ...
I've deleted a group-closing symbol because it seems to be
spurious, as in `$x}$'. But perhaps the } is legitimate and
you forgot something else, as in `\hbox{$x}'. In such cases
the way to recover is to insert both the forgotten and the
deleted material, e.g., by typing `I$}'.


/home/prasdud/playground/raptor/src/c2/jinja_templates/report_template.tex:279: LaTeX Error: Command \item invalid in math mode.

See the LaTeX manual or LaTeX Companion for explanation.
Type  H <return>  for immediate help.
 ...                                              
                                                  
l.279     \item
                None
Try typing  <return>  to proceed.
If that doesn't work, type  X <return>  to quit.


/home/prasdud/playground/raptor/src/c2/jinja_templates/report_template.tex:279: LaTeX Error: Something's wrong--perhaps a missing \item.

See the LaTeX manual or LaTeX Companion for explanation.
Type  H <return>  for immediate help.
 ...                                              
                                                  
l.279     \item N
                 one
Try typing  <return>  to proceed.
If that doesn't work, type  X <return>  to quit.


/home/prasdud/playground/raptor/src/c2/jinja_templates/report_template.tex:279: LaTeX Error: Something's wrong--perhaps a missing \item.

See the LaTeX manual or LaTeX Companion for explanation.
Type  H <return>  for immediate help.
 ...                                              
                                                  
l.279     \item N
                 one
Try typing  <return>  to proceed.
If that doesn't work, type  X <return>  to quit.


/home/prasdud/playground/raptor/src/c2/jinja_templates/report_template.tex:281: LaTeX Error: Command \end{itemize} invalid in math mode.

See the LaTeX manual or LaTeX Companion for explanation.
Type  H <return>  for immediate help.
 ...                                              
                                                  
l.281 \end{itemize}
                   
Try typing  <return>  to proceed.
If that doesn't work, type  X <return>  to quit.


/home/prasdud/playground/raptor/src/c2/jinja_templates/report_template.tex:281: LaTeX Error: Something's wrong--perhaps a missing \item.

See the LaTeX manual or LaTeX Companion for explanation.
Type  H <return>  for immediate help.
 ...                                              
                                                  
l.281 \end{itemize}
                   
Try typing  <return>  to proceed.
If that doesn't work, type  X <return>  to quit.


/home/prasdud/playground/raptor/src/c2/jinja_templates/report_template.tex:281: LaTeX Error: Something's wrong--perhaps a missing \item.

See the LaTeX manual or LaTeX Companion for explanation.
Type  H <return>  for immediate help.
 ...                                              
                                                  
l.281 \end{itemize}
                   
Try typing  <return>  to proceed.
If that doesn't work, type  X <return>  to quit.

/home/prasdud/playground/raptor/src/c2/jinja_templates/report_template.tex:281: Missing } inserted.
<inserted text> 
                }
l.281 \end{itemize}
                   
I've inserted something that you may have forgotten.
(See the <inserted text> above.)
With luck, this will get me unwedged. But if you
really didn't forget anything, try typing `2' now; then
my insertion and my current dilemma will both disappear.

/home/prasdud/playground/raptor/src/c2/jinja_templates/report_template.tex:281: Missing } inserted.
<inserted text> 
                }
l.281 \end{itemize}
                   
I've inserted something that you may have forgotten.
(See the <inserted text> above.)
With luck, this will get me unwedged. But if you
really didn't forget anything, try typing `2' now; then
my insertion and my current dilemma will both disappear.

/home/prasdud/playground/raptor/src/c2/jinja_templates/report_template.tex:281: Missing } inserted.
<inserted text> 
                }
l.281 \end{itemize}
                   
I've inserted something that you may have forgotten.
(See the <inserted text> above.)
With luck, this will get me unwedged. But if you
really didn't forget anything, try typing `2' now; then
my insertion and my current dilemma will both disappear.

/home/prasdud/playground/raptor/src/c2/jinja_templates/report_template.tex:281: Missing $ inserted.
<inserted text> 
                $
l.281 \end{itemize}
                   
I've inserted something that you may have forgotten.
(See the <inserted text> above.)
With luck, this will get me unwedged. But if you
really didn't forget anything, try typing `2' now; then
my insertion and my current dilemma will both disappear.

/home/prasdud/playground/raptor/src/c2/jinja_templates/report_template.tex:281: Missing } inserted.
<inserted text> 
                }
l.281 \end{itemize}
                   
I've inserted something that you may have forgotten.
(See the <inserted text> above.)
With luck, this will get me unwedged. But if you
really didn't forget anything, try typing `2' now; then
my insertion and my current dilemma will both disappear.

/home/prasdud/playground/raptor/src/c2/jinja_templates/report_template.tex:281: Missing } inserted.
<inserted text> 
                }
l.281 \end{itemize}
                   
I've inserted something that you may have forgotten.
(See the <inserted text> above.)
With luck, this will get me unwedged. But if you
really didn't forget anything, try typing `2' now; then
my insertion and my current dilemma will both disappear.

/home/prasdud/playground/raptor/src/c2/jinja_templates/report_template.tex:281: Missing } inserted.
<inserted text> 
                }
l.281 \end{itemize}
                   
I've inserted something that you may have forgotten.
(See the <inserted text> above.)
With luck, this will get me unwedged. But if you
really didn't forget anything, try typing `2' now; then
my insertion and my current dilemma will both disappear.

/home/prasdud/playground/raptor/src/c2/jinja_templates/report_template.tex:290: Missing } inserted.
<inserted text> 
                }
l.290 \end{itemize}
                   
I've inserted something that you may have forgotten.
(See the <inserted text> above.)
With luck, this will get me unwedged. But if you
really didn't forget anything, try typing `2' now; then
my insertion and my current dilemma will both disappear.

/home/prasdud/playground/raptor/src/c2/jinja_templates/report_template.tex:290: Missing } inserted.
<inserted text> 
                }
l.290 \end{itemize}
                   
I've inserted something that you may have forgotten.
(See the <inserted text> above.)
With luck, this will get me unwedged. But if you
really didn't forget anything, try typing `2' now; then
my insertion and my current dilemma will both disappear.

/home/prasdud/playground/raptor/src/c2/jinja_templates/report_template.tex:290: Missing } inserted.
<inserted text> 
                }
l.290 \end{itemize}
                   
I've inserted something that you may have forgotten.
(See the <inserted text> above.)
With luck, this will get me unwedged. But if you
really didn't forget anything, try typing `2' now; then
my insertion and my current dilemma will both disappear.

[6]
/home/prasdud/playground/raptor/src/c2/jinja_templates/report_template.tex:299: Missing } inserted.
<inserted text> 
                }
l.299 \end{itemize}
                   
I've inserted something that you may have forgotten.
(See the <inserted text> above.)
With luck, this will get me unwedged. But if you
really didn't forget anything, try typing `2' now; then
my insertion and my current dilemma will both disappear.

/home/prasdud/playground/raptor/src/c2/jinja_templates/report_template.tex:299: Missing } inserted.
<inserted text> 
                }
l.299 \end{itemize}
                   
I've inserted something that you may have forgotten.
(See the <inserted text> above.)
With luck, this will get me unwedged. But if you
really didn't forget anything, try typing `2' now; then
my insertion and my current dilemma will both disappear.

/home/prasdud/playground/raptor/src/c2/jinja_templates/report_template.tex:299: Missing } inserted.
<inserted text> 
                }
l.299 \end{itemize}
                   
I've inserted something that you may have forgotten.
(See the <inserted text> above.)
With luck, this will get me unwedged. But if you
really didn't forget anything, try typing `2' now; then
my insertion and my current dilemma will both disappear.

/home/prasdud/playground/raptor/src/c2/jinja_templates/report_template.tex:308: Missing } inserted.
<inserted text> 
                }
l.308 \end{itemize}
                   
I've inserted something that you may have forgotten.
(See the <inserted text> above.)
With luck, this will get me unwedged. But if you
really didn't forget anything, try typing `2' now; then
my insertion and my current dilemma will both disappear.

/home/prasdud/playground/raptor/src/c2/jinja_templates/report_template.tex:308: Missing } inserted.
<inserted text> 
                }
l.308 \end{itemize}
                   
I've inserted something that you may have forgotten.
(See the <inserted text> above.)
With luck, this will get me unwedged. But if you
really didn't forget anything, try typing `2' now; then
my insertion and my current dilemma will both disappear.

/home/prasdud/playground/raptor/src/c2/jinja_templates/report_template.tex:308: Missing } inserted.
<inserted text> 
                }
l.308 \end{itemize}
                   
I've inserted something that you may have forgotten.
(See the <inserted text> above.)
With luck, this will get me unwedged. But if you
really didn't forget anything, try typing `2' now; then
my insertion and my current dilemma will both disappear.

/home/prasdud/playground/raptor/src/c2/jinja_templates/report_template.tex:317: Missing } inserted.
<inserted text> 
                }
l.317 \end{itemize}
                   
I've inserted something that you may have forgotten.
(See the <inserted text> above.)
With luck, this will get me unwedged. But if you
really didn't forget anything, try typing `2' now; then
my insertion and my current dilemma will both disappear.

/home/prasdud/playground/raptor/src/c2/jinja_templates/report_template.tex:317: Missing } inserted.
<inserted text> 
                }
l.317 \end{itemize}
                   
I've inserted something that you may have forgotten.
(See the <inserted text> above.)
With luck, this will get me unwedged. But if you
really didn't forget anything, try typing `2' now; then
my insertion and my current dilemma will both disappear.

/home/prasdud/playground/raptor/src/c2/jinja_templates/report_template.tex:317: Missing } inserted.
<inserted text> 
                }
l.317 \end{itemize}
                   
I've inserted something that you may have forgotten.
(See the <inserted text> above.)
With luck, this will get me unwedged. But if you
really didn't forget anything, try typing `2' now; then
my insertion and my current dilemma will both disappear.

[7]
Underfull \hbox (badness 2556) in paragraph at lines 329--330
[]|\OT1/cmr/bx/n/12 Potential Im-
 []

/home/prasdud/playground/raptor/src/c2/jinja_templates/report_template.tex:332: Missing } inserted.
<inserted text> 
                }
l.332 {{ f.name | default("N/A") }} &
                                      {{ f.evidence | default("N/A") }} & {{...
I've put in what seems to be necessary to fix
the current column of the current alignment.
Try to go on, since this might almost work.


Underfull \hbox (badness 10000) in paragraph at lines 331--332
[]| \OT1/cmr/m/n/12 f.name | de-
 []


Underfull \hbox (badness 4366) in paragraph at lines 332--332
[]| \OT1/cmr/m/n/12 f.severity
 []


Underfull \hbox (badness 10000) in paragraph at lines 332--332
\OT1/cmr/m/n/12 | de-
 []


Overfull \hbox (29.90887pt too wide) in paragraph at lines 332--332
\OT1/cmr/m/n/12 fault("Medium")| 
 []

/home/prasdud/playground/raptor/src/c2/jinja_templates/report_template.tex:335: Missing } inserted.
<inserted text> 
                }
l.335 \end{longtable}
                     
I've put in what seems to be necessary to fix
the current column of the current alignment.
Try to go on, since this might almost work.


Overfull \hbox (23.82338pt too wide) in alignment at lines 327--335
 [] [] [] [] 
 []

[8]
/home/prasdud/playground/raptor/src/c2/jinja_templates/report_template.tex:355: Missing } inserted.
<inserted text> 
                }
l.355 \end{itemize}
                   
I've inserted something that you may have forgotten.
(See the <inserted text> above.)
With luck, this will get me unwedged. But if you
really didn't forget anything, try typing `2' now; then
my insertion and my current dilemma will both disappear.

/home/prasdud/playground/raptor/src/c2/jinja_templates/report_template.tex:355: Missing } inserted.
<inserted text> 
                }
l.355 \end{itemize}
                   
I've inserted something that you may have forgotten.
(See the <inserted text> above.)
With luck, this will get me unwedged. But if you
really didn't forget anything, try typing `2' now; then
my insertion and my current dilemma will both disappear.

/home/prasdud/playground/raptor/src/c2/jinja_templates/report_template.tex:355: Missing } inserted.
<inserted text> 
                }
l.355 \end{itemize}
                   
I've inserted something that you may have forgotten.
(See the <inserted text> above.)
With luck, this will get me unwedged. But if you
really didn't forget anything, try typing `2' now; then
my insertion and my current dilemma will both disappear.

/home/prasdud/playground/raptor/src/c2/jinja_templates/report_template.tex:355: Missing } inserted.
<inserted text> 
                }
l.355 \end{itemize}
                   
I've inserted something that you may have forgotten.
(See the <inserted text> above.)
With luck, this will get me unwedged. But if you
really didn't forget anything, try typing `2' now; then
my insertion and my current dilemma will both disappear.

/home/prasdud/playground/raptor/src/c2/jinja_templates/report_template.tex:355: Missing } inserted.
<inserted text> 
                }
l.355 \end{itemize}
                   
I've inserted something that you may have forgotten.
(See the <inserted text> above.)
With luck, this will get me unwedged. But if you
really didn't forget anything, try typing `2' now; then
my insertion and my current dilemma will both disappear.

/home/prasdud/playground/raptor/src/c2/jinja_templates/report_template.tex:366: Missing } inserted.
<inserted text> 
                }
l.366 \end{itemize}
                   
I've inserted something that you may have forgotten.
(See the <inserted text> above.)
With luck, this will get me unwedged. But if you
really didn't forget anything, try typing `2' now; then
my insertion and my current dilemma will both disappear.

/home/prasdud/playground/raptor/src/c2/jinja_templates/report_template.tex:366: Missing } inserted.
<inserted text> 
                }
l.366 \end{itemize}
                   
I've inserted something that you may have forgotten.
(See the <inserted text> above.)
With luck, this will get me unwedged. But if you
really didn't forget anything, try typing `2' now; then
my insertion and my current dilemma will both disappear.

/home/prasdud/playground/raptor/src/c2/jinja_templates/report_template.tex:366: Missing } inserted.
<inserted text> 
                }
l.366 \end{itemize}
                   
I've inserted something that you may have forgotten.
(See the <inserted text> above.)
With luck, this will get me unwedged. But if you
really didn't forget anything, try typing `2' now; then
my insertion and my current dilemma will both disappear.

/home/prasdud/playground/raptor/src/c2/jinja_templates/report_template.tex:366: Missing } inserted.
<inserted text> 
                }
l.366 \end{itemize}
                   
I've inserted something that you may have forgotten.
(See the <inserted text> above.)
With luck, this will get me unwedged. But if you
really didn't forget anything, try typing `2' now; then
my insertion and my current dilemma will both disappear.

/home/prasdud/playground/raptor/src/c2/jinja_templates/report_template.tex:366: Missing } inserted.
<inserted text> 
                }
l.366 \end{itemize}
                   
I've inserted something that you may have forgotten.
(See the <inserted text> above.)
With luck, this will get me unwedged. But if you
really didn't forget anything, try typing `2' now; then
my insertion and my current dilemma will both disappear.

/home/prasdud/playground/raptor/src/c2/jinja_templates/report_template.tex:366: Missing } inserted.
<inserted text> 
                }
l.366 \end{itemize}
                   
I've inserted something that you may have forgotten.
(See the <inserted text> above.)
With luck, this will get me unwedged. But if you
really didn't forget anything, try typing `2' now; then
my insertion and my current dilemma will both disappear.

/home/prasdud/playground/raptor/src/c2/jinja_templates/report_template.tex:371: Missing $ inserted.
<inserted text> 
                $
l.371         \item {{ evasion.vm_
                                  detection }}
I've inserted a begin-math/end-math symbol since I think
you left one out. Proceed, with fingers crossed.

/home/prasdud/playground/raptor/src/c2/jinja_templates/report_template.tex:371: Extra }, or forgotten $.
l.371         \item {{ evasion.vm_detection }
                                             }
I've deleted a group-closing symbol because it seems to be
spurious, as in `$x}$'. But perhaps the } is legitimate and
you forgot something else, as in `\hbox{$x}'. In such cases
the way to recover is to insert both the forgotten and the
deleted material, e.g., by typing `I$}'.

/home/prasdud/playground/raptor/src/c2/jinja_templates/report_template.tex:371: Extra }, or forgotten $.
l.371         \item {{ evasion.vm_detection }}
                                              
I've deleted a group-closing symbol because it seems to be
spurious, as in `$x}$'. But perhaps the } is legitimate and
you forgot something else, as in `\hbox{$x}'. In such cases
the way to recover is to insert both the forgotten and the
deleted material, e.g., by typing `I$}'.


/home/prasdud/playground/raptor/src/c2/jinja_templates/report_template.tex:373: LaTeX Error: Command \item invalid in math mode.

See the LaTeX manual or LaTeX Companion for explanation.
Type  H <return>  for immediate help.
 ...                                              
                                                  
l.373         \item
                    No VM/sandbox detection heuristics observed
Try typing  <return>  to proceed.
If that doesn't work, type  X <return>  to quit.


/home/prasdud/playground/raptor/src/c2/jinja_templates/report_template.tex:373: LaTeX Error: Something's wrong--perhaps a missing \item.

See the LaTeX manual or LaTeX Companion for explanation.
Type  H <return>  for immediate help.
 ...                                              
                                                  
l.373         \item N
                     o VM/sandbox detection heuristics observed
Try typing  <return>  to proceed.
If that doesn't work, type  X <return>  to quit.


/home/prasdud/playground/raptor/src/c2/jinja_templates/report_template.tex:373: LaTeX Error: Something's wrong--perhaps a missing \item.

See the LaTeX manual or LaTeX Companion for explanation.
Type  H <return>  for immediate help.
 ...                                              
                                                  
l.373         \item N
                     o VM/sandbox detection heuristics observed
Try typing  <return>  to proceed.
If that doesn't work, type  X <return>  to quit.


/home/prasdud/playground/raptor/src/c2/jinja_templates/report_template.tex:375: LaTeX Error: Command \end{itemize} invalid in math mode.

See the LaTeX manual or LaTeX Companion for explanation.
Type  H <return>  for immediate help.
 ...                                              
                                                  
l.375 \end{itemize}
                   
Try typing  <return>  to proceed.
If that doesn't work, type  X <return>  to quit.


/home/prasdud/playground/raptor/src/c2/jinja_templates/report_template.tex:375: LaTeX Error: Something's wrong--perhaps a missing \item.

See the LaTeX manual or LaTeX Companion for explanation.
Type  H <return>  for immediate help.
 ...                                              
                                                  
l.375 \end{itemize}
                   
Try typing  <return>  to proceed.
If that doesn't work, type  X <return>  to quit.


/home/prasdud/playground/raptor/src/c2/jinja_templates/report_template.tex:375: LaTeX Error: Something's wrong--perhaps a missing \item.

See the LaTeX manual or LaTeX Companion for explanation.
Type  H <return>  for immediate help.
 ...                                              
                                                  
l.375 \end{itemize}
                   
Try typing  <return>  to proceed.
If that doesn't work, type  X <return>  to quit.

/home/prasdud/playground/raptor/src/c2/jinja_templates/report_template.tex:375: Missing } inserted.
<inserted text> 
                }
l.375 \end{itemize}
                   
I've inserted something that you may have forgotten.
(See the <inserted text> above.)
With luck, this will get me unwedged. But if you
really didn't forget anything, try typing `2' now; then
my insertion and my current dilemma will both disappear.

/home/prasdud/playground/raptor/src/c2/jinja_templates/report_template.tex:375: Missing } inserted.
<inserted text> 
                }
l.375 \end{itemize}
                   
I've inserted something that you may have forgotten.
(See the <inserted text> above.)
With luck, this will get me unwedged. But if you
really didn't forget anything, try typing `2' now; then
my insertion and my current dilemma will both disappear.

/home/prasdud/playground/raptor/src/c2/jinja_templates/report_template.tex:375: Missing $ inserted.
<inserted text> 
                $
l.375 \end{itemize}
                   
I've inserted something that you may have forgotten.
(See the <inserted text> above.)
With luck, this will get me unwedged. But if you
really didn't forget anything, try typing `2' now; then
my insertion and my current dilemma will both disappear.

/home/prasdud/playground/raptor/src/c2/jinja_templates/report_template.tex:375: Missing } inserted.
<inserted text> 
                }
l.375 \end{itemize}
                   
I've inserted something that you may have forgotten.
(See the <inserted text> above.)
With luck, this will get me unwedged. But if you
really didn't forget anything, try typing `2' now; then
my insertion and my current dilemma will both disappear.

/home/prasdud/playground/raptor/src/c2/jinja_templates/report_template.tex:375: Missing } inserted.
<inserted text> 
                }
l.375 \end{itemize}
                   
I've inserted something that you may have forgotten.
(See the <inserted text> above.)
With luck, this will get me unwedged. But if you
really didn't forget anything, try typing `2' now; then
my insertion and my current dilemma will both disappear.

/home/prasdud/playground/raptor/src/c2/jinja_templates/report_template.tex:375: Missing } inserted.
<inserted text> 
                }
l.375 \end{itemize}
                   
I've inserted something that you may have forgotten.
(See the <inserted text> above.)
With luck, this will get me unwedged. But if you
really didn't forget anything, try typing `2' now; then
my insertion and my current dilemma will both disappear.

/home/prasdud/playground/raptor/src/c2/jinja_templates/report_template.tex:386: Missing } inserted.
<inserted text> 
                }
l.386 \end{itemize}
                   
I've inserted something that you may have forgotten.
(See the <inserted text> above.)
With luck, this will get me unwedged. But if you
really didn't forget anything, try typing `2' now; then
my insertion and my current dilemma will both disappear.

/home/prasdud/playground/raptor/src/c2/jinja_templates/report_template.tex:386: Missing } inserted.
<inserted text> 
                }
l.386 \end{itemize}
                   
I've inserted something that you may have forgotten.
(See the <inserted text> above.)
With luck, this will get me unwedged. But if you
really didn't forget anything, try typing `2' now; then
my insertion and my current dilemma will both disappear.

/home/prasdud/playground/raptor/src/c2/jinja_templates/report_template.tex:386: Missing } inserted.
<inserted text> 
                }
l.386 \end{itemize}
                   
I've inserted something that you may have forgotten.
(See the <inserted text> above.)
With luck, this will get me unwedged. But if you
really didn't forget anything, try typing `2' now; then
my insertion and my current dilemma will both disappear.

/home/prasdud/playground/raptor/src/c2/jinja_templates/report_template.tex:386: Missing } inserted.
<inserted text> 
                }
l.386 \end{itemize}
                   
I've inserted something that you may have forgotten.
(See the <inserted text> above.)
With luck, this will get me unwedged. But if you
really didn't forget anything, try typing `2' now; then
my insertion and my current dilemma will both disappear.

/home/prasdud/playground/raptor/src/c2/jinja_templates/report_template.tex:386: Missing } inserted.
<inserted text> 
                }
l.386 \end{itemize}
                   
I've inserted something that you may have forgotten.
(See the <inserted text> above.)
With luck, this will get me unwedged. But if you
really didn't forget anything, try typing `2' now; then
my insertion and my current dilemma will both disappear.

/home/prasdud/playground/raptor/src/c2/jinja_templates/report_template.tex:390: Missing $ inserted.
<inserted text> 
                $
l.390 ...asion.overall_success | default(0) }}\% }
                                                  
I've inserted a begin-math/end-math symbol since I think
you left one out. Proceed, with fingers crossed.

/home/prasdud/playground/raptor/src/c2/jinja_templates/report_template.tex:390: Extra }, or forgotten $.
<argument> ...asion.overall_success | default(0) }
                                                  }\% 
l.390 ...asion.overall_success | default(0) }}\% }
                                                  
I've deleted a group-closing symbol because it seems to be
spurious, as in `$x}$'. But perhaps the } is legitimate and
you forgot something else, as in `\hbox{$x}'. In such cases
the way to recover is to insert both the forgotten and the
deleted material, e.g., by typing `I$}'.

/home/prasdud/playground/raptor/src/c2/jinja_templates/report_template.tex:390: Extra }, or forgotten $.
<argument> ...sion.overall_success | default(0) }}
                                                  \% 
l.390 ...asion.overall_success | default(0) }}\% }
                                                  
I've deleted a group-closing symbol because it seems to be
spurious, as in `$x}$'. But perhaps the } is legitimate and
you forgot something else, as in `\hbox{$x}'. In such cases
the way to recover is to insert both the forgotten and the
deleted material, e.g., by typing `I$}'.

/home/prasdud/playground/raptor/src/c2/jinja_templates/report_template.tex:390: Extra }, or forgotten $.
<recently read> \egroup 
                        
l.390 ...asion.overall_success | default(0) }}\% }
                                                  
I've deleted a group-closing symbol because it seems to be
spurious, as in `$x}$'. But perhaps the } is legitimate and
you forgot something else, as in `\hbox{$x}'. In such cases
the way to recover is to insert both the forgotten and the
deleted material, e.g., by typing `I$}'.

/home/prasdud/playground/raptor/src/c2/jinja_templates/report_template.tex:392: Missing $ inserted.
<inserted text> 
                $
l.392 
      
I've inserted a begin-math/end-math symbol since I think
you left one out. Proceed, with fingers crossed.


Overfull \hbox (308.34192pt too wide) in paragraph at lines 389--392
\OT1/cmr/m/n/12 Overall Suc-cess Rate:   \OT1/cmr/bx/n/12 evasion.overall$[]\OML/cmm/m/it/12 uccess\OMS/cmsy/m/n/12 j\OML/cmm/m/it/12 default\OT1/cmr/m/n/12 (0)%(\OML/cmm/m/it/12 Thepayloadavoideddetectionin[]\OT1/cmr/m/n/12 %\OML/cmm/m/it/12 ofrecordedchecks:\OT1/cmr/m/n/12 )$ 
 []


Underfull \hbox (badness 6396) in paragraph at lines 397--398
[]|\OT1/cmr/bx/n/12 Success Rate
 []

/home/prasdud/playground/raptor/src/c2/jinja_templates/report_template.tex:401: Missing } inserted.
<inserted text> 
                }
l.401 {{ d.defense | default("Unknown") }} &
                                             {{ d.success_rate | default(0) ...
I've put in what seems to be necessary to fix
the current column of the current alignment.
Try to go on, since this might almost work.

/home/prasdud/playground/raptor/src/c2/jinja_templates/report_template.tex:401: Missing } inserted.
<inserted text> 
                }
l.401 {{ d.defense | default("Unknown") }} &
                                             {{ d.success_rate | default(0) ...
I've put in what seems to be necessary to fix
the current column of the current alignment.
Try to go on, since this might almost work.


Underfull \hbox (badness 10000) in paragraph at lines 399--401
[]| \OT1/cmr/bx/n/12 d.defense | de-
 []

/home/prasdud/playground/raptor/src/c2/jinja_templates/report_template.tex:401: Missing $ inserted.
<inserted text> 
                $
l.401 ...e | default("Unknown") }} & {{ d.success_
                                                  rate | default(0) }} \\
I've inserted a begin-math/end-math symbol since I think
you left one out. Proceed, with fingers crossed.

/home/prasdud/playground/raptor/src/c2/jinja_templates/report_template.tex:401: Extra }, or forgotten $.
l.401 ...n") }} & {{ d.success_rate | default(0) }
                                                  } \\
I've deleted a group-closing symbol because it seems to be
spurious, as in `$x}$'. But perhaps the } is legitimate and
you forgot something else, as in `\hbox{$x}'. In such cases
the way to recover is to insert both the forgotten and the
deleted material, e.g., by typing `I$}'.

/home/prasdud/playground/raptor/src/c2/jinja_templates/report_template.tex:401: Extra }, or forgotten $.
l.401 ...") }} & {{ d.success_rate | default(0) }}
                                                   \\
I've deleted a group-closing symbol because it seems to be
spurious, as in `$x}$'. But perhaps the } is legitimate and
you forgot something else, as in `\hbox{$x}'. In such cases
the way to recover is to insert both the forgotten and the
deleted material, e.g., by typing `I$}'.

/home/prasdud/playground/raptor/src/c2/jinja_templates/report_template.tex:402: Missing } inserted.
<inserted text> 
                }
l.402 \hline
            
I've put in what seems to be necessary to fix
the current column of the current alignment.
Try to go on, since this might almost work.

/home/prasdud/playground/raptor/src/c2/jinja_templates/report_template.tex:402: Extra }, or forgotten $.
<inserted text> }
                 
l.402 \hline
            
I've deleted a group-closing symbol because it seems to be
spurious, as in `$x}$'. But perhaps the } is legitimate and
you forgot something else, as in `\hbox{$x}'. In such cases
the way to recover is to insert both the forgotten and the
deleted material, e.g., by typing `I$}'.

/home/prasdud/playground/raptor/src/c2/jinja_templates/report_template.tex:402: Missing } inserted.
<inserted text> 
                }
l.402 \hline
            
I've put in what seems to be necessary to fix
the current column of the current alignment.
Try to go on, since this might almost work.

/home/prasdud/playground/raptor/src/c2/jinja_templates/report_template.tex:402: Extra }, or forgotten $.
<inserted text> }
                 
l.402 \hline
            
I've deleted a group-closing symbol because it seems to be
spurious, as in `$x}$'. But perhaps the } is legitimate and
you forgot something else, as in `\hbox{$x}'. In such cases
the way to recover is to insert both the forgotten and the
deleted material, e.g., by typing `I$}'.

/home/prasdud/playground/raptor/src/c2/jinja_templates/report_template.tex:402: Missing } inserted.
<inserted text> 
                }
l.402 \hline
            
I've put in what seems to be necessary to fix
the current column of the current alignment.
Try to go on, since this might almost work.

/home/prasdud/playground/raptor/src/c2/jinja_templates/report_template.tex:402: Extra }, or forgotten $.
<inserted text> }
                 
l.402 \hline
            
I've deleted a group-closing symbol because it seems to be
spurious, as in `$x}$'. But perhaps the } is legitimate and
you forgot something else, as in `\hbox{$x}'. In such cases
the way to recover is to insert both the forgotten and the
deleted material, e.g., by typing `I$}'.

/home/prasdud/playground/raptor/src/c2/jinja_templates/report_template.tex:402: Missing } inserted.
<inserted text> 
                }
l.402 \hline
            
I've put in what seems to be necessary to fix
the current column of the current alignment.
Try to go on, since this might almost work.

/home/prasdud/playground/raptor/src/c2/jinja_templates/report_template.tex:402: Extra }, or forgotten $.
<inserted text> }
                 
l.402 \hline
            
I've deleted a group-closing symbol because it seems to be
spurious, as in `$x}$'. But perhaps the } is legitimate and
you forgot something else, as in `\hbox{$x}'. In such cases
the way to recover is to insert both the forgotten and the
deleted material, e.g., by typing `I$}'.

/home/prasdud/playground/raptor/src/c2/jinja_templates/report_template.tex:402: Missing } inserted.
<inserted text> 
                }
l.402 \hline
            
I've put in what seems to be necessary to fix
the current column of the current alignment.
Try to go on, since this might almost work.

/home/prasdud/playground/raptor/src/c2/jinja_templates/report_template.tex:402: Extra }, or forgotten $.
<inserted text> }
                 
l.402 \hline
            
I've deleted a group-closing symbol because it seems to be
spurious, as in `$x}$'. But perhaps the } is legitimate and
you forgot something else, as in `\hbox{$x}'. In such cases
the way to recover is to insert both the forgotten and the
deleted material, e.g., by typing `I$}'.

/home/prasdud/playground/raptor/src/c2/jinja_templates/report_template.tex:402: Missing } inserted.
<inserted text> 
                }
l.402 \hline
            
I've put in what seems to be necessary to fix
the current column of the current alignment.
Try to go on, since this might almost work.

/home/prasdud/playground/raptor/src/c2/jinja_templates/report_template.tex:402: Extra }, or forgotten $.
<inserted text> }
                 
l.402 \hline
            
I've deleted a group-closing symbol because it seems to be
spurious, as in `$x}$'. But perhaps the } is legitimate and
you forgot something else, as in `\hbox{$x}'. In such cases
the way to recover is to insert both the forgotten and the
deleted material, e.g., by typing `I$}'.

/home/prasdud/playground/raptor/src/c2/jinja_templates/report_template.tex:402: Missing } inserted.
<inserted text> 
                }
l.402 \hline
            
I've put in what seems to be necessary to fix
the current column of the current alignment.
Try to go on, since this might almost work.

/home/prasdud/playground/raptor/src/c2/jinja_templates/report_template.tex:402: Extra }, or forgotten $.
<inserted text> }
                 
l.402 \hline
            
I've deleted a group-closing symbol because it seems to be
spurious, as in `$x}$'. But perhaps the } is legitimate and
you forgot something else, as in `\hbox{$x}'. In such cases
the way to recover is to insert both the forgotten and the
deleted material, e.g., by typing `I$}'.

/home/prasdud/playground/raptor/src/c2/jinja_templates/report_template.tex:402: Missing } inserted.
<inserted text> 
                }
l.402 \hline
            
I've put in what seems to be necessary to fix
the current column of the current alignment.
Try to go on, since this might almost work.

/home/prasdud/playground/raptor/src/c2/jinja_templates/report_template.tex:402: Extra }, or forgotten $.
<inserted text> }
                 
l.402 \hline
            
I've deleted a group-closing symbol because it seems to be
spurious, as in `$x}$'. But perhaps the } is legitimate and
you forgot something else, as in `\hbox{$x}'. In such cases
the way to recover is to insert both the forgotten and the
deleted material, e.g., by typing `I$}'.

/home/prasdud/playground/raptor/src/c2/jinja_templates/report_template.tex:402: Missing } inserted.
<inserted text> 
                }
l.402 \hline
            
I've put in what seems to be necessary to fix
the current column of the current alignment.
Try to go on, since this might almost work.

/home/prasdud/playground/raptor/src/c2/jinja_templates/report_template.tex:402: Extra }, or forgotten $.
<inserted text> }
                 
l.402 \hline
            
I've deleted a group-closing symbol because it seems to be
spurious, as in `$x}$'. But perhaps the } is legitimate and
you forgot something else, as in `\hbox{$x}'. In such cases
the way to recover is to insert both the forgotten and the
deleted material, e.g., by typing `I$}'.

/home/prasdud/playground/raptor/src/c2/jinja_templates/report_template.tex:402: Missing } inserted.
<inserted text> 
                }
l.402 \hline
            
I've put in what seems to be necessary to fix
the current column of the current alignment.
Try to go on, since this might almost work.

/home/prasdud/playground/raptor/src/c2/jinja_templates/report_template.tex:402: Extra }, or forgotten $.
<inserted text> }
                 
l.402 \hline
            
I've deleted a group-closing symbol because it seems to be
spurious, as in `$x}$'. But perhaps the } is legitimate and
you forgot something else, as in `\hbox{$x}'. In such cases
the way to recover is to insert both the forgotten and the
deleted material, e.g., by typing `I$}'.

/home/prasdud/playground/raptor/src/c2/jinja_templates/report_template.tex:402: Missing } inserted.
<inserted text> 
                }
l.402 \hline
            
I've put in what seems to be necessary to fix
the current column of the current alignment.
Try to go on, since this might almost work.

/home/prasdud/playground/raptor/src/c2/jinja_templates/report_template.tex:402: Extra }, or forgotten $.
<inserted text> }
                 
l.402 \hline
            
I've deleted a group-closing symbol because it seems to be
spurious, as in `$x}$'. But perhaps the } is legitimate and
you forgot something else, as in `\hbox{$x}'. In such cases
the way to recover is to insert both the forgotten and the
deleted material, e.g., by typing `I$}'.

/home/prasdud/playground/raptor/src/c2/jinja_templates/report_template.tex:402: Missing } inserted.
<inserted text> 
                }
l.402 \hline
            
I've put in what seems to be necessary to fix
the current column of the current alignment.
Try to go on, since this might almost work.

/home/prasdud/playground/raptor/src/c2/jinja_templates/report_template.tex:402: Extra }, or forgotten $.
<inserted text> }
                 
l.402 \hline
            
I've deleted a group-closing symbol because it seems to be
spurious, as in `$x}$'. But perhaps the } is legitimate and
you forgot something else, as in `\hbox{$x}'. In such cases
the way to recover is to insert both the forgotten and the
deleted material, e.g., by typing `I$}'.

/home/prasdud/playground/raptor/src/c2/jinja_templates/report_template.tex:402: Missing } inserted.
<inserted text> 
                }
l.402 \hline
            
I've put in what seems to be necessary to fix
the current column of the current alignment.
Try to go on, since this might almost work.

/home/prasdud/playground/raptor/src/c2/jinja_templates/report_template.tex:402: Extra }, or forgotten $.
<inserted text> }
                 
l.402 \hline
            
I've deleted a group-closing symbol because it seems to be
spurious, as in `$x}$'. But perhaps the } is legitimate and
you forgot something else, as in `\hbox{$x}'. In such cases
the way to recover is to insert both the forgotten and the
deleted material, e.g., by typing `I$}'.

/home/prasdud/playground/raptor/src/c2/jinja_templates/report_template.tex:402: Missing } inserted.
<inserted text> 
                }
l.402 \hline
            
I've put in what seems to be necessary to fix
the current column of the current alignment.
Try to go on, since this might almost work.

/home/prasdud/playground/raptor/src/c2/jinja_templates/report_template.tex:402: Extra }, or forgotten $.
<inserted text> }
                 
l.402 \hline
            
I've deleted a group-closing symbol because it seems to be
spurious, as in `$x}$'. But perhaps the } is legitimate and
you forgot something else, as in `\hbox{$x}'. In such cases
the way to recover is to insert both the forgotten and the
deleted material, e.g., by typing `I$}'.

/home/prasdud/playground/raptor/src/c2/jinja_templates/report_template.tex:402: Missing } inserted.
<inserted text> 
                }
l.402 \hline
            
I've put in what seems to be necessary to fix
the current column of the current alignment.
Try to go on, since this might almost work.

/home/prasdud/playground/raptor/src/c2/jinja_templates/report_template.tex:402: Extra }, or forgotten $.
<inserted text> }
                 
l.402 \hline
            
I've deleted a group-closing symbol because it seems to be
spurious, as in `$x}$'. But perhaps the } is legitimate and
you forgot something else, as in `\hbox{$x}'. In such cases
the way to recover is to insert both the forgotten and the
deleted material, e.g., by typing `I$}'.

/home/prasdud/playground/raptor/src/c2/jinja_templates/report_template.tex:402: Missing } inserted.
<inserted text> 
                }
l.402 \hline
            
I've put in what seems to be necessary to fix
the current column of the current alignment.
Try to go on, since this might almost work.

/home/prasdud/playground/raptor/src/c2/jinja_templates/report_template.tex:402: Extra }, or forgotten $.
<inserted text> }
                 
l.402 \hline
            
I've deleted a group-closing symbol because it seems to be
spurious, as in `$x}$'. But perhaps the } is legitimate and
you forgot something else, as in `\hbox{$x}'. In such cases
the way to recover is to insert both the forgotten and the
deleted material, e.g., by typing `I$}'.

/home/prasdud/playground/raptor/src/c2/jinja_templates/report_template.tex:402: Missing } inserted.
<inserted text> 
                }
l.402 \hline
            
I've put in what seems to be necessary to fix
the current column of the current alignment.
Try to go on, since this might almost work.

/home/prasdud/playground/raptor/src/c2/jinja_templates/report_template.tex:402: Extra }, or forgotten $.
<inserted text> }
                 
l.402 \hline
            
I've deleted a group-closing symbol because it seems to be
spurious, as in `$x}$'. But perhaps the } is legitimate and
you forgot something else, as in `\hbox{$x}'. In such cases
the way to recover is to insert both the forgotten and the
deleted material, e.g., by typing `I$}'.

/home/prasdud/playground/raptor/src/c2/jinja_templates/report_template.tex:402: Missing } inserted.
<inserted text> 
                }
l.402 \hline
            
I've put in what seems to be necessary to fix
the current column of the current alignment.
Try to go on, since this might almost work.

/home/prasdud/playground/raptor/src/c2/jinja_templates/report_template.tex:402: Extra }, or forgotten $.
<inserted text> }
                 
l.402 \hline
            
I've deleted a group-closing symbol because it seems to be
spurious, as in `$x}$'. But perhaps the } is legitimate and
you forgot something else, as in `\hbox{$x}'. In such cases
the way to recover is to insert both the forgotten and the
deleted material, e.g., by typing `I$}'.

/home/prasdud/playground/raptor/src/c2/jinja_templates/report_template.tex:402: Missing } inserted.
<inserted text> 
                }
l.402 \hline
            
I've put in what seems to be necessary to fix
the current column of the current alignment.
Try to go on, since this might almost work.

/home/prasdud/playground/raptor/src/c2/jinja_templates/report_template.tex:402: Extra }, or forgotten $.
<inserted text> }
                 
l.402 \hline
            
I've deleted a group-closing symbol because it seems to be
spurious, as in `$x}$'. But perhaps the } is legitimate and
you forgot something else, as in `\hbox{$x}'. In such cases
the way to recover is to insert both the forgotten and the
deleted material, e.g., by typing `I$}'.

/home/prasdud/playground/raptor/src/c2/jinja_templates/report_template.tex:402: Missing } inserted.
<inserted text> 
                }
l.402 \hline
            
I've put in what seems to be necessary to fix
the current column of the current alignment.
Try to go on, since this might almost work.

/home/prasdud/playground/raptor/src/c2/jinja_templates/report_template.tex:402: Extra }, or forgotten $.
<inserted text> }
                 
l.402 \hline
            
I've deleted a group-closing symbol because it seems to be
spurious, as in `$x}$'. But perhaps the } is legitimate and
you forgot something else, as in `\hbox{$x}'. In such cases
the way to recover is to insert both the forgotten and the
deleted material, e.g., by typing `I$}'.

/home/prasdud/playground/raptor/src/c2/jinja_templates/report_template.tex:402: Missing } inserted.
<inserted text> 
                }
l.402 \hline
            
I've put in what seems to be necessary to fix
the current column of the current alignment.
Try to go on, since this might almost work.

/home/prasdud/playground/raptor/src/c2/jinja_templates/report_template.tex:402: Extra }, or forgotten $.
<inserted text> }
                 
l.402 \hline
            
I've deleted a group-closing symbol because it seems to be
spurious, as in `$x}$'. But perhaps the } is legitimate and
you forgot something else, as in `\hbox{$x}'. In such cases
the way to recover is to insert both the forgotten and the
deleted material, e.g., by typing `I$}'.

/home/prasdud/playground/raptor/src/c2/jinja_templates/report_template.tex:402: Missing } inserted.
<inserted text> 
                }
l.402 \hline
            
I've put in what seems to be necessary to fix
the current column of the current alignment.
Try to go on, since this might almost work.

/home/prasdud/playground/raptor/src/c2/jinja_templates/report_template.tex:402: Extra }, or forgotten $.
<inserted text> }
                 
l.402 \hline
            
I've deleted a group-closing symbol because it seems to be
spurious, as in `$x}$'. But perhaps the } is legitimate and
you forgot something else, as in `\hbox{$x}'. In such cases
the way to recover is to insert both the forgotten and the
deleted material, e.g., by typing `I$}'.

/home/prasdud/playground/raptor/src/c2/jinja_templates/report_template.tex:402: Missing } inserted.
<inserted text> 
                }
l.402 \hline
            
I've put in what seems to be necessary to fix
the current column of the current alignment.
Try to go on, since this might almost work.

/home/prasdud/playground/raptor/src/c2/jinja_templates/report_template.tex:402: Extra }, or forgotten $.
<inserted text> }
                 
l.402 \hline
            
I've deleted a group-closing symbol because it seems to be
spurious, as in `$x}$'. But perhaps the } is legitimate and
you forgot something else, as in `\hbox{$x}'. In such cases
the way to recover is to insert both the forgotten and the
deleted material, e.g., by typing `I$}'.

/home/prasdud/playground/raptor/src/c2/jinja_templates/report_template.tex:402: Missing } inserted.
<inserted text> 
                }
l.402 \hline
            
I've put in what seems to be necessary to fix
the current column of the current alignment.
Try to go on, since this might almost work.

/home/prasdud/playground/raptor/src/c2/jinja_templates/report_template.tex:402: Extra }, or forgotten $.
<inserted text> }
                 
l.402 \hline
            
I've deleted a group-closing symbol because it seems to be
spurious, as in `$x}$'. But perhaps the } is legitimate and
you forgot something else, as in `\hbox{$x}'. In such cases
the way to recover is to insert both the forgotten and the
deleted material, e.g., by typing `I$}'.

/home/prasdud/playground/raptor/src/c2/jinja_templates/report_template.tex:402: Missing } inserted.
<inserted text> 
                }
l.402 \hline
            
I've put in what seems to be necessary to fix
the current column of the current alignment.
Try to go on, since this might almost work.

/home/prasdud/playground/raptor/src/c2/jinja_templates/report_template.tex:402: Extra }, or forgotten $.
<inserted text> }
                 
l.402 \hline
            
I've deleted a group-closing symbol because it seems to be
spurious, as in `$x}$'. But perhaps the } is legitimate and
you forgot something else, as in `\hbox{$x}'. In such cases
the way to recover is to insert both the forgotten and the
deleted material, e.g., by typing `I$}'.

/home/prasdud/playground/raptor/src/c2/jinja_templates/report_template.tex:402: Missing } inserted.
<inserted text> 
                }
l.402 \hline
            
I've put in what seems to be necessary to fix
the current column of the current alignment.
Try to go on, since this might almost work.

/home/prasdud/playground/raptor/src/c2/jinja_templates/report_template.tex:402: Extra }, or forgotten $.
<inserted text> }
                 
l.402 \hline
            
I've deleted a group-closing symbol because it seems to be
spurious, as in `$x}$'. But perhaps the } is legitimate and
you forgot something else, as in `\hbox{$x}'. In such cases
the way to recover is to insert both the forgotten and the
deleted material, e.g., by typing `I$}'.

/home/prasdud/playground/raptor/src/c2/jinja_templates/report_template.tex:402: Missing } inserted.
<inserted text> 
                }
l.402 \hline
            
I've put in what seems to be necessary to fix
the current column of the current alignment.
Try to go on, since this might almost work.

/home/prasdud/playground/raptor/src/c2/jinja_templates/report_template.tex:402: Extra }, or forgotten $.
<inserted text> }
                 
l.402 \hline
            
I've deleted a group-closing symbol because it seems to be
spurious, as in `$x}$'. But perhaps the } is legitimate and
you forgot something else, as in `\hbox{$x}'. In such cases
the way to recover is to insert both the forgotten and the
deleted material, e.g., by typing `I$}'.

/home/prasdud/playground/raptor/src/c2/jinja_templates/report_template.tex:402: Missing } inserted.
<inserted text> 
                }
l.402 \hline
            
I've put in what seems to be necessary to fix
the current column of the current alignment.
Try to go on, since this might almost work.

/home/prasdud/playground/raptor/src/c2/jinja_templates/report_template.tex:402: Extra }, or forgotten $.
<inserted text> }
                 
l.402 \hline
            
I've deleted a group-closing symbol because it seems to be
spurious, as in `$x}$'. But perhaps the } is legitimate and
you forgot something else, as in `\hbox{$x}'. In such cases
the way to recover is to insert both the forgotten and the
deleted material, e.g., by typing `I$}'.

/home/prasdud/playground/raptor/src/c2/jinja_templates/report_template.tex:402: Missing } inserted.
<inserted text> 
                }
l.402 \hline
            
I've put in what seems to be necessary to fix
the current column of the current alignment.
Try to go on, since this might almost work.

/home/prasdud/playground/raptor/src/c2/jinja_templates/report_template.tex:402: Extra }, or forgotten $.
<inserted text> }
                 
l.402 \hline
            
I've deleted a group-closing symbol because it seems to be
spurious, as in `$x}$'. But perhaps the } is legitimate and
you forgot something else, as in `\hbox{$x}'. In such cases
the way to recover is to insert both the forgotten and the
deleted material, e.g., by typing `I$}'.

/home/prasdud/playground/raptor/src/c2/jinja_templates/report_template.tex:402: Missing } inserted.
<inserted text> 
                }
l.402 \hline
            
I've put in what seems to be necessary to fix
the current column of the current alignment.
Try to go on, since this might almost work.

/home/prasdud/playground/raptor/src/c2/jinja_templates/report_template.tex:402: Extra }, or forgotten $.
<inserted text> }
                 
l.402 \hline
            
I've deleted a group-closing symbol because it seems to be
spurious, as in `$x}$'. But perhaps the } is legitimate and
you forgot something else, as in `\hbox{$x}'. In such cases
the way to recover is to insert both the forgotten and the
deleted material, e.g., by typing `I$}'.

/home/prasdud/playground/raptor/src/c2/jinja_templates/report_template.tex:402: Missing } inserted.
<inserted text> 
                }
l.402 \hline
            
I've put in what seems to be necessary to fix
the current column of the current alignment.
Try to go on, since this might almost work.

/home/prasdud/playground/raptor/src/c2/jinja_templates/report_template.tex:402: Extra }, or forgotten $.
<inserted text> }
                 
l.402 \hline
            
I've deleted a group-closing symbol because it seems to be
spurious, as in `$x}$'. But perhaps the } is legitimate and
you forgot something else, as in `\hbox{$x}'. In such cases
the way to recover is to insert both the forgotten and the
deleted material, e.g., by typing `I$}'.

/home/prasdud/playground/raptor/src/c2/jinja_templates/report_template.tex:402: Missing } inserted.
<inserted text> 
                }
l.402 \hline
            
I've put in what seems to be necessary to fix
the current column of the current alignment.
Try to go on, since this might almost work.

/home/prasdud/playground/raptor/src/c2/jinja_templates/report_template.tex:402: Extra }, or forgotten $.
<inserted text> }
                 
l.402 \hline
            
I've deleted a group-closing symbol because it seems to be
spurious, as in `$x}$'. But perhaps the } is legitimate and
you forgot something else, as in `\hbox{$x}'. In such cases
the way to recover is to insert both the forgotten and the
deleted material, e.g., by typing `I$}'.

/home/prasdud/playground/raptor/src/c2/jinja_templates/report_template.tex:402: Missing } inserted.
<inserted text> 
                }
l.402 \hline
            
I've put in what seems to be necessary to fix
the current column of the current alignment.
Try to go on, since this might almost work.

/home/prasdud/playground/raptor/src/c2/jinja_templates/report_template.tex:402: Extra }, or forgotten $.
<inserted text> }
                 
l.402 \hline
            
I've deleted a group-closing symbol because it seems to be
spurious, as in `$x}$'. But perhaps the } is legitimate and
you forgot something else, as in `\hbox{$x}'. In such cases
the way to recover is to insert both the forgotten and the
deleted material, e.g., by typing `I$}'.

/home/prasdud/playground/raptor/src/c2/jinja_templates/report_template.tex:402: Missing } inserted.
<inserted text> 
                }
l.402 \hline
            
I've put in what seems to be necessary to fix
the current column of the current alignment.
Try to go on, since this might almost work.

/home/prasdud/playground/raptor/src/c2/jinja_templates/report_template.tex:402: Extra }, or forgotten $.
<inserted text> }
                 
l.402 \hline
            
I've deleted a group-closing symbol because it seems to be
spurious, as in `$x}$'. But perhaps the } is legitimate and
you forgot something else, as in `\hbox{$x}'. In such cases
the way to recover is to insert both the forgotten and the
deleted material, e.g., by typing `I$}'.

/home/prasdud/playground/raptor/src/c2/jinja_templates/report_template.tex:402: Missing } inserted.
<inserted text> 
                }
l.402 \hline
            
I've put in what seems to be necessary to fix
the current column of the current alignment.
Try to go on, since this might almost work.

/home/prasdud/playground/raptor/src/c2/jinja_templates/report_template.tex:402: Extra }, or forgotten $.
<inserted text> }
                 
l.402 \hline
            
I've deleted a group-closing symbol because it seems to be
spurious, as in `$x}$'. But perhaps the } is legitimate and
you forgot something else, as in `\hbox{$x}'. In such cases
the way to recover is to insert both the forgotten and the
deleted material, e.g., by typing `I$}'.

/home/prasdud/playground/raptor/src/c2/jinja_templates/report_template.tex:402: Missing } inserted.
<inserted text> 
                }
l.402 \hline
            
I've put in what seems to be necessary to fix
the current column of the current alignment.
Try to go on, since this might almost work.

/home/prasdud/playground/raptor/src/c2/jinja_templates/report_template.tex:402: Extra }, or forgotten $.
<inserted text> }
                 
l.402 \hline
            
I've deleted a group-closing symbol because it seems to be
spurious, as in `$x}$'. But perhaps the } is legitimate and
you forgot something else, as in `\hbox{$x}'. In such cases
the way to recover is to insert both the forgotten and the
deleted material, e.g., by typing `I$}'.

/home/prasdud/playground/raptor/src/c2/jinja_templates/report_template.tex:402: Missing } inserted.
<inserted text> 
                }
l.402 \hline
            
I've put in what seems to be necessary to fix
the current column of the current alignment.
Try to go on, since this might almost work.

/home/prasdud/playground/raptor/src/c2/jinja_templates/report_template.tex:402: Extra }, or forgotten $.
<inserted text> }
                 
l.402 \hline
            
I've deleted a group-closing symbol because it seems to be
spurious, as in `$x}$'. But perhaps the } is legitimate and
you forgot something else, as in `\hbox{$x}'. In such cases
the way to recover is to insert both the forgotten and the
deleted material, e.g., by typing `I$}'.

/home/prasdud/playground/raptor/src/c2/jinja_templates/report_template.tex:402: Missing } inserted.
<inserted text> 
                }
l.402 \hline
            
I've put in what seems to be necessary to fix
the current column of the current alignment.
Try to go on, since this might almost work.

/home/prasdud/playground/raptor/src/c2/jinja_templates/report_template.tex:402: Extra }, or forgotten $.
<inserted text> }
                 
l.402 \hline
            
I've deleted a group-closing symbol because it seems to be
spurious, as in `$x}$'. But perhaps the } is legitimate and
you forgot something else, as in `\hbox{$x}'. In such cases
the way to recover is to insert both the forgotten and the
deleted material, e.g., by typing `I$}'.

/home/prasdud/playground/raptor/src/c2/jinja_templates/report_template.tex:402: Missing } inserted.
<inserted text> 
                }
l.402 \hline
            
I've put in what seems to be necessary to fix
the current column of the current alignment.
Try to go on, since this might almost work.

/home/prasdud/playground/raptor/src/c2/jinja_templates/report_template.tex:402: Extra }, or forgotten $.
<inserted text> }
                 
l.402 \hline
            
I've deleted a group-closing symbol because it seems to be
spurious, as in `$x}$'. But perhaps the } is legitimate and
you forgot something else, as in `\hbox{$x}'. In such cases
the way to recover is to insert both the forgotten and the
deleted material, e.g., by typing `I$}'.

/home/prasdud/playground/raptor/src/c2/jinja_templates/report_template.tex:402: Missing } inserted.
<inserted text> 
                }
l.402 \hline
            
I've put in what seems to be necessary to fix
the current column of the current alignment.
Try to go on, since this might almost work.

/home/prasdud/playground/raptor/src/c2/jinja_templates/report_template.tex:402: Extra }, or forgotten $.
<inserted text> }
                 
l.402 \hline
            
I've deleted a group-closing symbol because it seems to be
spurious, as in `$x}$'. But perhaps the } is legitimate and
you forgot something else, as in `\hbox{$x}'. In such cases
the way to recover is to insert both the forgotten and the
deleted material, e.g., by typing `I$}'.

/home/prasdud/playground/raptor/src/c2/jinja_templates/report_template.tex:402: Missing } inserted.
<inserted text> 
                }
l.402 \hline
            
I've put in what seems to be necessary to fix
the current column of the current alignment.
Try to go on, since this might almost work.

/home/prasdud/playground/raptor/src/c2/jinja_templates/report_template.tex:402: Extra }, or forgotten $.
<inserted text> }
                 
l.402 \hline
            
I've deleted a group-closing symbol because it seems to be
spurious, as in `$x}$'. But perhaps the } is legitimate and
you forgot something else, as in `\hbox{$x}'. In such cases
the way to recover is to insert both the forgotten and the
deleted material, e.g., by typing `I$}'.

/home/prasdud/playground/raptor/src/c2/jinja_templates/report_template.tex:402: Missing } inserted.
<inserted text> 
                }
l.402 \hline
            
I've put in what seems to be necessary to fix
the current column of the current alignment.
Try to go on, since this might almost work.

/home/prasdud/playground/raptor/src/c2/jinja_templates/report_template.tex:402: Extra }, or forgotten $.
<inserted text> }
                 
l.402 \hline
            
I've deleted a group-closing symbol because it seems to be
spurious, as in `$x}$'. But perhaps the } is legitimate and
you forgot something else, as in `\hbox{$x}'. In such cases
the way to recover is to insert both the forgotten and the
deleted material, e.g., by typing `I$}'.

/home/prasdud/playground/raptor/src/c2/jinja_templates/report_template.tex:402: Missing } inserted.
<inserted text> 
                }
l.402 \hline
            
I've put in what seems to be necessary to fix
the current column of the current alignment.
Try to go on, since this might almost work.

/home/prasdud/playground/raptor/src/c2/jinja_templates/report_template.tex:402: Extra }, or forgotten $.
<inserted text> }
                 
l.402 \hline
            
I've deleted a group-closing symbol because it seems to be
spurious, as in `$x}$'. But perhaps the } is legitimate and
you forgot something else, as in `\hbox{$x}'. In such cases
the way to recover is to insert both the forgotten and the
deleted material, e.g., by typing `I$}'.

/home/prasdud/playground/raptor/src/c2/jinja_templates/report_template.tex:402: Missing } inserted.
<inserted text> 
                }
l.402 \hline
            
I've put in what seems to be necessary to fix
the current column of the current alignment.
Try to go on, since this might almost work.

/home/prasdud/playground/raptor/src/c2/jinja_templates/report_template.tex:402: Extra }, or forgotten $.
<inserted text> }
                 
l.402 \hline
            
I've deleted a group-closing symbol because it seems to be
spurious, as in `$x}$'. But perhaps the } is legitimate and
you forgot something else, as in `\hbox{$x}'. In such cases
the way to recover is to insert both the forgotten and the
deleted material, e.g., by typing `I$}'.

/home/prasdud/playground/raptor/src/c2/jinja_templates/report_template.tex:402: Missing } inserted.
<inserted text> 
                }
l.402 \hline
            
I've put in what seems to be necessary to fix
the current column of the current alignment.
Try to go on, since this might almost work.

/home/prasdud/playground/raptor/src/c2/jinja_templates/report_template.tex:402: Extra }, or forgotten $.
<inserted text> }
                 
l.402 \hline
            
I've deleted a group-closing symbol because it seems to be
spurious, as in `$x}$'. But perhaps the } is legitimate and
you forgot something else, as in `\hbox{$x}'. In such cases
the way to recover is to insert both the forgotten and the
deleted material, e.g., by typing `I$}'.

/home/prasdud/playground/raptor/src/c2/jinja_templates/report_template.tex:402: Missing } inserted.
<inserted text> 
                }
l.402 \hline
            
I've put in what seems to be necessary to fix
the current column of the current alignment.
Try to go on, since this might almost work.

/home/prasdud/playground/raptor/src/c2/jinja_templates/report_template.tex:402: Extra }, or forgotten $.
<inserted text> }
                 
l.402 \hline
            
I've deleted a group-closing symbol because it seems to be
spurious, as in `$x}$'. But perhaps the } is legitimate and
you forgot something else, as in `\hbox{$x}'. In such cases
the way to recover is to insert both the forgotten and the
deleted material, e.g., by typing `I$}'.

/home/prasdud/playground/raptor/src/c2/jinja_templates/report_template.tex:402: Missing } inserted.
<inserted text> 
                }
l.402 \hline
            
I've put in what seems to be necessary to fix
the current column of the current alignment.
Try to go on, since this might almost work.

/home/prasdud/playground/raptor/src/c2/jinja_templates/report_template.tex:402: Extra }, or forgotten $.
<inserted text> }
                 
l.402 \hline
            
I've deleted a group-closing symbol because it seems to be
spurious, as in `$x}$'. But perhaps the } is legitimate and
you forgot something else, as in `\hbox{$x}'. In such cases
the way to recover is to insert both the forgotten and the
deleted material, e.g., by typing `I$}'.

/home/prasdud/playground/raptor/src/c2/jinja_templates/report_template.tex:402: Missing } inserted.
<inserted text> 
                }
l.402 \hline
            
I've put in what seems to be necessary to fix
the current column of the current alignment.
Try to go on, since this might almost work.

/home/prasdud/playground/raptor/src/c2/jinja_templates/report_template.tex:402: Extra }, or forgotten $.
<inserted text> }
                 
l.402 \hline
            
I've deleted a group-closing symbol because it seems to be
spurious, as in `$x}$'. But perhaps the } is legitimate and
you forgot something else, as in `\hbox{$x}'. In such cases
the way to recover is to insert both the forgotten and the
deleted material, e.g., by typing `I$}'.

/home/prasdud/playground/raptor/src/c2/jinja_templates/report_template.tex:402: Missing } inserted.
<inserted text> 
                }
l.402 \hline
            
(That makes 100 errors; please try again.) 
Here is how much of TeX's memory you used:
 9898 strings out of 480171
 153985 string characters out of 5894490
 459239 words of memory out of 5000000
 27729 multiletter control sequences out of 15000+600000
 475379 words of font info for 48 fonts, out of 8000000 for 9000
 59 hyphenation exceptions out of 8191
 60i,12n,63p,344b,451s stack positions out of 5000i,500n,10000p,200000b,80000s

/home/prasdud/playground/raptor/src/c2/jinja_templates/report_template.tex:402:  ==> Fatal error occurred, no output PDF file produced!
